{
    "meta": {
        "language": "ru",
        "parse_date": "2024-07-06T20:13:38.789309",
        "current_url": "https://www.rustore.ru/help/developers/advertising-and-promotion/iframe/",
        "doc_section": "developers",
        "h1_text": "Как встроить произвольную подборку в сторонние ресурсы"
    },
    "content": [
        {
            "type": "h1",
            "text": "Как встроить произвольную подборку в сторонние ресурсы",
            "content": [
                {
                    "type": "paragraph",
                    "text": "Вы можете встроить произвольную подборку приложений, размещённых в RuStore, для отображения на стороннем ресурсе: например, на своём сайте или портале."
                }
            ]
        },
        {
            "type": "admonition",
            "admonition_type": "info",
            "title": "к сведению",
            "content": [
                {
                    "type": "paragraph",
                    "text": "Нажатие на приложение во встроенной подборке откроет страницу RuStore с выбранным приложением.\nДля встраивания подборки в коде страницы, на которой должна отображаться подборка, вам необходимо реализовать iframe со ссылкой следующего вида.\nЗдесь:"
                }
            ]
        },
        {
            "type": "table",
            "headers": [
                "title",
                "Произвольный заголовок подборки, необязательное поле.",
                "Заголовок"
            ],
            "rows": [
                [
                    {
                        "text": "subtitle",
                        "links": []
                    },
                    {
                        "text": "Произвольный подзаголовок. Необязательное поле, не отображается, если отсутствует title .",
                        "links": []
                    },
                    {
                        "text": "Подзаголовок",
                        "links": []
                    }
                ],
                [
                    {
                        "text": "apps",
                        "links": []
                    },
                    {
                        "text": "Набор пакетов через запятую, которые нужно добавить в подборку и в порядке отображения. к сведению В подборку можно включить не более 20 приложений за раз. При превышении этого числа будет отображаться ошибка.",
                        "links": []
                    },
                    {
                        "text": "ru.megafon.mlk,ru.dublgis.dgismobile",
                        "links": []
                    }
                ]
            ]
        },
        {
            "type": "code",
            "text": "https://www.rustore.ru/external/simple-selection?title=Заголовок&subtitle=Подзаголовок&apps=ru.megafon.mlk,ru.dublgis.dgismobile,com.idamob.tinkoff.android,ru.alfabank.mobile.android"
        },
        {
            "type": "code",
            "text": "<iframewidth=\"705\"height=\"655\"src=\"https://www.rustore.ru/external/simple-selection?title=Лучшие%20мобильные%20приложения*%20&subtitle=**за%202023%20год,%20по%20версии%20Роскачество&apps=ru.yandex.taxi,ru.ozon.app.android,ru.getpharma.eapteka,com.vk.calls\"></iframe>"
        }
    ]
}