{
    "meta": {
        "language": "ru",
        "parse_date": "2024-07-06T20:03:48.411473",
        "current_url": "https://www.rustore.ru/help/sdk/reviews-ratings/godot/history/",
        "doc_section": "sdk",
        "h1_text": "История обновлений"
    },
    "content": [
        {
            "type": "h1",
            "text": "История обновлений",
            "content": []
        },
        {
            "type": "h2",
            "text": "Версия плагина 2.0.0​",
            "content": [
                {
                    "type": "paragraph",
                    "text": "Версия SDK review 2.+"
                }
            ]
        },
        {
            "type": "h2",
            "text": "Версия плагина 1.0.1​",
            "content": [
                {
                    "type": "paragraph",
                    "text": "Версия SDK review 1.0.1"
                }
            ]
        },
        {
            "type": "h2",
            "text": "Версия плагина 1.0.0​",
            "content": [
                {
                    "type": "paragraph",
                    "text": "Версия SDK review 1.0.0"
                }
            ]
        }
    ]
}