{
    "meta": {
        "language": "ru",
        "parse_date": "2024-07-06T19:40:41.155980",
        "current_url": "https://www.rustore.ru/help/developers/vk-id-sdk/",
        "doc_section": "developers",
        "h1_text": "Авторизация VK ID в вашем приложении"
    },
    "content": [
        {
            "type": "h1",
            "text": "Авторизация VK ID в вашем приложении",
            "content": [
                {
                    "type": "paragraph",
                    "text": "ИнтегрируйтеVK IDSDK в ваше приложение, чтобы установить VK ID как основной или дополнительный способ авторизации для пользователей.\nЭто бесплатный и безопасный инструмент, который доступен всем разработчикам, зарегистрированным в RuStore Консоль."
                }
            ]
        },
        {
            "type": "h2",
            "text": "Преимущества​",
            "content": [
                {
                    "type": "paragraph",
                    "text": "Аудитория VK ID составляет более 100 млн. пользователей.\nАвторизация в одно касание по кнопке One Tap идругие способы входа (https://id.vk.com/about/business/go/docs/ru/vkid/latest/vk-id/intro/main)в ваше приложение для пользователей.\nАктуальный номер телефона пользователя, который регулярно валидируется.\nВозможность запросить информацию о том, подтверждён ли аккаунт пользователя и актуальные ли в нём ФИО, пол и дата рождения."
                }
            ]
        },
        {
            "type": "h2",
            "text": "Интеграция VK ID SDK​",
            "content": [
                {
                    "type": "paragraph",
                    "text": "Чтобы начать использовать VK ID SDK:\nОткройтеRuStore Консоль (https://console.rustore.ru/sign-in)и переключитесь на вкладку «Инструменты».\nНажмите на название вашего приложения.\nВыберите «Авторизация VK ID» в меню слева.\nНажмите «Перейти в инструмент» внизу страницы и войдите в кабинет сервиса авторизации VK ID.\nЗарегистрируйте свое приложение в кабинете и установите VK ID SDK.\nПодробности о том, как это сделать, см. вплане интеграции VK ID (https://id.vk.com/about/business/go/docs/ru/vkid/latest/vk-id/intro/plan)."
                }
            ]
        }
    ]
}