{
    "meta": {
        "language": "ru",
        "parse_date": "2024-07-06T20:07:43.210771",
        "current_url": "https://www.rustore.ru/help/developers/monetization/sandbox/test-bank-cards/",
        "doc_section": "developers",
        "h1_text": "Тестовые банковские карты для проверки оплаты в RuStore"
    },
    "content": [
        {
            "type": "h1",
            "text": "Тестовые банковские карты для проверки оплаты в RuStore",
            "content": [
                {
                    "type": "paragraph",
                    "text": "Для тестирования покупок вы может использовать следующие тестовые карты."
                }
            ]
        },
        {
            "type": "h2",
            "text": "Всегда успешная оплата​",
            "content": []
        },
        {
            "type": "table",
            "headers": [
                "Номер карты",
                "4111 1111 1111 1111"
            ],
            "rows": [
                [
                    {
                        "text": "ECI",
                        "links": []
                    },
                    {
                        "text": "05",
                        "links": []
                    }
                ],
                [
                    {
                        "text": "CVC\\CVV",
                        "links": []
                    },
                    {
                        "text": "123",
                        "links": []
                    }
                ],
                [
                    {
                        "text": "Срок действия",
                        "links": []
                    },
                    {
                        "text": "2024/12",
                        "links": []
                    }
                ],
                [
                    {
                        "text": "Код подтверждения 3-D Secure",
                        "links": []
                    },
                    {
                        "text": "12345678",
                        "links": []
                    }
                ]
            ]
        },
        {
            "type": "table",
            "headers": [
                "Номер карты",
                "5100 0000 0000 0008"
            ],
            "rows": [
                [
                    {
                        "text": "ECI",
                        "links": []
                    },
                    {
                        "text": "05",
                        "links": []
                    }
                ],
                [
                    {
                        "text": "CVC\\CVV",
                        "links": []
                    },
                    {
                        "text": "123",
                        "links": []
                    }
                ],
                [
                    {
                        "text": "Срок действия",
                        "links": []
                    },
                    {
                        "text": "2024/12",
                        "links": []
                    }
                ],
                [
                    {
                        "text": "Код подтверждения 3-D Secure",
                        "links": []
                    },
                    {
                        "text": "12345678",
                        "links": []
                    }
                ]
            ]
        },
        {
            "type": "table",
            "headers": [
                "Номер карты",
                "2201 3820 0000 0013"
            ],
            "rows": [
                [
                    {
                        "text": "ECI",
                        "links": []
                    },
                    {
                        "text": "02",
                        "links": []
                    }
                ],
                [
                    {
                        "text": "CVC\\CVV",
                        "links": []
                    },
                    {
                        "text": "123",
                        "links": []
                    }
                ],
                [
                    {
                        "text": "Срок действия",
                        "links": []
                    },
                    {
                        "text": "2024/12",
                        "links": []
                    }
                ]
            ]
        },
        {
            "type": "h2",
            "text": "Карты, возвращающие ошибки​",
            "content": [
                {
                    "type": "paragraph",
                    "text": "После трех неуспешных попыток оплаты будет произведен возврат на платежную шторку RuStore с ошибкой оплаты."
                }
            ]
        },
        {
            "type": "table",
            "headers": [
                "Номер карты",
                "5100 0000 0000 0180"
            ],
            "rows": [
                [
                    {
                        "text": "ECI",
                        "links": []
                    },
                    {
                        "text": "00",
                        "links": []
                    }
                ],
                [
                    {
                        "text": "CVC\\CVV",
                        "links": []
                    },
                    {
                        "text": "123",
                        "links": []
                    }
                ],
                [
                    {
                        "text": "Срок действия",
                        "links": []
                    },
                    {
                        "text": "2024/12",
                        "links": []
                    }
                ]
            ]
        },
        {
            "type": "table",
            "headers": [
                "Номер карты",
                "4444 4444 4444 4422"
            ],
            "rows": [
                [
                    {
                        "text": "CVC\\CVV",
                        "links": []
                    },
                    {
                        "text": "123",
                        "links": []
                    }
                ],
                [
                    {
                        "text": "Срок действия",
                        "links": []
                    },
                    {
                        "text": "2024/12",
                        "links": []
                    }
                ]
            ]
        },
        {
            "type": "table",
            "headers": [
                "Номер карты",
                "4444 4444 1111 1111"
            ],
            "rows": [
                [
                    {
                        "text": "CVC\\CVV",
                        "links": []
                    },
                    {
                        "text": "123",
                        "links": []
                    }
                ],
                [
                    {
                        "text": "Срок действия",
                        "links": []
                    },
                    {
                        "text": "2024/12",
                        "links": []
                    }
                ]
            ]
        },
        {
            "type": "h2",
            "text": "Карта с балансом 1 копейка​",
            "content": []
        },
        {
            "type": "table",
            "headers": [
                "Номер карты",
                "4954 8493 9714 9582"
            ],
            "rows": [
                [
                    {
                        "text": "CVC\\CVV",
                        "links": []
                    },
                    {
                        "text": "123",
                        "links": []
                    }
                ],
                [
                    {
                        "text": "Срок действия",
                        "links": []
                    },
                    {
                        "text": "2024/12",
                        "links": []
                    }
                ],
                [
                    {
                        "text": "Код подтверждения 3-D Secure",
                        "links": []
                    },
                    {
                        "text": "12345678",
                        "links": []
                    }
                ]
            ]
        }
    ]
}