{
    "meta": {
        "language": "ru",
        "parse_date": "2024-07-06T19:28:39.525008",
        "current_url": "https://www.rustore.ru/help/work-with-rustore-api/api-upload-publication-app/apk-file-upload/file-upload-apk/",
        "doc_section": "",
        "h1_text": "Загрузка APK-файла"
    },
    "content": [
        {
            "type": "h1",
            "text": "Загрузка APK-файла",
            "content": [
                {
                    "type": "paragraph",
                    "text": "Метод позволяет загрузить файл с расширением.apkдля публикации.\nAPK-файл для версии можно обновлять.\nОграничения:\nфайл только с расширением.apk;\nразмер файла — не более 2,5 ГБ;\nзагружаемая версия APK должна быть выше, чем текущая активная.\nс разными подписями разработчика — чтобы исключить ошибки обновления у пользователей. При скачивании на витрине RuStore отдаст файл с аналогичной подписью для каждого пользователя отдельно.\nс поддержкой разных сервисов (Huawei Mobile Services и Google Mobile Services) — чтобы RuStore отдал на скачивание пользователю APK-файл, который включает сервисы адаптированные под его устройство.\nпри загрузке нескольких файлов обязательно укажите в каком из них Huawei Mobile Services и какой файл будет доступен всем пользователям по умолчанию. Загрузить можно не более 10 файлов."
                }
            ]
        },
        {
            "type": "admonition",
            "admonition_type": "note",
            "title": "примечание",
            "content": [
                {
                    "type": "paragraph",
                    "text": "В рамках обновления 20 июля 2023 года был добавлен️ обязательный параметрIsMainApkв метод ниже. Также рекомендуется обновить пайплайны."
                }
            ]
        },
        {
            "type": "h2",
            "text": "Параметры взаимодействия​",
            "content": [
                {
                    "type": "paragraph",
                    "text": "POST\nhttps://public-api.rustore.ru/public/v1/application/{packageName}/version/{versionId}/apk?isMainApk={isMainApk }&servicesType={servicesType}"
                }
            ]
        },
        {
            "type": "table",
            "headers": [
                "Атрибут",
                "Тип",
                "Обязателен",
                "Расположение",
                "Описание"
            ],
            "rows": [
                [
                    {
                        "text": "Public-Token",
                        "links": []
                    },
                    {
                        "text": "string",
                        "links": []
                    },
                    {
                        "text": "Да",
                        "links": []
                    },
                    {
                        "text": "header",
                        "links": []
                    },
                    {
                        "text": "Токен доступа к Public API Rustore",
                        "links": [
                            {
                                "text": "Токен доступа к Public API Rustore",
                                "url": "https://rustore.ru/help/work-with-rustore-api/api-authorization-token"
                            }
                        ]
                    }
                ],
                [
                    {
                        "text": "packageName",
                        "links": []
                    },
                    {
                        "text": "string",
                        "links": []
                    },
                    {
                        "text": "Да",
                        "links": []
                    },
                    {
                        "text": "path",
                        "links": []
                    },
                    {
                        "text": "Имя пакета приложения",
                        "links": []
                    }
                ],
                [
                    {
                        "text": "versionId",
                        "links": []
                    },
                    {
                        "text": "number",
                        "links": []
                    },
                    {
                        "text": "Да",
                        "links": []
                    },
                    {
                        "text": "path",
                        "links": []
                    },
                    {
                        "text": "Версия приложения",
                        "links": []
                    }
                ],
                [
                    {
                        "text": "servicesType (Новый атрибут)",
                        "links": []
                    },
                    {
                        "text": "string",
                        "links": []
                    },
                    {
                        "text": "Нет",
                        "links": []
                    },
                    {
                        "text": "query",
                        "links": []
                    },
                    {
                        "text": "Тип сервиса, используемый в приложении. Возможные варианты: • HMS — для APK-файлов c Huawei Mobile Servises; • Unknown устанавливается по умолчанию, если поле не заполнено",
                        "links": []
                    }
                ],
                [
                    {
                        "text": "isMainApk (Новый атрибут)",
                        "links": []
                    },
                    {
                        "text": "boolean",
                        "links": []
                    },
                    {
                        "text": "Да",
                        "links": []
                    },
                    {
                        "text": "query",
                        "links": []
                    },
                    {
                        "text": "Признак, который присваивается основному APK-файлу. Значения: • true — основной APK-файл; • false — по умолчанию.",
                        "links": []
                    }
                ]
            ]
        },
        {
            "type": "h2",
            "text": "Form data​",
            "content": []
        },
        {
            "type": "table",
            "headers": [
                "Атрибут",
                "Тип",
                "Обязателен",
                "Расположение",
                "Описание"
            ],
            "rows": [
                [
                    {
                        "text": "file",
                        "links": []
                    },
                    {
                        "text": "multipart",
                        "links": []
                    },
                    {
                        "text": "Да",
                        "links": []
                    },
                    {
                        "text": "N/A",
                        "links": []
                    },
                    {
                        "text": "Файл в виде двоичного кода",
                        "links": []
                    }
                ]
            ]
        },
        {
            "type": "h2",
            "text": "Параметры ответа​",
            "content": []
        },
        {
            "type": "table",
            "headers": [
                "Атрибут",
                "Тип",
                "Обязателен",
                "Описание",
                "Пример"
            ],
            "rows": [
                [
                    {
                        "text": "code",
                        "links": []
                    },
                    {
                        "text": "string",
                        "links": []
                    },
                    {
                        "text": "Да",
                        "links": []
                    },
                    {
                        "text": "Код ответа",
                        "links": []
                    },
                    {
                        "text": "error / OK",
                        "links": []
                    }
                ],
                [
                    {
                        "text": "message",
                        "links": []
                    },
                    {
                        "text": "string",
                        "links": []
                    },
                    {
                        "text": "Нет",
                        "links": []
                    },
                    {
                        "text": "Расшифровка кода ответа",
                        "links": []
                    },
                    {
                        "text": "Детализация ошибки. Возможные варианты: • Уже загружено максимальное количество APK-файлов / Maximum number of apk files is already uploaded ; • Уже загружен основной apk-файл / Main apk file is already uploaded ; • Уже загружен HMS APK-файл / APK file with the Huawei Mobile Services is already uploaded ; • Файл с Huawei Mobile Services не может быть основным / APK file with the Huawei Mobile Services can not be main file ; • Вы загрузили APK-файл c другим кодом-версии / APK file has different version code than the one previously uploaded ; • Код версии должен быть выше, чем загруженный ранее / The code of this version must be larger than that of the previous one ; • Версия не совпадает с предыдущей / The package does not match the previous version ; • Версия с таким именем уже существует / A package with this name already exists. Rename the package .",
                        "links": []
                    }
                ],
                [
                    {
                        "text": "timestamp",
                        "links": []
                    },
                    {
                        "text": "timestamptz",
                        "links": []
                    },
                    {
                        "text": "Да",
                        "links": []
                    },
                    {
                        "text": "Время ответа",
                        "links": []
                    },
                    {
                        "text": "2022-07-08T13:24:41.8328711+03:00",
                        "links": []
                    }
                ]
            ]
        },
        {
            "type": "h2",
            "text": "Пример запроса​",
            "content": []
        },
        {
            "type": "code",
            "text": "curl --location --request POST 'https://public-api.rustore.ru/public/v1/application/com.package.example/version/123/apk?servicesType=Unknown&isMainApk=true' \\--header 'Public-Token: {YOURtoken}' \\--form 'file=@\"/Users/User/Downloads/package.apk\"'"
        }
    ]
}