{
    "meta": {
        "language": "ru",
        "parse_date": "2024-07-06T20:13:45.701124",
        "current_url": "https://www.rustore.ru/help/developers/monetization/payment-callback/",
        "doc_section": "developers",
        "h1_text": "Как настроить получение уведомлений на сервер"
    },
    "content": [
        {
            "type": "h1",
            "text": "Как настроить получение уведомлений на сервер",
            "content": [
                {
                    "type": "paragraph",
                    "text": "Уведомления на сервер (server notification, callback) — это сервис, который в режиме реального времени отправляет уведомления об изменениистатусов платежейв вашем приложении.\nВы сможете своевременно получать актуальные статусы без необходимости запрашивать их вручную.\nЧтобы начать получать уведомления,настройте ваш серверивключите отправку уведомленийв RuStore Консоль."
                }
            ]
        },
        {
            "type": "admonition",
            "admonition_type": "info",
            "title": "к сведению",
            "content": [
                {
                    "type": "paragraph",
                    "text": "Настройка отправки уведомлений доступна только «Владельцам» и «Администраторам» приложения.\nПодробнее о ролях см. в разделеУправление доступами и ролями пользователей в RuStore Консоли (https://rustore.ru/help/developers/developer-account/user-roles/)."
                }
            ]
        },
        {
            "type": "h2",
            "text": "Ограничения​",
            "content": [
                {
                    "type": "paragraph",
                    "text": "Уведомления сообщают только об изменении статуса платежей.\nЧтобы узнать полную информации о платеже, используйте токен покупкиpurchase_token, который передаётся в уведомлении.\nСм.получение данных платежачерез RuStore API."
                }
            ]
        },
        {
            "type": "h2",
            "text": "Гарантии доставки уведомлений​",
            "content": [
                {
                    "type": "paragraph",
                    "text": "Если RuStore не получает от вашего сервера ответ «Уведомление успешно доставлено» в течение 3 секунд, уведомление отправляется повторно.\nВсего совершается 16 попыток отправить уведомление повторно в течение 36 часов.\nИнтервалы между попытками с каждым разом увеличиваются.\nЕсли после всех повторных отправок RuStore не получает подтверждение о доставке, попытки отправить уведомление прекращаются."
                }
            ]
        },
        {
            "type": "h2",
            "text": "В этом разделе​",
            "content": [
                {
                    "type": "paragraph",
                    "text": "Настройка сервера для получения уведомлений (https://rustore.ru/help/developers/monetization/payment-callback/server-set-up)\nВключение отправки уведомлений (https://rustore.ru/help/developers/monetization/payment-callback/enable-notifications)\nОтключение отправки уведомлений (https://rustore.ru/help/developers/monetization/payment-callback/disable-notifications)\nИзменение адреса сервера для получения уведомлений (https://rustore.ru/help/developers/monetization/payment-callback/edit-server-name)\nОбновление ключа шифрования (https://rustore.ru/help/developers/monetization/payment-callback/update-key)\nСтруктура уведомления (https://rustore.ru/help/developers/monetization/payment-callback/notification)"
                }
            ]
        }
    ]
}