{
    "meta": {
        "language": "ru",
        "parse_date": "2024-07-06T20:06:52.598126",
        "current_url": "https://www.rustore.ru/help/developers/developer-account/registration-developer/",
        "doc_section": "developers",
        "h1_text": "Регистрация разработчиков в RuStore: шаги и опции"
    },
    "content": [
        {
            "type": "h1",
            "text": "Регистрация разработчиков в RuStore: шаги и опции",
            "content": [
                {
                    "type": "paragraph",
                    "text": "Вы можете создать аккаунт юридического или физического лица в системеRuStore Консоль.\nРегистрацияюридических лиц/индивидуальных предпринимателейпредназначена для:\nкоммерческих и промышленных предприятий;\nгосударственных компаний;\nпрофессиональных разработчиков.\nстудентов;\nлюбителей;\nполупрофессиональных разработчиков."
                }
            ]
        },
        {
            "type": "admonition",
            "admonition_type": "caution",
            "title": "предупреждение",
            "content": [
                {
                    "type": "paragraph",
                    "text": "Если в вашем аккаунте перестала работать авторизация через Google, войдите заново другим способом: по номеру телефона, VK, Яндекс или ГосУслуги.\nУкажите тот же номер телефона, который использовали для авторизации ранее."
                }
            ]
        }
    ]
}