{
    "meta": {
        "language": "ru",
        "parse_date": "2024-07-06T19:58:21.235883",
        "current_url": "https://www.rustore.ru/help/sdk/rustore-geo/map-display-services/interactive-map/geometry/",
        "doc_section": "sdk",
        "h1_text": "4. География и геометрия"
    },
    "content": [
        {
            "type": "h1",
            "text": "4. География и геометрия",
            "content": []
        },
        {
            "type": "h2",
            "text": "LngLat​",
            "content": [
                {
                    "type": "paragraph",
                    "text": "ОбъектLngLatсостоит из долготы и широты (в градусах). Эти координаты основаны на стандарте WGS84 (EPSG:4326). MMR GL использует порядок координат долготы и широты (в отличие от широты и долготы) в соответствии со спецификацией GeoJSON. Обратите внимание, что любой метод MMR GL, принимающий объект LngLat в качестве аргумента или опции, также может принимать массив из двух чисел и выполнять неявное преобразование. Этот гибкий тип документирован какLngLatLike.\nsrc/geo/lng_lat.js"
                }
            ]
        },
        {
            "type": "h3",
            "text": "Параметры​",
            "content": [
                {
                    "type": "paragraph",
                    "text": "lng:number— долгота в градусах;\nlat:number— широта в градусах."
                }
            ]
        },
        {
            "type": "code",
            "text": "varll=newmmrgl.LngLat(-123.9749,40.7736);ll.lng;// = -123.9749"
        },
        {
            "type": "h3",
            "text": "static-методы​",
            "content": []
        },
        {
            "type": "table",
            "headers": [
                "Название",
                "Описание"
            ],
            "rows": [
                [
                    {
                        "text": "convert(input)",
                        "links": []
                    },
                    {
                        "text": "Преобразует массив из двух чисел или объект со свойствами lng и lat или lon и lat в объект LngLat . Если передается объект LngLat , функция возвращает его без изменений. Используемый параметр: input:LngLatLike , массив из двух чисел или объект для преобразования, или объект LngLat для возврата. См. пример ниже. var arr = [ - 73.9749 , 40.7736 ] ; var ll = mmrgl . LngLat . convert ( arr ) ; ll ; // = LngLat {lng: -73.9749, lat: 40.7736}",
                        "links": []
                    }
                ]
            ]
        },
        {
            "type": "h3",
            "text": "instance-методы​",
            "content": []
        },
        {
            "type": "table",
            "headers": [
                "Название",
                "Описание"
            ],
            "rows": [
                [
                    {
                        "text": "distanceTo(lngLat)",
                        "links": []
                    },
                    {
                        "text": "Возвращает приблизительное расстояние между парой координат в метрах, используя формулу Хаверсина (из R. W. Sinnott, «Добродетели Хаверсина», Sky and Telescope, vol. 68, no. 2, 1984, p. 159). Используется параметр lngLat:LngLat , координаты для вычисления расстояния до цели. См. пример ниже. var newYork = new mmrgl . LngLat ( - 74.0060 , 40.7128 ) ; var losAngeles = new mmrgl . LngLat ( - 118.2437 , 34.0522 ) ; newYork . distanceTo ( losAngeles ) ; // = 3935751.690893987, \"истинное расстояние\" с использованием несферического приближения составляет ~3966 км",
                        "links": []
                    }
                ],
                [
                    {
                        "text": "toArray()",
                        "links": []
                    },
                    {
                        "text": "Возвращает координаты, представленные в виде массива из двух чисел. См. пример ниже. var ll = new mmrgl . LngLat ( - 73.9749 , 40.7736 ) ; ll . toArray ( ) ; // = [-73.9749, 40.7736]",
                        "links": []
                    }
                ],
                [
                    {
                        "text": "toBounds(radius)",
                        "links": []
                    },
                    {
                        "text": "Возвращает LngLatBounds из координат, расширенных на заданный радиус. Возвращаемый LngLatBounds полностью содержит радиус. Используется параметр radius:number (по умолчанию 0 ) — расстояние в метрах от координат для расширения границ. См. пример ниже. var ll = new mmrgl . LngLat ( - 73.9749 , 40.7736 ) ; ll . toBounds ( 100 ) . toArray ( ) ; // = [[-73.97501862141328, 40.77351016847229], [-73.97478137858673, 40.77368983152771]]",
                        "links": []
                    }
                ],
                [
                    {
                        "text": "toString()",
                        "links": []
                    },
                    {
                        "text": "Возвращает координаты, представленные в виде строки. См. пример ниже. var ll = new mmrgl . LngLat ( - 73.9749 , 40.7736 ) ; ll . toString ( ) ; // = \"LngLat(-73.9749, 40.7736)\"",
                        "links": []
                    }
                ],
                [
                    {
                        "text": "wrap()",
                        "links": []
                    },
                    {
                        "text": "Возвращает новый объект LngLat , долгота которого обернута в диапазон (-180, 180). См. пример ниже. var ll = new mmrgl . LngLat ( 286.0251 , 40.7736 ) ; var wrapped = ll . wrap ( ) ; wrapped . lng ; // = -73.9749",
                        "links": []
                    }
                ]
            ]
        },
        {
            "type": "h2",
            "text": "LngLatLike​",
            "content": [
                {
                    "type": "paragraph",
                    "text": "LngLat может быть массивом из двух чисел (долгота и широта), или объектом со свойствамиlngиlatилиlonиlat.\nsrc/geo/lng_lat.js\nСм. пример ниже."
                }
            ]
        },
        {
            "type": "code",
            "text": "varv1=newmmrgl.LngLat(-122.420679,37.772537);varv2=[-122.420679,37.772537];varv3={lon:-122.420679,lat:37.772537};"
        },
        {
            "type": "h2",
            "text": "LngLatBounds​",
            "content": [
                {
                    "type": "paragraph",
                    "text": "ОбъектLngLatBoundsпредставляет собой границу, определяемую ее юго-западной и северо-восточной точками в долготе и широте.\nЕсли аргументы не предоставлены, создается граница со значениемnull."
                }
            ]
        },
        {
            "type": "admonition",
            "admonition_type": "info",
            "title": "к сведению",
            "content": [
                {
                    "type": "paragraph",
                    "text": "Любой метод MMR GL, принимающий объектLngLatBoundsв качестве аргумента или опции, также может принимать массив из двухLngLatLikeконструкций и выполнять неявное преобразование. Этот гибкий тип задокументирован какLngLatBoundsLike.\nsrc/geo/lng_lat_bounds.js"
                }
            ]
        },
        {
            "type": "h3",
            "text": "Параметры​",
            "content": [
                {
                    "type": "paragraph",
                    "text": "sw:number— долгота в градусах;\nne:number— широта в градусах."
                }
            ]
        },
        {
            "type": "h3",
            "text": "static-методы​",
            "content": []
        },
        {
            "type": "table",
            "headers": [
                "Название",
                "Описание"
            ],
            "rows": [
                [
                    {
                        "text": "convert(input)",
                        "links": []
                    },
                    {
                        "text": "Преобразует массив в объект LngLatBounds . Если передается объект LngLatBounds , функция возвращает его без изменений. Внутренне функция вызывает LngLat#convert для преобразования массивов в значения LngLat . Используется параметр input:LngLatBoundsLike , массив из двух координат для преобразования или объект LngLatBounds для возврата. См. пример ниже. var arr = [ [ - 73.9876 , 40.7661 ] , [ - 73.9397 , 40.8002 ] ] ; var llb = mmrgl . LngLatBounds . convert ( arr ) ; llb ; // = LngLatBounds {_sw: LngLat {lng: -73.9876, lat: 40.7661}, _ne: LngLat {lng: -73.9397, lat: 40.8002}}",
                        "links": []
                    }
                ]
            ]
        },
        {
            "type": "h3",
            "text": "instance-методы​",
            "content": []
        },
        {
            "type": "table",
            "headers": [
                "Название",
                "Описание"
            ],
            "rows": [
                [
                    {
                        "text": "contains(lnglat)",
                        "links": []
                    },
                    {
                        "text": "Проверьте, находится ли точка внутри ограничивающего прямоугольника. Используемый параметр — lnglat:LngLatLike . См. пример ниже. var llb = new mmrgl . LngLatBounds ( new mmrgl . LngLat ( - 73.9876 , 40.7661 ) , new mmrgl . LngLat ( - 73.9397 , 40.8002 ) ) ; var ll = new mmrgl . LngLat ( - 73.9567 , 40.7789 ) ; console . log ( llb . contains ( ll ) ) ; // = true",
                        "links": []
                    }
                ],
                [
                    {
                        "text": "extend(obj)",
                        "links": []
                    },
                    {
                        "text": "Расширьте границы, чтобы включить данный LngLatLike или LngLatBounds . Используемый параметр — obj: ( LngLatLike | LngLatBoundsLike ) объект для расширения.",
                        "links": []
                    }
                ],
                [
                    {
                        "text": "getCenter()",
                        "links": []
                    },
                    {
                        "text": "Возвращает географическую координату, равноудаленную от углов ограничивающего прямоугольника. См. пример ниже. var llb = new mmrgl . LngLatBounds ( [ - 73.9876 , 40.7661 ] , [ - 73.9397 , 40.8002 ] ) ; llb . getCenter ( ) ; // = LngLat {lng: -73.96365, lat: 40.78315}",
                        "links": []
                    }
                ],
                [
                    {
                        "text": "getEast()",
                        "links": []
                    },
                    {
                        "text": "Возвращает восточный край ограничивающего прямоугольника.",
                        "links": []
                    }
                ],
                [
                    {
                        "text": "getNorth()",
                        "links": []
                    },
                    {
                        "text": "Возвращает северный край ограничивающего прямоугольника.",
                        "links": []
                    }
                ],
                [
                    {
                        "text": "getNorthEast()",
                        "links": []
                    },
                    {
                        "text": "Возвращает северо-восточный угол ограничивающего прямоугольника.",
                        "links": []
                    }
                ],
                [
                    {
                        "text": "getNorthWest()",
                        "links": []
                    },
                    {
                        "text": "Возвращает северо-западный угол ограничивающего прямоугольника.",
                        "links": []
                    }
                ],
                [
                    {
                        "text": "getSouth()",
                        "links": []
                    },
                    {
                        "text": "Возвращает южный край ограничивающего прямоугольника.",
                        "links": []
                    }
                ],
                [
                    {
                        "text": "getSouthEast()",
                        "links": []
                    },
                    {
                        "text": "Возвращает юго-восточный угол ограничивающего прямоугольника.",
                        "links": []
                    }
                ],
                [
                    {
                        "text": "getSouthWest()",
                        "links": []
                    },
                    {
                        "text": "Возвращает юго-западный угол ограничивающего прямоугольника.",
                        "links": []
                    }
                ],
                [
                    {
                        "text": "getWest()",
                        "links": []
                    },
                    {
                        "text": "Возвращает западный край ограничивающего прямоугольника.",
                        "links": []
                    }
                ],
                [
                    {
                        "text": "isEmpty()",
                        "links": []
                    },
                    {
                        "text": "Проверьте, является ли ограничивающая рамка пустой/нулевой.",
                        "links": []
                    }
                ],
                [
                    {
                        "text": "setNorthEast(ne)",
                        "links": []
                    },
                    {
                        "text": "Установите северо-восточный угол ограничивающего прямоугольника. Используемый параметр: ne:LngLatLike установите северо-восточный угол ограничивающего прямоугольника",
                        "links": []
                    }
                ],
                [
                    {
                        "text": "setSouthWest(sw)",
                        "links": []
                    },
                    {
                        "text": "Установите юго-западный угол ограничительной рамки. Используемый параметр — ne:LngLatLike объект, описывающий юго-западный угол ограничивающего прямоугольник.",
                        "links": []
                    }
                ],
                [
                    {
                        "text": "toArray()",
                        "links": []
                    },
                    {
                        "text": "Возвращает ограничивающую рамку, представленную в виде массива. См. пример ниже. var llb = new mmrgl . LngLatBounds ( [ - 73.9876 , 40.7661 ] , [ - 73.9397 , 40.8002 ] ) ; llb . toArray ( ) ; // = [[-73.9876, 40.7661], [-73.9397, 40.8002]]",
                        "links": []
                    }
                ],
                [
                    {
                        "text": "toString()",
                        "links": []
                    },
                    {
                        "text": "Возвращает ограничивающую рамку, представленную в виде строки. См. пример ниже. var llb = new mmrgl . LngLatBounds ( [ - 73.9876 , 40.7661 ] , [ - 73.9397 , 40.8002 ] ) ; llb . toString ( ) ; // = \"LngLatBounds(LngLat(-73.9876, 40.7661), LngLat(-73.9397, 40.8002))\"",
                        "links": []
                    }
                ]
            ]
        },
        {
            "type": "code",
            "text": "varsw=newmmrgl.LngLat(-73.9876,40.7661);varne=newmmrgl.LngLat(-73.9397,40.8002);varllb=newmmrgl.LngLatBounds(sw,ne);"
        },
        {
            "type": "h2",
            "text": "LngLatBoundsLike​",
            "content": [
                {
                    "type": "paragraph",
                    "text": "ОбъектLngLatBoundsявляется массивом изLngLatLikeобъектов в порядке[sw, ne]или массив чисел в порядке[west, south, east, north].\nsrc/geo/lng_lat_bounds.js\nСм. пример ниже."
                }
            ]
        },
        {
            "type": "code",
            "text": "varv1=newmmrgl.LngLatBounds(newmmrgl.LngLat(-73.9876,40.7661),newmmrgl.LngLat(-73.9397,40.8002));varv2=newmmrgl.LngLatBounds([-73.9876,40.7661],[-73.9397,40.8002])varv3=[[-73.9876,40.7661],[-73.9397,40.8002]];"
        },
        {
            "type": "h2",
            "text": "Point​",
            "content": [
                {
                    "type": "paragraph",
                    "text": "ОбъектPointсостоит из x и y, указывает расположение точки на карте.\nsrc/ui/map.js\nСм. пример ниже."
                }
            ]
        },
        {
            "type": "code",
            "text": "varpoint=newmmrgl.Point(-77,38);"
        },
        {
            "type": "h2",
            "text": "PointLike​",
            "content": [
                {
                    "type": "paragraph",
                    "text": "ОбъектPointили массив из двух чисел, представляющих координаты экрана x и y в пикселях.\nsrc/ui/map.js\nСм. пример ниже."
                }
            ]
        },
        {
            "type": "code",
            "text": "varp1=newmmrgl.Point(-77,38);// a PointLike which is a Pointvarp2=[-77,38];// a PointLike which is an array of two numbers"
        },
        {
            "type": "h2",
            "text": "MercatorCoordinate​",
            "content": [
                {
                    "type": "paragraph",
                    "text": "MercatorCoordinateобъект представляет собой трехмерное положение.\nMercatorCoordinateиспользует веб-проекцию меркатора (EPSG:3857) с немного другими единицами измерения:\nразмер 1 единицы измерения — это ширина проецируемого мира (вместо «метра меркатора»);\nначало координат пространства находится в северо-западном углу, а не в середине."
                }
            ]
        },
        {
            "type": "h3",
            "text": "Параметры​",
            "content": [
                {
                    "type": "paragraph",
                    "text": "x:number— позиция X;\ny:number— позиция Y;\nz:number— позиция Z."
                }
            ]
        },
        {
            "type": "h3",
            "text": "static-методы​",
            "content": []
        },
        {
            "type": "table",
            "headers": [
                "Название",
                "Описание"
            ],
            "rows": [
                [
                    {
                        "text": "fromLngLat(lngLatLike, altitude)",
                        "links": []
                    },
                    {
                        "text": "Спроецируйте LngLat на MercatorCoordinate . Параметры: • lngLatLike:LngLatLike , место для проекта; • altitude:number (по умолчанию 0 ) — высота в метрах позиции. var coord = mmrgl . MercatorCoordinate . fromLngLat ( { lng : 0 , lat : 0 } , 0 ) ; coord ; // MercatorCoordinate(0.5, 0.5, 0)",
                        "links": []
                    }
                ]
            ]
        },
        {
            "type": "h3",
            "text": "instance-методы​",
            "content": []
        },
        {
            "type": "table",
            "headers": [
                "Название",
                "Описание"
            ],
            "rows": [
                [
                    {
                        "text": "meterInMercatorCoordinateUnits()",
                        "links": []
                    },
                    {
                        "text": "Возвращает расстояние в 1 метр в MercatorCoordinate единицах на данной широте. Для координат в реальных единицах измерения, использующих метры, это, естественно, обеспечивает масштаб для преобразования в MercatorCoordinate",
                        "links": []
                    }
                ],
                [
                    {
                        "text": "toAltitude()",
                        "links": []
                    },
                    {
                        "text": "Возвращает высоту в метрах от координаты. См. пример ниже. var coord = new mmrgl . MercatorCoordinate ( 0 , 0 , 0.02 ) ; coord . toAltitude ( ) ; // 6914.281956295339",
                        "links": []
                    }
                ],
                [
                    {
                        "text": "toLngLat()",
                        "links": []
                    },
                    {
                        "text": "Возвращает LngLat для координаты. См. пример ниже. var coord = new mmrgl . MercatorCoordinate ( 0.5 , 0.5 , 0 ) ; var lngLat = coord . toLngLat ( ) ; // LngLat(0, 0)",
                        "links": []
                    }
                ]
            ]
        },
        {
            "type": "code",
            "text": "varnullIsland=newmmrgl.MercatorCoordinate(0.5,0.5,0);"
        },
        {
            "type": "h2",
            "text": "EdgeInsets​",
            "content": [
                {
                    "type": "paragraph",
                    "text": "ОбъектEdgeInsetпредставляет собой заполнение экрана, примененное к краям вьюпорта (viewport). Это смещает видимый центр или точку схода карты. Это полезно для добавления плавающих элементов пользовательского интерфейса поверх карты и смещения точки схода при изменении размера элементов пользовательского интерфейса.\nsrc/geo/edge_insets.js"
                }
            ]
        },
        {
            "type": "h3",
            "text": "Параметры​",
            "content": [
                {
                    "type": "paragraph",
                    "text": "top:number— по умолчанию0;\nbottom:number— по умолчанию0;\nleft:number— по умолчанию0;\nright:number— по умолчанию0."
                }
            ]
        },
        {
            "type": "h3",
            "text": "static-методы​",
            "content": []
        },
        {
            "type": "table",
            "headers": [
                "Название",
                "Описание"
            ],
            "rows": [
                [
                    {
                        "text": "getCenter(width, height)",
                        "links": []
                    },
                    {
                        "text": "Служебный метод, который вычисляет новый центр приложения или точку схода после применения вставок. В пикселях и с верхним левым значением ( 0.0 ) и +y вниз. Параметры: • width:number ширина карты в пикселях;\n• height: number высота карты в пикселях.",
                        "links": []
                    }
                ],
                [
                    {
                        "text": "interpolate(start, target, t)",
                        "links": []
                    },
                    {
                        "text": "Интерполирует вставку на месте. При этом сохраняется текущее значение вставки для любой вставки, отсутствующей в target . Параметры: • start: (PaddingOptions | EdgeInsets) , параметры отступов.\n• target:PaddingOptionsп параметры отступов для target .\n• t:number переменная интерполяции.",
                        "links": []
                    }
                ],
                [
                    {
                        "text": "toJSON()",
                        "links": []
                    },
                    {
                        "text": "Возвращает текущее состояние в виде JSON, что полезно, если вы хотите иметь представление вставки только для чтения.",
                        "links": []
                    }
                ]
            ]
        }
    ]
}