{
    "meta": {
        "language": "ru",
        "parse_date": "2024-07-06T20:01:00.407596",
        "current_url": "https://www.rustore.ru/help/sdk/rustore-geo/additional-services/determining-the-time-zone/",
        "doc_section": "sdk",
        "h1_text": "Определение часового пояса"
    },
    "content": [
        {
            "type": "h1",
            "text": "Определение часового пояса",
            "content": [
                {
                    "type": "paragraph",
                    "text": "/timezone— точка вызова сервиса для определения часового пояса в любой точке земли, а также смещения времени относительно UTC."
                }
            ]
        },
        {
            "type": "h2",
            "text": "Запрос​",
            "content": []
        },
        {
            "type": "h3",
            "text": "Обязательные параметры запроса​",
            "content": []
        },
        {
            "type": "table",
            "headers": [
                "Имя поля",
                "Формат",
                "Описание",
                "Пример"
            ],
            "rows": [
                [
                    {
                        "text": "api_key",
                        "links": []
                    },
                    {
                        "text": "hex-string",
                        "links": []
                    },
                    {
                        "text": "Доступ к сервисам .",
                        "links": [
                            {
                                "text": "Доступ к сервисам",
                                "url": "https://rustore.ru/help/sdk/rustore-geo/general/access-services"
                            }
                        ]
                    },
                    {
                        "text": "fa749bace6d8a3b1....",
                        "links": []
                    }
                ],
                [
                    {
                        "text": "q",
                        "links": []
                    },
                    {
                        "text": "string",
                        "links": []
                    },
                    {
                        "text": "Тело поискового запроса. Для обратного геокодирования — координаты в формате lat , lon , где: lat — широта искомой точки в градусах (используется 6 знаков после запятой); lon — долгота искомой точки в градусах (используется 6 знаков после запятой).",
                        "links": []
                    },
                    {
                        "text": "q=55.479205,37.32733",
                        "links": []
                    }
                ]
            ]
        },
        {
            "type": "h3",
            "text": "Дополнительные параметры запроса​",
            "content": []
        },
        {
            "type": "table",
            "headers": [
                "Имя поля",
                "Формат",
                "Описание",
                "Пример"
            ],
            "rows": [
                [
                    {
                        "text": "timestamp",
                        "links": []
                    },
                    {
                        "text": "unix timestamp",
                        "links": []
                    },
                    {
                        "text": "Временная метка в зоне UTC для которой будет вычислены параметры таймзоны. Если не указана — будет использовано текущее время.",
                        "links": []
                    },
                    {
                        "text": "timestamp=1264753640",
                        "links": []
                    }
                ]
            ]
        },
        {
            "type": "h2",
            "text": "Ответ​",
            "content": []
        },
        {
            "type": "table",
            "headers": [
                "Имя поля",
                "Формат",
                "Описание",
                "Пример"
            ],
            "rows": [
                [
                    {
                        "text": "tzid",
                        "links": []
                    },
                    {
                        "text": "string",
                        "links": []
                    },
                    {
                        "text": "Идентификатор часового пояса, определённый проектом CLDR .",
                        "links": [
                            {
                                "text": "CLDR",
                                "url": "http://cldr.unicode.org/"
                            }
                        ]
                    },
                    {
                        "text": "\"tzid\": \"Europe/Moscow\"",
                        "links": []
                    }
                ],
                [
                    {
                        "text": "tzname_short",
                        "links": []
                    },
                    {
                        "text": "string",
                        "links": []
                    },
                    {
                        "text": "Короткое название часового пояса.",
                        "links": []
                    },
                    {
                        "text": "\"tzname_short\": \"MSK\"",
                        "links": []
                    }
                ],
                [
                    {
                        "text": "utc_delta",
                        "links": []
                    },
                    {
                        "text": "int",
                        "links": []
                    },
                    {
                        "text": "Смещение часового пояса запрошенного местоположения от UTC. (в секундах)",
                        "links": []
                    },
                    {
                        "text": "\"utc_delta\": 10800",
                        "links": []
                    }
                ]
            ]
        },
        {
            "type": "h2",
            "text": "Пример​",
            "content": []
        },
        {
            "type": "h3",
            "text": "Запрос​",
            "content": []
        },
        {
            "type": "code",
            "text": "https://geo.rustore.ru/api/timezone?api_key=<YOUR_API_KEY>&q=55.479205,37.32733"
        },
        {
            "type": "h3",
            "text": "Ответ​",
            "content": []
        },
        {
            "type": "code",
            "text": "{\"request\":\"/v1/timezone?api_key&q=55.479205,37.32733\",\"results\":[{\"tzid\":\"Europe/Moscow\",\"utc_delta\":10800}]}"
        }
    ]
}