{
    "meta": {
        "language": "ru",
        "parse_date": "2024-07-06T19:29:06.391964",
        "current_url": "https://www.rustore.ru/help/work-with-rustore-api/api-upload-publication-app/get-version-status/",
        "doc_section": "",
        "h1_text": "Получение статуса версий приложений"
    },
    "content": [
        {
            "type": "h1",
            "text": "Получение статуса версий приложений",
            "content": [
                {
                    "type": "paragraph",
                    "text": "Метод позволяет получить базовую информацию по версии, а также проверить статус версии\nОграничения:\nпо умолчанию на каждой странице отображается по 20 версий, вы можете отображать до 100 версий на странице, указав значение в параметреsize;\nсовместно использовать параметры пагинации и фильтрации по 1 версии — нельзя (либо пагинация с указанием пары параметровpageиsizeлибоids)."
                }
            ]
        },
        {
            "type": "h2",
            "text": "Параметры взаимодействия​",
            "content": [
                {
                    "type": "paragraph",
                    "text": "GET\nhttps://public-api.rustore.ru/public/v1/application/{packageName}/version?ids=704095&page=0&size=2"
                }
            ]
        },
        {
            "type": "table",
            "headers": [
                "Атрибут",
                "Тип",
                "Обяз.",
                "Расположение",
                "Описание",
                "Пример"
            ],
            "rows": [
                [
                    {
                        "text": "Public-Token",
                        "links": []
                    },
                    {
                        "text": "string",
                        "links": []
                    },
                    {
                        "text": "Да",
                        "links": []
                    },
                    {
                        "text": "header",
                        "links": []
                    },
                    {
                        "text": "Токен доступа к Public API Rustore .",
                        "links": [
                            {
                                "text": "Токен доступа к Public API Rustore",
                                "url": "https://rustore.ru/help/work-with-rustore-api/api-authorization-token"
                            }
                        ]
                    },
                    {
                        "text": "N/A",
                        "links": []
                    }
                ],
                [
                    {
                        "text": "packageName",
                        "links": []
                    },
                    {
                        "text": "string",
                        "links": []
                    },
                    {
                        "text": "Да",
                        "links": []
                    },
                    {
                        "text": "path",
                        "links": []
                    },
                    {
                        "text": "Имя пакета приложения.",
                        "links": []
                    },
                    {
                        "text": "com.myapp.example",
                        "links": []
                    }
                ],
                [
                    {
                        "text": "ids",
                        "links": []
                    },
                    {
                        "text": "number",
                        "links": []
                    },
                    {
                        "text": "Нет",
                        "links": []
                    },
                    {
                        "text": "query",
                        "links": []
                    },
                    {
                        "text": "id конкретной версии. Задается при необходимости получить конкретную версию.",
                        "links": []
                    },
                    {
                        "text": "743103",
                        "links": []
                    }
                ],
                [
                    {
                        "text": "page",
                        "links": []
                    },
                    {
                        "text": "number",
                        "links": []
                    },
                    {
                        "text": "Нет",
                        "links": []
                    },
                    {
                        "text": "query",
                        "links": []
                    },
                    {
                        "text": "Номер страницы. Начинается с 0 .",
                        "links": []
                    },
                    {
                        "text": "0",
                        "links": []
                    }
                ],
                [
                    {
                        "text": "size",
                        "links": []
                    },
                    {
                        "text": "number",
                        "links": []
                    },
                    {
                        "text": "Нет",
                        "links": []
                    },
                    {
                        "text": "query",
                        "links": []
                    },
                    {
                        "text": "Количество отзывов на странице. • По умолчанию — 20 . • Максимально — 100 .",
                        "links": []
                    },
                    {
                        "text": "100",
                        "links": []
                    }
                ]
            ]
        },
        {
            "type": "h2",
            "text": "Параметры ответа​",
            "content": []
        },
        {
            "type": "table",
            "headers": [
                "Атрибут",
                "Тип",
                "Обяз.",
                "Описание",
                "Пример"
            ],
            "rows": [
                [
                    {
                        "text": "code",
                        "links": []
                    },
                    {
                        "text": "string",
                        "links": []
                    },
                    {
                        "text": "Да",
                        "links": []
                    },
                    {
                        "text": "Код ответа.",
                        "links": []
                    },
                    {
                        "text": "error / OK",
                        "links": []
                    }
                ],
                [
                    {
                        "text": "message",
                        "links": []
                    },
                    {
                        "text": "string",
                        "links": []
                    },
                    {
                        "text": "Нет",
                        "links": []
                    },
                    {
                        "text": "Расшифровка кода ответа.",
                        "links": []
                    },
                    {
                        "text": "N/A",
                        "links": []
                    }
                ],
                [
                    {
                        "text": "timestamp",
                        "links": []
                    },
                    {
                        "text": "timestamptz",
                        "links": []
                    },
                    {
                        "text": "Да",
                        "links": []
                    },
                    {
                        "text": "Время ответа.",
                        "links": []
                    },
                    {
                        "text": "2022-07-08T13:24:41.8328711+03:00",
                        "links": []
                    }
                ],
                [
                    {
                        "text": "body{}",
                        "links": [
                            {
                                "text": "body{}",
                                "url": "https://rustore.ru/help#body"
                            }
                        ]
                    },
                    {
                        "text": "object",
                        "links": []
                    },
                    {
                        "text": "Да",
                        "links": []
                    },
                    {
                        "text": "N/A",
                        "links": []
                    },
                    {
                        "text": "N/A",
                        "links": []
                    }
                ]
            ]
        },
        {
            "type": "h3",
            "text": "body​",
            "content": []
        },
        {
            "type": "table",
            "headers": [
                "Атрибут",
                "Тип",
                "Обяз.",
                "Описание",
                "Пример"
            ],
            "rows": [
                [
                    {
                        "text": "content[]",
                        "links": [
                            {
                                "text": "content[]",
                                "url": "https://rustore.ru/help#bodycontent"
                            }
                        ]
                    },
                    {
                        "text": "massive",
                        "links": []
                    },
                    {
                        "text": "Да",
                        "links": []
                    },
                    {
                        "text": "Массив, содержащий список версий.",
                        "links": []
                    },
                    {
                        "text": "N/A",
                        "links": []
                    }
                ],
                [
                    {
                        "text": "pageNumber",
                        "links": []
                    },
                    {
                        "text": "number",
                        "links": []
                    },
                    {
                        "text": "Да",
                        "links": []
                    },
                    {
                        "text": "Номер текущей страницы.",
                        "links": []
                    },
                    {
                        "text": "0",
                        "links": []
                    }
                ],
                [
                    {
                        "text": "pageSize",
                        "links": []
                    },
                    {
                        "text": "number",
                        "links": []
                    },
                    {
                        "text": "Да",
                        "links": []
                    },
                    {
                        "text": "Размер страницы.",
                        "links": []
                    },
                    {
                        "text": "2",
                        "links": []
                    }
                ],
                [
                    {
                        "text": "totalElements",
                        "links": []
                    },
                    {
                        "text": "number",
                        "links": []
                    },
                    {
                        "text": "Да",
                        "links": []
                    },
                    {
                        "text": "Всего элементов.",
                        "links": []
                    },
                    {
                        "text": "5",
                        "links": []
                    }
                ],
                [
                    {
                        "text": "totalPages",
                        "links": []
                    },
                    {
                        "text": "number",
                        "links": []
                    },
                    {
                        "text": "Да",
                        "links": []
                    },
                    {
                        "text": "Всего страниц.",
                        "links": []
                    },
                    {
                        "text": "3",
                        "links": []
                    }
                ]
            ]
        },
        {
            "type": "h3",
            "text": "body.content[]​",
            "content": []
        },
        {
            "type": "table",
            "headers": [
                "Атрибут",
                "Тип",
                "Обяз.",
                "Описание",
                "Пример"
            ],
            "rows": [
                [
                    {
                        "text": "versionId",
                        "links": []
                    },
                    {
                        "text": "number",
                        "links": []
                    },
                    {
                        "text": "Да",
                        "links": []
                    },
                    {
                        "text": "id версии.",
                        "links": []
                    },
                    {
                        "text": "704372",
                        "links": []
                    }
                ],
                [
                    {
                        "text": "appName",
                        "links": []
                    },
                    {
                        "text": "string",
                        "links": []
                    },
                    {
                        "text": "Да",
                        "links": []
                    },
                    {
                        "text": "Название приложения.",
                        "links": []
                    },
                    {
                        "text": "Тест API",
                        "links": []
                    }
                ],
                [
                    {
                        "text": "appType",
                        "links": []
                    },
                    {
                        "text": "string",
                        "links": []
                    },
                    {
                        "text": "Да",
                        "links": []
                    },
                    {
                        "text": "Тип приложения.",
                        "links": []
                    },
                    {
                        "text": "MAIN или GAME",
                        "links": []
                    }
                ],
                [
                    {
                        "text": "versionName",
                        "links": []
                    },
                    {
                        "text": "string",
                        "links": []
                    },
                    {
                        "text": "Да",
                        "links": []
                    },
                    {
                        "text": "Номер версии.",
                        "links": []
                    },
                    {
                        "text": "1.0",
                        "links": []
                    }
                ],
                [
                    {
                        "text": "versionCode",
                        "links": []
                    },
                    {
                        "text": "number",
                        "links": []
                    },
                    {
                        "text": "Да",
                        "links": []
                    },
                    {
                        "text": "Код версии.",
                        "links": []
                    },
                    {
                        "text": "6",
                        "links": []
                    }
                ],
                [
                    {
                        "text": "versionStatus",
                        "links": []
                    },
                    {
                        "text": "string",
                        "links": []
                    },
                    {
                        "text": "Да",
                        "links": []
                    },
                    {
                        "text": "Статус версии.",
                        "links": []
                    },
                    {
                        "text": "Возможные занчения: • ACTIVE – версия опубликована; • PARTIAL_ACTIVE – версия опубликована на заданный процент пользователей; • READY_FOR_PUBLICATION – версия одобрена модератором; PREVIOUS_ACTIVE – предыдущая активная версия; • ARCHIVED – версия находится в архиве, • REJECTED_BY_MODERATOR – версия отклонена модератором; • TAKEN_FOR_MODERATION – версия находится на модерации; • MODERATION – версия ожидает действий от модератора; • AUTO_CHECK – автоматическая проверка антивирусом Касперского; • AUTO_CHECK_FAILED – автоматическая проверка не пропустила APK; • DRAFT – черновик версии; • DELETED_DRAFT – черновик удалён; • REJECTED_BY_SECURITY – версия отклонена со стороны ИБ.",
                        "links": []
                    }
                ],
                [
                    {
                        "text": "publishType",
                        "links": []
                    },
                    {
                        "text": "string",
                        "links": []
                    },
                    {
                        "text": "Да",
                        "links": []
                    },
                    {
                        "text": "Тип публикации.",
                        "links": []
                    },
                    {
                        "text": "Возможные значения: • MANUAL ; • INSTANTLY ; • DELAYED .",
                        "links": []
                    }
                ],
                [
                    {
                        "text": "publishDateTime",
                        "links": []
                    },
                    {
                        "text": "timestamptz",
                        "links": []
                    },
                    {
                        "text": "Да",
                        "links": []
                    },
                    {
                        "text": "время отложенной публикации",
                        "links": []
                    },
                    {
                        "text": "2023-08-04T09:36:06.431+00:00",
                        "links": []
                    }
                ],
                [
                    {
                        "text": "sendDateForModer",
                        "links": []
                    },
                    {
                        "text": "timestamptz",
                        "links": []
                    },
                    {
                        "text": "Да",
                        "links": []
                    },
                    {
                        "text": "Время отправки на модерацию",
                        "links": []
                    },
                    {
                        "text": "2023-08-11T12:03:06.303+00:00",
                        "links": []
                    }
                ],
                [
                    {
                        "text": "partialValue",
                        "links": []
                    },
                    {
                        "text": "number",
                        "links": []
                    },
                    {
                        "text": "Да",
                        "links": []
                    },
                    {
                        "text": "% для частичной публикации.",
                        "links": []
                    },
                    {
                        "text": "-1 = 100% Остальные значения соответвуют",
                        "links": []
                    }
                ],
                [
                    {
                        "text": "whatsNew",
                        "links": []
                    },
                    {
                        "text": "string",
                        "links": []
                    },
                    {
                        "text": "Да",
                        "links": []
                    },
                    {
                        "text": "Сведения об изменениях.",
                        "links": []
                    },
                    {
                        "text": "Исправили баги",
                        "links": []
                    }
                ],
                [
                    {
                        "text": "priceValue",
                        "links": []
                    },
                    {
                        "text": "number",
                        "links": []
                    },
                    {
                        "text": "Да",
                        "links": []
                    },
                    {
                        "text": "Цена, если приложение платное.",
                        "links": []
                    },
                    {
                        "text": "0",
                        "links": []
                    }
                ],
                [
                    {
                        "text": "paid",
                        "links": []
                    },
                    {
                        "text": "boolean",
                        "links": []
                    },
                    {
                        "text": "Да",
                        "links": []
                    },
                    {
                        "text": "Платное ли приложение.",
                        "links": []
                    },
                    {
                        "text": "true / false",
                        "links": []
                    }
                ]
            ],
            "content": [
                {
                    "type": "paragraph",
                    "text": "ACTIVE— версия опубликована;\nPARTIAL_ACTIVE— версия с частичной публикацией на процент пользователей опубликована;\nREADY_FOR_PUBLICATION— версия одобрена модератором;\nPREVIOUS_ACTIVE— предыдущая активная версия;\nARCHIEVED— версия находится в архиве;\nREJECTED_BY_MODERATOR— версия отклонена модератором;\nTAKEN_FOR_MODERATION— версия находится на модерации у модератора;\nMODERATION— ожидает модерацию со стороны модератора;\nAUTO_CHECK— автоматическая проверка.apkКасперским;\nAUTO_CHECK_FAILED— автоматическая проверка не пропустила.apk;\nDRAFT— черновик версии;\nDELETED_DRAFT— черновик удалён;\nREJECTED_BY_SECURITY— версия отклонена со стороны ИБ."
                }
            ]
        },
        {
            "type": "h2",
            "text": "Пример запроса​",
            "content": []
        },
        {
            "type": "code",
            "text": "curl --location 'https://public-api.rustore.ru/public/v1/application/com.example.pblsh_v2/version?page=0&size=2' \\--header 'accept: application/json' \\--header 'Public-Token: {YOURtoken}’"
        },
        {
            "type": "h2",
            "text": "Пример ответа​",
            "content": []
        },
        {
            "type": "code",
            "text": "{\"code\": \"OK\",\"message\": null,\"body\": {\"content\": [{\"versionId\": 704372,\"appName\": \"Тест АПИ\",\"appType\": \"MAIN\",\"versionName\": \"1.0\",\"versionCode\": 6,\"versionStatus\": \"ACTIVE\",\"publishType\": \"MANUAL\",\"publishDateTime\": \"2023-08-14T12:34:43.925+00:00\",\"sendDateForModer\": \"2023-08-11T12:03:06.303+00:00\",\"partialValue\": -1,\"whatsNew\": \"Исправили баги\",\"priceValue\": 0,\"paid\": false},{\"versionId\": 704197,\"appName\": \"PO test API\",\"appType\": \"MAIN\",\"versionName\": \"1.0\",\"versionCode\": 1,\"versionStatus\": \"PREVIOUS_ACTIVE\",\"publishType\": \"INSTANTLY\",\"publishDateTime\": \"2023-08-04T09:36:06.431+00:00\",\"sendDateForModer\": \"2023-08-04T09:20:23.551+00:00\",\"partialValue\": -1,\"whatsNew\": \"Первая версия\",\"priceValue\": 0,\"paid\": false}],\"pageNumber\": 0,\"pageSize\": 2,\"totalElements\": 2,\"totalPages\": 1},\"timestamp\": \"2023-08-14T15:38:50.413186769+03:00\"}"
        }
    ]
}