{
    "meta": {
        "language": "ru",
        "parse_date": "2024-07-06T19:37:46.061857",
        "current_url": "https://www.rustore.ru/help/developers/tools/remote-config/ab-testing/experiment-actions/",
        "doc_section": "developers",
        "h1_text": "Как работать с экспериментом"
    },
    "content": [
        {
            "type": "h1",
            "text": "Как работать с экспериментом",
            "content": [
                {
                    "type": "paragraph",
                    "text": "Вы можете протестировать варианты созданного эксперимента, а также остановить, копировать или удалить эксперимент.\nТестирование вариантов помогает предварительно понять, как будут выглядеть изменения, которые вы запланировали. С помощью теста можно сравнить результаты разных изменений. Например, вы можете проверить, как будет выглядеть экран вашего приложения с разными цветами кнопки."
                }
            ]
        },
        {
            "type": "h2",
            "text": "Тест вариантов перед запуском эксперимента​",
            "content": []
        },
        {
            "type": "admonition",
            "admonition_type": "caution",
            "title": "предупреждение",
            "content": [
                {
                    "type": "paragraph",
                    "text": "Протестировать эксперимент можно, только если он в статусе «Pending». Вы не сможете запустить эксперимент, пока не протестируете добавленные варианты.\nОткройтеRemote Config (https://remote-config.rustore.ru).\nВыберите приложение.\nПерейдите во вкладку «A/B эксперименты».\nВ меню действий выберите нужный эксперимент из списка.\nНа странице редактирования эксперимента нажмите «Тест» в блоке с вариантами.\nНастройте раскатку вариантов."
                }
            ]
        },
        {
            "type": "admonition",
            "admonition_type": "note",
            "title": "примечание",
            "content": [
                {
                    "type": "paragraph",
                    "text": "Укажите названия вариантов и добавьте параметр кода, который укажет, в каком случае работает каждый вариант. Например, для перекрашивания кнопки в красный цвет вы можете назвать Вариант Аredи указать параметр кода1, а для зелёного цвета назвать Вариант Вgreenи указать параметр кода2.\nНажмите «Подтвердить».\nНажмите «Запустить тест»."
                }
            ]
        },
        {
            "type": "admonition",
            "admonition_type": "note",
            "title": "примечание",
            "content": [
                {
                    "type": "paragraph",
                    "text": "Вы можете отменить тест после запуска и, при необходимости, тестировать варианты повторно."
                }
            ]
        },
        {
            "type": "h2",
            "text": "Копирование​",
            "content": [
                {
                    "type": "paragraph",
                    "text": "ОткройтеRemote Config (https://remote-config.rustore.ru).\nВыберите приложение.\nПерейдите во вкладку «A/B эксперименты».\nНайдите эксперимент в списке.\nВ меню действий выберите «Копировать»."
                }
            ]
        },
        {
            "type": "admonition",
            "admonition_type": "info",
            "title": "к сведению",
            "content": [
                {
                    "type": "paragraph",
                    "text": "На открывшейся странице появится копия существующего экспермента с заполненными данными. Отредактируйте их, если нужно.\nНажмите «Сохранить»."
                }
            ]
        },
        {
            "type": "h2",
            "text": "Остановка​",
            "content": []
        },
        {
            "type": "admonition",
            "admonition_type": "caution",
            "title": "предупреждение",
            "content": [
                {
                    "type": "paragraph",
                    "text": "Остановить эксперимент можно, только если он в статусе «Running».\nОткройтеRemote Config (https://remote-config.rustore.ru).\nВыберите приложение.\nПерейдите во вкладку «A/B эксперименты».\nВыберите нужный эксперимент из списка меню действий.\nНа странице просмотра эксперимента нажмите «Остановить»."
                }
            ]
        },
        {
            "type": "admonition",
            "admonition_type": "unknown",
            "title": "подсказка",
            "content": [
                {
                    "type": "paragraph",
                    "text": "Проведение эксперимента завершится. Статус изменится на «Stopped»."
                }
            ]
        },
        {
            "type": "h2",
            "text": "Удаление​",
            "content": []
        },
        {
            "type": "admonition",
            "admonition_type": "caution",
            "title": "предупреждение",
            "content": [
                {
                    "type": "paragraph",
                    "text": "Удалить эксперимент можно, если он в статусе «Pending», «Ready to run», «Stopped» или «Finished».\nОткройтеRemote Config (https://remote-config.rustore.ru).\nВыберите приложение.\nПерейдите во вкладку «A/B эксперименты».\nНайдите эксперимент в списке.\nВ меню действий выберите «Удалить»."
                }
            ]
        }
    ]
}