{
    "meta": {
        "language": "ru",
        "parse_date": "2024-07-06T19:47:08.093902",
        "current_url": "https://www.rustore.ru/help/sdk/payments/flutter/4-0-0/",
        "doc_section": "sdk"
    },
    "content": [
        {
            "type": "admonition",
            "admonition_type": "unknown",
            "title": "подсказка",
            "content": [
                {
                    "type": "paragraph",
                    "text": "Сценарий работы с платежами описан вгайде (https://rustore.ru/help/guides/payments). Изучите его перед началом работы."
                }
            ]
        },
        {
            "type": "h2",
            "text": "Пример реализации​",
            "content": [
                {
                    "type": "paragraph",
                    "text": "Ознакомьтесь сприложением-примеромчтобы узнать, как правильно интегрировать SDK платежей."
                }
            ]
        },
        {
            "type": "h2",
            "text": "Условия работы платежей​",
            "content": [
                {
                    "type": "paragraph",
                    "text": "На устройстве пользователя установлена актуальная версия RuStore.\nПользователь авторизован в RuStore.\nПользователь и приложение не должны быть заблокированы в RuStore.\nДля приложения включена возможность покупок вКонсоли RuStore (https://console.rustore.ru/)."
                }
            ]
        },
        {
            "type": "admonition",
            "admonition_type": "caution",
            "title": "предупреждение",
            "content": [
                {
                    "type": "paragraph",
                    "text": "Сервис имеет некоторые ограничения на работу за пределами России."
                }
            ]
        },
        {
            "type": "h2",
            "text": "Подготовка к работе​",
            "content": [
                {
                    "type": "paragraph",
                    "text": "Для подключения пакета платежей к проекту выполните следующую команду."
                }
            ]
        },
        {
            "type": "code",
            "text": "flutter pub add flutter_rustore_billing"
        },
        {
            "type": "code",
            "text": "dependencies: flutter_rustore_billing: ^4.0.0"
        },
        {
            "type": "h2",
            "text": "Обработка deeplink​",
            "content": [
                {
                    "type": "paragraph",
                    "text": "Для корректной работы оплаты через сторонние приложения (СБП, SberPay и др.) необходимо правильно реализовать обработку deeplink. Укажите вAndroidManifest.xmlintent-filterсschemeвашего проекта (см. ниже)."
                }
            ]
        },
        {
            "type": "code",
            "text": "AndroidManifest.xml<activityandroid:name=\".sample.MainActivity\"><intent-filter><actionandroid:name=\"android.intent.action.MAIN\"/><categoryandroid:name=\"android.intent.category.LAUNCHER\"/></intent-filter><intent-filter><actionandroid:name=\"android.intent.action.VIEW\"/><categoryandroid:name=\"android.intent.category.DEFAULT\"/><categoryandroid:name=\"android.intent.category.BROWSABLE\"/><dataandroid:scheme=\"yourappscheme\"/></intent-filter></activity>"
        },
        {
            "type": "h2",
            "text": "Инициализация​",
            "content": [
                {
                    "type": "paragraph",
                    "text": "Перед вызовом методов библиотеки необходимо выполнить её инициализацию."
                }
            ]
        },
        {
            "type": "code",
            "text": "RustoreBillingClient.initialize(\"123456\",//consolApplicationId\"yourappscheme://iamback\",//deeplinkSchemetrue//allowNativeErrorHandling).then((value){print(\"initialize success: $value\");},onError:(err){print(\"initialize err: $err\");});",
            "content": [
                {
                    "type": "paragraph",
                    "text": "consoleApplicationId— код приложения из консоли разработчика RuStore (пример:https://console.rustore.ru/apps/123456 (https://console.rustore.ru/apps/123456)).Чтобы получить ID приложения, скопируйте цифры из URL-адреса страницы приложения в RuStore Консоли послеapps/."
                }
            ]
        },
        {
            "type": "admonition",
            "admonition_type": "note",
            "title": "примечание",
            "content": [
                {
                    "type": "paragraph",
                    "text": "ApplicationId, указанный вbuild.gradle, должен совпадать сapplicationIdAPK-файла, который вы публиковали вКонсоли RuStore (https://console.rustore.ru/sign-in).\ndeeplinkScheme— схема deeplink, необходимая для возврата в ваше приложение после оплаты через стороннее приложение (например, SberPay или СБП). SDK генерирует свой хост к данной схеме."
                }
            ]
        },
        {
            "type": "admonition",
            "admonition_type": "note",
            "title": "примечание",
            "content": [
                {
                    "type": "paragraph",
                    "text": "allowNativeErrorHandling— разрешить обработку ошибок в нативном SDK (см. подробнее в разделеОбработка ошибок (https://rustore.ru/help#обработка-ошибок))."
                }
            ]
        },
        {
            "type": "h2",
            "text": "Как работают платежи​",
            "content": []
        },
        {
            "type": "h2",
            "text": "Проверка доступности работы с платежами​",
            "content": [
                {
                    "type": "paragraph",
                    "text": "Во время проверки доступности платежей проверяются следующие условия.\nНа устройстве пользователя установлена актуальная версия RuStore.\nПриложение RuStore поддерживает функциональность платежей.\nПользователь авторизован в RuStore.\nПользователь и приложение не должны быть заблокированы в RuStore.\nДля приложения включена возможность покупок вКонсоли RuStore (https://console.rustore.ru/)."
                }
            ]
        },
        {
            "type": "code",
            "text": "RustoreBillingClient.available().then((value){print(\"available success $value\");},onError:(err){print(\"available err: $err\");});"
        },
        {
            "type": "h2",
            "text": "Работа с SDK​",
            "content": []
        },
        {
            "type": "h3",
            "text": "Получение списка продуктов​",
            "content": [
                {
                    "type": "paragraph",
                    "text": "Для получения списка продуктов используйте методRustoreBillingClient.products(ids)."
                }
            ]
        },
        {
            "type": "code",
            "text": "RustoreBillingClient.products(ids).then((response){for(final productinresponse.products){print(product?.productId);}},onError:(err){print(\"products err: $err\");});"
        },
        {
            "type": "code",
            "text": "classProductsResponse{int code;String?errorMessage;String?errorDescription;String?traceId;List<Product?>products;List<DigitalShopGeneralError?>errors;}",
            "content": [
                {
                    "type": "paragraph",
                    "text": "code— код ответа.\nerrorMessage— сообщение об ошибке для пользователя.\nerrorDescription— расшифровка сообщения об ошибке.\ntraceId— идентификатор ошибки.\nerrors— список ошибок для запрошенных продуктов.\nproducts— список продуктов."
                }
            ]
        },
        {
            "type": "code",
            "text": "classDigitalShopGeneralError{String?name;int?code;String?description}",
            "content": [
                {
                    "type": "paragraph",
                    "text": "name– имя ошибки.\ncode— код ошибки.\ndescription– описание ошибки."
                }
            ]
        },
        {
            "type": "code",
            "text": "classProduct{StringproductId;String?productType;StringproductStatus;String?priceLabel;int?price;String?currency;String?language;String?title;String?description;String?imageUrl;String?promoImageUrl;Subscription?subscription;}",
            "content": [
                {
                    "type": "paragraph",
                    "text": "productId— идентификатор продукта.\nproductType— тип продукта.\nproductStatus— статус продукта.\npriceLable— отформатированная цена товара, включая валютный знак на языкеlanguage.\nprice— цена в минимальных единицах (в копейках).\ncurrency— код валюты ISO 4217.\nlanguage— язык, указанный с помощью BCP 47 кодирования.\ntitle— название продукта на языкеlanguage.\ndescription— описание на языкеlanguage.\nimageUrl— ссылка на картинку.\npromoImageUrl— ссылка на промокартинку.\nsubscription— описание подписки, возвращается только для продуктов с типомsubscription."
                }
            ]
        },
        {
            "type": "code",
            "text": "classSubscription{SubscriptionPeriod?subscriptionPeriod;SubscriptionPeriod?freeTrialPeriod;SubscriptionPeriod?gracePeriod;String?introductoryPrice;String?introductoryPriceAmount;SubscriptionPeriod?introductoryPricePeriod;}",
            "content": [
                {
                    "type": "paragraph",
                    "text": "subscriptionPeriod— период подписки.\nfreeTrialPeriod— пробный период подписки.\ngracePeriod— льготный период подписки.\nintroductoryPrice— отформатированная вступительная цена подписки, включая знак валюты, на языкеproduct:language.\nintroductoryPriceAmount— вступительная цена в минимальных единицах валюты (в копейках).\nintroductoryPricePeriod— расчётный период вступительной цены."
                }
            ]
        },
        {
            "type": "code",
            "text": "classSubscriptionPeriod{int years;int months;int days;}",
            "content": [
                {
                    "type": "paragraph",
                    "text": "years— количество лет.\nmonths— количество месяцев.\ndays— количество дней."
                }
            ]
        },
        {
            "type": "h3",
            "text": "Покупка продукта​",
            "content": [
                {
                    "type": "paragraph",
                    "text": "Для вызова покупки продукта используйте методRustoreBillingClient.purchase(id)."
                }
            ]
        },
        {
            "type": "code",
            "text": "RustoreBillingClient.purchase(id).then((response){print(\"purchase success: $response\");},onError:(err){print(\"purchase err: $err\");});"
        },
        {
            "type": "code",
            "text": "classPaymentResult{SuccessInvoice?successInvoice;InvalidInvoice?invalidInvoice;SuccessPurchase?successPurchase;InvalidPurchase?invalidPurchase;}"
        },
        {
            "type": "code",
            "text": "classSuccessInvoice{StringinvoiceId;StringfinishCode;}"
        },
        {
            "type": "code",
            "text": "classInvalidInvoice{String?invoiceId;}"
        },
        {
            "type": "code",
            "text": "classSuccessPurchase{StringfinishCode;String?orderId;StringpurchaseId;StringproductId;}"
        },
        {
            "type": "code",
            "text": "classInvalidPurchase{String?purchaseId;String?invoiceId;String?orderId;int?quantity;String?productId;int?errorCode;}",
            "content": [
                {
                    "type": "paragraph",
                    "text": "SuccessInvoice— платежи завершились с результатом.\nInvalidInvoice— платежи завершились без указания номера счёта. Вероятно, они были запущены с некорректным номером счёта (пустая строка, например).\nSuccessPurchase— результат успешного завершения покупки цифрового товара.\nInvalidPurchase— при оплате цифрового товара платежи завершились с ошибкой.\nSUCCESSFUL_PAYMENT— успешная оплата.\nCLOSED_BY_USER— отменено пользователем.\nUNHANDLED_FORM_ERROR— неизвестная ошибка.\nPAYMENT_TIMEOUT— ошибка оплаты по таймауту.\nDECLINED_BY_SERVER— отклонено сервером.\nRESULT_UNKNOWN— неизвестный статус оплаты."
                }
            ]
        },
        {
            "type": "h3",
            "text": "Получение списка покупок​",
            "content": [
                {
                    "type": "paragraph",
                    "text": "Метод возвращает только покупки со статусами из таблицы ниже. Подробнее о других возможных состояниях покупки смотрите в разделеПолучение сведений о покупке."
                }
            ]
        },
        {
            "type": "table",
            "headers": [
                "Тип/Статус",
                "INVOICE_CREATED",
                "CONFIRMED",
                "PAID",
                "PAUSED"
            ],
            "rows": [
                [
                    {
                        "text": "consumable",
                        "links": []
                    },
                    {
                        "text": "+",
                        "links": []
                    },
                    {
                        "text": "",
                        "links": []
                    },
                    {
                        "text": "+",
                        "links": []
                    },
                    {
                        "text": "",
                        "links": []
                    }
                ],
                [
                    {
                        "text": "non-consumable",
                        "links": []
                    },
                    {
                        "text": "+",
                        "links": []
                    },
                    {
                        "text": "+",
                        "links": []
                    },
                    {
                        "text": "",
                        "links": []
                    },
                    {
                        "text": "",
                        "links": []
                    }
                ],
                [
                    {
                        "text": "subscription",
                        "links": []
                    },
                    {
                        "text": "+",
                        "links": []
                    },
                    {
                        "text": "+",
                        "links": []
                    },
                    {
                        "text": "",
                        "links": []
                    },
                    {
                        "text": "+",
                        "links": []
                    }
                ]
            ]
        },
        {
            "type": "admonition",
            "admonition_type": "note",
            "title": "примечание",
            "content": [
                {
                    "type": "paragraph",
                    "text": "Метод возвращает незавершённые состояния покупки и покупки потребляемых товаров, требующих обработки. Помимо этого, он показывает подтверждённые покупки для подписок и непотребляемых товаров — тех, которые нельзя купить повторно.\nДля получения списка покупок пользователя используйте методRustoreBillingClient.purchases."
                }
            ]
        },
        {
            "type": "code",
            "text": "RustoreBillingClient.purchases().then((response){for(final productinresponse.purchases){print(product?.purchaseId);}},onError:(err){print(\"purchases err: $err\");});"
        },
        {
            "type": "code",
            "text": "classPurchasesResponse{int code;String?errorMessage;String?errorDescription;String?traceId;List<Purchase?>purchases;List<DigitalShopGeneralError?>errors;}",
            "content": [
                {
                    "type": "paragraph",
                    "text": "code— код ответа.\nerrorMessage— сообщение об ошибке для пользователя.\nerrorDescription— расшифровка сообщения об ошибке.\nerrors— список ошибок для запрошенных продуктов.\npurchases— список запрошенных покупок."
                }
            ]
        },
        {
            "type": "code",
            "text": "classDigitalShopGeneralError{String?name;int?code;String?description;}",
            "content": [
                {
                    "type": "paragraph",
                    "text": "name– имя ошибки.\ncode— код ошибки.\ndescription– описание ошибки."
                }
            ]
        },
        {
            "type": "code",
            "text": "classPurchase{String?purchaseId;String?productId;String?description;String?language;String?purchaseTime;String?orderId;String?amountLabel;int?amount;String?currency;int?quantity;String?purchaseState;String?developerPayload;}",
            "content": [
                {
                    "type": "paragraph",
                    "text": "purchaseId— идентификатор покупки.\nproductId— идентификатор продукта.\ndescription— описание на языкеlanguage.\nlanguage— язык, указанный с помощью BCP 47 кодирования.\npurchaseTime— время покупки.\norderId— уникальный идентификатор оплаты, сформированный приложением (UUID).\namountLable— отформатированная цена покупки, включая валютный знак на языкеlanguage.\namount— цена в минимальных единицах валюты.\ncurrency— код валюты ISO 4217.\nquantity— количество продукта.\npurchaseState— состояние покупки.\ndeveloperPayload— указанная разработчиком строка, содержащая дополнительную информацию о заказе."
                }
            ]
        },
        {
            "type": "h3",
            "text": "Получение сведений о покупке​",
            "content": []
        },
        {
            "type": "code",
            "text": "RustoreBillingClient.purchaseInfo(purchaseId).then((purchase){print(purchase);},onError:(err){print(\"Error getPurchaseInfo:$err\");});"
        },
        {
            "type": "code",
            "text": "classPurchase{String?purchaseId;String?productId;String?description;String?language;String?purchaseTime;String?orderId;String?amountLabel;int?amount;String?currency;int?quantity;String?purchaseState;String?developerPayload;}",
            "content": [
                {
                    "type": "paragraph",
                    "text": "purchaseId— идентификатор покупки.\nproductId— идентификатор продукта.\ndescription— описание на языкеlanguage.\nlanguage— язык, указанный с помощью BCP 47 кодирования.\npurchaseTime— время покупки.\norderId— уникальный идентификатор оплаты, сформированный приложением (UUID).\namountLable— отформатированная цена покупки, включая валютный знак на языкеlanguage.\namount— цена в минимальных единицах валюты.\ncurrency— код валюты ISO 4217.\nquantity— количество продукта.\npurchaseState— состояние покупки.\ndeveloperPayload— указанная разработчиком строка, содержащая дополнительную информацию о заказе."
                }
            ]
        },
        {
            "type": "h3",
            "text": "Подтверждение покупки​",
            "content": []
        },
        {
            "type": "h4",
            "text": "Продукты, требующие подтверждения​",
            "content": [
                {
                    "type": "paragraph",
                    "text": "RuStore содержит продукты следующих типов.\nSUBSCRIPTION— подписка (можно купить на период времени, например: подписка в стриминговом сервисе).\nNON_CONSUMABLE— непотребляемый (можно купить один раз, например: отключение рекламы в приложении).\nCONSUMABLE— потребляемый (можно купить много раз, например: кристаллы в приложении)."
                }
            ]
        },
        {
            "type": "h4",
            "text": "Вызов метода подтверждения​",
            "content": [
                {
                    "type": "paragraph",
                    "text": ""
                }
            ]
        },
        {
            "type": "code",
            "text": "RustoreBillingClient.confirm(id).then((response){print(\"confirm success: $response\");},onError:(err){print(\"confirm err: $err\");});",
            "content": [
                {
                    "type": "paragraph",
                    "text": "id— идентификатор покупки."
                }
            ]
        },
        {
            "type": "code",
            "text": "classConfirmPurchaseResponse{int code;String?errorMessage;String?errorDescription;String?traceId;List<DigitalShopGeneralError?>errors;}",
            "content": [
                {
                    "type": "paragraph",
                    "text": "code— код ответа.\nerrorMessage— сообщение об ошибке для пользователя.\nerrorDescription— расшифровка сообщения об ошибке.\ntraceId— идентификатор ошибки.\nerrors— список ошибок для запрошенных продуктов."
                }
            ]
        },
        {
            "type": "code",
            "text": "classDigitalShopGeneralError{String?name;int?code;String?description;}",
            "content": [
                {
                    "type": "paragraph",
                    "text": "name– имя ошибки.\ncode— код ошибки.\ndescription– описание ошибки."
                }
            ]
        },
        {
            "type": "h2",
            "text": "Валидация покупок на сервере​",
            "content": [
                {
                    "type": "paragraph",
                    "text": "Если вам необходимо произвести валидацию успешной покупки на сервере методамиAPI RuStore, вы можете использоватьsubscriptionTokenвPurchaseResult, возвращаемойpurchaseProductпри успешной покупке продукта.\nSubscriptionTokenсостоит изinvoiceIdпокупки иuserId, записанных через точку:$invoiceId.$userId.\nТакже можно получитьsubscriptionTokenв сущностиPurchase. СущностьPurchaseможно получить, используя методpurchases()."
                }
            ]
        },
        {
            "type": "h2",
            "text": "Ведение журнала событий​",
            "content": [
                {
                    "type": "paragraph",
                    "text": "Логирование включено по умолчанию внутри flutter sdk. Логи вы можете смотреть по тегуRuStoreFlutterBillingPlugin."
                }
            ]
        },
        {
            "type": "h2",
            "text": "Обработка ошибок​",
            "content": [
                {
                    "type": "paragraph",
                    "text": "Возможные ошибки\nRuStoreNotInstalledException— на устройстве пользователя не установлен RuStore;\nRuStoreOutdatedException— версия RuStore, установленная на устройстве пользователя, не поддерживает платежи;\nRuStoreUserUnauthorizedException— пользователь не авторизован в RuStore;\nRuStoreApplicationBannedException— приложение заблокировано в RuStore;\nRuStoreUserBannedException— пользователь заблокирован в RuStore;\nRuStoreException— базовая ошибка RuStore, от которой наследуются остальные ошибки."
                }
            ]
        },
        {
            "type": "code",
            "text": "RustoreBillingClient.initialize(\"123456\",//consolApplicationId\"yourappscheme://iamback\",//deeplinkSchemetrue//allowNativeErrorHandling).then((value){print(\"initialize success: $value\");},onError:(err){print(\"initialize err: $err\");});",
            "content": [
                {
                    "type": "paragraph",
                    "text": "allowNativeErrorHandling— разрешить обработку ошибок в нативном SDK (см. подробнее в разделеОбработка ошибок (https://rustore.ru/help#обработка-ошибок))."
                }
            ]
        }
    ]
}