{
    "meta": {
        "language": "ru",
        "parse_date": "2024-07-06T20:09:25.089407",
        "current_url": "https://www.rustore.ru/help/developers/developer-account/user-roles/",
        "doc_section": "developers",
        "h1_text": "Управление доступами и ролями пользователей в RuStore Консоли"
    },
    "content": [
        {
            "type": "h1",
            "text": "Управление доступами и ролями пользователей в RuStore Консоли",
            "content": [
                {
                    "type": "paragraph",
                    "text": "Вы можете установить ограничение возможных операций с приложениями для сотрудников и назначить им определённые роли. Это позволит чётко настроить варианты взаимодействия с приложениями. Например, разрешить сотруднику только публиковать приложения или совершать возвраты."
                }
            ]
        },
        {
            "type": "h2",
            "text": "Как добавить пользователей​",
            "content": [
                {
                    "type": "paragraph",
                    "text": "Выберите приложение.\nПерейдите на вкладку «Доступы» в меню слева.\nНажмите кнопку «Пригласить пользователя» в верхней части экрана.\nУкажите VK ID пользователя.Как узнать VK ID? (https://rustore.ru/help/developers/developer-account/your-vkid)\nВыберите роль пользователя. Можно выбрать только один вариант из списка.\nНажмите кнопку «Пригласить»."
                }
            ]
        },
        {
            "type": "h2",
            "text": "Как редактировать доступы​",
            "content": [
                {
                    "type": "paragraph",
                    "text": "Выберите пользователя.\nНажмите нарядом с ним.\nВыберите новую роль.\nНажмите кнопку «Сохранить»."
                }
            ]
        },
        {
            "type": "h2",
            "text": "Как удалить пользователя​",
            "content": [
                {
                    "type": "paragraph",
                    "text": "Выберите пользователя.\nНажмите нарядом с ним.\nНажмите кнопку «Удалить»."
                }
            ]
        },
        {
            "type": "admonition",
            "admonition_type": "caution",
            "title": "предупреждение",
            "content": [
                {
                    "type": "paragraph",
                    "text": "Будьте внимательны, отменить удаление не получится и придётся заново добавлять пользователя в случае ошибочного удаления."
                }
            ]
        },
        {
            "type": "h2",
            "text": "Какие роли можно выбрать​",
            "content": [
                {
                    "type": "paragraph",
                    "text": "В RuStore возможны шесть ролей пользователей:\nвладелец компании;\nадминистратор;\nрелиз-менеджер;\nразработчик;\nфинансовый менеджер;\nспециалист поддержки."
                }
            ]
        },
        {
            "type": "table",
            "headers": [
                "Разрешения ↓",
                "Владелец",
                "Администратор",
                "Релиз-менеджер",
                "Разработчик",
                "Финансовыйменеджер",
                "Специалистподдержки"
            ],
            "rows": [
                [
                    {
                        "text": "Дистрибуция приложений",
                        "links": []
                    }
                ],
                [
                    {
                        "text": "Просматривает статистику по загрузке приложений",
                        "links": []
                    },
                    {
                        "text": "✔",
                        "links": []
                    },
                    {
                        "text": "✔",
                        "links": []
                    },
                    {
                        "text": "✔",
                        "links": []
                    },
                    {
                        "text": "✔",
                        "links": []
                    },
                    {
                        "text": "✔",
                        "links": []
                    },
                    {
                        "text": "✔",
                        "links": []
                    }
                ],
                [
                    {
                        "text": "Загружает, редактирует версии приложения, отправляет на модерацию",
                        "links": []
                    },
                    {
                        "text": "✔",
                        "links": []
                    },
                    {
                        "text": "✔",
                        "links": []
                    },
                    {
                        "text": "✔",
                        "links": []
                    },
                    {
                        "text": "✔",
                        "links": []
                    },
                    {
                        "text": "✖",
                        "links": []
                    },
                    {
                        "text": "✖",
                        "links": []
                    }
                ],
                [
                    {
                        "text": "Приглашает пользователей и управляет разрешениями",
                        "links": []
                    },
                    {
                        "text": "✔",
                        "links": []
                    },
                    {
                        "text": "✔",
                        "links": []
                    },
                    {
                        "text": "✔",
                        "links": []
                    },
                    {
                        "text": "✖",
                        "links": []
                    },
                    {
                        "text": "✖",
                        "links": []
                    },
                    {
                        "text": "✖",
                        "links": []
                    }
                ],
                [
                    {
                        "text": "Создаёт и удаляет приложения",
                        "links": []
                    },
                    {
                        "text": "✔",
                        "links": []
                    },
                    {
                        "text": "✖",
                        "links": []
                    },
                    {
                        "text": "✖",
                        "links": []
                    },
                    {
                        "text": "✖",
                        "links": []
                    },
                    {
                        "text": "✖",
                        "links": []
                    },
                    {
                        "text": "✖",
                        "links": []
                    }
                ],
                [
                    {
                        "text": "Сервисы",
                        "links": []
                    }
                ],
                [
                    {
                        "text": "Подключает push-уведомления, просматривает статистику",
                        "links": []
                    },
                    {
                        "text": "✔",
                        "links": []
                    },
                    {
                        "text": "✔",
                        "links": []
                    },
                    {
                        "text": "✔",
                        "links": []
                    },
                    {
                        "text": "✔",
                        "links": []
                    },
                    {
                        "text": "✔",
                        "links": []
                    },
                    {
                        "text": "✔",
                        "links": []
                    }
                ],
                [
                    {
                        "text": "Подключает RuStore Geo",
                        "links": []
                    },
                    {
                        "text": "✔",
                        "links": []
                    },
                    {
                        "text": "✔",
                        "links": []
                    },
                    {
                        "text": "✔",
                        "links": []
                    },
                    {
                        "text": "✔",
                        "links": []
                    },
                    {
                        "text": "✖",
                        "links": []
                    },
                    {
                        "text": "✖",
                        "links": []
                    }
                ],
                [
                    {
                        "text": "Подключает RuStore API",
                        "links": []
                    },
                    {
                        "text": "✔",
                        "links": []
                    },
                    {
                        "text": "✖",
                        "links": []
                    },
                    {
                        "text": "✖",
                        "links": []
                    },
                    {
                        "text": "✖",
                        "links": []
                    },
                    {
                        "text": "✖",
                        "links": []
                    },
                    {
                        "text": "✖",
                        "links": []
                    }
                ],
                [
                    {
                        "text": "Монетизация",
                        "links": []
                    }
                ],
                [
                    {
                        "text": "Создаёт подписки, inn-app продукты",
                        "links": []
                    },
                    {
                        "text": "✔",
                        "links": []
                    },
                    {
                        "text": "✔",
                        "links": []
                    },
                    {
                        "text": "✔",
                        "links": []
                    },
                    {
                        "text": "✖",
                        "links": []
                    },
                    {
                        "text": "✔",
                        "links": []
                    },
                    {
                        "text": "✖",
                        "links": []
                    }
                ],
                [
                    {
                        "text": "Управляет платежами, совершает возвраты",
                        "links": []
                    },
                    {
                        "text": "✔",
                        "links": []
                    },
                    {
                        "text": "✔",
                        "links": []
                    },
                    {
                        "text": "✖",
                        "links": []
                    },
                    {
                        "text": "✖",
                        "links": []
                    },
                    {
                        "text": "✔",
                        "links": []
                    },
                    {
                        "text": "✖",
                        "links": []
                    }
                ],
                [
                    {
                        "text": "Просматривает финансовую статистику",
                        "links": []
                    },
                    {
                        "text": "✔",
                        "links": []
                    },
                    {
                        "text": "✔",
                        "links": []
                    },
                    {
                        "text": "✖",
                        "links": []
                    },
                    {
                        "text": "✖",
                        "links": []
                    },
                    {
                        "text": "✔",
                        "links": []
                    },
                    {
                        "text": "✖",
                        "links": []
                    }
                ],
                [
                    {
                        "text": "Заполняет и редактирует банковские реквизиты компании",
                        "links": []
                    },
                    {
                        "text": "✔",
                        "links": []
                    },
                    {
                        "text": "✖",
                        "links": []
                    },
                    {
                        "text": "✖",
                        "links": []
                    },
                    {
                        "text": "✖",
                        "links": []
                    },
                    {
                        "text": "✖",
                        "links": []
                    },
                    {
                        "text": "✖",
                        "links": []
                    }
                ],
                [
                    {
                        "text": "Подключает монетизацию",
                        "links": []
                    },
                    {
                        "text": "✔",
                        "links": []
                    },
                    {
                        "text": "✖",
                        "links": []
                    },
                    {
                        "text": "✖",
                        "links": []
                    },
                    {
                        "text": "✖",
                        "links": []
                    },
                    {
                        "text": "✖",
                        "links": []
                    },
                    {
                        "text": "✖",
                        "links": []
                    }
                ],
                [
                    {
                        "text": "Поддержка",
                        "links": []
                    }
                ],
                [
                    {
                        "text": "Просматривает отзывы и отвечает на них",
                        "links": []
                    },
                    {
                        "text": "✔",
                        "links": []
                    },
                    {
                        "text": "✔",
                        "links": []
                    },
                    {
                        "text": "✔",
                        "links": []
                    },
                    {
                        "text": "✖",
                        "links": []
                    },
                    {
                        "text": "✖",
                        "links": []
                    },
                    {
                        "text": "✔",
                        "links": []
                    }
                ],
                [
                    {
                        "text": "Реклама и продвижение",
                        "links": []
                    }
                ],
                [
                    {
                        "text": "Создаёт заявки на события",
                        "links": []
                    },
                    {
                        "text": "✔",
                        "links": []
                    },
                    {
                        "text": "✔",
                        "links": []
                    },
                    {
                        "text": "✔",
                        "links": []
                    },
                    {
                        "text": "✔",
                        "links": []
                    },
                    {
                        "text": "✖",
                        "links": []
                    },
                    {
                        "text": "✖",
                        "links": []
                    }
                ]
            ]
        }
    ]
}