{
    "meta": {
        "language": "ru",
        "parse_date": "2024-07-06T20:07:32.378102",
        "current_url": "https://www.rustore.ru/help/developers/monetization/sandbox/enable-test-mode/",
        "doc_section": "developers",
        "h1_text": "Включение тестового режима перед тестированием платежей"
    },
    "content": [
        {
            "type": "h1",
            "text": "Включение тестового режима перед тестированием платежей",
            "content": []
        },
        {
            "type": "admonition",
            "admonition_type": "note",
            "title": "примечание",
            "content": [
                {
                    "type": "paragraph",
                    "text": "Только владелец может тестировать приложение, и только у него есть доступ к «Тестовым платежам». Мы работаем над возможностью добавлять других тестировщиков."
                }
            ]
        },
        {
            "type": "h2",
            "text": "Перед началом тестирования платежей​",
            "content": [
                {
                    "type": "paragraph",
                    "text": "Встройте в тестируемое приложение версию SDK, которая поддерживает функцию тестирования платежей —RuStore SDK billingclient 3.1.0или выше.\nУбедитесь, что на устройстве Android, на котором планируется тестировать ваше приложение, установленRuStore версии 1.29или выше.\nУбедитесь, что компания не заблокирована, у нее подключена монетизация и в приложении есть возможность совершать покупки. Вы можете настроить подписки и платные товары в RuStore Консоль, но не публиковать их для пользователей.подсказкаКак подключить монетизацию (https://rustore.ru/help/developers/monetization)Как создать платный товар в приложении (https://rustore.ru/help/developers/monetization/create-paid-product-in-application)Как создать подписку на приложение (https://rustore.ru/help/developers/monetization/create-app-subscription)"
                }
            ]
        },
        {
            "type": "h2",
            "text": "Включение тестового режима​",
            "content": [
                {
                    "type": "paragraph",
                    "text": "Тестировать платежи можно после завершения модерации и до публикации новой версии приложения.\nВы также можете тестировать покупки для приложения, которое уже опубликовано.\nРежим тестирования включается только в выбранном приложении и только для владельца приложения, который указал себя тестировщиком.\nВ других приложениях этот же пользователь будет совершать реальные покупки.\nТакже все остальные пользователи в этом приложении будут совершать реальные покупки.\nПо умолчанию режим тестирования отключен.\nЧтобы включить тестовый режим:\nОткройте RuStore Консоль.\nВыберите «Приложения» в верхнем меню.\nПерейдите на вкладку «Монетизация — Тестовые платежи».\nПереключитесь на вкладку «Тестировщики».Если на вкладке отображается окно «Добавьте себя в список тестировщиков», нажмите «Стать тестировщиком».\nАктивируйте переключатель в столбце «Режим тестирования»."
                }
            ]
        }
    ]
}