{
    "meta": {
        "language": "ru",
        "parse_date": "2024-07-06T20:07:09.630776",
        "current_url": "https://www.rustore.ru/help/developers/publishing-and-verifying-apps/app-publication/setting-up-publication/instant-app-publishing/",
        "doc_section": "developers",
        "h1_text": "Автоматизация и ручное управление публикацией в RuStore: практическое руководство"
    },
    "content": [
        {
            "type": "h1",
            "text": "Автоматизация и ручное управление публикацией в RuStore: практическое руководство",
            "content": [
                {
                    "type": "paragraph",
                    "text": "Вы можете настроить автоматическую/мгновенную публикацию версии приложения, пока она находится на модерации."
                }
            ]
        },
        {
            "type": "admonition",
            "admonition_type": "info",
            "title": "к сведению",
            "content": [
                {
                    "type": "paragraph",
                    "text": "Настройка мгновенной публикации доступна при первой публикации версии и при обновлении ранее загруженной версии."
                }
            ]
        },
        {
            "type": "h2",
            "text": "Автоматическая/мгновенная публикация​",
            "content": [
                {
                    "type": "paragraph",
                    "text": "ОткройтеКонсоль RuStore (https://console.rustore.ru/sign-in).\nПерейдите на вкладку «Приложения».\nВыберите версию приложения в статусе «Ожидает модерацию».\nВ меню выберите «Автоматически» и нажмите «Применить»."
                }
            ]
        },
        {
            "type": "admonition",
            "admonition_type": "note",
            "title": "примечание",
            "content": [
                {
                    "type": "paragraph",
                    "text": "Вы можете изменить публикацию с автоматической на ручную, пока модерация не пройдена."
                }
            ]
        },
        {
            "type": "h2",
            "text": "Публикация вручную​",
            "content": [
                {
                    "type": "paragraph",
                    "text": "ОткройтеКонсоль RuStore (https://console.rustore.ru/sign-in).\nПерейдите на вкладку «Приложения».\nВыберите версию приложения в статусе «Ожидает модерацию».\nВ меню выберите «Ручная».После прохождения модерации статус версии приложения изменится на «Готова к публикации».\nНажмите «Опубликовать»."
                }
            ]
        },
        {
            "type": "admonition",
            "admonition_type": "info",
            "title": "к сведению",
            "content": [
                {
                    "type": "paragraph",
                    "text": "Если пользователи установили новую версию приложения до деактивации, то они продолжат ей пользоваться."
                }
            ]
        }
    ]
}