{
    "meta": {
        "language": "ru",
        "parse_date": "2024-07-06T19:53:49.632014",
        "current_url": "https://www.rustore.ru/help/sdk/updates/godot/history/",
        "doc_section": "sdk",
        "h1_text": "История обновлений"
    },
    "content": [
        {
            "type": "h1",
            "text": "История обновлений",
            "content": []
        },
        {
            "type": "h2",
            "text": "Версия 3.0.0​",
            "content": [
                {
                    "type": "paragraph",
                    "text": "Версия SDK appUpdate 3.+.\nВ класс ошибки добавлено полеname.\nОбновлены методы установки обновления."
                }
            ]
        },
        {
            "type": "h2",
            "text": "Версия 2.0.0​",
            "content": [
                {
                    "type": "paragraph",
                    "text": "Версия SDK appUpdate 2.+.\nПоддержка Godot 4.2+."
                }
            ]
        },
        {
            "type": "h2",
            "text": "Версия 1.0.1​",
            "content": [
                {
                    "type": "paragraph",
                    "text": "Версия SDK appUpdate 1.0.1."
                }
            ]
        },
        {
            "type": "h2",
            "text": "Версия 1.0.0​",
            "content": [
                {
                    "type": "paragraph",
                    "text": "Версия SDK appUpdate 1.0.0."
                }
            ]
        }
    ]
}