{
    "meta": {
        "language": "ru",
        "parse_date": "2024-07-06T19:41:08.333545",
        "current_url": "https://www.rustore.ru/help/legal/info/",
        "doc_section": "",
        "h1_text": "Правовая информация"
    },
    "content": [
        {
            "type": "h1",
            "text": "Правовая информация",
            "content": []
        },
        {
            "tab_label": "Резиденты РФ",
            "content": []
        },
        {
            "tab_label": "Нерезиденты",
            "content": []
        }
    ]
}