{
    "meta": {
        "language": "ru",
        "parse_date": "2024-07-06T19:33:19.261087",
        "current_url": "https://www.rustore.ru/help/users/app-management/where-downloads-apps/",
        "doc_section": "users",
        "h1_text": "Куда скачиваются приложения из RuStore на Android"
    },
    "content": [
        {
            "type": "h1",
            "text": "Куда скачиваются приложения из RuStore на Android",
            "content": [
                {
                    "type": "paragraph",
                    "text": "На Android расположение загруженных приложений из RuStore стандартизировано. Обычно это папка «Android» — находится во внутренней памяти устройства.\nВнутри «Android» две папки:\n«Data» — для хранения данных приложения;\n«Obb» — для кэша игр."
                }
            ]
        }
    ]
}