{
    "meta": {
        "language": "ru",
        "parse_date": "2024-07-06T19:45:07.835727",
        "current_url": "https://www.rustore.ru/help/sdk/payments/kotlin-java/history/",
        "doc_section": "sdk",
        "h1_text": "История обновлений"
    },
    "content": [
        {
            "type": "h1",
            "text": "История обновлений",
            "content": []
        },
        {
            "type": "h2",
            "text": "Версия SDK 6.0.0​",
            "content": [
                {
                    "type": "paragraph",
                    "text": "Добавлена возможность принимать платежи без установки RuStore на устройстве пользователя.\nДобавлено полеsandboxу моделей результата покупкиPaymentResult\nУбрано полеdescriptionу моделиPurchase."
                }
            ]
        },
        {
            "type": "h2",
            "text": "Версия SDK 5.1.1​",
            "content": [
                {
                    "type": "paragraph",
                    "text": "Внутреннее обновление SDK."
                }
            ]
        },
        {
            "type": "h2",
            "text": "Версия SDK 5.0.1​",
            "content": [
                {
                    "type": "paragraph",
                    "text": "Внутреннее обновление SDK."
                }
            ]
        },
        {
            "type": "h2",
            "text": "Версия SDK 5.0.0​",
            "content": [
                {
                    "type": "paragraph",
                    "text": "Добавлен новый статус покупокPAUSEDдля подписок Внутреннее обновление SDK."
                }
            ]
        },
        {
            "type": "h2",
            "text": "Версия SDK 4.0.0​",
            "content": [
                {
                    "type": "paragraph",
                    "text": "Внутреннее обновление SDK."
                }
            ]
        },
        {
            "type": "h2",
            "text": "Версия SDK 3.2.0​",
            "content": [
                {
                    "type": "paragraph",
                    "text": "Внутреннее обновление SDK."
                }
            ]
        },
        {
            "type": "h2",
            "text": "Версия SDK 3.1.0​",
            "content": [
                {
                    "type": "paragraph",
                    "text": "Добавлена функциональность тестирования платежей (sandbox).\nВнутреннее обновление SDK."
                }
            ]
        },
        {
            "type": "h2",
            "text": "Версия SDK 3.0.0​",
            "content": [
                {
                    "type": "paragraph",
                    "text": "Обновлена функциональность по новой цветовой гамме тёмной темы.\nБагфиксы."
                }
            ]
        },
        {
            "type": "h2",
            "text": "Версия SDK 2.2.0​",
            "content": [
                {
                    "type": "paragraph",
                    "text": "Добавлена функциональность динамической смены темы (светлая и тёмная).\nПроизведены работы по стабилизации работы библиотеки.\nИсправлена проблема с восстановлением состояния после оплаты по deeplink."
                }
            ]
        },
        {
            "type": "h2",
            "text": "Версия SDK 2.1.2​",
            "content": [
                {
                    "type": "paragraph",
                    "text": "Исправлены ошибки при отсутствии приложения RuStore на устройстве."
                }
            ]
        },
        {
            "type": "h2",
            "text": "Версия SDK 2.1.1​",
            "content": [
                {
                    "type": "paragraph",
                    "text": "Обновления безопасности."
                }
            ]
        },
        {
            "type": "h2",
            "text": "Версия SDK 2.1.0​",
            "content": [
                {
                    "type": "paragraph",
                    "text": "Изменены модели ответов:получения списка продуктов;получения списка покупок;покупки товара;потребления покупки;отмены покупки.\nДоработан внешний вид диалога оплаты."
                }
            ]
        },
        {
            "type": "h2",
            "text": "Версия SDK 1.1.1​",
            "content": [
                {
                    "type": "paragraph",
                    "text": "Исправлена работа методаawait()для Task API."
                }
            ]
        },
        {
            "type": "h2",
            "text": "Версия SDK 1.1.0​",
            "content": [
                {
                    "type": "paragraph",
                    "text": "Оплата с помощью TinkoffPay.\nВозможность сохранения карты при оплате.\nДоработан внешний вид и поведение диалога оплаты.\nУбраны лишние зависимости и user permissions.\nМодельPurchaseResultдополнена новым полем идентификатора счётаinvoiceId."
                }
            ]
        },
        {
            "type": "h2",
            "text": "Версия SDK 1.0.0​",
            "content": [
                {
                    "type": "paragraph",
                    "text": "Переход от синглтона на создание инстанса:RuStoreBillingClient.init()заменен наRuStoreBillingClientFactory.create().\nМетоды работы с синглтоном (init,products,purchases,getSingleton) помечены как deprecated и будут удалены в следующих версиях.\nМетодcheckPurchasesAvailability()стал статичным — вы можете проверить доступность платежей без создания экземпляраRuStoreBillingClient."
                }
            ]
        },
        {
            "type": "h2",
            "text": "Версия SDK  0.1.8​",
            "content": [
                {
                    "type": "paragraph",
                    "text": "Добавлен методRuStoreBillingClient.purchases.getPurchaseInfo(\"purchaseId\"), возвращающий информацию о покупке.\nИсправлена уязвимостьIntent Redirection vulnerability, не позволяющая опубликовать приложение в Google Play."
                }
            ]
        },
        {
            "type": "h2",
            "text": "Версия SDK  0.1.7​",
            "content": [
                {
                    "type": "paragraph",
                    "text": "Внутреннее обновление SDK."
                }
            ]
        },
        {
            "type": "h2",
            "text": "Версия SDK 0.1.6​",
            "content": [
                {
                    "type": "paragraph",
                    "text": "Добавлено полеsubscriptionTokenв сущностиPurchaseдля серверной валидации покупки."
                }
            ]
        },
        {
            "type": "h2",
            "text": "Версия SDK 0.1.5​",
            "content": [
                {
                    "type": "paragraph",
                    "text": "Переход на сертификаты Минцифры.\nИсправлено отображение кнопки оплаты через СБП при быстром переходе в оферту и обратно.\nПолеtraceId: Stringу интерфейсаResponseWithCodeбыло заменено на полеmeta: RequestMeta, содержащее внутриtraceId."
                }
            ]
        },
        {
            "type": "h2",
            "text": "Версия SDK 0.1.4​",
            "content": [
                {
                    "type": "paragraph",
                    "text": "Добавлены ссылки на оферту для СБП и оплаты со счеты мобильного телефона.\nДобавлен дополнительный дисклеймер для пользователя, если подтверждение оплаты занимает больше 15 секунд.\nИсправлены ошибки при работе с OTP-кодами и отправкой СМС.\nИсправлена генерация поляorderIdдля счета на стороне RuStore, еслиorderIdпередается вpurchaseProduct()какnull.\nДобавлено отображение блокирующей ошибки, если приложение банка не поддерживает deeplink СБП.\nДобавленPurchaseResult.subscriptionToken, позволяющий произвести валидацию покупки на сервере."
                }
            ]
        },
        {
            "type": "h2",
            "text": "Версия SDK 0.1.3​",
            "content": [
                {
                    "type": "paragraph",
                    "text": "Добавлена оплата по номеру телефона вpurchaseProduct().\nВ инициализации параметрexternalPaymentLoggerбыл заменен наexternalPayemtnLoggerFactory— это фабрика, в которой необходимо создать реализациюExternalPaymentLogger."
                }
            ]
        },
        {
            "type": "h2",
            "text": "Версия SDK 0.1.2​",
            "content": [
                {
                    "type": "paragraph",
                    "text": "Добавлена система быстрых платежей (СБП).\nДобавлен параметр deeplinkSсheme в методеinit.\nУдалён параметрdeeplinkPrefixв методеinit.\nИсправлена ошибка потери данных в форме ввода данных карты после сворачивания приложения."
                }
            ]
        },
        {
            "type": "h2",
            "text": "Версия SDK 0.1.1​",
            "content": [
                {
                    "type": "paragraph",
                    "text": "Удалён параметрlanguageу методов:получение списка продуктов —getProducts;получение списка покупок —getPurchases;потребление продукта —confirmPurchase;отмена покупки —deletePurchase.\nДобавлено полеRuStoreBillingClient.isInitialized, возвращающее статус инициализации библиотеки."
                }
            ]
        },
        {
            "type": "h2",
            "text": "Версия SDK 0.1.0​",
            "content": [
                {
                    "type": "paragraph",
                    "text": "Изменились параметры в init.\nДобавлена проверка доступности работы с платежами — метод checkPurchasesAvailability.\nВо всех методах параметр language стал необязательным.\nМетоды Suspend заменены на task API в методах:получение списка продуктов —getProducts;получение списка покупок —getPurchases;покупка продукта —purchaseProduct;потребление продукта —confirmPurchase;.отмена покупки —deletePurchase.\nВ методе покупки продуктаpurchaseProductудалён параметрcontext.\nУдалён методresultObserver, теперь результат покупки возвращаетсяpurchaseProduct.\nВ методеresolveForBillingудалён параметрonFail."
                }
            ]
        },
        {
            "type": "h2",
            "text": "Версия SDK 0.0.9​",
            "content": [
                {
                    "type": "paragraph",
                    "text": "Добавлены необязательные параметрыExternalPaymentLoggerиdebugLogsв функцию инициализацииinit."
                }
            ]
        }
    ]
}