{
    "meta": {
        "language": "ru",
        "parse_date": "2024-07-06T20:03:37.073170",
        "current_url": "https://www.rustore.ru/help/sdk/reviews-ratings/unity/1-0-0/",
        "doc_section": "sdk",
        "h1_text": "1.0.0"
    },
    "content": [
        {
            "type": "h1",
            "text": "1.0.0",
            "content": []
        },
        {
            "type": "h2",
            "text": "Общие сведения​",
            "content": [
                {
                    "type": "paragraph",
                    "text": "RuStore In-app Review SDK предлагает пользователю оставить оценку и отзыв о вашем приложении в RuStore, не выходя из приложения.\nПользовательский сценарий оценки и отзыва может быть запущен в любое время на протяжении всего пути пользователя в вашем приложении. Пользователь может оценить ваше приложение по шкале от 1 до 5 и оставить отзыв. Отзыв является опциональным."
                }
            ]
        },
        {
            "type": "h2",
            "text": "Пример реализации​",
            "content": [
                {
                    "type": "paragraph",
                    "text": "Ознакомьтесь сприложением-примеромчтобы узнать, как правильно интегрировать SDK отзывов и оценок."
                }
            ]
        },
        {
            "type": "h2",
            "text": "Пример пользовательского сценария​",
            "content": []
        },
        {
            "type": "h2",
            "text": "Условия корректной работы SDK​",
            "content": [
                {
                    "type": "paragraph",
                    "text": "Для работы SDK оценок и отзывов необходимо соблюдение следующих условий.\nОС Android версии 7.0 или выше.\nНа устройстве пользователя установлена актуальная версия RuStore.\nПользователь авторизован в RuStore.\nПриложение должно быть опубликовано в RuStore."
                }
            ]
        },
        {
            "type": "h2",
            "text": "Когда запрашивать оценку и отзыв​",
            "content": [
                {
                    "type": "paragraph",
                    "text": "Следуйте рекомендациям, чтобы решить, в какой момент запросить оценку и отзыв о приложении у пользователя (см. ниже).\nЗапускайте процесс после того, как пользователь достаточно использовал ваше приложение.\nНе запускайте процесс слишком часто — это ухудшит опыт пользователя вашего приложения и ограничит использование SDK оценок.\nНе используйте призывы к действию, например, кнопку «Оценить приложение» — пользователь уже мог исчерпать лимит запуска процесса.\nВаше приложение не должно задавать какие-либо вопросы пользователю перед запуском или во время процесса, в том числе вопросы об их мнении (например, «Вам нравится приложение?») или прогнозирующие вопросы (например, «Вы бы поставили этому приложению 5 звёзд?»)."
                }
            ]
        },
        {
            "type": "h2",
            "text": "Рекомендации к дизайну​",
            "content": [
                {
                    "type": "paragraph",
                    "text": "Следуйте рекомендациям, чтобы решить, как интегрировать процесс.\nОтображайте процесс как есть, без какого-либо вмешательства или изменения текущего дизайна, включая размер, непрозрачность, форму и другие свойства.\nНичего не добавляйте поверх или по краям процесса.\nПроцесс должен открываться поверх всех слоёв. После запуска процесса не закрывайте его. Процесс завершится самостоятельно после явного действия пользователя."
                }
            ]
        },
        {
            "type": "h2",
            "text": "Подключение в проект​",
            "content": [
                {
                    "type": "paragraph",
                    "text": "Для подключения необходимо скачатьRuStore Review SDKи импортировать его в проект (Assets > Import Package > Custom Package). Зависимости подключаются автоматически с помощьюExternal Dependency Manager(включён в SDK).\nMinimum API levelдолжен быть установлен не ниже24. Минификация приложения (ProGuard/R8) в данный момент не поддерживается, необходимо отключить её в настройках проекта (File > Build Settings > Player Settings > Publishing Settings > Minify)."
                }
            ]
        },
        {
            "type": "h2",
            "text": "Работа с оценками​",
            "content": []
        },
        {
            "type": "h3",
            "text": "Подготовка к работе с оценками​",
            "content": [
                {
                    "type": "paragraph",
                    "text": "Для работы с оценками необходимо создатьRuStoreReviewManagerс помощьюRuStoreReviewManagerFactory."
                }
            ]
        },
        {
            "type": "code",
            "text": "RuStoreReviewManager.Instance.Init();"
        },
        {
            "type": "h3",
            "text": "Подготовка к запуску оценки приложения​",
            "content": []
        },
        {
            "type": "code",
            "text": "RuStoreReviewManager.Instance.RequestReviewFlow(onFailure:(error)=>{/Handleerror},onSuccess:()=>{/Handlesuccess});",
            "content": [
                {
                    "type": "paragraph",
                    "text": "Если получен ответonSuccess, то можно в течение примерно пяти минут запустить процесс запроса оценки и отзыва о приложенииLaunchReviewFlow.\nЕсли получен ответonFailure, то не рекомендуется самостоятельно отображать ошибку пользователю, так как пользователь не запускал данный процесс."
                }
            ]
        },
        {
            "type": "admonition",
            "admonition_type": "info",
            "title": "к сведению",
            "content": [
                {
                    "type": "paragraph",
                    "text": "Список возможных ошибок (https://rustore.ru/help#%D0%BE%D0%B1%D1%80%D0%B0%D0%B1%D0%BE%D1%82%D0%BA%D0%B0-%D0%BE%D1%88%D0%B8%D0%B1%D0%BE%D0%BA)"
                }
            ]
        },
        {
            "type": "h3",
            "text": "Запуск оценки приложения​",
            "content": []
        },
        {
            "type": "code",
            "text": "RuStoreReviewManager.Instance.LaunchReviewFlow(onFailure:(error)=>{/Handleerror},onSuccess:()=>{/Handlesuccess});"
        },
        {
            "type": "admonition",
            "admonition_type": "info",
            "title": "к сведению",
            "content": [
                {
                    "type": "paragraph",
                    "text": "Список возможных ошибок (https://rustore.ru/help#%D0%BE%D0%B1%D1%80%D0%B0%D0%B1%D0%BE%D1%82%D0%BA%D0%B0-%D0%BE%D1%88%D0%B8%D0%B1%D0%BE%D0%BA)"
                }
            ]
        },
        {
            "type": "h2",
            "text": "Обработка ошибок​",
            "content": []
        },
        {
            "type": "code",
            "text": "Структура ошибкиpublicclassRuStoreError{publicstring name;publicstring description;}",
            "content": [
                {
                    "type": "paragraph",
                    "text": "name— название ошибки;\ndescription— описание ошибки.\nRuStoreNotInstalledException— на устройстве пользователя не установлен RuStore;\nRuStoreOutdatedException— версия RuStore, установленная на устройстве пользователя, не поддерживает платежи;\nRuStoreUserUnauthorizedException— пользователь не авторизован в RuStore;\nRuStoreRequestLimitReached— с момента последнего отображения процесса прошло слишком мало времени;\nRuStoreReviewExists— этот пользователь уже оценил ваше приложение;\nRuStoreInvalidReviewInfo— проблемы сReviewInfo;\nRuStoreException— базовая ошибка RuStore, от которой наследуются остальные ошибки."
                }
            ]
        }
    ]
}