{
    "meta": {
        "language": "ru",
        "parse_date": "2024-07-06T20:10:04.424014",
        "current_url": "https://www.rustore.ru/help/work-with-rustore-api/api-subscription-payment/api-id-payment-method-v3/",
        "doc_section": "",
        "h1_text": "Получение данных подписки (V3)"
    },
    "content": [
        {
            "type": "h1",
            "text": "Получение данных подписки (V3)",
            "content": [
                {
                    "type": "paragraph",
                    "text": "Метод позволяет получить информацию о подписке по токену подписки."
                }
            ]
        },
        {
            "type": "admonition",
            "admonition_type": "unknown",
            "title": "подсказка",
            "content": [
                {
                    "type": "paragraph",
                    "text": "Сценарий работы с платежами описан вгайде (https://rustore.ru/help/guides/payments). Изучите его перед началом работы."
                }
            ]
        },
        {
            "type": "h2",
            "text": "Параметры взаимодействия​",
            "content": [
                {
                    "type": "paragraph",
                    "text": "Для реальных подписок:"
                }
            ]
        },
        {
            "type": "code",
            "text": "GEThttps://public-api.rustore.ru/public/v3/subscription/{packageName}/{subscriptionId}/{subscriptionToken}"
        },
        {
            "type": "code",
            "text": "GEThttps://public-api.rustore.ru/public/sandbox/v3/subscription/{packageName}/{subscriptionId}/{subscriptionToken}"
        },
        {
            "type": "table",
            "headers": [
                "Атрибут",
                "Тип",
                "Описание",
                "Обязательность",
                "Расположение",
                "Пример"
            ],
            "rows": [
                [
                    {
                        "text": "Public-Token",
                        "links": []
                    },
                    {
                        "text": "string",
                        "links": []
                    },
                    {
                        "text": "Jwe-токен авторизации в Public API Rustore. Как получить токен авторизации .",
                        "links": [
                            {
                                "text": "Как получить токен авторизации",
                                "url": "https://rustore.ru/help/work-with-rustore-api/api-authorization-token/"
                            }
                        ]
                    },
                    {
                        "text": "Да",
                        "links": []
                    },
                    {
                        "text": "header",
                        "links": []
                    },
                    {
                        "text": "N/A",
                        "links": []
                    }
                ],
                [
                    {
                        "text": "packageName",
                        "links": []
                    },
                    {
                        "text": "string",
                        "links": []
                    },
                    {
                        "text": "Наименование пакета приложения.",
                        "links": []
                    },
                    {
                        "text": "Да",
                        "links": []
                    },
                    {
                        "text": "path",
                        "links": []
                    },
                    {
                        "text": "com.MashaAndTheBear.HairSalon",
                        "links": []
                    }
                ],
                [
                    {
                        "text": "subscriptionId",
                        "links": []
                    },
                    {
                        "text": "string",
                        "links": []
                    },
                    {
                        "text": "Код продукта-подписки. Указывается разработчиком при создании продукта в RuStore Консоли . Как создать подписку на приложение .",
                        "links": [
                            {
                                "text": "RuStore Консоли",
                                "url": "https://console.rustore.ru/sign-in"
                            },
                            {
                                "text": "Как создать подписку на приложение",
                                "url": "https://www.rustore.ru/help/developers/monetization/create-app-subscription/"
                            }
                        ]
                    },
                    {
                        "text": "Да",
                        "links": []
                    },
                    {
                        "text": "path",
                        "links": []
                    },
                    {
                        "text": "daily_sub",
                        "links": []
                    }
                ],
                [
                    {
                        "text": "subscriptionToken",
                        "links": []
                    },
                    {
                        "text": "string",
                        "links": []
                    },
                    {
                        "text": "Как получить токен подписки, см. документацию по SDK платежей .",
                        "links": [
                            {
                                "text": "документацию по SDK платежей",
                                "url": "https://rustore.ru/help/sdk/payments"
                            }
                        ]
                    },
                    {
                        "text": "Да",
                        "links": []
                    },
                    {
                        "text": "path",
                        "links": []
                    },
                    {
                        "text": "111.123",
                        "links": []
                    }
                ]
            ]
        },
        {
            "type": "h2",
            "text": "Параметры успешного ответа​",
            "content": []
        },
        {
            "type": "table",
            "headers": [
                "Атрибут",
                "Тип",
                "Описание",
                "Обязательность",
                "Пример"
            ],
            "rows": [
                [
                    {
                        "text": "startTimeMillis",
                        "links": []
                    },
                    {
                        "text": "string",
                        "links": []
                    },
                    {
                        "text": "Время предоставления подписки в миллисекундах с начала эпохи.",
                        "links": []
                    },
                    {
                        "text": "Да",
                        "links": []
                    },
                    {
                        "text": "1577826955637",
                        "links": []
                    }
                ],
                [
                    {
                        "text": "expiryTimeMillis",
                        "links": []
                    },
                    {
                        "text": "string",
                        "links": []
                    },
                    {
                        "text": "Время истечения срока действия подписки в миллисекундах с начала эпохи.",
                        "links": []
                    },
                    {
                        "text": "Да",
                        "links": []
                    },
                    {
                        "text": "1609456386128",
                        "links": []
                    }
                ],
                [
                    {
                        "text": "autoRenewing",
                        "links": []
                    },
                    {
                        "text": "boolean",
                        "links": []
                    },
                    {
                        "text": "Будет ли подписка автоматически продлеваться по истечении текущего срока действия.",
                        "links": []
                    },
                    {
                        "text": "Да",
                        "links": []
                    },
                    {
                        "text": "false",
                        "links": []
                    }
                ],
                [
                    {
                        "text": "priceCurrencyCode",
                        "links": []
                    },
                    {
                        "text": "string",
                        "links": []
                    },
                    {
                        "text": "Код валюты ISO 4217 для цены подписки.",
                        "links": []
                    },
                    {
                        "text": "Да",
                        "links": []
                    },
                    {
                        "text": "RUB",
                        "links": []
                    }
                ],
                [
                    {
                        "text": "priceAmountMicros",
                        "links": []
                    },
                    {
                        "text": "string",
                        "links": []
                    },
                    {
                        "text": "Цена подписки. Цена выражается в микроединицах, где 1 000 000 микроединиц представляет собой одну единицу валюты. Например, если цена подписки составляет 100 рублей, цена AmountMicros равна 100000000.",
                        "links": []
                    },
                    {
                        "text": "Да",
                        "links": []
                    },
                    {
                        "text": "749000000",
                        "links": []
                    }
                ],
                [
                    {
                        "text": "countryCode",
                        "links": []
                    },
                    {
                        "text": "string",
                        "links": []
                    },
                    {
                        "text": "Код страны/региона выставления счетов пользователя на момент предоставления подписки.",
                        "links": []
                    },
                    {
                        "text": "Да",
                        "links": []
                    },
                    {
                        "text": "RU",
                        "links": []
                    }
                ],
                [
                    {
                        "text": "paymentState",
                        "links": []
                    },
                    {
                        "text": "int",
                        "links": []
                    },
                    {
                        "text": "Состояние оплаты подписки. Возможные значения: • 0 — ожидание платежа • 1 —  платёж получен; • 2 — бесплатная пробная версия. Отсутствует для отмененных подписок с истекшим сроком действия.",
                        "links": []
                    },
                    {
                        "text": "нет, только для активных подписок",
                        "links": []
                    },
                    {
                        "text": "1",
                        "links": []
                    }
                ],
                [
                    {
                        "text": "cancelReason",
                        "links": []
                    },
                    {
                        "text": "int",
                        "links": []
                    },
                    {
                        "text": "Причина, по которой подписка была отменена или не продлевается автоматически. Возможные значения: • 0 — пользователь отменил подписку • 1 — подписка была отменена системой, например, из-за проблемы с оплатой.",
                        "links": []
                    },
                    {
                        "text": "нет, только для отмененных подписок со статусом CLOSED",
                        "links": []
                    },
                    {
                        "text": "0",
                        "links": []
                    }
                ],
                [
                    {
                        "text": "orderId",
                        "links": []
                    },
                    {
                        "text": "string",
                        "links": []
                    },
                    {
                        "text": "Идентификатор последнего счета, связанного с покупкой подписки. Если счетов по подписке более одного, к идентификатору добавляется их количество через разделитель \"..\", начало отсчёта от 0",
                        "links": []
                    },
                    {
                        "text": "Да",
                        "links": []
                    },
                    {
                        "text": "41456..3",
                        "links": []
                    }
                ],
                [
                    {
                        "text": "acknowledgementState",
                        "links": []
                    },
                    {
                        "text": "int",
                        "links": []
                    },
                    {
                        "text": "Состояние подтверждения продукта подписки. Возможные значения: • 0 — ещё не подтверждено; • 1 — подтверждено.",
                        "links": []
                    },
                    {
                        "text": "Да",
                        "links": []
                    },
                    {
                        "text": "1",
                        "links": []
                    }
                ],
                [
                    {
                        "text": "introductoryPriceInfo{}",
                        "links": [
                            {
                                "text": "introductoryPriceInfo{}",
                                "url": "https://rustore.ru/help#introductorypriceinfo"
                            }
                        ]
                    },
                    {
                        "text": "object",
                        "links": []
                    },
                    {
                        "text": "Информация о промо периоде подписки. Это поле не указывает, что подписка в настоящее время находится в промо периоде.",
                        "links": []
                    },
                    {
                        "text": "нет, только для подписок с периодом PROMO",
                        "links": []
                    },
                    {
                        "text": "N/A",
                        "links": []
                    }
                ],
                [
                    {
                        "text": "kind",
                        "links": []
                    },
                    {
                        "text": "string",
                        "links": []
                    },
                    {
                        "text": "Всегда передаётся значение androidpublisher#subscriptionPurchase",
                        "links": []
                    },
                    {
                        "text": "Да",
                        "links": []
                    },
                    {
                        "text": "androidpublisher#subscriptionPurchase",
                        "links": []
                    }
                ],
                [
                    {
                        "text": "purchaseType",
                        "links": []
                    },
                    {
                        "text": "int",
                        "links": []
                    },
                    {
                        "text": "Возможные значения: • 0 —  реальная подписка; • 1 — тестовая подписка.",
                        "links": [
                            {
                                "text": "тестовая",
                                "url": "https://rustore.ru/help/developers/monetization/sandbox"
                            }
                        ]
                    },
                    {
                        "text": "Да",
                        "links": []
                    },
                    {
                        "text": "0",
                        "links": []
                    }
                ]
            ]
        },
        {
            "type": "h3",
            "text": "introductoryPriceInfo​",
            "content": []
        },
        {
            "type": "table",
            "headers": [
                "Атрибут",
                "Тип",
                "Описание",
                "Обязательность",
                "Пример"
            ],
            "rows": [
                [
                    {
                        "text": "introductoryPriceCurrencyCode",
                        "links": []
                    },
                    {
                        "text": "string",
                        "links": []
                    },
                    {
                        "text": "Код валюты ISO 4217 для начальной цены подписки.",
                        "links": []
                    },
                    {
                        "text": "нет, только для подписок с периодом PROMO .",
                        "links": []
                    },
                    {
                        "text": "RUB",
                        "links": []
                    }
                ],
                [
                    {
                        "text": "introductoryPriceAmountMicros",
                        "links": []
                    },
                    {
                        "text": "string",
                        "links": []
                    },
                    {
                        "text": "Начальная цена подписки. Валюта совпадает с priceCurrencyCode . Цена выражается в микроединицах, где 1 000 000 микроединиц представляет собой одну единицу валюты. Например, если цена подписки составляет 100 рублей, цена AmountMicros равна 100000000.",
                        "links": []
                    },
                    {
                        "text": "нет, только для подписок с периодом PROMO",
                        "links": []
                    },
                    {
                        "text": "599000000",
                        "links": []
                    }
                ],
                [
                    {
                        "text": "introductoryPricePeriod",
                        "links": []
                    },
                    {
                        "text": "string",
                        "links": []
                    },
                    {
                        "text": "Период начальной цены, указанный в формате ISO 8601.  Например, P1W (одна неделя), P1M (один месяц), P3M (три месяца), P6M (шесть месяцев) и P1Y (один год).",
                        "links": []
                    },
                    {
                        "text": "нет, только для подписок с периодом PROMO",
                        "links": []
                    },
                    {
                        "text": "P1Y",
                        "links": []
                    }
                ],
                [
                    {
                        "text": "introductoryPriceCycles",
                        "links": []
                    },
                    {
                        "text": "string",
                        "links": []
                    },
                    {
                        "text": "Количество расчетных периодов для предложения начальной цены.",
                        "links": []
                    },
                    {
                        "text": "нет, только для подписок с периодом PROMO",
                        "links": []
                    },
                    {
                        "text": "1",
                        "links": []
                    }
                ]
            ]
        },
        {
            "type": "h2",
            "text": "Пример успешного ответа​",
            "content": []
        },
        {
            "type": "code",
            "text": "{\"startTimeMillis\": \"1694431707000\",\"expiryTimeMillis\": \"1697034507000\",\"autoRenewing\": true,\"priceCurrencyCode\": \"RUB\",\"priceAmountMicros\": \"749000000\",\"countryCode\": \"RU\",\"paymentState\": 1,\"orderId\": \"33252..1\",\"acknowledgementState\": 1,\"kind\": \"androidpublisher#subscriptionPurchase\",\"purchaseType\": 0,\"introductoryPriceInfo\":{\"introductoryPriceCurrencyCode\": \"RUB\",\"introductoryPriceAmountMicros\": \"599000000\",\"introductoryPricePeriod\": \"P1M\",\"introductoryPriceCycles\": \"1\"}}"
        },
        {
            "type": "h2",
            "text": "Параметры ошибки​",
            "content": []
        },
        {
            "type": "table",
            "headers": [
                "Атрибут",
                "Тип",
                "Описание",
                "Обязательность",
                "Пример"
            ],
            "rows": [
                [
                    {
                        "text": "code",
                        "links": []
                    },
                    {
                        "text": "string",
                        "links": []
                    },
                    {
                        "text": "Код ответа.",
                        "links": []
                    },
                    {
                        "text": "Да",
                        "links": []
                    },
                    {
                        "text": "ERROR",
                        "links": []
                    }
                ],
                [
                    {
                        "text": "message",
                        "links": []
                    },
                    {
                        "text": "string",
                        "links": []
                    },
                    {
                        "text": "Расшифровка кода ответа.",
                        "links": []
                    },
                    {
                        "text": "Нет",
                        "links": []
                    },
                    {
                        "text": "Jwe token is expired",
                        "links": []
                    }
                ],
                [
                    {
                        "text": "body{}",
                        "links": []
                    },
                    {
                        "text": "object",
                        "links": []
                    },
                    {
                        "text": "Тело ответа.",
                        "links": []
                    },
                    {
                        "text": "Нет",
                        "links": []
                    },
                    {
                        "text": "N/A",
                        "links": []
                    }
                ],
                [
                    {
                        "text": "timestamp",
                        "links": []
                    },
                    {
                        "text": "string",
                        "links": []
                    },
                    {
                        "text": "Время ответа.",
                        "links": []
                    },
                    {
                        "text": "Да",
                        "links": []
                    },
                    {
                        "text": "2024-01-21T13:34:31.067240345+03:00",
                        "links": []
                    }
                ]
            ]
        },
        {
            "type": "h2",
            "text": "Пример ответа с ошибкой​",
            "content": []
        },
        {
            "type": "code",
            "text": "{\"code\": \"ERROR\",\"message\": \"Jwe token is expired\",\"body\": null,\"timestamp\": \"2024-01-21T13:51:59.654427798+03:00\"}"
        }
    ]
}