{
    "meta": {
        "language": "ru",
        "parse_date": "2024-07-06T19:36:33.031492",
        "current_url": "https://www.rustore.ru/help/developers/advertising-and-promotion/vk-link/",
        "doc_section": "developers",
        "h1_text": "Как вставить ссылку на приложение из RuStore в группе ВКонтакте"
    },
    "content": [
        {
            "type": "h1",
            "text": "Как вставить ссылку на приложение из RuStore в группе ВКонтакте",
            "content": [
                {
                    "type": "paragraph",
                    "text": "Настройте кнопку «Действия» в сообществе ВКонтакте, чтобы пользователи могли скачивать ваше приложение напрямую из RuStore."
                }
            ]
        },
        {
            "type": "admonition",
            "admonition_type": "note",
            "title": "примечание",
            "content": [
                {
                    "type": "paragraph",
                    "text": "Изменение настроек доступно только для владельца или администратора сообщества."
                }
            ]
        },
        {
            "type": "h2",
            "text": "Как настроить кнопку действия?​",
            "content": [
                {
                    "type": "paragraph",
                    "text": "Откройте раздел «Управление» в сообществе.\nВ блоке «Кнопка действия» измените статус на «Включена».\nВ поле «Тип действия» выберите пункт «Открыть мобильное» приложение.\nДобавьте ссылку на приложение в поле RuStore.\nНажмите «Сохранить», чтобы применить настройки."
                }
            ]
        }
    ]
}