{
    "meta": {
        "language": "ru",
        "parse_date": "2024-07-06T20:09:54.907752",
        "current_url": "https://www.rustore.ru/help/developers/monetization/create-paid-product-in-application/",
        "doc_section": "developers",
        "h1_text": "Как создать платный товар - Подробное руководство для RuStore Консоль"
    },
    "content": [
        {
            "type": "h1",
            "text": "Как создать платный товар - Подробное руководство для RuStore Консоль",
            "content": [
                {
                    "type": "paragraph",
                    "text": "ОткройтеКонсоль RuStore (https://console.rustore.ru/sign-in).\nПерейдите на вкладку «Приложения» в верхней части экрана.\nВ левом боковом меню, в разделе «Монетизация» выберите «Разовые покупки».\nНажмите «Новый товар» в центре экрана.\nУкажите пользовательскую и техническую информацию о товаре.\nНажмите «Создать» в левом нижнем углу экрана.\nНажмите «Опубликовать» в левом нижнем углу экрана. Если на этом шаге нужно отредактировать информацию о товаре, нажмите «Редактировать».\nВо всплывающем окне нажмите «Опубликовать»."
                }
            ]
        }
    ]
}