{
    "meta": {
        "language": "ru",
        "parse_date": "2024-07-06T19:47:26.424555",
        "current_url": "https://www.rustore.ru/help/sdk/payments/unreal/5-0-0/",
        "doc_section": "sdk"
    },
    "content": [
        {
            "type": "admonition",
            "admonition_type": "unknown",
            "title": "подсказка",
            "content": [
                {
                    "type": "paragraph",
                    "text": "Сценарий работы с платежами описан вгайде (https://rustore.ru/help/guides/payments). Изучите его перед началом работы."
                }
            ]
        },
        {
            "type": "h2",
            "text": "Пример реализации​",
            "content": [
                {
                    "type": "paragraph",
                    "text": "Ознакомьтесь сприложением-примеромчтобы узнать, как правильно интегрировать SDK платежей.\nВсе операции с клиентом также доступны из Blueprints. Ниже представлен пример инициализации."
                }
            ]
        },
        {
            "type": "h2",
            "text": "Условия работы платежей​",
            "content": [
                {
                    "type": "paragraph",
                    "text": "На устройстве пользователя установлена актуальная версия RuStore.\nПользователь авторизован в RuStore.\nПользователь и приложение не должны быть заблокированы в RuStore.\nДля приложения включена возможность покупок вКонсоли RuStore (https://console.rustore.ru/).\nВерсия Unreal Engine 4.26 или выше."
                }
            ]
        },
        {
            "type": "admonition",
            "admonition_type": "caution",
            "title": "предупреждение",
            "content": [
                {
                    "type": "paragraph",
                    "text": "Сервис имеет некоторые ограничения на работу за пределами России."
                }
            ]
        },
        {
            "type": "h2",
            "text": "Подготовка к работе​",
            "content": [
                {
                    "type": "paragraph",
                    "text": "Скопируйте содержимое папкиPluginsиз официального репозитория RuStore наGitFlic (https://gitflic.ru/project/rustore/rustore-unreal-engine-billing-example)в папкуPluginsвнутри своего проекта.\nПерезапустите Unreal Engine.\nВ списке плагинов (Edit > Plugins > Project > Mobile) отметьте плагиныRuStoreBillingиRuStoreCore.\nПодключите модули модулиRuStoreCoreиRuStoreBillingв файлеYourProject.Build.csв спискеPublicDependencyModuleNames.\nВ настройках проекта (Edit > Project Settings > Android) установите параметрMinimum SDK Versionна уровень не ниже24и параметрTarget SDK Versionне ниже31."
                }
            ]
        },
        {
            "type": "h2",
            "text": "Обработка deeplink​",
            "content": [
                {
                    "type": "paragraph",
                    "text": "Для корректной работы оплаты через сторонние приложения (СБП, SberPay и др.) необходимо правильно реализовать обработку deeplink. Плагин RuStore Billing автоматически добавит вAndroidManifest.xmlдополнительную activity с необходимымintent-filter(см. Ниже). Изменить это поведение можно в файлеRuStoreBilling_UPL_Android.xml."
                }
            ]
        },
        {
            "type": "code",
            "text": "AndroidManifest.xml<activityandroid:name=\"com.Plugins.RuStoreBilling.RuStoreIntentFilterActivity\"android:exported=\"true\"android:launchMode=\"singleTask\"><intent-filter><actionandroid:name=\"android.intent.action.VIEW\"/><categoryandroid:name=\"android.intent.category.DEFAULT\"/><categoryandroid:name=\"android.intent.category.BROWSABLE\"/><!-- Set your appscheme --><dataandroid:scheme=\"@string/rustore_app_scheme\"/></intent-filter></activity>"
        },
        {
            "type": "admonition",
            "admonition_type": "caution",
            "title": "предупреждение",
            "content": [
                {
                    "type": "paragraph",
                    "text": "Вашему проекту необходимо реализовать наличие строкового ресурса@string/rustore_app_scheme.\n@string/rustore_app_scheme— схема вашего deeplink. Эта схема должна совпадать со схемой deeplink, указываемой при инициализации библиотеки billing-клиента."
                }
            ]
        },
        {
            "type": "h2",
            "text": "Инициализация​",
            "content": [
                {
                    "type": "paragraph",
                    "text": "Перед вызовом методов библиотеки необходимо выполнить её инициализацию."
                }
            ]
        },
        {
            "type": "code",
            "text": "Вызов метода InitFURuStoreBillingClientConfigconfig;config.consoleApplicationId=\"123456\";config.deeplinkScheme=\"yourscheme\";config.allowNativeErrorHandling=false;config.enableLogs=false;URuStoreBillingClient::Instance()->Init(config);",
            "content": [
                {
                    "type": "paragraph",
                    "text": "consoleApplicationId— код приложения из консоли разработчика RuStore (пример:https://console.rustore.ru/apps/123456 (https://console.rustore.ru/apps/123456)).Чтобы получить ID приложения, скопируйте цифры из URL-адреса страницы приложения в RuStore Консоли послеapps/.\ndeeplinkSheme— URL-адрес для использования deeplink. В качестве названия может быть использовано любое уникальное имя (пример: yourappscheme).\nallowNativeErrorHandling— разрешить обработку ошибок в нативном SDK (см. подробнее в разделеОбработка ошибок (https://rustore.ru/help#обработка-ошибок)).\nenableLogs— включить ведение журнала событий."
                }
            ]
        },
        {
            "type": "h3",
            "text": "Деинициализация​",
            "content": []
        },
        {
            "type": "code",
            "text": "Вызов метода DisposeURuStoreBillingClient::Instance()->Dispose();"
        },
        {
            "type": "h3",
            "text": "Проверка инициализации​",
            "content": [
                {
                    "type": "paragraph",
                    "text": "Если вам нужно проверить факт инициализации библиотеки, используйте методGetIsInitialized(). Метод вернетtrue, если библиотека инициализирована, иfalse, еслиInitеще не был вызван."
                }
            ]
        },
        {
            "type": "code",
            "text": "Вызов метода GetIsIninializedbool isInitialized=URuStoreBillingClient::Instance()->GetIsIninialized();"
        },
        {
            "type": "h2",
            "text": "Как работают платежи​",
            "content": []
        },
        {
            "type": "h2",
            "text": "Проверка доступности работы с платежами​",
            "content": [
                {
                    "type": "paragraph",
                    "text": "Во время проверки доступности платежей проверяются следующие условия.\nНа устройстве пользователя установлена актуальная версия RuStore.\nПриложение RuStore поддерживает функциональность платежей.\nПользователь авторизован в RuStore.\nПользователь и приложение не должны быть заблокированы в RuStore.\nДля приложения включена возможность покупок вКонсоли RuStore (https://console.rustore.ru/)."
                }
            ]
        },
        {
            "type": "code",
            "text": "Вызов метода CheckPurchasesAvailabilitylong requestId=URuStoreBillingClient::Instance()->CheckPurchasesAvailability([](long requestId,TSharedPtr<FURuStoreFeatureAvailabilityResult,ESPMode::ThreadSafe>response){// Process response},[](long requestId,TSharedPtr<FURuStoreError,ESPMode::ThreadSafe>error){// Process error});"
        },
        {
            "type": "code",
            "text": "USTRUCT(BlueprintType)structRUSTORECORE_APIFURuStoreFeatureAvailabilityResult{GENERATED_USTRUCT_BODY()FURuStoreFeatureAvailabilityResult(){isAvailable=false;}UPROPERTY(BlueprintReadWrite)bool isAvailable;UPROPERTY(BlueprintReadWrite)FURuStoreErrorcause;};",
            "content": [
                {
                    "type": "paragraph",
                    "text": "isAvailable— выполнение условий выполнения платежей (true/false).\ncause— информация об ошибке."
                }
            ]
        },
        {
            "type": "h2",
            "text": "Работа с SDK​",
            "content": []
        },
        {
            "type": "h3",
            "text": "Получение списка продуктов​",
            "content": [
                {
                    "type": "paragraph",
                    "text": "Для получения списка продуктов используйте методGetProducts()."
                }
            ]
        },
        {
            "type": "code",
            "text": "Вызов метода GetProductslong requestId=URuStoreBillingClient::Instance()->GetProducts(productIds,[](long requestId,TSharedPtr<FURuStoreProductsResponse,ESPMode::ThreadSafe>response){// Process response},[](long requestId,TSharedPtr<FURuStoreError,ESPMode::ThreadSafe>error){// Process error});"
        },
        {
            "type": "code",
            "text": "USTRUCT(BlueprintType)structFURuStoreProductsResponse{GENERATED_USTRUCT_BODY()UPROPERTY(BlueprintReadOnly)TArray<FURuStoreProduct>products;};"
        },
        {
            "type": "code",
            "text": "USTRUCT(BlueprintType)structFURuStoreProduct{GENERATED_USTRUCT_BODY()FURuStoreProduct(){productId=\"\";productType=EURuStoreProductType::NON_CONSUMABLE;productStatus=EURuStoreProductStatus::INACTIVE;priceLabel=\"\";price=0;currency=\"\";language=\"\";title=\"\";description=\"\";imageUrl=\"\";promoImageUrl=\"\";}UPROPERTY(BlueprintReadOnly)FStringproductId;UPROPERTY(BlueprintReadOnly)EURuStoreProductTypeproductType;UPROPERTY(BlueprintReadOnly)EURuStoreProductStatusproductStatus;UPROPERTY(BlueprintReadOnly)FStringpriceLabel;UPROPERTY(BlueprintReadOnly)int price;UPROPERTY(BlueprintReadOnly)FStringcurrency;UPROPERTY(BlueprintReadOnly)FStringlanguage;UPROPERTY(BlueprintReadOnly)FStringtitle;UPROPERTY(BlueprintReadOnly)FStringdescription;UPROPERTY(BlueprintReadOnly)FStringimageUrl;UPROPERTY(BlueprintReadOnly)FStringpromoImageUrl;UPROPERTY(BlueprintReadOnly)FURuStoreProductSubscriptionsubscription;};",
            "content": [
                {
                    "type": "paragraph",
                    "text": "productId— идентификатор продукта.\nproductType— тип продукта.\nproductStatus— статус продукта.\npriceLable— отформатированная цена товара, включая валютный знак на языкеlanguage.\nprice— цена в минимальных единицах (в копейках).\ncurrency— код валюты ISO 4217.\nlanguage— язык, указанный с помощью BCP 47 кодирования.\ntitle— название продукта на языкеlanguage.\ndescription— описание на языкеlanguage.\nimageUrl— ссылка на картинку.\npromoImageUrl— ссылка на промокартинку.\nsubscription— описание подписки, возвращается только для продуктов с типомsubscription."
                }
            ]
        },
        {
            "type": "code",
            "text": "UENUM(BlueprintType)enumclassEURuStoreProductType:uint8{NON_CONSUMABLEUMETA(DisplayName=\"NON_CONSUMABLE\"),CONSUMABLEUMETA(DisplayName=\"CONSUMABLE\"),SUBSCRIPTIONUMETA(DisplayName=\"SUBSCRIPTION\")};"
        },
        {
            "type": "code",
            "text": "UENUM(BlueprintType)enumclassEURuStoreProductStatus:uint8{ACTIVEUMETA(DisplayName=\"ACTIVE\"),INACTIVEUMETA(DisplayName=\"INACTIVE\")};"
        },
        {
            "type": "code",
            "text": "USTRUCT(BlueprintType)structFURuStoreProductSubscription{GENERATED_USTRUCT_BODY()FURuStoreProductSubscription(){introductoryPrice=\"\";introductoryPriceAmount=\"\";}UPROPERTY(BlueprintReadOnly)FURuStoreSubscriptionPeriodsubscriptionPeriod;UPROPERTY(BlueprintReadOnly)FURuStoreSubscriptionPeriodfreeTrialPeriod;UPROPERTY(BlueprintReadOnly)FURuStoreSubscriptionPeriodgracePeriod;UPROPERTY(BlueprintReadOnly)FStringintroductoryPrice;UPROPERTY(BlueprintReadOnly)FStringintroductoryPriceAmount;UPROPERTY(BlueprintReadOnly)FURuStoreSubscriptionPeriodintroductoryPricePeriod;};",
            "content": [
                {
                    "type": "paragraph",
                    "text": "subscriptionPeriod— период подписки.\nfreeTrialPeriod— пробный период подписки.\ngracePeriod— льготный период подписки.\nintroductoryPrice— отформатированная вступительная цена подписки, включая знак валюты, на языкеproduct:language.\nintroductoryPriceAmount— вступительная цена в минимальных единицах валюты (в копейках).\nintroductoryPricePeriod— расчётный период вступительной цены."
                }
            ]
        },
        {
            "type": "code",
            "text": "USTRUCT(BlueprintType)structFURuStoreSubscriptionPeriod{GENERATED_USTRUCT_BODY()FURuStoreSubscriptionPeriod(){years=1970;months=1;days=1;}UPROPERTY(BlueprintReadOnly)int years;UPROPERTY(BlueprintReadOnly)int months;UPROPERTY(BlueprintReadOnly)int days;};",
            "content": [
                {
                    "type": "paragraph",
                    "text": "years— количество лет.\nmonths— количество месяцев.\ndays— количество дней."
                }
            ]
        },
        {
            "type": "h3",
            "text": "Покупка продукта​",
            "content": [
                {
                    "type": "paragraph",
                    "text": "Для вызова покупки продукта используйте методPurchaseProduct().\nВызов метода покупки продукта"
                }
            ]
        },
        {
            "type": "code",
            "text": "Вызов метода PurchaseProductlong requestId=URuStoreBillingClient::Instance()->PurchaseProduct(productId,orderId,quantity,developerPayload,[](long requestId,TShardPtr<FURuStorePaymentResult,ESPMode::ThreadSafe>response){// Process response},[](long requestId,TSharedPtr<FURuStoreError,ESPMode::ThreadSafe>error){// Process error});",
            "content": [
                {
                    "type": "paragraph",
                    "text": "productId— идентификатор продукта.\norderId: String— уникальный идентификатор оплаты, сформированный приложением (UUID).\nquantity— количество продукта.\ndeveloperPayload— указанная разработчиком строка, содержащая дополнительную информацию о заказе."
                }
            ]
        },
        {
            "type": "code",
            "text": "Вызов методов GetTypeName и StaticCastSharedPtr// TShardPtr<FURuStorePaymentResult, ESPMode::ThreadSafe> responseFStringtypeName=response->GetTypeName();if(typeName==\"FURuStoreSuccess\"){auto success=*StaticCastSharedPtr<FURuStoreSuccess>(response);}",
            "content": [
                {
                    "type": "paragraph",
                    "text": "FURuStoreSuccess- результат успешного завершения покупки цифрового товара.\nFURuStoreFailure- при отправке запроса на оплату или получения статуса оплаты возникла проблема, невозможно установить статус покупки.\nFURuStoreCancelled— запрос на покупку отправлен, при этом пользователь закрыл «платёжную шторку» на своём устройстве, и результат оплаты неизвестен.\nFURuStoreInvalidPaymentState— ошибка работы SDK платежей. Может возникнуть, в случае некорректного обратного deeplink."
                }
            ]
        },
        {
            "type": "code",
            "text": "UCLASS(BlueprintType)classRUSTOREBILLING_APIURuStorePaymentResultClass:publicUObject{GENERATED_BODY()};USTRUCT(BlueprintType)structRUSTOREBILLING_APIFURuStorePaymentResult{GENERATED_USTRUCT_BODY()virtual~FURuStorePaymentResult(){}virtualFStringGetTypeName(){return\"FURuStorePaymentResult\";}};"
        },
        {
            "type": "code",
            "text": "UCLASS(BlueprintType)classRUSTOREBILLING_APIURuStoreSuccess:publicURuStorePaymentResultClass{GENERATED_BODY()public:UPROPERTY(BlueprintReadOnly)FURuStoreSuccessvalue;};USTRUCT(BlueprintType)structRUSTOREBILLING_APIFURuStoreSuccess:publicFURuStorePaymentResult{GENERATED_USTRUCT_BODY()FURuStoreSuccess(){orderId=\"\";purchaseId=\"\";productId=\"\";invoiceId=\"\";subscriptionToken=\"\";}UPROPERTY(BlueprintReadOnly)FStringorderId;UPROPERTY(BlueprintReadOnly)FStringpurchaseId;UPROPERTY(BlueprintReadOnly)FStringproductId;UPROPERTY(BlueprintReadOnly)FStringinvoiceId;UPROPERTY(BlueprintReadOnly)FStringsubscriptionToken;virtualFStringGetTypeName()override{return\"FURuStoreSuccess\";}};"
        },
        {
            "type": "code",
            "text": "UCLASS(BlueprintType)classRUSTOREBILLING_APIURuStoreCancelled:publicURuStorePaymentResultClass{GENERATED_BODY()public:UPROPERTY(BlueprintReadOnly)FURuStoreCancelledvalue;};USTRUCT(BlueprintType)structRUSTOREBILLING_APIFURuStoreCancelled:publicFURuStorePaymentResult{GENERATED_USTRUCT_BODY()FURuStoreCancelled(){purchaseId=\"\";}UPROPERTY(BlueprintReadOnly)FStringpurchaseId;virtualFStringGetTypeName()override{return\"FURuStoreCancelled\";}};"
        },
        {
            "type": "code",
            "text": "UCLASS(BlueprintType)classRUSTOREBILLING_APIURuStoreFailure:publicURuStorePaymentResultClass{GENERATED_BODY()public:UPROPERTY(BlueprintReadOnly)FURuStoreFailurevalue;};USTRUCT(BlueprintType)structRUSTOREBILLING_APIFURuStoreFailure:publicFURuStorePaymentResult{GENERATED_USTRUCT_BODY()public:FURuStoreFailure(){purchaseId=\"\";invoiceId=\"\";orderId=\"\";quantity=0;productId=\"\";errorCode=0;}UPROPERTY(BlueprintReadOnly)FStringpurchaseId;UPROPERTY(BlueprintReadOnly)FStringinvoiceId;UPROPERTY(BlueprintReadOnly)FStringorderId;UPROPERTY(BlueprintReadOnly)int quantity;UPROPERTY(BlueprintReadOnly)FStringproductId;UPROPERTY(BlueprintReadOnly)int errorCode;virtualFStringGetTypeName()override{return\"FURuStoreFailure\";}};"
        },
        {
            "type": "code",
            "text": "UCLASS(BlueprintType)classRUSTOREBILLING_APIURuStoreInvalidPaymentState:publicURuStorePaymentResultBase{GENERATED_BODY()public:UPROPERTY(BlueprintReadOnly)FURuStoreInvalidPaymentStatevalue;};USTRUCT(BlueprintType)structRUSTOREBILLING_APIFURuStoreInvalidPaymentState:publicFURuStorePaymentResult{GENERATED_USTRUCT_BODY()virtualFStringGetTypeName()override{return\"FURuStoreInvalidPaymentState\";}};"
        },
        {
            "type": "h3",
            "text": "Получение списка покупок​",
            "content": [
                {
                    "type": "paragraph",
                    "text": "Метод возвращает только покупки со статусами из таблицы ниже. Подробнее о других возможных состояниях покупки смотрите в разделеПолучение сведений о покупке."
                }
            ]
        },
        {
            "type": "table",
            "headers": [
                "Тип/Статус",
                "INVOICE_CREATED",
                "CONFIRMED",
                "PAID"
            ],
            "rows": [
                [
                    {
                        "text": "CONSUMABLE",
                        "links": []
                    },
                    {
                        "text": "+",
                        "links": []
                    },
                    {
                        "text": "",
                        "links": []
                    },
                    {
                        "text": "+",
                        "links": []
                    }
                ],
                [
                    {
                        "text": "NON-CONSUMABLE",
                        "links": []
                    },
                    {
                        "text": "+",
                        "links": []
                    },
                    {
                        "text": "+",
                        "links": []
                    },
                    {
                        "text": "",
                        "links": []
                    }
                ],
                [
                    {
                        "text": "SUBSCRIPTION",
                        "links": []
                    },
                    {
                        "text": "+",
                        "links": []
                    },
                    {
                        "text": "+",
                        "links": []
                    },
                    {
                        "text": "",
                        "links": []
                    }
                ]
            ]
        },
        {
            "type": "admonition",
            "admonition_type": "note",
            "title": "примечание",
            "content": [
                {
                    "type": "paragraph",
                    "text": "Метод возвращает незавершённые состояния покупки и покупки потребляемых товаров, требующих обработки. Помимо этого, он показывает подтверждённые покупки для подписок и непотребляемых товаров — тех, которые нельзя купить повторно.\nДля получения списка покупок пользователя используйте методGetPurchases()."
                }
            ]
        },
        {
            "type": "code",
            "text": "Вызов метода GetPurchaseslong requestId=URuStoreBillingClient::Instance()->GetPurchases([](long requestId,TSharedPtr<FURuStorePurchasesResponse,ESPMode::ThreadSafe>response){// Process response},[](long requestId,TSharedPtr<FURuStoreRuStoreError,ESPMode::ThreadSafe>error){// Process error});"
        },
        {
            "type": "code",
            "text": "USTRUCT(BlueprintType)structFURuStorePurchasesResponse:publicFURuStoreResponseWithCode{GENERATED_USTRUCT_BODY()UPROPERTY(BlueprintReadOnly)TArray<FURuStorePurchase>purchases;};"
        },
        {
            "type": "code",
            "text": "USTRUCT(BlueprintType)structFURuStorePurchase{GENERATED_USTRUCT_BODY()FURuStorePurchase(){purchaseId=\"\";productId=\"\";invoiceId=\"\";description=\"\";language=\"\";purchaseTime=FDateTime(0);orderId=\"\";amountLabel=\"\";amount=0;currency=\"\";quantity=0;purchaseState=EURuStorePurchaseState::CANCELLED;developerPayload=\"\";subscriptionToken=\"\";}UPROPERTY(BlueprintReadOnly)FStringpurchaseId;UPROPERTY(BlueprintReadOnly)FStringproductId;UPROPERTY(BlueprintReadOnly)FStringinvoiceId;UPROPERTY(BlueprintReadOnly)FStringdescription;UPROPERTY(BlueprintReadOnly)FStringlanguage;UPROPERTY(BlueprintReadOnly)FDateTimepurchaseTime;UPROPERTY(BlueprintReadOnly)FStringpurchaseTimeLabel;UPROPERTY(BlueprintReadOnly)FStringorderId;UPROPERTY(BlueprintReadOnly)FStringamountLabel;UPROPERTY(BlueprintReadOnly)int amount;UPROPERTY(BlueprintReadOnly)FStringcurrency;UPROPERTY(BlueprintReadOnly)int quantity;UPROPERTY(BlueprintReadOnly)EURuStorePurchaseStatepurchaseState;UPROPERTY(BlueprintReadOnly)FStringdeveloperPayload;UPROPERTY(BlueprintReadOnly)FStringsubscriptionToken;};"
        },
        {
            "type": "code",
            "text": "UENUM(BlueprintType)enumclassEURuStorePurchaseState:uint8{CREATEDUMETA(DisplayName=\"CREATED\"),INVOICE_CREATEDUMETA(DisplayName=\"INVOICE_CREATED\"),CONFIRMEDUMETA(DisplayName=\"CONFIRMED\"),PAIDUMETA(DisplayName=\"PAID UMETA\"),CANCELLEDUMETA(DisplayName=\"CANCELLED\"),CONSUMEDUMETA(DisplayName=\"CONSUMED\"),PAUSEDUMETA(DisplayName=\"PAUSED\"),CLOSEDUMETA(DisplayName=\"CLOSED\")};",
            "content": [
                {
                    "type": "paragraph",
                    "text": "purchaseId— идентификатор покупки.\nproductId— идентификатор продукта.\ndescription— описание на языкеlanguage.\ninvoiceId— идентификатор счёта.\nlanguage— язык, указанный с помощью BCP 47 кодирования.\npurchaseTime— время покупки.\norderId— уникальный идентификатор оплаты, сформированный приложением (UUID).\namountLable— отформатированная цена покупки, включая валютный знак на языкеlanguage.\namount— цена в минимальных единицах валюты.\ncurrency— код валюты ISO 4217.\nquantity— количество продукта.\npurchaseState— состояние покупки:CREATED— покупка создана;INVOICE_CREATED— по покупке создан счёт, ожидает оплаты;PAID— только покупки потребляемого товара — промежуточный статус, средства на счёте покупателя зарезервированы. Покупка ожидает подтверждения от разработчика;CONFIRMED— финальный статус, покупка подтверждена (для подписок и непотребляемых товаров). Средства отправлены разработчику. Повторная покупка товара блокируется магазином;CONSUMED— для потребляемых товаров — конечный статус, потребление покупки подтверждено. Можно производить повторную покупку товара;CANCELLED— покупка отменена — оплата не была произведена или был совершен возврат средств покупателю (для подписок после возврата средств покупка не переходит вCANCELLED);PAUSED— для подписок — подписка перешла в HOLD период;TERMINATED— подписка закрылась.\ndeveloperPayload— указанная разработчиком строка, содержащая дополнительную информацию о заказе.\nsubscriptionToken— токен для валидации покупки на сервере."
                }
            ]
        },
        {
            "type": "h3",
            "text": "Получение сведений о покупке​",
            "content": []
        },
        {
            "type": "code",
            "text": "long requestId=URuStoreBillingClient::Instance()->GetPurchaseInfo(purchaseId,[](long requestId,TSharedPtr<FURuStorePurchaseInfoResponse,ESPMode::ThreadSafe>response){// Process response},[](long requestId,TSharedPtr<FURuStoreError,ESPMode::ThreadSafe>error){// Process error});"
        },
        {
            "type": "code",
            "text": "USTRUCT(BlueprintType)structFURuStorePurchase{GENERATED_USTRUCT_BODY()FURuStorePurchase(){purchaseId=\"\";productId=\"\";invoiceId=\"\";description=\"\";language=\"\";purchaseTime=FDateTime(0);orderId=\"\";amountLabel=\"\";amount=0;currency=\"\";quantity=0;purchaseState=EURuStorePurchaseState::CANCELLED;developerPayload=\"\";subscriptionToken=\"\";}UPROPERTY(BlueprintReadOnly)FStringpurchaseId;UPROPERTY(BlueprintReadOnly)FStringproductId;UPROPERTY(BlueprintReadOnly)FStringinvoiceId;UPROPERTY(BlueprintReadOnly)FStringdescription;UPROPERTY(BlueprintReadOnly)FStringlanguage;UPROPERTY(BlueprintReadOnly)FDateTimepurchaseTime;UPROPERTY(BlueprintReadOnly)FStringpurchaseTimeLabel;UPROPERTY(BlueprintReadOnly)FStringorderId;UPROPERTY(BlueprintReadOnly)FStringamountLabel;UPROPERTY(BlueprintReadOnly)int amount;UPROPERTY(BlueprintReadOnly)FStringcurrency;UPROPERTY(BlueprintReadOnly)int quantity;UPROPERTY(BlueprintReadOnly)EURuStorePurchaseStatepurchaseState;UPROPERTY(BlueprintReadOnly)FStringdeveloperPayload;UPROPERTY(BlueprintReadOnly)FStringsubscriptionToken;};"
        },
        {
            "type": "code",
            "text": "UENUM(BlueprintType)enumclassEURuStorePurchaseState:uint8{CREATEDUMETA(DisplayName=\"CREATED\"),INVOICE_CREATEDUMETA(DisplayName=\"INVOICE_CREATED\"),CONFIRMEDUMETA(DisplayName=\"CONFIRMED\"),PAIDUMETA(DisplayName=\"PAID UMETA\"),CANCELLEDUMETA(DisplayName=\"CANCELLED\"),CONSUMEDUMETA(DisplayName=\"CONSUMED\"),PAUSEDUMETA(DisplayName=\"PAUSED\"),CLOSEDUMETA(DisplayName=\"CLOSED\")};",
            "content": [
                {
                    "type": "paragraph",
                    "text": "purchaseId— идентификатор покупки.\nproductId— идентификатор продукта.\ndescription— описание на языкеlanguage.\ninvoiceId— идентификатор счёта.\nlanguage— язык, указанный с помощью BCP 47 кодирования.\npurchaseTime— время покупки.\norderId— уникальный идентификатор оплаты, сформированный приложением (UUID).\namountLable— отформатированная цена покупки, включая валютный знак на языкеlanguage.\namount— цена в минимальных единицах валюты.\ncurrency— код валюты ISO 4217.\nquantity— количество продукта.\npurchaseState— состояние покупки:CREATED— покупка создана;INVOICE_CREATED— по покупке создан счёт, ожидает оплаты;PAID— только покупки потребляемого товара — промежуточный статус, средства на счёте покупателя зарезервированы. Покупка ожидает подтверждения от разработчика;CONFIRMED— финальный статус, покупка подтверждена (для подписок и непотребляемых товаров). Средства отправлены разработчику. Повторная покупка товара блокируется магазином;CONSUMED— для потребляемых товаров — конечный статус, потребление покупки подтверждено. Можно производить повторную покупку товара;CANCELLED— покупка отменена — оплата не была произведена или был совершен возврат средств покупателю (для подписок после возврата средств покупка не переходит вCANCELLED);PAUSED— для подписок — подписка перешла в HOLD период;TERMINATED— подписка закрылась.\ndeveloperPayload— указанная разработчиком строка, содержащая дополнительную информацию о заказе.\nsubscriptionToken— токен для валидации покупки на сервере."
                }
            ]
        },
        {
            "type": "h3",
            "text": "Подтверждение покупки​",
            "content": []
        },
        {
            "type": "h4",
            "text": "Продукты, требующие подтверждения​",
            "content": [
                {
                    "type": "paragraph",
                    "text": "RuStore содержит продукты следующих типов.\nSUBSCRIPTION— подписка (можно купить на период времени, например: подписка в стриминговом сервисе).\nNON_CONSUMABLE— непотребляемый (можно купить один раз, например: отключение рекламы в приложении).\nCONSUMABLE— потребляемый (можно купить много раз, например: кристаллы в приложении)."
                }
            ]
        },
        {
            "type": "h4",
            "text": "Вызов метода подтверждения​",
            "content": [
                {
                    "type": "paragraph",
                    "text": ""
                }
            ]
        },
        {
            "type": "code",
            "text": "Вызов метода ConfirmPurchaselong requestId=RuStoreBillingClient::Instance()->ConfirmPurchase(purchaseId,[](long requestId,TSharedPtr<FURuStoreError,ESPMode::ThreadSafe>error){// Process error},[](long requestId,TSharedPtr<FURuStoreConfirmPurchaseResponse,ESPMode::ThreadSafe>response){// Process response});",
            "content": [
                {
                    "type": "paragraph",
                    "text": "purchaseId— идентификатор покупки."
                }
            ]
        },
        {
            "type": "h3",
            "text": "Отмена покупки​",
            "content": [
                {
                    "type": "paragraph",
                    "text": "Для отмены покупки используйте методDeletePurchase.\nВызов метода отмены покупки"
                }
            ]
        },
        {
            "type": "code",
            "text": "Вызов метода DeletePurchaselong requestId=URuStoreBillingClient::Instance()->DeletePurchase(purchaseId,[](long requestId,TSharedPtr<FURuStoreDeletePurchaseResponse,ESPMode::ThreadSafe>response){// Process response},[](long requestId,TSharedPtr<FURuStoreRuStoreError,ESPMode::ThreadSafe>error){// Process error});",
            "content": [
                {
                    "type": "paragraph",
                    "text": "purchaseId— идентификатор покупки."
                }
            ]
        },
        {
            "type": "admonition",
            "admonition_type": "info",
            "title": "к сведению",
            "content": [
                {
                    "type": "paragraph",
                    "text": "Используйте этот метод, если у вас есть логика, завязанная на удалении покупки. Покупка отменяется автоматически через таймаут в 20 минут, либо при повторной покупке от того же клиента.\nОбратный вызов (callback)Failureвозвращает структуруFURuStoreErrorс информацией об ошибке в параметреError. Структура ошибкиFURuStoreErrorописана в разделеОбработка ошибок."
                }
            ]
        },
        {
            "type": "h3",
            "text": "Обработка незавершённых платежей​",
            "content": [
                {
                    "type": "paragraph",
                    "text": "Обработка незавершённых платежей производится разработчиком.\nЧтобы подтвердить покупку типаCONSUMABLEи в статусеPAIDвызовите методподтверждения покупки(см.Получение сведений о покупке).\nВ случае с отменой покупки при использовании методов обработки платежей учитывайте свой внутренний процесс. У некоторых разработчиков он предусматривает проверки перед потреблением или отменой покупки. В этом случае запросите отдельно статус такой покупки."
                }
            ]
        },
        {
            "type": "admonition",
            "admonition_type": "unknown",
            "title": "подсказка",
            "content": [
                {
                    "type": "paragraph",
                    "text": "Например, если пользователь оплатил товар, который вы по каким-то причинам не можете ему поставить, вызовите методотмены покупки (https://rustore.ru/help#%D0%BE%D1%82%D0%BC%D0%B5%D0%BD%D0%B0-%D0%BF%D0%BE%D0%BA%D1%83%D0%BF%D0%BA%D0%B8)в статусеPAID, чтобы отменить покупку.\nВ случаях, когда методполучения списка покупоквозвращает покупку со статусомINVOICE_CREATEDвы можете использовать методотмены покупки. Например, если не хотите видеть покупку с такими статусами в списке покупок. Делать это самим не обязательно, поскольку RuStore обрабатывает отмену таких покупок на своей стороне."
                }
            ]
        },
        {
            "type": "admonition",
            "admonition_type": "info",
            "title": "к сведению",
            "content": [
                {
                    "type": "paragraph",
                    "text": "Иногда после оплаты через приложение банка (СБП, SberPay, Tinkoff Pay и др.) и при последующем возврате обратно в приложение статус покупки остаётсяINVOICE_CREATED, при этом статус платежа — неуспешная покупка. Это связано с временем обработки покупки на стороне банка. Поэтому разработчику необходимо правильно связать логику получения списка покупок с жизненным циклом экрана.\nАльтернативное решение — отмена покупки в статусеINVOICE_CREATEDтолько через взаимодействие пользователя с приложением. Например, вы можете вынести эту логику в отдельную кнопку."
                }
            ]
        },
        {
            "type": "h2",
            "text": "Ведение журнала событий​",
            "content": [
                {
                    "type": "paragraph",
                    "text": "Если вам необходимо логировать события библиотеки платежей, установите параметрenableLogs = trueв структуреFURuStoreBillingClientConfigпри вызове методаInit."
                }
            ]
        },
        {
            "type": "code",
            "text": "Вызов метода InitFURuStoreBillingClientConfigconfig;config.consoleApplicationId=\"123456\";config.deeplinkScheme=\"yourscheme\";config.allowNativeErrorHandling=false;config.enableLogs=true;URuStoreBillingClient::Instance()->Init(config);"
        },
        {
            "type": "code",
            "text": "classBillingClientLogger(privateval tag:String):ExternalPaymentLogger{override fund(e:Throwable?,message:()->String){Log.d(tag,message.invoke(),e)}override fune(e:Throwable?,message:()->String){Log.e(tag,message.invoke(),e)}override funi(e:Throwable?,message:()->String){Log.i(tag,message.invoke(),e)}override funv(e:Throwable?,message:()->String){Log.v(tag,message.invoke(),e)}override funw(e:Throwable?,message:()->String){Log.w(tag,message.invoke(),e)}}"
        },
        {
            "type": "h2",
            "text": "Смена темы интерфейса​",
            "content": [
                {
                    "type": "paragraph",
                    "text": "Для динамической смены темы необходимо использовать методSetTheme."
                }
            ]
        },
        {
            "type": "code",
            "text": "Вызов метода SetThemeEURuStoreThemetheme=EURuStoreTheme::DARK;URuStoreBillingClient::Instance()->SetTheme(theme);",
            "content": [
                {
                    "type": "paragraph",
                    "text": "theme— тип темы из перечисленияEURuStoreTheme."
                }
            ]
        },
        {
            "type": "code",
            "text": "UENUM(BlueprintType)enumclassEURuStoreTheme:uint8{DARKUMETA(DisplayName=\"DARK\"),LIGHTUMETA(DisplayName=\"LIGHT\")};",
            "content": [
                {
                    "type": "paragraph",
                    "text": "DARK— тёмная тема.\nLIGHT— светлая тема."
                }
            ]
        },
        {
            "type": "code",
            "text": "Вызов метода GetThemeEURuStoreThemetheme=URuStoreBillingClient::Instance()->GetTheme();"
        },
        {
            "type": "h2",
            "text": "Обработка ошибок​",
            "content": [
                {
                    "type": "paragraph",
                    "text": "Возможные ошибки\nRuStoreNotInstalledException— на устройстве пользователя не установлен RuStore;\nRuStoreOutdatedException— версия RuStore, установленная на устройстве пользователя, не поддерживает платежи;\nRuStoreUserUnauthorizedException— пользователь не авторизован в RuStore;\nRuStoreRequestLimitReached— с момента последнего отображения процесса прошло слишком мало времени;\nRuStoreReviewExists— этот пользователь уже оценил ваше приложение;\nRuStoreInvalidReviewInfo— проблемы сReviewInfo;\nRuStoreException— базовая ошибка RuStore, от которой наследуются остальные ошибки."
                }
            ]
        },
        {
            "type": "code",
            "text": "USTRUCT(BlueprintType)structRUSTORECORE_APIFURuStoreRuStoreError{GENERATED_USTRUCT_BODY()FURuStoreRuStoreError(){name=\"\";description=\"\";}UPROPERTY(BlueprintReadOnly)FStringname;UPROPERTY(BlueprintReadOnly)FStringdescription;};",
            "content": [
                {
                    "type": "paragraph",
                    "text": "name– имя ошибки.\ndescription– описание ошибки."
                }
            ]
        },
        {
            "type": "code",
            "text": "Вызов метода SetAllowNativeErrorHandlingRuStoreBillingClient::Instance()->SetAllowNativeErrorHandling(false);",
            "content": [
                {
                    "type": "paragraph",
                    "text": "true— показывать диалог.\nfalse— не показывать диалог."
                }
            ]
        },
        {
            "type": "h2",
            "text": "Коды ошибок​",
            "content": [
                {
                    "type": "paragraph",
                    "text": "Ниже представлено описание возможных ошибок в полеerrorCode."
                }
            ]
        },
        {
            "type": "table",
            "headers": [
                "HTTP-код",
                "Код ошибки",
                "Описание"
            ],
            "rows": [
                [
                    {
                        "text": "400",
                        "links": []
                    },
                    {
                        "text": "40001",
                        "links": []
                    },
                    {
                        "text": "Параметры запроса неверны — не заполнены обязательные параметры/неверный формат параметров.",
                        "links": []
                    }
                ],
                [
                    {
                        "text": "400",
                        "links": []
                    },
                    {
                        "text": "40003",
                        "links": []
                    },
                    {
                        "text": "Приложение не найдено.",
                        "links": []
                    }
                ],
                [
                    {
                        "text": "400",
                        "links": []
                    },
                    {
                        "text": "40004",
                        "links": []
                    },
                    {
                        "text": "Статус приложения inactive .",
                        "links": []
                    }
                ],
                [
                    {
                        "text": "400",
                        "links": []
                    },
                    {
                        "text": "40005",
                        "links": []
                    },
                    {
                        "text": "Продукт не найден.",
                        "links": []
                    }
                ],
                [
                    {
                        "text": "400",
                        "links": []
                    },
                    {
                        "text": "40006",
                        "links": []
                    },
                    {
                        "text": "Статус продукта inactive .",
                        "links": []
                    }
                ],
                [
                    {
                        "text": "400",
                        "links": []
                    },
                    {
                        "text": "40007",
                        "links": []
                    },
                    {
                        "text": "Недопустимый тип продукта. Поддерживаемые типы: consumable , non-consumable , subscription .",
                        "links": []
                    }
                ],
                [
                    {
                        "text": "400",
                        "links": []
                    },
                    {
                        "text": "40008",
                        "links": []
                    },
                    {
                        "text": "Покупка с таким order_id уже существует.",
                        "links": []
                    }
                ],
                [
                    {
                        "text": "400",
                        "links": []
                    },
                    {
                        "text": "40009",
                        "links": []
                    },
                    {
                        "text": "У текущего клиента найдена покупка этого продукта со статусом invoice_created . Необходимо предложить клиенту оплатить/отменить покупку.",
                        "links": []
                    }
                ],
                [
                    {
                        "text": "400",
                        "links": []
                    },
                    {
                        "text": "40010",
                        "links": []
                    },
                    {
                        "text": "Для типа продукта consumable . У текущего клиента найдена покупка этого продукта со статусом paid . Сначала требуется подтвердить потребление покупки на устройстве, а затем можно отправлять следующий запрос на покупку этого продукта.",
                        "links": []
                    }
                ],
                [
                    {
                        "text": "400",
                        "links": []
                    },
                    {
                        "text": "40011",
                        "links": []
                    },
                    {
                        "text": "Для типа продукта non-consumable . У текущего клиента найдена покупка этого продукта со статусом pre_confirmed / confirmed . Такой продукт уже приобретён. Более одного раза продукт не продаётся.",
                        "links": []
                    }
                ],
                [
                    {
                        "text": "400",
                        "links": []
                    },
                    {
                        "text": "40012",
                        "links": []
                    },
                    {
                        "text": "Для типа продукта subscription . У текущего клиента найдена покупка этого продукта со статусом pre_confirmed / confirmed . Такой продукт уже приобретён. Более одного раза продукт не продаётся.",
                        "links": []
                    }
                ],
                [
                    {
                        "text": "400",
                        "links": []
                    },
                    {
                        "text": "40013",
                        "links": []
                    },
                    {
                        "text": "Для типа продукта subscription . При обращении в сервис подписок за списком продуктов GET/products ( serviceId , user_id ) данные не были получены.",
                        "links": []
                    }
                ],
                [
                    {
                        "text": "400",
                        "links": []
                    },
                    {
                        "text": "40014",
                        "links": []
                    },
                    {
                        "text": "Обязательный атрибут(-ы) не пришел в запросе.",
                        "links": []
                    }
                ],
                [
                    {
                        "text": "400",
                        "links": []
                    },
                    {
                        "text": "40015",
                        "links": []
                    },
                    {
                        "text": "Не удалось изменить статус при обновлении покупки (переход запрещён).",
                        "links": []
                    }
                ],
                [
                    {
                        "text": "400",
                        "links": []
                    },
                    {
                        "text": "40016",
                        "links": []
                    },
                    {
                        "text": "При покупке подписки непотребляемого продукта указано значение quantity > 1 .",
                        "links": []
                    }
                ],
                [
                    {
                        "text": "400",
                        "links": []
                    },
                    {
                        "text": "40017",
                        "links": []
                    },
                    {
                        "text": "Продукт удалён, новые покупки не доступны.",
                        "links": []
                    }
                ],
                [
                    {
                        "text": "400",
                        "links": []
                    },
                    {
                        "text": "40018",
                        "links": []
                    },
                    {
                        "text": "Нельзя потреблять продукт с типом тип продукта .",
                        "links": []
                    }
                ],
                [
                    {
                        "text": "401",
                        "links": []
                    },
                    {
                        "text": "40101",
                        "links": []
                    },
                    {
                        "text": "Невалидный токен.",
                        "links": []
                    }
                ],
                [
                    {
                        "text": "401",
                        "links": []
                    },
                    {
                        "text": "40102",
                        "links": []
                    },
                    {
                        "text": "Время жизни токена истекло.",
                        "links": []
                    }
                ],
                [
                    {
                        "text": "403",
                        "links": []
                    },
                    {
                        "text": "40301",
                        "links": []
                    },
                    {
                        "text": "Доступ к запрашиваемому ресурсу запрещён (неавторизованно).",
                        "links": []
                    }
                ],
                [
                    {
                        "text": "403",
                        "links": []
                    },
                    {
                        "text": "40302",
                        "links": []
                    },
                    {
                        "text": "Для текущего токена текущий вызов не авторизован (метод запрещён).",
                        "links": []
                    }
                ],
                [
                    {
                        "text": "403",
                        "links": []
                    },
                    {
                        "text": "40303",
                        "links": []
                    },
                    {
                        "text": "Идентификатор приложения в запросе и токен не совпадают.",
                        "links": []
                    }
                ],
                [
                    {
                        "text": "403",
                        "links": []
                    },
                    {
                        "text": "40305",
                        "links": []
                    },
                    {
                        "text": "Неверный тип токена.",
                        "links": []
                    }
                ],
                [
                    {
                        "text": "404",
                        "links": []
                    },
                    {
                        "text": "40401",
                        "links": []
                    },
                    {
                        "text": "Не найдено.",
                        "links": []
                    }
                ],
                [
                    {
                        "text": "408",
                        "links": []
                    },
                    {
                        "text": "40801",
                        "links": []
                    },
                    {
                        "text": "Истекло время ожидания уведомления, указанное в запросе.",
                        "links": []
                    }
                ],
                [
                    {
                        "text": "500",
                        "links": []
                    },
                    {
                        "text": "50***",
                        "links": []
                    },
                    {
                        "text": "Внутренняя ошибка платежного сервиса.",
                        "links": []
                    }
                ]
            ]
        }
    ]
}