{
    "meta": {
        "language": "ru",
        "parse_date": "2024-07-06T19:57:19.460986",
        "current_url": "https://www.rustore.ru/help/sdk/rustore-geo/search-and-geocoding-services/adress-and-places-of-interest-prompter/",
        "doc_section": "sdk",
        "h1_text": "Подсказчик адреса и мест интереса"
    },
    "content": [
        {
            "type": "h1",
            "text": "Подсказчик адреса и мест интереса",
            "content": [
                {
                    "type": "paragraph",
                    "text": "Подсказчик— это сервис, предлагающий подсказки для автозаполнения адреса и/или названий интересных мест при посимвольном вводе в строку поиска.\n/suggest—  точка вызова подсказчика адреса и названий мест интереса при посимвольном вводе."
                }
            ]
        },
        {
            "type": "h2",
            "text": "Запрос​",
            "content": []
        },
        {
            "type": "h3",
            "text": "Обязательные параметры запроса​",
            "content": []
        },
        {
            "type": "table",
            "headers": [
                "Имя поля",
                "Формат",
                "Описание",
                "Пример"
            ],
            "rows": [
                [
                    {
                        "text": "api_key",
                        "links": []
                    },
                    {
                        "text": "hex-string",
                        "links": []
                    },
                    {
                        "text": "Доступ к сервисам .",
                        "links": [
                            {
                                "text": "Доступ к сервисам",
                                "url": "https://rustore.ru/help/sdk/rustore-geo/general/access-services"
                            }
                        ]
                    },
                    {
                        "text": "api_key=fa749bace6d8a3b1....",
                        "links": []
                    }
                ],
                [
                    {
                        "text": "q",
                        "links": []
                    },
                    {
                        "text": "string",
                        "links": []
                    },
                    {
                        "text": "Тело поискового запроса.",
                        "links": []
                    },
                    {
                        "text": "q=Россия Москва q=Москва Ленинградс q=Москва Ленинградский проспект q=Москва Ленинский д. 1 q=метро Аэро",
                        "links": []
                    }
                ]
            ]
        },
        {
            "type": "h3",
            "text": "Дополнительные параметры запроса​",
            "content": []
        },
        {
            "type": "table",
            "headers": [
                "Имя поля",
                "Формат",
                "Описание",
                "Пример"
            ],
            "rows": [
                [
                    {
                        "text": "fields",
                        "links": []
                    },
                    {
                        "text": "fieldname1,fieldname2,.... fieldnameN",
                        "links": []
                    },
                    {
                        "text": "Выбор полей, отображаемых в ответе. Возможные значения: &#x2022 name (по умолчанию) — найденный объект; &#x2022 address_details — детальная информация о найденном адресе с почтовым индексом без координат; &#x2022 address (по умолчанию) — полный найденный адрес одной строкой; &#x2022 ref — ID найденного объекта; &#x2022 type (по умолчанию) — тип объекта.",
                        "links": []
                    },
                    {
                        "text": "fields=name",
                        "links": []
                    }
                ],
                [
                    {
                        "text": "types",
                        "links": []
                    },
                    {
                        "text": "string",
                        "links": []
                    },
                    {
                        "text": "Тип объектов по которым осуществляется поиск: &#x2022 address (по умолчанию) — адрес; &#x2022 place — название места интереса.",
                        "links": []
                    },
                    {
                        "text": "type=address,place",
                        "links": []
                    }
                ],
                [
                    {
                        "text": "lang",
                        "links": []
                    },
                    {
                        "text": "2-символьный код языка.",
                        "links": []
                    },
                    {
                        "text": "Язык ответа на одном из доступных языков. По умолчанию на языке региона, в котором найден объект.",
                        "links": []
                    },
                    {
                        "text": "lang=en",
                        "links": []
                    }
                ],
                [
                    {
                        "text": "location",
                        "links": []
                    },
                    {
                        "text": "string",
                        "links": []
                    },
                    {
                        "text": "Координата, относительно которой будет осуществляться поиск и ранжирование результатов ответа. Координаты в формате lat , lon , где: &#x2022 lat — широта искомой точки в градусах, используется 6 знаков после запятой; &#x2022 lon — долгота искомой точки в градусах, используется 6 знаков после запятой. к сведению Результаты поиска будут отсортированы по расстоянию от указанной координаты",
                        "links": []
                    },
                    {
                        "text": "location=55.796743,37.537354",
                        "links": []
                    }
                ],
                [
                    {
                        "text": "radius",
                        "links": []
                    },
                    {
                        "text": "integer",
                        "links": []
                    },
                    {
                        "text": "Радиус поиска в метрах относительно параметра location . Параметр location при использовании параметра radius является обязательным. В случае использования малого радиуса объект может быть не найден.",
                        "links": []
                    },
                    {
                        "text": "radius=500",
                        "links": []
                    }
                ],
                [
                    {
                        "text": "admin_level",
                        "links": []
                    },
                    {
                        "text": "rank number",
                        "links": []
                    },
                    {
                        "text": "Ограничение ответа по административному уровню. Используется совместно с types=address .\nВозможные значения: &#x2022 1 — страна; &#x2022 2 — регион; &#x2022 3 — населённый пункт; &#x2022 4 — улица; &#x2022 5 — дом. По умолчанию ограничение не задано — поиск осуществляется по всем административным уровням.",
                        "links": []
                    },
                    {
                        "text": "admin_level=3",
                        "links": []
                    }
                ],
                [
                    {
                        "text": "limit",
                        "links": []
                    },
                    {
                        "text": "integer",
                        "links": []
                    },
                    {
                        "text": "Ограничение числа объектов в ответе. Поддерживаются значения в интервале от 1 до 100 . По умолчанию: 5 В случае использования больших значений длительность получения ответа может увеличиться.",
                        "links": []
                    },
                    {
                        "text": "limit=10",
                        "links": []
                    }
                ]
            ]
        },
        {
            "type": "h2",
            "text": "Ответ​",
            "content": [
                {
                    "type": "paragraph",
                    "text": "Ответ предоставляется только в JSON-формате. Используемый JSON-формат является разработанным для сервиса Подсказчик v.3 и содержит информацию, найденную по запросу."
                }
            ]
        },
        {
            "type": "h3",
            "text": "JSON формат​",
            "content": []
        },
        {
            "type": "table",
            "headers": [
                "Имя поля",
                "Формат",
                "Описание",
                "Пример"
            ],
            "rows": [
                [
                    {
                        "text": "request",
                        "links": []
                    },
                    {
                        "text": "string",
                        "links": []
                    },
                    {
                        "text": "Запрос",
                        "links": []
                    },
                    {
                        "text": "\"request\" : \"/v3/suggest?limit=3&q=Москва Ленинградский 39&fields=name,address_details,address,ref,type\"",
                        "links": []
                    }
                ],
                [
                    {
                        "text": "results",
                        "links": []
                    },
                    {
                        "text": "list",
                        "links": []
                    },
                    {
                        "text": "Найденный результат",
                        "links": []
                    },
                    {
                        "text": "\"results\" : [ { \"address\" : \"Россия, Москва, Северный административный округ, Москва, Хорошёвский, Ленинградский проспект, 39 с79\" , \"address_details\" : { \"building\" : \"39 с79\" , \"country\" : \"Россия\" , \"isocode\" : \"RU\" , \"locality\" : \"Москва\" , \"region\" : \"Москва\" , \"street\" : \"Ленинградский проспект\" , \"subregion\" : \"Северный административный округ\" , \"suburb\" : \"Хорошёвский\" } , \"ref\" : \"1000000C4D63818\" , \"type\" : \"building\" \"name\" : \"Ленинградский проспект, 39 с79\" , } ]",
                        "links": []
                    }
                ],
                [
                    {
                        "text": "address",
                        "links": []
                    },
                    {
                        "text": "string",
                        "links": []
                    },
                    {
                        "text": "Полный найденный адрес",
                        "links": []
                    },
                    {
                        "text": "\"address\" : \"Россия, Москва, Северный административный округ, Москва, Хорошёвский, Ленинградский проспект, 39 с79\" ,",
                        "links": []
                    }
                ],
                [
                    {
                        "text": "address_details",
                        "links": []
                    },
                    {
                        "text": "list",
                        "links": []
                    },
                    {
                        "text": "Детальная информация о найденном адресе",
                        "links": []
                    },
                    {
                        "text": "\"address_details\" : { \"building\" : \"39 с79\" , \"country\" : \"Россия\" , \"isocode\" : \"RU\" , \"locality\" : \"Москва\" , \"region\" : \"Москва\" , \"street\" : \"Ленинградский проспект\" , \"subregion\" : \"Северный административный округ\" , \"suburb\" : \"Хорошёвский\" }",
                        "links": []
                    }
                ],
                [
                    {
                        "text": "ref",
                        "links": []
                    },
                    {
                        "text": "hex",
                        "links": []
                    },
                    {
                        "text": "ID найденного объекта\nID объекта не является стабильным и может изменяться",
                        "links": []
                    },
                    {
                        "text": "\"ref\" : \"1000000C4D63818\"",
                        "links": []
                    }
                ],
                [
                    {
                        "text": "type",
                        "links": []
                    },
                    {
                        "text": "string",
                        "links": []
                    },
                    {
                        "text": "Тип найденного объекта",
                        "links": []
                    },
                    {
                        "text": "\"type\" : \"building\"",
                        "links": []
                    }
                ],
                [
                    {
                        "text": "name",
                        "links": []
                    },
                    {
                        "text": "string",
                        "links": []
                    },
                    {
                        "text": "Название найденного объекта",
                        "links": []
                    },
                    {
                        "text": "\"name\" : \"Ленинградский проспект, 39 с79\"",
                        "links": []
                    }
                ]
            ]
        },
        {
            "type": "h3",
            "text": "Описание полейaddress_details​",
            "content": []
        },
        {
            "type": "table",
            "headers": [
                "Имя поля",
                "Формат",
                "Описание",
                "Пример"
            ],
            "rows": [
                [
                    {
                        "text": "country",
                        "links": []
                    },
                    {
                        "text": "string",
                        "links": []
                    },
                    {
                        "text": "Страна",
                        "links": []
                    },
                    {
                        "text": "\"country\": \"Россия\"",
                        "links": []
                    }
                ],
                [
                    {
                        "text": "isocode",
                        "links": []
                    },
                    {
                        "text": "2char",
                        "links": []
                    },
                    {
                        "text": "Двухбуквенный код страны согласно ISO 3166-1 alpha-2",
                        "links": []
                    },
                    {
                        "text": "\"isocode\": \"RU\"",
                        "links": []
                    }
                ],
                [
                    {
                        "text": "region",
                        "links": []
                    },
                    {
                        "text": "string",
                        "links": []
                    },
                    {
                        "text": "Область",
                        "links": []
                    },
                    {
                        "text": "\"region\": \"Москва\"",
                        "links": []
                    }
                ],
                [
                    {
                        "text": "subregion",
                        "links": []
                    },
                    {
                        "text": "string",
                        "links": []
                    },
                    {
                        "text": "Район",
                        "links": []
                    },
                    {
                        "text": "\"subregion\": \"Северный административный округй\"",
                        "links": []
                    }
                ],
                [
                    {
                        "text": "locality",
                        "links": []
                    },
                    {
                        "text": "string",
                        "links": []
                    },
                    {
                        "text": "Населённый пункт",
                        "links": []
                    },
                    {
                        "text": "\"locality\": \"Москва\"",
                        "links": []
                    }
                ],
                [
                    {
                        "text": "sublocality",
                        "links": []
                    },
                    {
                        "text": "string",
                        "links": []
                    },
                    {
                        "text": "Микрорайон или название жилого комплекса",
                        "links": []
                    },
                    {
                        "text": "\"sublocality\": \"Аэропорт\"",
                        "links": []
                    }
                ],
                [
                    {
                        "text": "street",
                        "links": []
                    },
                    {
                        "text": "string",
                        "links": []
                    },
                    {
                        "text": "Улица",
                        "links": []
                    },
                    {
                        "text": "\"street\": \"Проспект Ленинградский\"",
                        "links": []
                    }
                ],
                [
                    {
                        "text": "building",
                        "links": []
                    },
                    {
                        "text": "string",
                        "links": []
                    },
                    {
                        "text": "Номер дома, части дома или строения",
                        "links": []
                    },
                    {
                        "text": "\"building\": \"39 с80\"",
                        "links": []
                    }
                ],
                [
                    {
                        "text": "suburb",
                        "links": []
                    },
                    {
                        "text": "string",
                        "links": []
                    },
                    {
                        "text": "Район/микрорайон населённого пункта",
                        "links": []
                    },
                    {
                        "text": "\"suburb\": \"Хорошёвский\"",
                        "links": []
                    }
                ],
                [
                    {
                        "text": "postal_code",
                        "links": []
                    },
                    {
                        "text": "string",
                        "links": []
                    },
                    {
                        "text": "Почтовый код",
                        "links": []
                    },
                    {
                        "text": "\"postal_code\": \"125167\"",
                        "links": []
                    }
                ]
            ]
        },
        {
            "type": "h2",
            "text": "Пример​",
            "content": []
        },
        {
            "type": "h3",
            "text": "Запрос​",
            "content": []
        },
        {
            "type": "code",
            "text": "https://geo.rustore.ru/api/suggest?api_key=<YOUR_API_KEY>&limit=3&q=Москва%20Ленинградский%2039"
        },
        {
            "type": "h3",
            "text": "Ответ​",
            "content": []
        },
        {
            "type": "code",
            "text": "{\"request\":\"/suggest?limit=2&q=Москва Ленинградский 39&api_key=demo_demo_main\",\"results\":[{\"address\":\"Россия, Москва, Северный административный округ, Москва, Хорошёвский, Ленинградский проспект, 39 с79\",\"name\":\"Ленинградский проспект, 39 с79\",\"type\":\"building\"},{\"address\":\"Россия, Москва, Северный административный округ, Москва, Хорошёвский, Ленинградский проспект, 39 с80\",\"name\":\"Ленинградский проспект, 39 с80\",\"type\":\"building\"},{\"address\":\"Россия, Москва, Северный административный округ, Москва, Хорошёвский, Ленинградский проспект, 39 с3\",\"name\":\"УСК ЦСКА им. А.Я. Гомельского\",\"type\":\"building\"}]}"
        }
    ]
}