{
    "meta": {
        "language": "ru",
        "parse_date": "2024-07-06T19:51:31.735048",
        "current_url": "https://www.rustore.ru/help/sdk/push-notifications/send-push-notifications/",
        "doc_section": "sdk",
        "h1_text": "Отправка push-уведомлений (API)"
    },
    "content": [
        {
            "type": "h1",
            "text": "Отправка push-уведомлений (API)",
            "content": []
        },
        {
            "type": "h2",
            "text": "API для отправки push-уведомлений​",
            "content": [
                {
                    "type": "paragraph",
                    "text": "API разрабатывалось с целью предоставлять возможность drop-in replacement для Firebase.\nДля отправки push-уведомления используйте метод POSThttps://vkpns.rustore.ru/v1/projects/$project_id/messages:send.\nУкажитеID проектаиСервисный токен, чтобы отправить push-уведомление. Эти значения вы можете получить вКонсоли RuStore. Для этого на странице приложения перейдите в разделPush-уведомленияи выберитеПроекты.\nСервисный токен нужно указывать в заголовкеAuthorization: Bearer {service-token}."
                }
            ]
        },
        {
            "type": "h3",
            "text": "Тело запроса​",
            "content": []
        },
        {
            "type": "table",
            "headers": [
                "Параметр",
                "Тип",
                "Описание"
            ],
            "rows": [
                [
                    {
                        "text": "message",
                        "links": [
                            {
                                "text": "message",
                                "url": "https://rustore.ru/help#message"
                            }
                        ]
                    },
                    {
                        "text": "object (message)",
                        "links": []
                    },
                    {
                        "text": "Структура push-уведомления.",
                        "links": []
                    }
                ]
            ]
        },
        {
            "type": "h3",
            "text": "message​",
            "content": []
        },
        {
            "type": "table",
            "headers": [
                "Параметр",
                "Тип",
                "Описание"
            ],
            "rows": [
                [
                    {
                        "text": "token",
                        "links": []
                    },
                    {
                        "text": "string",
                        "links": []
                    },
                    {
                        "text": "Push-токен пользователя, полученный в приложении.",
                        "links": []
                    }
                ],
                [
                    {
                        "text": "data",
                        "links": []
                    },
                    {
                        "text": "map",
                        "links": []
                    },
                    {
                        "text": "Объект, содержащий пары \"key\": value .",
                        "links": []
                    }
                ],
                [
                    {
                        "text": "notification",
                        "links": [
                            {
                                "text": "notification",
                                "url": "https://rustore.ru/help#messagenotification"
                            }
                        ]
                    },
                    {
                        "text": "object (message.notification).",
                        "links": []
                    },
                    {
                        "text": "Базовый шаблон уведомления для использования на всех платформах.",
                        "links": []
                    }
                ],
                [
                    {
                        "text": "android",
                        "links": [
                            {
                                "text": "android",
                                "url": "https://rustore.ru/help#messageandroid"
                            }
                        ]
                    },
                    {
                        "text": "object (message.android)",
                        "links": []
                    },
                    {
                        "text": "Специальные параметры Android для сообщений.",
                        "links": []
                    }
                ]
            ]
        },
        {
            "type": "h3",
            "text": "message.notification​",
            "content": []
        },
        {
            "type": "table",
            "headers": [
                "Параметр",
                "Тип",
                "Описание"
            ],
            "rows": [
                [
                    {
                        "text": "title",
                        "links": []
                    },
                    {
                        "text": "string",
                        "links": []
                    },
                    {
                        "text": "Название уведомления.",
                        "links": []
                    }
                ],
                [
                    {
                        "text": "body",
                        "links": []
                    },
                    {
                        "text": "string",
                        "links": []
                    },
                    {
                        "text": "Основной текст уведомления.",
                        "links": []
                    }
                ],
                [
                    {
                        "text": "image",
                        "links": []
                    },
                    {
                        "text": "string",
                        "links": []
                    },
                    {
                        "text": "Содержит URL-адрес изображения, которое будет отображаться в уведомлении.",
                        "links": []
                    }
                ]
            ]
        },
        {
            "type": "h3",
            "text": "message.android​",
            "content": []
        },
        {
            "type": "table",
            "headers": [
                "Параметр",
                "Тип",
                "Описание"
            ],
            "rows": [
                [
                    {
                        "text": "ttl",
                        "links": []
                    },
                    {
                        "text": "string (duration format)",
                        "links": []
                    },
                    {
                        "text": "Как долго (в секундах) сообщение должно храниться в хранилище. Пример: 3.5s .",
                        "links": []
                    }
                ],
                [
                    {
                        "text": "notification",
                        "links": [
                            {
                                "text": "notification",
                                "url": "https://rustore.ru/help#messageandroidnotification"
                            }
                        ]
                    },
                    {
                        "text": "object ( message.android.notification )",
                        "links": []
                    },
                    {
                        "text": "Уведомление для отправки на устройства Android.",
                        "links": []
                    }
                ]
            ]
        },
        {
            "type": "h3",
            "text": "message.android.notification​",
            "content": []
        },
        {
            "type": "table",
            "headers": [
                "Параметр",
                "Тип",
                "Описание"
            ],
            "rows": [
                [
                    {
                        "text": "title",
                        "links": []
                    },
                    {
                        "text": "string",
                        "links": []
                    },
                    {
                        "text": "Название уведомления.",
                        "links": []
                    }
                ],
                [
                    {
                        "text": "body",
                        "links": []
                    },
                    {
                        "text": "string",
                        "links": []
                    },
                    {
                        "text": "Основной текст уведомления.",
                        "links": []
                    }
                ],
                [
                    {
                        "text": "icon",
                        "links": []
                    },
                    {
                        "text": "string",
                        "links": []
                    },
                    {
                        "text": "Значок уведомления.",
                        "links": []
                    }
                ],
                [
                    {
                        "text": "color",
                        "links": []
                    },
                    {
                        "text": "string",
                        "links": []
                    },
                    {
                        "text": "Цвет значка уведомления в формате #rrggbb .",
                        "links": []
                    }
                ],
                [
                    {
                        "text": "image",
                        "links": []
                    },
                    {
                        "text": "string",
                        "links": []
                    },
                    {
                        "text": "Содержит URL-адрес изображения, которое будет отображаться в уведомлении.",
                        "links": []
                    }
                ],
                [
                    {
                        "text": "channel_id",
                        "links": []
                    },
                    {
                        "text": "string",
                        "links": []
                    },
                    {
                        "text": "Идентификатор канала уведомления.",
                        "links": []
                    }
                ],
                [
                    {
                        "text": "click_action",
                        "links": []
                    },
                    {
                        "text": "string",
                        "links": []
                    },
                    {
                        "text": "Действие, связанное с кликом пользователя по уведомлению.",
                        "links": []
                    }
                ],
                [
                    {
                        "text": "click_action_type",
                        "links": []
                    },
                    {
                        "text": "int",
                        "links": []
                    },
                    {
                        "text": "Необязательное поле, тип click_action (значение по умолчанию 0 - click_action будет использоваться как intent action , 1 - click_action будет использоваться как deep link )",
                        "links": []
                    }
                ]
            ]
        },
        {
            "type": "admonition",
            "admonition_type": "caution",
            "title": "предупреждение",
            "content": [
                {
                    "type": "paragraph",
                    "text": "Обратите внимание, для корректной работыdeep link(click_action_typeс установленным значением1) версия RuStore должна быть не ниже1.39.0"
                }
            ]
        },
        {
            "type": "admonition",
            "admonition_type": "info",
            "title": "к сведению",
            "content": [
                {
                    "type": "paragraph",
                    "text": "В структуреmessageна данный момент поддерживаются только представленные выше поля."
                }
            ]
        },
        {
            "type": "h3",
            "text": "Тело успешного ответа​",
            "content": []
        },
        {
            "type": "table",
            "headers": [
                "Параметр",
                "Тип",
                "Описание"
            ],
            "rows": [
                [
                    {
                        "text": "—",
                        "links": []
                    },
                    {
                        "text": "—",
                        "links": []
                    },
                    {
                        "text": "В случае успешного ответа возвращается сообщение с пустым payload .",
                        "links": []
                    }
                ]
            ]
        },
        {
            "type": "h3",
            "text": "Тело ответа с ошибкой​",
            "content": []
        },
        {
            "type": "table",
            "headers": [
                "Параметр",
                "Тип",
                "Описание"
            ],
            "rows": [
                [
                    {
                        "text": "error",
                        "links": []
                    },
                    {
                        "text": "object ( error )",
                        "links": []
                    },
                    {
                        "text": "Ошибка.",
                        "links": []
                    }
                ]
            ]
        },
        {
            "type": "h3",
            "text": "error​",
            "content": []
        },
        {
            "type": "table",
            "headers": [
                "Параметр",
                "Тип",
                "Описание"
            ],
            "rows": [
                [
                    {
                        "text": "code",
                        "links": []
                    },
                    {
                        "text": "int",
                        "links": []
                    },
                    {
                        "text": "Числовой код ошибки ( 404 , 400 , 403 , 401 , ...).",
                        "links": []
                    }
                ],
                [
                    {
                        "text": "message",
                        "links": []
                    },
                    {
                        "text": "string",
                        "links": []
                    },
                    {
                        "text": "Детальное описание ошибки.",
                        "links": []
                    }
                ],
                [
                    {
                        "text": "status",
                        "links": []
                    },
                    {
                        "text": "string",
                        "links": []
                    },
                    {
                        "text": "Код ошибки в текстовом формате ( INVALID_ARGUMENT , UNREGISTERED , ...).",
                        "links": []
                    }
                ]
            ]
        },
        {
            "type": "h3",
            "text": "Возможные ошибки при отправке сообщения​",
            "content": [
                {
                    "type": "paragraph",
                    "text": "INVALID_ARGUMENT— неправильно указаны параметры запроса при отправке сообщения.\nINTERNAL— внутренняя ошибка сервиса.\nTOO_MANY_REQUESTS— превышено количество попыток отправить сообщение. `\nPERMISSION_DENIED— неправильно указан сервисный ключ.\nNOT_FOUND— неправильно указан push-токен пользователя."
                }
            ]
        },
        {
            "type": "h3",
            "text": "Алгоритм валидацииMessage​",
            "content": [
                {
                    "type": "paragraph",
                    "text": "Если есть непустойpayloadmessage.data(есть хотя бы одна пара ключ-значение внутри), то сообщение валидно. Секцииmessage.notificationиmessage.androidмогут отсутствовать.\nЕсли поляmessage.dataнет, то обязательно должен бытьnotification. В этом случае проверяется наличие либо поляmessage.notification, либоmessage.android.notification. Хотя бы одно из этих полей должно присутствовать, но могут присутствовать оба (если присутствуют оба, то некоторые поля перезаписываются)."
                }
            ]
        },
        {
            "type": "h3",
            "text": "Ограничения​",
            "content": [
                {
                    "type": "paragraph",
                    "text": "Если в push нет поляttlили оно равно0, то учитывается значение по умолчанию, равное 4 неделям. Если в push отсутствует секцияmessage.android, она добавляется с полемttl.\nМаксимальный объем сообщения 4096 байт."
                }
            ]
        },
        {
            "type": "h2",
            "text": "Примеры отправки push-уведомлений​",
            "content": []
        },
        {
            "type": "h3",
            "text": "Пример успешного запроса​",
            "content": []
        },
        {
            "type": "code",
            "text": "POST https://vkpns.rustore.ru/v1/projects/myproject-b5ae1/messages:send HTTP/2Content-Type: application/jsonAuthorization: Bearer $ss_token{\"message\" :{\"token\" : \"bk3RNwTe3H0:CI2k_HHwgIpoDKCIZvvDMExUdFQ3P1...\" ,\"notification\" :{\"body\" : \"This is a notification message!\" ,\"title\" : \"Message\" ,\"image\" : \"https://image-hosting.org/284239234.jpeg\"}}}"
        },
        {
            "type": "h3",
            "text": "Ответ на успешный запрос​",
            "content": []
        },
        {
            "type": "code",
            "text": "HTTP/ 2 200{}"
        },
        {
            "type": "h3",
            "text": "Пример запроса с невалидным push-токеном​",
            "content": []
        },
        {
            "type": "code",
            "text": "POST https://vkpns.rustore.ru/v1/projects/U95076bdd5KDJ3LjYkNp91o05Y6LkfQk/messages:send HTTP/2Content-Type: application/jsonAuthorization: Bearer Fw9FgDx9FQtya6k-7UkSOnzpHYhDq0SQY4-8QKJ6wKZI9OUPiCCYyNmS-CV2-ZQ5{\"message\" : {\"token\" :  \"bad-push-token\" ,\"notification\" : {\"body\" : \"This is a notification message!\" ,\"title\" : \"Message\" ,\"image\" : \"https://image-hosting.org/284239234.jpeg\"}}}"
        },
        {
            "type": "h3",
            "text": "Ответ на запрос с невалидным push-токеном​",
            "content": []
        },
        {
            "type": "code",
            "text": "HTTP/ 2 400{\"error\" : {\"code\" :  400 ,\"message\" :  \"The registration token is not a valid FCM registration token\" ,\"status\" :  \"INVALID_ARGUMENT\"}}"
        },
        {
            "type": "h3",
            "text": "Пример запроса с валидным push-токеном с истекшим сроком действия​",
            "content": []
        },
        {
            "type": "code",
            "text": "POST https://vkpns.rustore.ru/v1/projects/U95076bdd5KDJ3LjYkNp91o05Y6LkfQk/messages:send HTTP/2Content-Type: application/jsonAuthorization: Bearer Fw9FgDx9FQtya6k-7UkSOnzpHYhDq0SQY4-8QKJ6wKZI9OUPiCCYyNmS-CV2-ZQ5{\"message\" : {\"token\" :  \"eH4tgqKEfFKqH6cMJ2WLttVibgQO9hfn\" ,\"notification\" : {\"body\" :  \"This is a notification message!\" ,\"title\" :  \"Message\" ,\"image\" :  \"https://image-hosting.org/284239234.jpeg\"}}}"
        },
        {
            "type": "h3",
            "text": "Ответ на запрос с валидным push-токеном с истекшим сроком действия​",
            "content": []
        },
        {
            "type": "code",
            "text": "HTTP/ 2 404{\"error\" : {\"code\" :  404 ,\"message\" :  \"Requested entity was not found.\" ,\"status\" :  \"NOT_FOUND\"}}"
        },
        {
            "type": "h3",
            "text": "Пример успешного запроса с использованиемdeep link​",
            "content": []
        },
        {
            "type": "code",
            "text": "POST https://vkpns.rustore.ru/v1/projects/myproject-b5ae1/messages:send HTTP/2Content-Type: application/jsonAuthorization: Bearer $ss_token{\"message\" :{\"token\" : \"bk3RNwTe3H0:CI2k_HHwgIpoDKCIZvvDMExUdFQ3P1...\" ,\"notification\" :{\"body\" : \"This is a notification message!\" ,\"title\" : \"Message\" ,\"image\" : \"https://image-hosting.org/284239234.jpeg\"}\"android\": {\"notification\": {\"body\" : \"This is a notification message!\" ,\"title\" : \"Message\" ,\"image\" : \"https://image-hosting.org/284239234.jpeg\"\"click_action\": \"https://sample.com/\",\"click_action_type\": 1}}}}"
        },
        {
            "type": "h3",
            "text": "Ответ на успешный запрос с использованиемdeep link​",
            "content": []
        },
        {
            "type": "code",
            "text": "HTTP/ 2 200{}"
        },
        {
            "type": "h3",
            "text": "Пример успешного запроса с использованиемintent action​",
            "content": []
        },
        {
            "type": "code",
            "text": "POST https://vkpns.rustore.ru/v1/projects/myproject-b5ae1/messages:send HTTP/2Content-Type: application/jsonAuthorization: Bearer $ss_token{\"message\" :{\"token\" : \"bk3RNwTe3H0:CI2k_HHwgIpoDKCIZvvDMExUdFQ3P1...\" ,\"notification\" :{\"body\" : \"This is a notification message!\" ,\"title\" : \"Message\" ,\"image\" : \"https://image-hosting.org/284239234.jpeg\"}\"android\": {\"notification\": {\"body\" : \"This is a notification message!\" ,\"title\" : \"Message\" ,\"image\" : \"https://image-hosting.org/284239234.jpeg\"\"click_action\": \"some_unique_intent_action\",\"click_action_type\": 0}}}}"
        },
        {
            "type": "h3",
            "text": "Ответ на успешный запрос с использованиемintent action​",
            "content": []
        },
        {
            "type": "code",
            "text": "HTTP/ 2 200{}"
        }
    ]
}