{
    "meta": {
        "language": "ru",
        "parse_date": "2024-07-06T20:03:11.651356",
        "current_url": "https://www.rustore.ru/help/sdk/reviews-ratings/kotlin-java/history/",
        "doc_section": "sdk",
        "h1_text": "История обновлений"
    },
    "content": [
        {
            "type": "h1",
            "text": "История обновлений",
            "content": []
        },
        {
            "type": "h2",
            "text": "Версия SDK 2.0.0​",
            "content": [
                {
                    "type": "paragraph",
                    "text": "Внутреннее обновление SDK."
                }
            ]
        },
        {
            "type": "h2",
            "text": "Версия SDK 1.0.0​",
            "content": [
                {
                    "type": "paragraph",
                    "text": "Внутреннее обновление SDK."
                }
            ]
        },
        {
            "type": "h2",
            "text": "Версия SDK 0.2.0​",
            "content": [
                {
                    "type": "paragraph",
                    "text": "Пакеты классов приведены к единому видуru.rustore.*."
                }
            ]
        },
        {
            "type": "h2",
            "text": "Версия SDK 0.1.6​",
            "content": [
                {
                    "type": "paragraph",
                    "text": "Исправлена работа методаawait()дляTask API."
                }
            ]
        },
        {
            "type": "h2",
            "text": "Версия SDK 0.1.5​",
            "content": [
                {
                    "type": "paragraph",
                    "text": "Исправлена уязвимостьIntent Redirection vulnerabilityне позволяющая опубликовать приложение в Google Play."
                }
            ]
        },
        {
            "type": "h2",
            "text": "Версия SDK 0.1.4​",
            "content": [
                {
                    "type": "paragraph",
                    "text": "Внутреннее обновление SDK."
                }
            ]
        },
        {
            "type": "h2",
            "text": "Версия SDK 0.1.3​",
            "content": [
                {
                    "type": "paragraph",
                    "text": "МетодlaunchReviewFlow(activity, reviewInfo)помечен какdeprecated. ИспользуйтеlaunchReviewFlow(reviewInfo)."
                }
            ]
        }
    ]
}