{
    "meta": {
        "language": "ru",
        "parse_date": "2024-07-06T19:48:58.080181",
        "current_url": "https://www.rustore.ru/help/sdk/push-notifications/unity/1-0-0/",
        "doc_section": "sdk",
        "h1_text": "SDK push-уведомлений для Unity (версия 1.0.0)"
    },
    "content": [
        {
            "type": "h1",
            "text": "SDK push-уведомлений для Unity (версия 1.0.0)",
            "content": [
                {
                    "type": "paragraph",
                    "text": "Условия работы push-уведомлений:\nНа устройстве пользователя установлена актуальная версия RuStore.\nПриложение RuStore должно поддерживать функциональность push-уведомлений.\nПриложению RuStore разрешен доступ к работе в фоновом режиме.Без этого разрешения push-уведомления будут приходить, но со значительной задержкой.\nОтпечаток подписи приложения должен совпадать с отпечатком, добавленным вКонсоль RuStore (https://dev.rustore.ru/)."
                }
            ]
        },
        {
            "type": "h2",
            "text": "Пример реализации​",
            "content": [
                {
                    "type": "paragraph",
                    "text": "Ознакомьтесь сприложением-примером, чтобы узнать, как правильно интегрировать SDK push-уведомлений."
                }
            ]
        },
        {
            "type": "h2",
            "text": "Подключение в проект​",
            "content": [
                {
                    "type": "paragraph",
                    "text": "СкачайтеRuStore Push SDK (https://gitflic.ru/project/rustore/unity-rustore-push-sdk).\nИмпортируйте SDK в проект: Assets — Import Package — Custom Package.\nЗависимости подключаются автоматически с помощью External Dependency Manager, который включен в SDK.\nУстановитеMinimum API levelне ниже24.\nОтключите минификацию приложения (ProGuard/R8) в настройках проекта: File — Build Settings — Player Settings — Publishing Settings— Minify.\nОна не поддерживается."
                }
            ]
        },
        {
            "type": "h3",
            "text": "Редактирование манифеста приложения​",
            "content": [
                {
                    "type": "paragraph",
                    "text": "Объявите службуRuStoreUnityMessagingService:"
                }
            ]
        },
        {
            "type": "code",
            "text": "<serviceandroid:name=\"ru.rustore.unitysdk.pushclient.RuStoreUnityMessagingService\"android:exported=\"true\"tools:ignore=\"ExportedService\"><intent-filter><actionandroid:name=\"ru.rustore.sdk.pushclient.MESSAGING_EVENT\"/></intent-filter></service>"
        },
        {
            "type": "code",
            "text": "AndroidManifest.xml<meta-dataandroid:name=\"ru.rustore.sdk.pushclient.default_notification_icon\"android:resource=\"@drawable/ic_baseline_android_24\"/><meta-dataandroid:name=\"ru.rustore.sdk.pushclient.default_notification_color\"android:resource=\"@color/your_favorite_color\"/>"
        },
        {
            "type": "code",
            "text": "AndroidManifest.xml<meta-dataandroid:name=\"ru.rustore.sdk.pushclient.default_notification_channel_id\"android:value=\"@string/pushes_notification_channel_id\"/>"
        },
        {
            "type": "h2",
            "text": "Инициализация​",
            "content": [
                {
                    "type": "paragraph",
                    "text": "Для инициализации переопределите в проекте классApplication.\nНеобходимый исходный код уже содержится в файлеAssets/RuStoreSDK/PushClient/Android/RuStoreUnityApplication.java:"
                }
            ]
        },
        {
            "type": "code",
            "text": "RuStoreUnityApplication.javapackageru.rustore.unitysdk;importandroid.app.Application;importru.rustore.unitysdk.pushclient.RuStoreUnityPushClient;publicclassRuStoreUnityApplicationextendsApplication{@OverridepublicvoidonCreate(){super.onCreate();RuStoreUnityPushClient.init(application=this);}}",
            "content": [
                {
                    "type": "paragraph",
                    "text": "application— экземпляр классаApplication."
                }
            ]
        },
        {
            "type": "code",
            "text": "AndroidManifest.xml<applicationandroid:name=\"ru.rustore.unitysdk.RuStoreUnityApplication\">",
            "content": [
                {
                    "type": "paragraph",
                    "text": "VKPNS Project Id—идентификатор проекта изRuStore Консоль (https://console.rustore.ru/waiting). Чтобы получить его, на странице приложения перейдите в раздел «Push-уведомления» — «Проекты» и скопируйте значение в поле «ID проекта».\nAllow Native Error Handling— разрешить обработку ошибок в нативном SDK."
                }
            ]
        },
        {
            "type": "code",
            "text": "varсonfig=newRuStorePushClientConfig(){allowNativeErrorHandling=true,messagingServiceListener=pushServiceListener,logListener=pushLogListener};RuStorePushClient.Instance.Init(сonfig);",
            "content": [
                {
                    "type": "paragraph",
                    "text": "allowNativeErrorHandling— разрешить обработку ошибок в нативном SDK, см. разделОбработка ошибок (https://rustore.ru/help#errors).\nmessagingServiceListener— объект класса, который реализует интерфейсIMessagingServiceListener.\nlogListener— объект класса, который реализует интерфейсILogListener."
                }
            ]
        },
        {
            "type": "h2",
            "text": "Проверка возможности получать push-уведомления​",
            "content": []
        },
        {
            "type": "code",
            "text": "RuStorePushClient.Instance.CheckPushAvailability(onFailure:(error)=>{// Process error},onSuccess:(response)=>{if(!response.isAvailable){// Process push unavailable}});"
        },
        {
            "type": "h2",
            "text": "Методы для работы с push-токеном​",
            "content": []
        },
        {
            "type": "h3",
            "text": "Получение push-токена пользователя​",
            "content": []
        },
        {
            "type": "admonition",
            "admonition_type": "caution",
            "title": "предупреждение",
            "content": [
                {
                    "type": "paragraph",
                    "text": "Если у пользователя нет push-токена, метод создаст и вернёт новый push-токен."
                }
            ]
        },
        {
            "type": "code",
            "text": "RuStorePushClient.Instance.GetToken(onFailure:(error)=>{// Process error},onSuccess:(token)=>{// Process success});"
        },
        {
            "type": "h3",
            "text": "Удаление push-токена пользователя​",
            "content": []
        },
        {
            "type": "code",
            "text": "RuStorePushClient.Instance.DeleteToken(onFailure:(error)=>{// Process error},onSuccess:()=>{// Process success});"
        },
        {
            "type": "h2",
            "text": "Методы для работы с push-топиком​",
            "content": []
        },
        {
            "type": "h3",
            "text": "Подписка на push-уведомления по топику​",
            "content": []
        },
        {
            "type": "code",
            "text": "RuStorePushClient.Instance.SubscribeToTopic(topicName:\"your_topic_name\",onFailure:(error)=>{// Process error},onSuccess:()=>{// Process success});"
        },
        {
            "type": "h3",
            "text": "Отписка от push-уведомлений по топику​",
            "content": []
        },
        {
            "type": "code",
            "text": "RuStorePushClient.Instance.UnsubscribeFromTopic(topicName:\"your_topic_name\",onFailure:(error)=>{// Process error},onSuccess:()=>{// Process success});"
        },
        {
            "type": "h2",
            "text": "Получение данных от RuStore SDK​",
            "content": []
        },
        {
            "type": "code",
            "text": "publicinterfaceIMessagingServiceListener{publicvoidOnNewToken(string token);publicvoidOnMessageReceived(RemoteMessagemessage);publicvoidOnDeletedMessages();publicvoidOnError(List<RuStoreError>errors);}"
        },
        {
            "type": "table",
            "headers": [
                "Название метода",
                "Описание"
            ],
            "rows": [
                [
                    {
                        "text": "onNewToken",
                        "links": []
                    },
                    {
                        "text": "Метод вызывается при получении нового push-токена.\nПосле вызова этого метода ваше приложение становится ответственно за передачу нового push-токена на свой сервер.\nМетод возвращает значение нового токена.",
                        "links": []
                    }
                ],
                [
                    {
                        "text": "onMessageReceived",
                        "links": []
                    },
                    {
                        "text": "Метод вызывается при получении нового push-уведомления.\n< p/>\nЕсли в объекте notification есть данные, RuStore SDK самостоятельно отображает уведомление.\nЕсли вы не хотите этого, используйте объект data , а notification оставьте пустым.\nМетод вызывается в любом случае.\n< p/>\nПолучить payload push-уведомления Dictionary<string, string> можно из поля message.data .",
                        "links": []
                    }
                ],
                [
                    {
                        "text": "DeletedMessagesResponse",
                        "links": []
                    },
                    {
                        "text": "Метод вызывается, если один или несколько push-уведомлений не доставлены на устройство.\nНапример, если время жизни уведомления истекло до момента доставки.\n< p/>\nПри вызове этого метода рекомендуется синхронизироваться со своим сервером, чтобы не пропустить данные.",
                        "links": []
                    }
                ],
                [
                    {
                        "text": "ErrorResponse",
                        "links": []
                    },
                    {
                        "text": "Метод вызывается, если в момент инициализации возникает ошибка.\nОн возвращает массив объектов с ошибками.\n< p/>\nВозможные ошибки: UnauthorizedException — пользователь не авторизован в RuStore. HostAppNotInstalledException — RuStore отсутствует на устройстве пользователя. HostAppBackgroundWorkPermissionNotGranted — у RuStore нет разрешения на работу в фоне. Все возможные ошибки описаны в разделе Обработка ошибок .",
                        "links": [
                            {
                                "text": "Обработка ошибок",
                                "url": "https://rustore.ru/help#errors"
                            }
                        ]
                    }
                ]
            ]
        },
        {
            "type": "h3",
            "text": "Структура уведомления​",
            "content": []
        },
        {
            "type": "code",
            "text": "Структура полного уведомленияpublicclassRemoteMessage{publicstring collapseKey;publicDictionary<string,string>data;publicstring messageId;publicNotificationnotification;publicint priority;publicsbyte[]rawData;publicint ttl;}",
            "content": [
                {
                    "type": "paragraph",
                    "text": "messageId— уникальный ID сообщения. Является идентификатором каждого сообщения.\npriority— возвращает значение приоритетности (на данный момент не учитывается).Сейчас заложены следующие варианты:0—UNKNOWN.1—HIGH.2—NORMAL.< p/>\nttl— время жизни push-уведомления типаIntв секундах.\nfrom— поле, по которому можно понять, откуда пришло уведомление:\n< p/>Для уведомлений, отправленных в топик, в поле отображается имя топика.В других случаях — часть вашего сервисного токена.< p/>\ncollapseKey— идентификатор группы уведомлений (на данный момент не учитывается).\ndata— словарь, в который можно передать дополнительные данные для уведомления.\nrawData— словарьdataв виде массива байтов.\nnotification— объект уведомления."
                }
            ]
        },
        {
            "type": "code",
            "text": "Структура объекта NotificationpublicclassNotification{publicstring title;publicstring body;publicstring channelId;publicstring imageUrl;publicstring color;publicstring icon;publicstring clickAction;}",
            "content": [
                {
                    "type": "paragraph",
                    "text": "title— заголовок уведомления.\nbody— тело уведомления\nchannelId— возможность задать канал, в который отправится уведомление. Актуально для Android 8.0 и выше.\nimageUrl— прямая ссылка на изображение для вставки в уведомление. Изображение должно быть не более 1 Мбайт.\ncolor— цвет уведомления в HEX-формате, строкой. Например,#0077FF.\nicon— значок уведомления изres/drawableв формате строки, которая совпадает с названием ресурса.\n< p/>\nНапример, вres/drawableесть значокsmall_icon.xml, который доступен в коде черезR.drawable.small_icon.\nЧтобы значок отображался в уведомлении, сервер должен указать в параметреiconзначениеsmall_icon.\n< p/>\nclickAction—intent action, с помощью которого будет открыта активити при клике на уведомление."
                }
            ]
        },
        {
            "type": "h3",
            "text": "Создание канала для отправки уведомления​",
            "content": [
                {
                    "type": "paragraph",
                    "text": "Для канала, в который отправляется уведомление, действует следующий приоритет:\nЕсли в push-уведомлении есть полеchannelId, RuStore SDK отправит уведомление в указанный канал.\nВаше приложение должно создать этот канал заранее.\nЕсли в push-уведомлении нет поляchannelId, но ваше приложение указало параметр с каналом вAndroidManifest.xml, используется указанный канал.\nВаше приложение должно создать этот канал заранее.\nЕсли в push-уведомлении нет поляchannelId, и канал по умолчанию не задан вAndroidManifest.xml, RuStore SDK создаст канал и отправит уведомление в него.\nВ дальнейшем все уведомления без явного указания канала будут отправляться в этот канал."
                }
            ]
        },
        {
            "type": "h2",
            "text": "Обработка ошибок​",
            "content": [
                {
                    "type": "paragraph",
                    "text": "RuStoreNotInstalledException— на устройстве пользователя не установлен RuStore.\nRuStoreOutdatedException— версия RuStore, установленная на устройстве пользователя, не поддерживает push-уведомления.\nRuStoreUserUnauthorizedException— пользователь не авторизован в RuStore.\nRuStoreFeatureUnavailableException— RuStore не имеет разрешения на работу в фоне.\nRuStoreException— базовая ошибка RuStore, от которой наследуются остальные ошибки.\nВызовется соответствующий обработчикonFailure.\nОшибка передастся в методresolveForPushнативного SDK.\nЭто нужно, чтобы показать пользователю диалог с ошибкой."
                }
            ]
        },
        {
            "type": "code",
            "text": "Метод resolveForPushfunRuStoreException.resolveForPush(context:Context)"
        },
        {
            "type": "code",
            "text": "Запрет нативной обработки ошибокRuStorePushClient.Instance.AllowNativeErrorHandling=false;"
        },
        {
            "type": "h2",
            "text": "См. также​",
            "content": [
                {
                    "type": "paragraph",
                    "text": "Отправка push-уведомлений (API) (https://rustore.ru/help/sdk/push-notifications/send-push-notifications)\nОтправка push-уведомлений по топикам (API) (https://rustore.ru/help/sdk/push-notifications/topic-notifications)\nРабота с сегментами пользователей (API) (https://rustore.ru/help/sdk/push-notifications/work-with-segments-push-api)"
                }
            ]
        }
    ]
}