{
    "meta": {
        "language": "ru",
        "parse_date": "2024-07-06T19:39:46.346695",
        "current_url": "https://www.rustore.ru/help/developers/tools/app-tracer/android/modules/sampling-profiler/",
        "doc_section": "developers",
        "h1_text": "Sampling Profiler: эффективное профилирование с Tracer SDK"
    },
    "content": [
        {
            "type": "h1",
            "text": "Sampling Profiler: эффективное профилирование с Tracer SDK",
            "content": []
        },
        {
            "type": "h2",
            "text": "Подключение зависимостей к проекту​",
            "content": [
                {
                    "type": "paragraph",
                    "text": "В вашем<project>/<app-module>/build.gradle."
                }
            ]
        },
        {
            "type": "code",
            "text": "dependencies{implementation\"ru.ok.tracer:tracer-profiler-sampling:0.2.7\"}"
        },
        {
            "type": "h2",
            "text": "ОписаниеSamplingProfilerConfiguration​",
            "content": [
                {
                    "type": "paragraph",
                    "text": "В вашемApplication.kt."
                }
            ]
        },
        {
            "type": "code",
            "text": "classMyApplication:Application(),HasTracerConfiguration{override val tracerConfiguration:List<TracerConfiguration>get()=listOf(SamplingProfilerConfiguration.build{// ваши опции},)}",
            "content": [
                {
                    "type": "paragraph",
                    "text": "setEnabled— включает/выключает профилирование. По умолчанию включён.\nsetBufferSizeMb— смотрите описаниеandroid.os.Debug.startMethodTracingSampling;\nsetSamplingIntervalUs— смотрите описаниеandroid.os.Debug.startMethodTracingSampling. По умолчанию 5000.\nsetDurationMs— время работы профайлера в миллисекундах.\naddCondition— добавляетConditionдля начала профилирования."
                }
            ]
        },
        {
            "type": "h2",
            "text": "ОписаниеCondition.Deprecated.​",
            "content": [
                {
                    "type": "paragraph",
                    "text": "КонструкцияConditionиспользуется для управления запуском и отправкой результатов профилирования. Ниже представлен пример использования."
                }
            ]
        },
        {
            "type": "code",
            "text": "Condition.appStart(10_000,7_000)"
        },
        {
            "type": "code",
            "text": "val condition=Condition.build{// ваши опции }",
            "content": [
                {
                    "type": "paragraph",
                    "text": "setTag(\"my_tag\")— тег, с которым результат будет загружен в Tracer.\nsetTagLimit(n)— максимальное количество отчетов в день для данного тега которое примет сервер.\nsetProbability(n)— вероятность(1/n) с которой будет запущен профайлер при наступлении события изstartEvent.\nsetStartEvent(\"my_event\")— при наступлении этого события с указанной выше вероятностью будет запущен профайлер.\nsetInterestingEvent(\"my_other_event\")— необязательно. Если присутствует, то результат профилирования будет отправлен на бэкенд, только если данное событие встретилось за время работы профайлера.\nsetInterestingDuration(n)— если время между стартовым и интересующим событием превысит это число, результат профилирования будет отправлен на бэкенд."
                }
            ]
        },
        {
            "type": "admonition",
            "admonition_type": "info",
            "title": "к сведению",
            "content": [
                {
                    "type": "paragraph",
                    "text": "Если интересующее событие будет иметь свой счётчик, сравнение будет происходить с ним. К примеру,app_freezeимеет счетчик — время которое UI-поток «висел». Следовательно, еслиinterestingEvent == \"app_freeze\"иinterestingDuration == 700, то отправка произойдет, если во время работы профайлера случился фриз на 700+ мс."
                }
            ]
        },
        {
            "type": "h2",
            "text": "Ручное профилирование​",
            "content": [
                {
                    "type": "paragraph",
                    "text": "Также есть возможность размечать в коде начало и конец профилирования.\nSamplingProfiler.start()— запускает профайлер. Принимает параметры:context: Context—App contextприложения;tag: String— тег, с которым результат будет загружен в трейсер;duration: Long— время работы профайлера в миллисекундах.\nSamplingProfiler.abort()— прекращает работу профайлера и очищает результат.\nSamplingProfiler.commit() — прекращает работу профайлера и отправляет результат на бэкенд. Если на момент вызова профайлер ещё не закончил работу, то результирующий тег будет равен<tag>_<tagSuffix>.\ntagSuffix: String— суффикс, который будет добавлен к тегу в случае досрочной остановки профайлера (необязательно)."
                }
            ]
        },
        {
            "type": "code",
            "text": "if(Random.nextInt(100_000)==0){SamplingProfiler.start(context=appContext,tag=\"stream_request\",duration=10_000,)}// ... Код. Например, загрузка лентыSamplingProfiler.commit(\"loaded\")"
        },
        {
            "type": "h2",
            "text": "Описание «системных» событий​",
            "content": [
                {
                    "type": "paragraph",
                    "text": "«Системные» события используются в классеConditionи ручном профилировании:\nTracerEvents.EVENT_APP_START_BEGIN—\"app_start_begin\": начало работы приложения.\nTracerEvents.EVENT_APP_START_END—\"app_start_end\": окончание работы методаApplication.onCreate().\nTracerEvents.EVENT_FIRST_ACTIVITY_CREATED—\"app_first_activity_created\": создана первая активити.\nTracerEvents.EVENT_ACTIVITY_CREATED—\"activity_created\"— любая активити перешла в состояниеcreated.\nTracerEvents.EVENT_FREEZE—\"app_freeze\"— UI поток завис на N мс. Если это событие используется какinteresting event, тогдаinteresting durationбудет сравниваться с N. К примеру, еслиN == 500, тогда результат профайлинга будет отправлен, если UI поток за время работы профайлера зависал на более чем 500 мс.\nEVENT_ANR—\"app_anr\": UI-поток завис и не продолжил свою работу на момент окончания профайлера. Прошло N мс с момента обнаружения зависания до окончания работы профайлера. Если это событие используется какinteresting event, тогдаinteresting durationбудет сравниваться с N. К примеру, еслиN == 5000, результат профайлинга будет отправлен, если UI-поток за время работы профайлера завис на более чем 5000 мс."
                }
            ]
        },
        {
            "type": "code",
            "text": "TracerEvents.addEvent(eventName,duration)",
            "content": [
                {
                    "type": "paragraph",
                    "text": "eventName— имя события. Используется в классеConditionв методахstartEventиinterestingEvent.\nduration— время ассоциированное с этим событием. Если задано, тоinterestingDurationбудет вычисляться не как разница междуstartEventиinterestingEvent, а сравниваться сdurationэтого события."
                }
            ]
        }
    ]
}