{
    "meta": {
        "language": "ru",
        "parse_date": "2024-07-06T19:28:26.199436",
        "current_url": "https://www.rustore.ru/help/work-with-rustore-api/api-upload-publication-app/",
        "doc_section": "",
        "h1_text": "Загрузка и публикация приложений с помощью API RuStore"
    },
    "content": [
        {
            "type": "h1",
            "text": "Загрузка и публикация приложений с помощью API RuStore",
            "content": [
                {
                    "type": "paragraph",
                    "text": "Перед публикацией версии приложения выполните следующее:создайте черновик версии с информацией о приложении — метод «Создание черновика версии (https://rustore.ru/help/work-with-rustore-api/api-upload-publication-app/create-draft-version)»;загрузите APK — метод «Загрузка APK-файла (https://rustore.ru/help/work-with-rustore-api/api-upload-publication-app/apk-file-upload)»;загрузите изображения — методы «Загрузка иконки приложения (https://rustore.ru/help/work-with-rustore-api/api-upload-publication-app/apk-icon-upload)» и «Загрузка скриншотов» (https://rustore.ru/help/work-with-rustore-api/api-upload-publication-app/apk-screens-upload).\nЧерновики невозможно редактировать, но можно удалить, используя метод «Удаление черновика (https://rustore.ru/help/work-with-rustore-api/api-upload-publication-app/delete-draft)».\nПосле заполнения всей информации версию можно отправить на модерацию  — метод «Отправка на модерацию черновика версии приложения (https://rustore.ru/help/work-with-rustore-api/api-upload-publication-app/send-draft-app-for-moderation)».\nПолучить список версий приложения их базовую информацию и статус — метод «Получение статуса версий приложений (https://rustore.ru/help/work-with-rustore-api/api-upload-publication-app/get-version-status)».\nИзменить настройки публикации (тип публикации, дату для отложенной публикации, а также % для частичной публикации) — метод «Изменение настроек публикации (https://rustore.ru/help/work-with-rustore-api/api-upload-publication-app/publishing-change-settings)».\nПосле прохождения модерации и выбранном типе публикации — ручная, можно опубликовать версию с помощью метода — «Ручная публикация (https://rustore.ru/help/work-with-rustore-api/api-upload-publication-app/manual-publishing)»."
                }
            ]
        },
        {
            "type": "admonition",
            "admonition_type": "note",
            "title": "примечание",
            "content": [
                {
                    "type": "paragraph",
                    "text": "Для использования RuStore API необходимо иметь хотя бы 1 активную версию приложения вКонсоли RuStore (https://dev.rustore.ru/)."
                }
            ]
        }
    ]
}