{
    "meta": {
        "language": "ru",
        "parse_date": "2024-07-06T19:48:16.457620",
        "current_url": "https://www.rustore.ru/help/sdk/push-notifications/kotlin-java/6-0-0/",
        "doc_section": "sdk",
        "h1_text": "SDK push-уведомлений для Kotlin и Java (версия 6.0.0)"
    },
    "content": [
        {
            "type": "h1",
            "text": "SDK push-уведомлений для Kotlin и Java (версия 6.0.0)",
            "content": [
                {
                    "type": "paragraph",
                    "text": "Условия работы push-уведомлений:\nНа устройстве пользователя установлена актуальная версия RuStore.\nПриложение RuStore должно поддерживать функциональность push-уведомлений.\nПриложению RuStore разрешен доступ к работе в фоновом режиме.Без этого разрешения push-уведомления будут приходить, но со значительной задержкой.\nОтпечаток подписи приложения должен совпадать с отпечатком, добавленным вКонсоль RuStore (https://dev.rustore.ru/)."
                }
            ]
        },
        {
            "type": "h2",
            "text": "Пример реализации​",
            "content": [
                {
                    "type": "paragraph",
                    "text": "Ознакомьтесь с приложением-примером, чтобы узнать, как правильно интегрировать SDK push-уведомлений:\nKotlin (https://gitflic.ru/project/rustore/rustore-sdk-push-example)\nJava (https://gitflic.ru/project/rustore/rustore-java-push-example)"
                }
            ]
        },
        {
            "type": "h2",
            "text": "Подключение в проект​",
            "content": []
        },
        {
            "type": "h3",
            "text": "Добавление репозитория​",
            "content": []
        },
        {
            "type": "code",
            "text": "build.gradlerepositories{maven{url=uri(\"https://artifactory-external.vkpartner.ru/artifactory/maven\")}}"
        },
        {
            "type": "h3",
            "text": "Подключение зависимости​",
            "content": []
        },
        {
            "tab_label": "Подключение BOM",
            "content": [
                {
                    "type": "paragraph",
                    "text": "Единое управление версиями:\nУпрощение обновлений:\nПовышение совместимости:"
                }
            ]
        },
        {
            "tab_label": "Подключение версии напрямую",
            "content": []
        },
        {
            "type": "h3",
            "text": "Редактирование манифеста приложения​",
            "content": [
                {
                    "type": "paragraph",
                    "text": "Объявите службу, расширяющуюRuStoreMessagingService:"
                }
            ]
        },
        {
            "type": "code",
            "text": "AndroidManifest.xml<serviceandroid:name=\".MyRuStoreMessagingService\"android:exported=\"true\"tools:ignore=\"ExportedService\"><intent-filter><actionandroid:name=\"ru.rustore.sdk.pushclient.MESSAGING_EVENT\"/></intent-filter></service>"
        },
        {
            "type": "code",
            "text": "AndroidManifest.xml<meta-dataandroid:name=\"ru.rustore.sdk.pushclient.default_notification_icon\"android:resource=\"@drawable/ic_baseline_android_24\"/><meta-dataandroid:name=\"ru.rustore.sdk.pushclient.default_notification_color\"android:resource=\"@color/your_favorite_color\"/>"
        },
        {
            "type": "code",
            "text": "AndroidManifest.xml<meta-dataandroid:name=\"ru.rustore.sdk.pushclient.default_notification_channel_id\"android:value=\"@string/pushes_notification_channel_id\"/>"
        },
        {
            "type": "h3",
            "text": "Запрос разрешения на показ уведомлений в Android 13+​",
            "content": []
        },
        {
            "tab_label": "Kotlin",
            "content": []
        },
        {
            "tab_label": "Java",
            "content": []
        },
        {
            "type": "h2",
            "text": "Инициализация​",
            "content": [
                {
                    "type": "paragraph",
                    "text": "Для инициализации понадобитсяидентификатор проекта изRuStore Консоль. Чтобы получить его, на странице приложения перейдите в раздел «Push-уведомления» — «Проекты» и скопируйте значение в поле «ID проекта»."
                }
            ]
        },
        {
            "type": "h3",
            "text": "Ручная инициализация в Application​",
            "content": []
        },
        {
            "tab_label": "Kotlin",
            "content": []
        },
        {
            "tab_label": "Java",
            "content": []
        },
        {
            "type": "h3",
            "text": "Автоматическая инициализация​",
            "content": []
        },
        {
            "tab_label": "Kotlin",
            "content": []
        },
        {
            "tab_label": "Java",
            "content": []
        },
        {
            "type": "h3",
            "text": "Логирование событий​",
            "content": []
        },
        {
            "tab_label": "Kotlin",
            "content": []
        },
        {
            "tab_label": "Java",
            "content": []
        },
        {
            "type": "h2",
            "text": "Проверка возможности получать push-уведомления​",
            "content": [
                {
                    "type": "paragraph",
                    "text": "Условия работы push-уведомлений:\nНа устройстве пользователя установлена актуальная версия RuStore.\nПриложение RuStore должно поддерживать функциональность push-уведомлений.\nПриложению RuStore разрешен доступ к работе в фоновом режиме.Без этого разрешения push-уведомления будут приходить, но со значительной задержкой.\nОтпечаток подписи приложения должен совпадать с отпечатком, добавленным вКонсоль RuStore (https://dev.rustore.ru/)."
                }
            ]
        },
        {
            "tab_label": "Kotlin",
            "content": []
        },
        {
            "tab_label": "Java",
            "content": []
        },
        {
            "type": "h2",
            "text": "Методы для работы с push-токеном​",
            "content": []
        },
        {
            "type": "h3",
            "text": "Получение push-токена пользователя​",
            "content": []
        },
        {
            "tab_label": "Kotlin",
            "content": []
        },
        {
            "tab_label": "Java",
            "content": []
        },
        {
            "type": "h3",
            "text": "Удаление push-токена пользователя​",
            "content": []
        },
        {
            "tab_label": "Kotlin",
            "content": []
        },
        {
            "tab_label": "Java",
            "content": []
        },
        {
            "type": "h2",
            "text": "Методы для работы с push-топиком​",
            "content": []
        },
        {
            "type": "h3",
            "text": "Подписка на push-уведомления по топику​",
            "content": []
        },
        {
            "tab_label": "Kotlin",
            "content": []
        },
        {
            "tab_label": "Java",
            "content": []
        },
        {
            "type": "h3",
            "text": "Отписка от push-уведомлений по топику​",
            "content": []
        },
        {
            "tab_label": "Kotlin",
            "content": []
        },
        {
            "tab_label": "Java",
            "content": []
        },
        {
            "type": "h2",
            "text": "Получение данных от RuStore SDK​",
            "content": []
        },
        {
            "tab_label": "Kotlin",
            "content": []
        },
        {
            "tab_label": "Java",
            "content": []
        },
        {
            "type": "h3",
            "text": "Структура уведомления​",
            "content": []
        },
        {
            "tab_label": "Kotlin",
            "content": [
                {
                    "type": "paragraph",
                    "text": "messageId— уникальный ID сообщения. Является идентификатором каждого сообщения.\npriority— возвращает значение приоритетности (на данный момент не учитывается).\nttl— время жизни push-уведомления типаIntв секундах.\nfrom— поле, по которому можно понять, откуда пришло уведомление:\n< p/>\ncollapseKey— идентификатор группы уведомлений (на данный момент не учитывается).\ndata— словарь, в который можно передать дополнительные данные для уведомления.\nrawData— словарьdataв виде массива байтов.\nnotification— объект уведомления.\ntitle— заголовок уведомления.\nchannelId— возможность задать канал, в который отправится уведомление. Актуально для Android 8.0 и выше.\nimageUrl— прямая ссылка на изображение для вставки в уведомление. Изображение должно быть не более 1 Мбайт.\ncolor— цвет уведомления в HEX-формате, строкой. Например,#0077FF.\nicon— значок уведомления изres/drawableв формате строки, которая совпадает с названием ресурса.\n< p/>\nНапример, вres/drawableесть значокsmall_icon.xml, который доступен в коде черезR.drawable.small_icon.\nЧтобы значок отображался в уведомлении, сервер должен указать в параметреiconзначениеsmall_icon.\n< p/>\nclickAction— поле с помощью которого будет сформировано действие при клике на уведомление.\nclickActionType— тип поляclickAction.\nDEFAULT— тип поляclickActionпри которомclickActionбудет использоваться какintent actionдля открытия активити по клику на уведомление. Подробнее смотридокументацию (https://developer.android.com/reference/android/content/Intent#intent-structure).\nDEEP_LINK— тип поляclickActionпри которомclickActionбудет использоваться какdeep linkдля открытия активити по клику на уведомление. Подробнее смотридокументацию (https://developer.android.com/training/app-links/deep-linking)."
                }
            ]
        },
        {
            "tab_label": "Java",
            "content": [
                {
                    "type": "paragraph",
                    "text": "messageId— уникальный ID сообщения. Является идентификатором каждого сообщения.\npriority— возвращает значение приоритетности (на данный момент не учитывается).\nttl— время жизни push-уведомления типаIntв секундах.\nfrom— поле, по которому можно понять, откуда пришло уведомление:\n< p/>\ncollapseKey— идентификатор группы уведомлений (на данный момент не учитывается).\ndata— словарь, в который можно передать дополнительные данные для уведомления.\nrawData— словарьdataв виде массива байтов.\nnotification— объект уведомления.\ntitle— заголовок уведомления.\nchannelId— возможность задать канал, в который отправится уведомление. Актуально для Android 8.0 и выше.\nimageUrl— прямая ссылка на изображение для вставки в уведомление. Изображение должно быть не более 1 Мбайт.\ncolor— цвет уведомления в HEX-формате, строкой. Например,#0077FF.\nicon— значок уведомления изres/drawableв формате строки, которая совпадает с названием ресурса.\n< p/>\nНапример, вres/drawableесть значокsmall_icon.xml, который доступен в коде черезR.drawable.small_icon.\nЧтобы значок отображался в уведомлении, сервер должен указать в параметреiconзначениеsmall_icon.\n< p/>\nclickAction— поле с помощью которого будет сформировано действие при клике на уведомление.\nclickActionType— тип поляclickAction.\nDEFAULT— тип поляclickActionпри которомclickActionбудет использоваться какintent actionдля открытия активити по клику на уведомление. Подробнее смотридокументацию (https://developer.android.com/reference/android/content/Intent#intent-structure).\nDEEP_LINK— тип поляclickActionпри которомclickActionбудет использоваться какdeep linkдля открытия активити по клику на уведомление. Подробнее смотридокументацию (https://developer.android.com/training/app-links/deep-linking)."
                }
            ]
        },
        {
            "type": "h3",
            "text": "Создание канала для отправки уведомления​",
            "content": [
                {
                    "type": "paragraph",
                    "text": "Для канала, в который отправляется уведомление, действует следующий приоритет:\nЕсли в push-уведомлении есть полеchannelId, RuStore SDK отправит уведомление в указанный канал.\nВаше приложение должно создать этот канал заранее.\nЕсли в push-уведомлении нет поляchannelId, но ваше приложение указало параметр с каналом вAndroidManifest.xml, используется указанный канал.\nВаше приложение должно создать этот канал заранее.\nЕсли в push-уведомлении нет поляchannelId, и канал по умолчанию не задан вAndroidManifest.xml, RuStore SDK создаст канал и отправит уведомление в него.\nВ дальнейшем все уведомления без явного указания канала будут отправляться в этот канал."
                }
            ]
        },
        {
            "type": "h2",
            "text": "Обработка ошибок​",
            "content": []
        },
        {
            "tab_label": "Kotlin",
            "content": [
                {
                    "type": "paragraph",
                    "text": "RuStoreNotInstalledException— на устройстве пользователя не установлен RuStore.\nRuStoreOutdatedException— версия RuStore, установленная на устройстве пользователя, не поддерживает push-уведомления.\nRuStoreUserUnauthorizedException— пользователь не авторизован в RuStore.\nRuStoreFeatureUnavailableException— RuStore не имеет разрешения на работу в фоне.\nRuStoreException— базовая ошибка RuStore, от которой наследуются остальные ошибки."
                }
            ]
        },
        {
            "tab_label": "Java",
            "content": [
                {
                    "type": "paragraph",
                    "text": "RuStoreNotInstalledException— на устройстве пользователя не установлен RuStore.\nRuStoreOutdatedException— версия RuStore, установленная на устройстве пользователя, не поддерживает push-уведомления.\nRuStoreUserUnauthorizedException— пользователь не авторизован в RuStore.\nRuStoreFeatureUnavailableException— RuStore не имеет разрешения на работу в фоне.\nRuStoreException— базовая ошибка RuStore, от которой наследуются остальные ошибки."
                }
            ]
        },
        {
            "type": "h2",
            "text": "Тестирование интеграции SDK​",
            "content": [
                {
                    "type": "paragraph",
                    "text": "Условия работы push-уведомлений:\nНа устройстве пользователя установлена актуальная версия RuStore.\nПриложение RuStore должно поддерживать функциональность push-уведомлений.\nПриложению RuStore разрешен доступ к работе в фоновом режиме.Без этого разрешения push-уведомления будут приходить, но со значительной задержкой.\nОтпечаток подписи приложения должен совпадать с отпечатком, добавленным вКонсоль RuStore (https://dev.rustore.ru/)."
                }
            ]
        },
        {
            "tab_label": "Kotlin",
            "content": []
        },
        {
            "tab_label": "Java",
            "content": []
        },
        {
            "type": "h2",
            "text": "См. также​",
            "content": [
                {
                    "type": "paragraph",
                    "text": "Отправка push-уведомлений (API) (https://rustore.ru/help/sdk/push-notifications/send-push-notifications)\nОтправка push-уведомлений по топикам (API) (https://rustore.ru/help/sdk/push-notifications/topic-notifications)\nРабота с сегментами пользователей (API) (https://rustore.ru/help/sdk/push-notifications/work-with-segments-push-api)"
                }
            ]
        }
    ]
}