{
    "meta": {
        "language": "ru",
        "parse_date": "2024-07-06T19:59:40.816029",
        "current_url": "https://www.rustore.ru/help/sdk/rustore-geo/routing-services/distance-matrix/",
        "doc_section": "sdk",
        "h1_text": "Матрица расстояний"
    },
    "content": [
        {
            "type": "h1",
            "text": "Матрица расстояний",
            "content": [
                {
                    "type": "paragraph",
                    "text": "Сервис построения матрицы расстояний позволяет осуществлять расчёт ETA и расстояния для пар пунктов отправления и назначения, определяющих матрицу. Сервис поддерживает матрицы различной размерности:\nодин ко многим;\nмногие ко многим;\nмногие к одному."
                }
            ]
        },
        {
            "type": "h2",
            "text": "Запрос​",
            "content": [
                {
                    "type": "paragraph",
                    "text": "Запрос передается методом HTTP POST. В теле POST-запроса указывается json с обязательными и необязательными полями.\nНиже представлен простой пример JSON."
                }
            ]
        },
        {
            "type": "code",
            "text": "{\"sources\":[{\"lat\":55.796932,\"lon\":37.537849},{\"lat\":55.801551,\"lon\":37.531575}],\"targets\":[{\"lat\":55.790412,\"lon\":37.534313},{\"lat\":55.788644,\"lon\":37.536507}],\"costing\":\"pedestrian\",\"id\":\"DM_Test\"}"
        },
        {
            "type": "h3",
            "text": "Обязательные параметры URL запроса​",
            "content": []
        },
        {
            "type": "table",
            "headers": [
                "Имя поля",
                "Формат",
                "Описание",
                "Пример"
            ],
            "rows": [
                [
                    {
                        "text": "api_key",
                        "links": []
                    },
                    {
                        "text": "hex-string",
                        "links": []
                    },
                    {
                        "text": "Доступ к сервисам .",
                        "links": [
                            {
                                "text": "Доступ к сервисам",
                                "url": "https://rustore.ru/help/sdk/rustore-geo/general/access-services"
                            }
                        ]
                    },
                    {
                        "text": "api_key = fa749bace6d8a3b1 ... .",
                        "links": []
                    }
                ]
            ]
        },
        {
            "type": "h3",
            "text": "Обязательные параметры JSON для тела запроса​",
            "content": []
        },
        {
            "type": "table",
            "headers": [
                "Имя поля",
                "Формат",
                "Описание",
                "Пример"
            ],
            "rows": [
                [
                    {
                        "text": "sources",
                        "links": []
                    },
                    {
                        "text": "list",
                        "links": []
                    },
                    {
                        "text": "Список точек отправления, где lat и lon — широта точки в градусах (используется 6 знаков после запятой).",
                        "links": []
                    },
                    {
                        "text": "\"sources\" : [ { \"lat\" : 55.796932 , \"lon\" : 37.537849 } , { \"lat\" : 55.801551 , \"lon\" : 37.531575 } ]",
                        "links": []
                    }
                ],
                [
                    {
                        "text": "targets",
                        "links": []
                    },
                    {
                        "text": "list",
                        "links": []
                    },
                    {
                        "text": "Список точек назначения, где lat и lon — широта точки в градусах (используется 6 знаков после запятой).",
                        "links": []
                    },
                    {
                        "text": "\"targets\" : [ { \"lat\" : 55.790412 , \"lon\" : 37.534313 } , { \"lat\" : 55.788644 , \"lon\" : 37.536507 } ]",
                        "links": []
                    }
                ]
            ]
        },
        {
            "type": "admonition",
            "admonition_type": "info",
            "title": "к сведению",
            "content": [
                {
                    "type": "paragraph",
                    "text": "Максимальное суммарное число точек отправления (sources) и назначения (targets) не должно превышать 50 точек."
                }
            ]
        },
        {
            "type": "h3",
            "text": "Дополнительные параметры JSON для тела запроса​",
            "content": []
        },
        {
            "type": "table",
            "headers": [
                "Имя поля",
                "Формат",
                "Описание",
                "Пример"
            ],
            "rows": [
                [
                    {
                        "text": "costing",
                        "links": []
                    },
                    {
                        "text": "string",
                        "links": []
                    },
                    {
                        "text": "Тип транспорта для построения маршрута: • auto (по умолчанию) — автомобильный; • truck (не поддерживается) — грузовой; • pedestrian — пешеходный; • bicycle — велосипедный.",
                        "links": []
                    },
                    {
                        "text": "\"costing\" : \"pedestrian\"",
                        "links": []
                    }
                ],
                [
                    {
                        "text": "id",
                        "links": []
                    },
                    {
                        "text": "string",
                        "links": []
                    },
                    {
                        "text": "Идентификатор запроса, который возвращается вместе с ответом, что позволяет точно установить соответствие запроса и ответа.",
                        "links": []
                    },
                    {
                        "text": "\"id\" : \"DM_Test\"",
                        "links": []
                    }
                ],
                [
                    {
                        "text": "costing_options",
                        "links": []
                    },
                    {
                        "text": "dict",
                        "links": []
                    },
                    {
                        "text": "Список параметров расчёта маршрута. Для различных типов транспорта используются различные опции и ограничения , аналогичные тем, которые используются в сервисе построения маршрута .",
                        "links": [
                            {
                                "text": "различные опции и ограничения",
                                "url": "https://rustore.ru/help/sdk/rustore-geo/routing-services/building-route#costing_options"
                            },
                            {
                                "text": "построения маршрута",
                                "url": "https://rustore.ru/help/sdk/rustore-geo/routing-services/building-route"
                            }
                        ]
                    },
                    {
                        "text": "\"costing_options\" : { \"use_border_crossing\" : 0 , \"use_tolls\" : 0 }",
                        "links": []
                    }
                ],
                [
                    {
                        "text": "units",
                        "links": []
                    },
                    {
                        "text": "string",
                        "links": []
                    },
                    {
                        "text": "Единица измерения расстояния в ответе: • kilometers (по умолчанию) — километры; • miles — мили.",
                        "links": []
                    },
                    {
                        "text": "\"units\" : \"miles\"",
                        "links": []
                    }
                ]
            ]
        },
        {
            "type": "h2",
            "text": "Ответ​",
            "content": []
        },
        {
            "type": "table",
            "headers": [
                "Имя поля",
                "Формат",
                "Описание",
                "Пример"
            ],
            "rows": [
                [
                    {
                        "text": "id",
                        "links": []
                    },
                    {
                        "text": "string",
                        "links": []
                    },
                    {
                        "text": "Идентификатор запроса, который возвращается вместе с ответом, что позволяет точно установить соответствие запроса и ответа.",
                        "links": []
                    },
                    {
                        "text": "\"id\" : \"DM_Test\"",
                        "links": []
                    }
                ],
                [
                    {
                        "text": "targets",
                        "links": []
                    },
                    {
                        "text": "list",
                        "links": []
                    },
                    {
                        "text": "Список точек назначения, где lat и lon — широта точки в градусах (используется 6 знаков после запятой).",
                        "links": []
                    },
                    {
                        "text": "\"targets\" : [ [ { \"lon\" : 37.534313 , \"lat\" : 55.790413 } , { \"lon\" : 37.536507 , \"lat\" : 55.788643 } ] ]",
                        "links": []
                    }
                ],
                [
                    {
                        "text": "sources",
                        "links": []
                    },
                    {
                        "text": "list",
                        "links": []
                    },
                    {
                        "text": "Список точек отправления, где lat и lon — широта точки в градусах (используется 6 знаков после запятой).",
                        "links": []
                    },
                    {
                        "text": "\"sources\" : [ [ { \"lon\" : 37.537849 , \"lat\" : 55.796932 } , { \"lon\" : 37.531574 , \"lat\" : 55.801552 } ] ]",
                        "links": []
                    }
                ],
                [
                    {
                        "text": "sources_to_targets",
                        "links": []
                    },
                    {
                        "text": "list",
                        "links": []
                    },
                    {
                        "text": "Рассчитанная матрица, содержащая номера элементов матрицы отправления и назначения для каждого из результатов расчёта, а также расчётные значения ETA и EDA.",
                        "links": []
                    },
                    {
                        "text": "\"sources_to_targets\" : [ [ { \"distance\" : 1.076 , \"time\" : 773 , \"to_index\" : 0 , \"from_index\" : 0 } , { \"distance\" : 1.459 , \"time\" : 1041 , \"to_index\" : 1 , \"from_index\" : 0 } ] , [ { \"distance\" : 1.828 , \"time\" : 1311 , \"to_index\" : 0 , \"from_index\" : 1 } , { \"distance\" : 2.211 , \"time\" : 1579 , \"to_index\" : 1 , \"from_index\" : 1 } ] ]",
                        "links": []
                    }
                ],
                [
                    {
                        "text": "distance",
                        "links": []
                    },
                    {
                        "text": "float",
                        "links": []
                    },
                    {
                        "text": "Общая длина маршрута, указывается в выбранных единицах измерения (EDA).",
                        "links": []
                    },
                    {
                        "text": "\"distance\" : 1.828",
                        "links": []
                    }
                ],
                [
                    {
                        "text": "time",
                        "links": []
                    },
                    {
                        "text": "float",
                        "links": []
                    },
                    {
                        "text": "Расчётное время, требуемое на движение по маршруту (ETA). Расчётное время указывается в секундах.",
                        "links": []
                    },
                    {
                        "text": "\"time\" : 1311",
                        "links": []
                    }
                ],
                [
                    {
                        "text": "to_index",
                        "links": []
                    },
                    {
                        "text": "integer",
                        "links": []
                    },
                    {
                        "text": "Порядковый номер элемент матрицы назначения в запросе.",
                        "links": []
                    },
                    {
                        "text": "\"to_index\" : 0",
                        "links": []
                    }
                ],
                [
                    {
                        "text": "from_index",
                        "links": []
                    },
                    {
                        "text": "integer",
                        "links": []
                    },
                    {
                        "text": "Порядковый номер элемента матрицы отправления в запросе.",
                        "links": []
                    },
                    {
                        "text": "\"from_index\" : 0",
                        "links": []
                    }
                ],
                [
                    {
                        "text": "units",
                        "links": []
                    },
                    {
                        "text": "string",
                        "links": []
                    },
                    {
                        "text": "Единица измерения расстояния в ответе.",
                        "links": []
                    },
                    {
                        "text": "\"units\" : \"kilometers\"",
                        "links": []
                    }
                ]
            ]
        },
        {
            "type": "code",
            "text": "{\"status_code\":400,\"status\":\"Bad Request\"}"
        },
        {
            "type": "h2",
            "text": "Пример​",
            "content": [
                {
                    "type": "paragraph",
                    "text": "POST-запрос с помощью утилиты curl"
                }
            ]
        },
        {
            "type": "code",
            "text": "curl-XPOST-H\"Content-type: application/json\"-H\"Accept: application/json\"-d'{\"sources\":[{\"lat\":55.796932,\"lon\":37.537849},{\"lat\":55.801551,\"lon\":37.531575}],\"targets\":[{\"lat\":55.790412,\"lon\":37.534313},{\"lat\":55.788644,\"lon\":37.536507}],\"costing\":\"pedestrian\",\"id\":\"DM_Test\"}'\"https://geo.rustore.ru/api/dm?api_key=<YOUR_API_KEY>\""
        }
    ]
}