{
    "meta": {
        "language": "ru",
        "parse_date": "2024-07-06T19:33:05.636851",
        "current_url": "https://www.rustore.ru/help/users/purchases-and-returns/foreign-apps/",
        "doc_section": "users",
        "h1_text": "Оплата в иностранных приложениях: Как безопасно совершать покупки через RuStore"
    },
    "content": [
        {
            "type": "h1",
            "text": "Оплата в иностранных приложениях: Как безопасно совершать покупки через RuStore",
            "content": [
                {
                    "type": "paragraph",
                    "text": "В RuStore вы можете скачать и установить бесплатные иностранные приложения и игры.\nОни загружаются в RuStore из иностранного магазина приложений.\nПокупки в таких приложениях выполняются через кошелёк AppCoins, который можно пополнять черезVK Pay."
                }
            ]
        },
        {
            "type": "h2",
            "text": "Найти иностранное приложение​",
            "content": [
                {
                    "type": "paragraph",
                    "text": "Приложения и игры из иностранного магазина отображаются вместе с другими приложениями в RuStore.\nОпределить то, какое приложение перед вами, можно в карточке приложения.\nОткройте RuStore.\nНажмите на интересующее приложение."
                }
            ]
        },
        {
            "type": "h2",
            "text": "Совершить покупку в приложении или игре​",
            "content": [
                {
                    "type": "paragraph",
                    "text": "Установите из RuStore приложениеAppCoins Wallet (https://apps.rustore.ru/app/com.appcoins.wallet)или обновите его до последней версии.\nНажмите на кнопку покупки внутри игры или приложения.\nЕсли кошелек не был установлен и вы совершаете покупку в первый раз, появится сообщение «Чтобы купить этот предмет, сначала нужно получить AppCoins Wallet».\nНажмите «Установить кошелек» и следуйте рекомендациям по установке.\nОткроется окно AppCoins с суммой оплаты.\nНажмите Next.\nЕсли вы не авторизованы в RuStore или у вас нет аккаунта,авторизуйтесь (https://rustore.ru/help/users/authorization).\nСнизу появится окно оплаты через VK Pay.\nУкажите банковскую карту, которую необходимо использовать для оплаты.Управлять картами вы можете непосредственно в кошельке VK Pay.\nТакже вы можете оплатить покупку балансом кошелька VK Pay.\nУбедитесь, что оплата прошла успешно и нажмите «Готово».Если на банковской карте недостаточно средств или установлен лимит, оплата завершится ошибкой.\nУбедитесь, что сумма доступна для списания и нажмите Try again.\nВы возвращаетесь в приложение и получаете доступ к покупке.\nВам отправляется фискальный чек о проведенной операции.\nEсли вы не получили чек в течение суток, обратитесь наsupport@rustore.ru (mailto:support@rustore.ru).\nНа счёт кошелька AppCoins начисляются бонусы AppCoins Credits.\nВы сможете использовать их для других покупок."
                }
            ]
        },
        {
            "type": "h2",
            "text": "Запросить возврат средств​",
            "content": []
        },
        {
            "type": "admonition",
            "admonition_type": "note",
            "title": "примечание",
            "content": [
                {
                    "type": "paragraph",
                    "text": "Возврат можно выполнить только для покупок, оплаченных банковской картой или балансом кошелька VK Pay.\nПокупки за бонусы AppCoins Credits возврату не подлежат.\nЧтобы запросить возврат средств за покупку в иностранном магазине приложений, обратитесь наsupport@rustore.ru.\nВ обращении укажите:\nНазвание приложения.\nСумму покупки.\nДату покупки."
                }
            ]
        },
        {
            "type": "h2",
            "text": "Восстановить доступ к кошельку AppCoins​",
            "content": [
                {
                    "type": "paragraph",
                    "text": "К сожалению, восстановить доступ через службу поддержки невозможно, потому что AppCoins Wallet использует технологию блокчейн.\nЕсли вы планируете удалить приложение или получить доступ к кошельку с нового устройства, рекомендуем предварительно создать резервную копию.\nИнформация об этом есть на страницеAppCoins Wallet: Answers to your questions."
                }
            ]
        },
        {
            "type": "h2",
            "text": "Вопросы про кошелёк AppCoins​",
            "content": [
                {
                    "type": "paragraph",
                    "text": "Если у вас есть вопросы про проведение платежа, начисление и использование бонусов AppCoins Credits, доступность товаров или управление подписками, которые вы оформляли в иностранных приложениях, обращайтесь в поддержку AppCoins Wallet.\nСделать это можно любым из способов:\nЛибо через приложение AppCoins Wallet: нажмитев правом верхнем углу, а затем — Send us a message снизу.\nЛибо черезпортал поддержки (https://wallet.appcoins.io/faqs?lang=ru-RU)AppCoins Wallet.\nЛибо через поддержку RuStoresupport@rustore.ru (mailto:support@rustore.ru).\nМы передадим ваше обращение в поддержку AppCoins Wallet."
                }
            ]
        },
        {
            "type": "h2",
            "text": "Юридические ссылки​",
            "content": [
                {
                    "type": "paragraph",
                    "text": "Ознакомиться с нормативными документами, на основании которых организован приём платежей в приложениях из иностранного магазина приложений, вы можете по следующим ссылкам:\nОфициальный веб-сайт сервисаhttps://wallet.appcoins.io/ (https://wallet.appcoins.io/)\nПолитика конфиденциальностиhttps://wallet.appcoins.io/legal?document=privacy (https://wallet.appcoins.io/legal?document=privacy)\nУсловия использования сервисаhttps://wallet.appcoins.io/legal?document=terms (https://wallet.appcoins.io/legal?document=terms)"
                }
            ]
        }
    ]
}