{
    "meta": {
        "language": "ru",
        "parse_date": "2024-07-06T19:49:21.960439",
        "current_url": "https://www.rustore.ru/help/sdk/push-notifications/godot/1-4-0/",
        "doc_section": "sdk",
        "h1_text": "SDK push-уведомлений для Godot Engine (версия 1.4.0)"
    },
    "content": [
        {
            "type": "h1",
            "text": "SDK push-уведомлений для Godot Engine (версия 1.4.0)",
            "content": []
        },
        {
            "type": "h2",
            "text": "Условия корректной работы SDK​",
            "content": [
                {
                    "type": "paragraph",
                    "text": "Условия работы push-уведомлений:\nНа устройстве пользователя установлена актуальная версия RuStore.\nПриложение RuStore должно поддерживать функциональность push-уведомлений.\nПриложению RuStore разрешен доступ к работе в фоновом режиме.Без этого разрешения push-уведомления будут приходить, но со значительной задержкой.\nОтпечаток подписи приложения должен совпадать с отпечатком, добавленным вКонсоль RuStore (https://dev.rustore.ru/).\nВерсия Godot 4 или выше."
                }
            ]
        },
        {
            "type": "h2",
            "text": "Пример реализации​",
            "content": [
                {
                    "type": "paragraph",
                    "text": "Ознакомьтесь сприложением-примером, чтобы узнать, как правильно интегрировать SDK push-уведомлений."
                }
            ]
        },
        {
            "type": "h2",
            "text": "Подключение в проект​",
            "content": [
                {
                    "type": "paragraph",
                    "text": "Скопируйте проекты плагина и приложения-примера из официального репозитория RuStore наGitFlic (https://gitflic.ru/project/rustore/rustore-godot-push-example).\nОткройте в вашей IDE проект Android из папкиgodot_plugin_libraries.\nПоместите в папкуgodot_plugin_libraries / libsпакетgodot-lib.xxx.yyy.template_release.aar, где xxx.yyy версия вашей редакции Godot Engine.\nВыполните сборку проекта командойgradle assemble.\nRuStoreGodotPush.gdap;\nRuStoreGodotPush.aar;\nRuStoreGodotCore.gdap;\nRuStoreGodotCore.aar."
                }
            ]
        },
        {
            "type": "admonition",
            "admonition_type": "caution",
            "title": "предупреждение",
            "content": [
                {
                    "type": "paragraph",
                    "text": "Обратите особое внимание, что библиотеки плагинов должны быть собраны под вашу версию Godot Engine.\nСкопируйте содержимое папкиgodot_example / android / pluginsв папкуyour_project / android / plugins.\nСкопируйте с заменой содержимое папкиgodot_example / android / build_exampleв папкуgodot_example / android / build.\nВ пресете сборки Android в списке «Плагины» отметьте «Ru Store Godot Push» и «Ru Store Godot Core»."
                }
            ]
        },
        {
            "type": "h3",
            "text": "Редактирование манифеста приложения​",
            "content": [
                {
                    "type": "paragraph",
                    "text": "В файле манифестаyour_project / android / build / AndroidManifest.xmlобъявите службу, расширяющуюRuStoreMessagingService:"
                }
            ]
        },
        {
            "type": "code",
            "text": "AndroidManifest.xml<serviceandroid:name=\"ru.rustore.godot.pushclient.RuStoreGodotMessagingService\"android:exported=\"true\"tools:ignore=\"ExportedService\"><intent-filter><actionandroid:name=\"ru.rustore.sdk.pushclient.MESSAGING_EVENT\"/></intent-filter></service>"
        },
        {
            "type": "code",
            "text": "AndroidManifest.xml<meta-dataandroid:name=\"ru.rustore.sdk.pushclient.default_notification_icon\"android:resource=\"@drawable/ic_baseline_android_24\"/><meta-dataandroid:name=\"ru.rustore.sdk.pushclient.default_notification_color\"android:resource=\"@color/your_favorite_color\"/>"
        },
        {
            "type": "code",
            "text": "AndroidManifest.xml<meta-dataandroid:name=\"ru.rustore.sdk.pushclient.default_notification_channel_id\"android:value=\"@string/pushes_notification_channel_id\"/>"
        },
        {
            "type": "h3",
            "text": "Запрос разрешения на показ уведомлений в Android 13+​",
            "content": [
                {
                    "type": "paragraph",
                    "text": "В версии Android 13 появилось новое разрешение для отображения push-уведомлений.\nЭто затронет все приложения, которые работают на Android 13 или выше и используют RuStore Push SDK.\nПо умолчанию RuStore Push SDK версии 1.4.0 и выше включает разрешениеPOST_NOTIFICATIONS, определённое в манифесте.\nОднако приложению также нужно запросить это разрешение во время выполнения через константуandroid.permission.POST_NOTIFICATIONS.\nПриложение сможет показывать push-уведомления, только когда пользователь предоставит на это разрешение.\nЗапрос разрешения на показ push-уведомлений:"
                }
            ]
        },
        {
            "type": "code",
            "text": "Activity/Fragment// Declare the launcher at the top of your Activity/Fragment:privatefinalActivityResultLauncher<String>requestPermissionLauncher=registerForActivityResult(newActivityResultContracts.RequestPermission(),isGranted->{if(isGranted){// RuStore Push SDK (and your app) can post notifications.}else{// TODO: Inform user that your app will not show notifications.}});privatevoidaskNotificationPermission(){// This is only necessary for API level>= 33 (TIRAMISU)if(Build.VERSION.SDK_INT>=Build.VERSION_CODES.TIRAMISU){if(ContextCompat.checkSelfPermission(this,Manifest.permission.POST_NOTIFICATIONS)==PackageManager.PERMISSION_GRANTED){// RuStore Push SDK (and your app) can post notifications.}elseif(shouldShowRequestPermissionRationale(Manifest.permission.POST_NOTIFICATIONS)){// TODO: display an educational UI explaining to the user the features that will be enabled//       by them granting the POST_NOTIFICATION permission. This UI should provide the user//       \"OK\" and \"No thanks\" buttons. If the user selects \"OK,\" directly request the permission.//       If the user selects \"No thanks,\" allow the user to continue without notifications.}else{// Directly ask for the permissionrequestPermissionLauncher.launch(Manifest.permission.POST_NOTIFICATIONS);}}}"
        },
        {
            "type": "h2",
            "text": "Инициализация​",
            "content": [
                {
                    "type": "paragraph",
                    "text": "Для инициализации понадобитсяидентификатор проекта изRuStore Консоль. Чтобы получить его, на странице приложения перейдите в раздел «Push-уведомления» — «Проекты» и скопируйте значение в поле «ID проекта»."
                }
            ]
        },
        {
            "type": "h3",
            "text": "Инициализация SDK push-уведомлений​",
            "content": [
                {
                    "type": "paragraph",
                    "text": "Добавьте вAndroidManifest.xmlследующий код:"
                }
            ]
        },
        {
            "type": "code",
            "text": "AndroidManifest.xml<meta-dataandroid:name=\"ru.rustore.sdk.pushclient.project_id\"android:value=\"i5UTx96jw6c1C9LvdlE4cdNrWHMNyRBt\"/><meta-dataandroid:name=\"ru.rustore.sdk.pushclient.params_class\"android:value=\"com.godot.game.GodotPushClientParams\"/>",
            "content": [
                {
                    "type": "paragraph",
                    "text": "projectId—идентификатор проекта изRuStore Консоль (https://console.rustore.ru/waiting). Чтобы получить его, на странице приложения перейдите в раздел «Push-уведомления» — «Проекты» и скопируйте значение в поле «ID проекта».\n(опционально)com.godot.game.GodotPushClientParams— полное имя класса своей реализацииRuStoreGodotPushClientParams.\nПараметр нужен для указания дополнительных параметров инициализации push-клиента."
                }
            ]
        },
        {
            "type": "code",
            "text": "GodotPushClientParams.javapackagecom.godot.game;importandroid.content.Context;importcom.vk.push.common.clientid.ClientId;importcom.vk.push.common.clientid.ClientIdCallback;importcom.vk.push.common.clientid.ClientIdType;importandroidx.annotation.NonNull;importandroidx.annotation.Nullable;importru.rustore.godot.pushclient.RuStoreGodotLogger;importru.rustore.godot.pushclient.RuStoreGodotPushClientParams;importru.rustore.sdk.pushclient.common.logger.Logger;publicclassGodotPushClientParamsextendsRuStoreGodotPushClientParams{publicfinalClientIdTypeCLIENT_ID_TYPE=ClientIdType.GAID;publicfinalStringCLIENT_ID_VALUE=\"your_gaid_or_oaid\";publicGodotPushClientParams(Contextcontext){super(context);}@NonNull@OverridepublicLoggergetLogger(){returnRuStoreGodotLogger.INSTANCE;}@OverridepublicbooleangetTestModeEnabled(){returnfalse;}@Nullable@OverridepublicClientIdCallbackgetClientIdCallback(){return()->newClientId(CLIENT_ID_VALUE,CLIENT_ID_TYPE);}}"
        },
        {
            "type": "admonition",
            "admonition_type": "caution",
            "title": "предупреждение",
            "content": [
                {
                    "type": "paragraph",
                    "text": "В реализации классаAbstractRuStorePushClientParamsдолжен быть только один конструктор с одним аргументомContext.\nРучной вызовRuStorePushClient.init()после автоматической инициализации будет проигнорирован."
                }
            ]
        },
        {
            "type": "h3",
            "text": "Инициализация плагина​",
            "content": [
                {
                    "type": "paragraph",
                    "text": "Перед вызовом методов библиотеки необходимо создать объект клиента push-уведомленийRuStoreGodotPushClient. Для инициализации клиента выполните методinit."
                }
            ]
        },
        {
            "type": "code",
            "text": "Создание клиентаvar_push_client:RuStoreGodotPushClient=nullfunc _ready:_push_client=RuStoreGodotPushClient.get_instance()_push_client.init()"
        },
        {
            "type": "h3",
            "text": "Логирование событий​",
            "content": [
                {
                    "type": "paragraph",
                    "text": "Если вам необходимо логировать события библиотеки push-уведомлений, реализуйте в вашем наследникеRuStoreGodotPushClientParamsметодgetLogger. МетодgetLoggerдолжен возвращать объект реализующий интерфейсLogger."
                }
            ]
        },
        {
            "type": "code",
            "text": "Интерфейс LoggerinterfaceLogger{funverbose(message:String,throwable:Throwable?=null)fundebug(message:String,throwable:Throwable?=null)funinfo(message:String,throwable:Throwable?=null)funwarn(message:String,throwable:Throwable?=null)funerror(message:String,throwable:Throwable?=null)funcreateLogger(tag:String):Logger}"
        },
        {
            "type": "code",
            "text": "Пример реализации логгераpublicclassDefaultLogger(privateval tag:String?=null,):Logger{override funverbose(message:String,throwable:Throwable?){Log.v(tag,message,throwable)}override fundebug(message:String,throwable:Throwable?){Log.d(tag,message,throwable)}override funinfo(message:String,throwable:Throwable?){Log.i(tag,message,throwable)}override funwarn(message:String,throwable:Throwable?){Log.w(tag,message,throwable)}override funerror(message:String,throwable:Throwable?){Log.e(tag,message,throwable)}override funcreateLogger(tag:String):Logger{val newTag=if(this.tag!=null){\"${this.tag}:$tag\"}else{tag}returnDefaultLogger(newTag)}}"
        },
        {
            "type": "code",
            "text": "Метод getLogger@NonNull@OverridepublicLoggergetLogger(){returnDefaultLogger(\"your_tag\");}"
        },
        {
            "type": "code",
            "text": "Метод getLoggerimportru.rustore.godot.pushclient.RuStoreGodotLogger;@NonNull@OverridepublicLoggergetLogger(){returnRuStoreGodotLogger.INSTANCE;}"
        },
        {
            "type": "code",
            "text": "События on_log_*func _ready:# Инициализация _push_client_push_client.on_log_verbose.connect(_on_log_verbose)_push_client.on_log_debug.connect(_on_log_debug)_push_client.on_log_info.connect(_on_log_info)_push_client.on_log_warn.connect(_on_log_warn)_push_client.on_log_error.connect(_on_log_error)func_on_log_verbose(message:String):passfunc_on_log_debug(message:String):passfunc_on_log_info(message:String):passfunc_on_log_warn(message:String):passfunc_on_log_error(message:String):pass",
            "content": [
                {
                    "type": "paragraph",
                    "text": "message— сообщение лога."
                }
            ]
        },
        {
            "type": "code",
            "text": "Вызов метода init_logger_push_client.init_logger()"
        },
        {
            "type": "h3",
            "text": "Работа с сегментами пользователей​",
            "content": [
                {
                    "type": "paragraph",
                    "text": "Сегмент — это группа пользователей, которых вы выбираете по определенным параметрам.\nНапример, пользователи, которые приносят наибольший доход, или пользователи со старой версией Android.\nПодробности о сегментах — в документацииMyTracker.\nЧтобы начать работу с сегментами, укажитеClientIdTypeиClientIdValueпри инициализации SDK:"
                }
            ]
        },
        {
            "type": "code",
            "text": "GodotPushClientParams.javapackagecom.godot.game;importandroid.content.Context;importcom.vk.push.common.clientid.ClientId;importcom.vk.push.common.clientid.ClientIdCallback;importcom.vk.push.common.clientid.ClientIdType;importandroidx.annotation.NonNull;importandroidx.annotation.Nullable;importru.rustore.godot.pushclient.RuStoreGodotLogger;importru.rustore.godot.pushclient.RuStoreGodotPushClientParams;importru.rustore.sdk.pushclient.common.logger.Logger;publicclassGodotPushClientParamsextendsRuStoreGodotPushClientParams{publicfinalClientIdTypeCLIENT_ID_TYPE=ClientIdType.GAID;publicfinalStringCLIENT_ID_VALUE=\"your_gaid_or_oaid\";publicGodotPushClientParams(Contextcontext){super(context);}@NonNull@OverridepublicLoggergetLogger(){returnRuStoreGodotLogger.INSTANCE;}@OverridepublicbooleangetTestModeEnabled(){returnfalse;}@Nullable@OverridepublicClientIdCallbackgetClientIdCallback(){return()->newClientId(CLIENT_ID_VALUE,CLIENT_ID_TYPE);}}",
            "content": [
                {
                    "type": "paragraph",
                    "text": "CLIENT_ID_TYPE— тип идентификатора:ClientIdType.GAID— рекламный идентификатор Google;ClientIdType.OAID— рекламный идентификатор Huawei.\nCLIENT_ID_VALUE— значение идентификатора."
                }
            ]
        },
        {
            "type": "h2",
            "text": "Проверка возможности получать push-уведомления​",
            "content": [
                {
                    "type": "paragraph",
                    "text": "Условия работы push-уведомлений приведены в разделеУсловия корректной работы SDK.\nПеред использованием метода единожды выполните подписку на события:\non_check_push_availability_success;\non_check_push_availability_failure."
                }
            ]
        },
        {
            "type": "code",
            "text": "Подписка на событияfunc_ready():# Инициализация _push_client_push_client.on_check_push_availability_success.connect(_on_check_push_availability_success)_push_client.on_check_push_availability_failure.connect(_on_check_push_availability_failure)func_on_check_push_availability_success(result:RuStoreFeatureAvailabilityResult):passfunc_on_check_push_availability_failure(error:RuStoreError):pass"
        },
        {
            "type": "code",
            "text": "Вызов метода check_push_availability_push_client.check_push_availability()",
            "content": [
                {
                    "type": "paragraph",
                    "text": "Обратный вызов (callback)on_check_push_availability_successвозвращает объектRuStoreFeatureAvailabilityResultс информацией о доступности сервиса."
                }
            ]
        },
        {
            "type": "code",
            "text": "Класс RuStoreFeatureAvailabilityResultclass_nameRuStoreFeatureAvailabilityResultextendsObjectvarisAvailable:bool=falsevarcause:RuStoreError=nullfunc_init(json:String=\"\"):ifjson!=\"\":varobj=JSON.parse_string(json)isAvailable=obj[\"isAvailable\"]ifobj.has(\"cause\"):varjcause=JSON.stringify(obj[\"cause\"])cause=RuStoreError.new(jcause)",
            "content": [
                {
                    "type": "paragraph",
                    "text": "isAvailable— выполнение условий приёма push-уведомлений:true— условия выполнены;false— условия не выполнены.\ncause— информация об ошибке. Структура классаRuStoreErrorи все возможные ошибки описаны в разделеОбработка ошибок (https://rustore.ru/help#errors)\nОбратный вызов (callback)on_check_push_availability_failureвозвращает объектRuStoreErrorсо всеми прочими ошибками, например, — «Нет соединения с интернетом». Структура классаRuStoreErrorописана в разделеОбработка ошибок (https://rustore.ru/help#errors)."
                }
            ]
        },
        {
            "type": "h2",
            "text": "Методы для работы с push-токеном​",
            "content": []
        },
        {
            "type": "h3",
            "text": "Получение push-токена пользователя​",
            "content": []
        },
        {
            "type": "admonition",
            "admonition_type": "caution",
            "title": "предупреждение",
            "content": [
                {
                    "type": "paragraph",
                    "text": "Если у пользователя нет push-токена, метод создаст и вернёт новый push-токен.\nПеред использованием метода единожды выполните подписку на события:\non_get_token_success;\non_get_token_failure."
                }
            ]
        },
        {
            "type": "code",
            "text": "Подписка на событияfunc_ready():# Инициализация _push_client_push_client.on_get_token_success.connect(_on_get_token_success)_push_client.on_get_token_failure.connect(_on_get_token_failure)func_on_get_token_success(data:String):passfunc_on_get_token_failure(error:RuStoreError):pass"
        },
        {
            "type": "code",
            "text": "Вызов метода get_token_push_client.get_token()",
            "content": [
                {
                    "type": "paragraph",
                    "text": "Обратный вызов (callback)on_get_token_successвозвращает строку с информацией о текущем push-токене.\nОбратный вызов (callback)on_get_token_failureвозвращает объектRuStoreErrorс информацией об ошибке. Структура классаRuStoreErrorописана в разделеОбработка ошибок (https://rustore.ru/help#errors)."
                }
            ]
        },
        {
            "type": "h3",
            "text": "Удаление push-токена пользователя​",
            "content": [
                {
                    "type": "paragraph",
                    "text": "Перед использованием метода единожды выполните подписку на события:\non_delete_token_success;\non_delete_token_failure."
                }
            ]
        },
        {
            "type": "code",
            "text": "Подписка на событияfunc_ready():# Инициализация _push_client_push_client.on_delete_token_success.connect(_on_delete_token_success)_push_client.on_delete_token_failure.connect(_on_delete_token_failure)func_on_delete_token_success():passfunc_on_delete_token_failure(error:RuStoreError):pass"
        },
        {
            "type": "code",
            "text": "Вызов метода delete_token_push_client.delete_token()"
        },
        {
            "type": "h2",
            "text": "Методы для работы с push-топиком​",
            "content": []
        },
        {
            "type": "h3",
            "text": "Подписка на push-уведомления по топику​",
            "content": [
                {
                    "type": "paragraph",
                    "text": "Перед использованием метода единожды выполните подписку на события:\non_subscribe_to_topic_success;\non_subscribe_to_topic_failure."
                }
            ]
        },
        {
            "type": "code",
            "text": "Подписка на событияfunc_ready():# Инициализация _push_client_push_client.on_subscribe_to_topic_success(_on_subscribe_to_topic_success)_push_client.on_subscribe_to_topic_failure(_on_subscribe_to_topic_failure)func_on_subscribe_to_topic_success():passfunc_on_subscribe_to_topic_failure(error:RuStoreError):pass"
        },
        {
            "type": "code",
            "text": "Вызов метода subscribe_to_topicconstTOPIC_NAME=\"hello\"_push_client.subscribe_to_topic(TOPIC_NAME)",
            "content": [
                {
                    "type": "paragraph",
                    "text": "TOPIC_NAME— имя топика."
                }
            ]
        },
        {
            "type": "h3",
            "text": "Отписка от push-уведомлений по топику​",
            "content": [
                {
                    "type": "paragraph",
                    "text": "Перед использованием метода единожды выполните подписку на события:\non_unsubscribe_from_topic_success;\non_unsubscribe_from_topic_failure."
                }
            ]
        },
        {
            "type": "code",
            "text": "Подписка на событияfunc_ready():# Инициализация _push_client_push_client.on_unsubscribe_from_topic_success(_on_unsubscribe_from_topic_success)_push_client.on_unsubscribe_from_topic_failure(_on_unsubscribe_from_topic_failure)func_on_unsubscribe_from_topic_success():passfunc_on_unsubscribe_from_topic_failure(error:RuStoreError):pass};"
        },
        {
            "type": "code",
            "text": "Вызов метода unsubscribe_from_topicconstTOPIC_NAME=\"hello\"_push_client.unsubscribe_from_topic(TOPIC_NAME)",
            "content": [
                {
                    "type": "paragraph",
                    "text": "TOPIC_NAME— имя топика."
                }
            ]
        },
        {
            "type": "h2",
            "text": "Получение данных от RuStore SDK​",
            "content": [
                {
                    "type": "paragraph",
                    "text": "Чтобы получать данные push-уведомлений от RuStore SDK, после создания клиента и инициализации единожды выполните подписку на события:\non_new_token;\non_message_received;\non_deleted_messages;\non_error."
                }
            ]
        },
        {
            "type": "code",
            "text": "Подписка на событияfunc _ready:# Инициализация _push_client_push_client.on_new_token.connect(_on_new_token)_push_client.on_message_received.connect(_on_message_received)_push_client.on_deleted_messages.connect(_on_deleted_messages)_push_client.on_error.connect(_on_error)func_on_new_token(data:String):passfunc_on_message_received(data:Dictionary):passfunc_on_deleted_messages():passfunc_on_error(errors:Array):pass"
        },
        {
            "type": "table",
            "headers": [
                "Название метода",
                "Описание"
            ],
            "rows": [
                [
                    {
                        "text": "on_new_token",
                        "links": []
                    },
                    {
                        "text": "Метод вызывается при получении нового push-токена.\nПосле вызова этого метода ваше приложение становится ответственно за передачу нового push-токена на свой сервер.\nМетод возвращает значение нового токена.",
                        "links": []
                    }
                ],
                [
                    {
                        "text": "on_message_received",
                        "links": []
                    },
                    {
                        "text": "Метод вызывается при получении нового push-уведомления.\n< p/>\nЕсли в объекте notification есть данные, RuStore SDK самостоятельно отображает уведомление.\nЕсли вы не хотите этого, используйте объект data , а notification оставьте пустым.\nМетод вызывается в любом случае.\n< p/>\nПолучить payload push-уведомления можно из поля data[data] .",
                        "links": []
                    }
                ],
                [
                    {
                        "text": "on_deleted_messages",
                        "links": []
                    },
                    {
                        "text": "Метод вызывается, если один или несколько push-уведомлений не доставлены на устройство.\nНапример, если время жизни уведомления истекло до момента доставки.\n< p/>\nПри вызове этого метода рекомендуется синхронизироваться со своим сервером, чтобы не пропустить данные.",
                        "links": []
                    }
                ],
                [
                    {
                        "text": "on_error",
                        "links": []
                    },
                    {
                        "text": "Метод вызывается, если в момент инициализации возникает ошибка.\nОн возвращает массив объектов с ошибками.\n< p/>\nВозможные ошибки: UnauthorizedException — пользователь не авторизован в RuStore. HostAppNotInstalledException — RuStore отсутствует на устройстве пользователя. HostAppBackgroundWorkPermissionNotGranted — у RuStore нет разрешения на работу в фоне. Все возможные ошибки описаны в разделе Обработка ошибок .",
                        "links": [
                            {
                                "text": "Обработка ошибок",
                                "url": "https://rustore.ru/help#errors"
                            }
                        ]
                    }
                ]
            ]
        },
        {
            "type": "h3",
            "text": "Структура уведомления​",
            "content": []
        },
        {
            "type": "code",
            "text": "Структура полного уведомленияfunc_on_message_received(data:Dictionary):print(\"messageId: \"+data[\"messageId\"])print(\"priority: \"+data[\"priority\"])print(\"ttl: \"+data[\"ttl\"])print(\"collapseKey: \"+data[\"collapseKey\"])print(\"data: \"+data[\"data\"])print(\"rawData: \"+data[\"rawData\"])",
            "content": [
                {
                    "type": "paragraph",
                    "text": "messageId— уникальный ID сообщения. Является идентификатором каждого сообщения.\npriority— возвращает значение приоритетности (на данный момент не учитывается).Сейчас заложены следующие варианты:0—UNKNOWN.1—HIGH.2—NORMAL.< p/>\nttl— время жизни push-уведомления типаIntв секундах.\nfrom— поле, по которому можно понять, откуда пришло уведомление:\n< p/>Для уведомлений, отправленных в топик, в поле отображается имя топика.В других случаях — часть вашего сервисного токена.< p/>\ncollapseKey— идентификатор группы уведомлений (на данный момент не учитывается).\ndata— словарь, в который можно передать дополнительные данные для уведомления.\nrawData— словарьdataв виде массива байтов.\nnotification— объект уведомления."
                }
            ]
        },
        {
            "type": "code",
            "text": "Структура объекта Notificationfunc_on_message_received(data:Dictionary):print(\"title: \"+data[\"notification_title\"])print(\"body: \"+data[\"notification_body\"])print(\"channelId: \"+data[\"notification_channelId\"])print(\"color: \"+data[\"notification_color\"])print(\"icon: \"+data[\"notification_icon\"])print(\"clickAction: \"+data[\"notification_clickAction\"])print(\"imageUrl: \"+data[\"notification_imageUrl\"])",
            "content": [
                {
                    "type": "paragraph",
                    "text": "title— заголовок уведомления.\nbody— тело уведомления\nchannelId— возможность задать канал, в который отправится уведомление. Актуально для Android 8.0 и выше.\nimageUrl— прямая ссылка на изображение для вставки в уведомление. Изображение должно быть не более 1 Мбайт.\ncolor— цвет уведомления в HEX-формате, строкой. Например,#0077FF.\nicon— значок уведомления изres/drawableв формате строки, которая совпадает с названием ресурса.\n< p/>\nНапример, вres/drawableесть значокsmall_icon.xml, который доступен в коде черезR.drawable.small_icon.\nЧтобы значок отображался в уведомлении, сервер должен указать в параметреiconзначениеsmall_icon.\n< p/>\nclickAction—intent action, с помощью которого будет открыта активити при клике на уведомление."
                }
            ]
        },
        {
            "type": "h3",
            "text": "Создание канала для отправки уведомления​",
            "content": [
                {
                    "type": "paragraph",
                    "text": "Для канала, в который отправляется уведомление, действует следующий приоритет:\nЕсли в push-уведомлении есть полеchannelId, RuStore SDK отправит уведомление в указанный канал.\nВаше приложение должно создать этот канал заранее.\nЕсли в push-уведомлении нет поляchannelId, но ваше приложение указало параметр с каналом вAndroidManifest.xml, используется указанный канал.\nВаше приложение должно создать этот канал заранее.\nЕсли в push-уведомлении нет поляchannelId, и канал по умолчанию не задан вAndroidManifest.xml, RuStore SDK создаст канал и отправит уведомление в него.\nВ дальнейшем все уведомления без явного указания канала будут отправляться в этот канал."
                }
            ]
        },
        {
            "type": "h3",
            "text": "Открытие activity при нажатии на уведомление​",
            "content": [
                {
                    "type": "paragraph",
                    "text": "По умолчанию, если нажать на уведомление, RuStore SDK откроет activity сactionandroid.intent.action.MAIN.\nЕсли есть полеclickAction, RuStore SDK откроет activity, которая попадает подIntent filterс указаннымaction.\nДобавьте строку<category android:name=\"android.intent.category.DEFAULT\" />в манифесте приложения в соответствующем элементе<intent-filter>у activity.\nЭто нужно, чтобы при нажатии на уведомление по умолчанию открывалась activity.\nБез этой строки в RuStore SDK activity не откроется.\nЧтобы SDK смог открыть game activity без перезагрузки игры, нужно очиститьintentпри переходе в приложение после нажатия на push-уведомление.\nДля этого:\nПерейдите в папкуyour_project / android / build / src / com /godot / game.\nСоздайте классGodotPushApp, наследникаFullScreenGodotApp:Пример реализации GodotPushApppackagecom.godot.game;importorg.godotengine.godot.FullScreenGodotApp;importandroid.os.Bundle;publicclassGodotPushAppextendsFullScreenGodotApp{@OverridepublicvoidonCreate(BundlesavedInstanceState){setTheme(R.style.GodotAppMainTheme);super.onCreate(savedInstanceState);}}\nИзмените классGodotApp:Пример реализации GodotApppackagecom.godot.game;importandroid.content.Intent;importandroid.os.Bundle;importandroidx.appcompat.app.AppCompatActivity;publicclassGodotAppextendsAppCompatActivity{@OverridepublicvoidonCreate(BundlesavedInstanceState){setTheme(R.style.GodotAppMainTheme);super.onCreate(savedInstanceState);/*** Processing intenss here*/IntentnewIntent=newIntent(this,GodotPushApp.class);startActivity(newIntent);finish();}}\nДобавьте информацию об activityGodotPushAppв манифестyour_project / android / build / AndroidManifest.xml."
                }
            ]
        },
        {
            "type": "code",
            "text": "AndroidManifest.xml<activityandroid:name=\"com.godot.game.GodotPushApp\"android:label=\"@string/godot_project_name_string\"android:theme=\"@style/GodotAppSplashTheme\"android:launchMode=\"singleInstance\"android:excludeFromRecents=\"false\"android:exported=\"true\"android:screenOrientation=\"sensor\"android:configChanges=\"orientation|keyboardHidden|screenSize|smallestScreenSize|density|keyboard|navigation|screenLayout|uiMode\"android:resizeableActivity=\"false\"tools:ignore=\"UnusedAttribute\"></activity>",
            "content": [
                {
                    "type": "paragraph",
                    "text": "Изменитеandroid:launchMode=\"singleInstance\"наandroid:launchMode=\"singleTask\"в activityandroid:name=\".GodotApp\"."
                }
            ]
        },
        {
            "type": "h2",
            "text": "Обработка ошибок​",
            "content": []
        },
        {
            "type": "code",
            "text": "Структура ошибкиclass_name RuStoreError extends Objectvar description:Stringfunc _init(json:String=\"\"):ifjson==\"\":description=\"\"else:var obj=JSON.parse_string(json)description=obj[\"detailMessage\"]",
            "content": [
                {
                    "type": "paragraph",
                    "text": "description— описание ошибки.\nRuStoreNotInstalledException— на устройстве пользователя не установлен RuStore.\nRuStoreOutdatedException— версия RuStore, установленная на устройстве пользователя, не поддерживает push-уведомления.\nRuStoreUserUnauthorizedException— пользователь не авторизован в RuStore.\nRuStoreFeatureUnavailableException— RuStore не имеет разрешения на работу в фоне.\nRuStoreException— базовая ошибка RuStore, от которой наследуются остальные ошибки."
                }
            ]
        },
        {
            "type": "h2",
            "text": "См. также​",
            "content": [
                {
                    "type": "paragraph",
                    "text": "Отправка push-уведомлений (API) (https://rustore.ru/help/sdk/push-notifications/send-push-notifications)\nОтправка push-уведомлений по топикам (API) (https://rustore.ru/help/sdk/push-notifications/topic-notifications)\nРабота с сегментами пользователей (API) (https://rustore.ru/help/sdk/push-notifications/work-with-segments-push-api)"
                }
            ]
        }
    ]
}