{
    "meta": {
        "language": "ru",
        "parse_date": "2024-07-06T19:41:42.057483",
        "current_url": "https://www.rustore.ru/help/legal/developers-offer/",
        "doc_section": "",
        "h1_text": "Условия приёма платежей для Разработчиков"
    },
    "content": [
        {
            "type": "h1",
            "text": "Условия приёма платежей для Разработчиков",
            "content": [
                {
                    "type": "paragraph",
                    "text": "ПРЕАМБУЛА\nНастоящие Условия приема Платежей для Разработчиков («Условия») регламентируют взаимоотношения между Разработчиком, являющимся зарегистрированным в РФ юридическим лицом, индивидуальным предпринимателем или Самозанятым и регистрирующимся на Сервисе RuStore (https://console.rustore.ru), и Компанией.\nНастоящие Условия должны рассматриваться совместно с Пользовательским соглашением RuStore (https://rustore.ru/help/legal/terms-of-use), Политикой конфиденциальности RuStore для Разработчиков (https://rustore.ru/help/legal/privacy-policy-developers) и Соглашением RuStore о распространении программных продуктов (https://rustore.ru/help/legal/developers-agreement). В случае, если в настоящих Условиях упоминаются термины, не определенные в Условиях, следует руководствоваться определениями терминов, используемыми в перечисленных выше документах.\n1.       УСЛОВИЯ И ИХ АКЦЕПТ\n1.1.  Условия представляют собой подробное описание условий и порядка организации приёма, распределения, перечисления в пользу Разработчика, а также возврата Платежей Пользователей на условиях, предусмотренных в той версии Условий, которая размещена по ссылке:https://rustore.ru/help/legal_info/developers_offer, на дату показа Условий Разработчику на RuStore в Личном кабинете Разработчика.\n1.2.  Предложение подключения Системы приёма платежей на настоящих Условиях действительно до тех пор, пока Разработчику предоставлена такая техническая возможность на RuStore в Личном кабинете Разработчика.\n1.3.  Для Разработчика, являющегося юридическим лицом или индивидуальным предпринимателем, предложение Компании считается принятым в момент, когда Разработчик отправляет Компании заполненное Заявление о присоединении к Правилам Системы и использовании Системы SmartMarket (нажимает кнопку «Подписать Заявление» в Личном кабинете на RuStore) («Заявление о присоединении»), и применяется в дальнейшем ко всем Продуктам, которые Разработчик размещает на RuStore.\n1.4. Для Разработчика, являющегося Самозанятым, предложение Компании считается принятым в момент, когда Разработчик в Личном кабинете на RuStore в разделе «Монетизация» (после регистрации/авторизации посредством Сервиса «VK Pay Самозанятые» в качестве Самозанятого) подтверждает своё ознакомление и согласие с настоящими Условиями и Соглашением RuStore о распространении программных продуктов (нажимает кнопку «Согласиться с условиями») и подключает функционал по приёму платежей (нажимает кнопку «Добавить карту»).\n2.       ОПРЕДЕЛЕНИЯ\n2.1.  «API» означает набор процедур, функций и структур RuStore, на котором Продукт Разработчика будет распространяться, который должен быть встроен в Продукт для целей обеспечения совместимости Продукта с RuStore и интеграции в Продукт Системы приема платежей.\n2.2.  «Доход Разработчика» означает общую сумму Платежей Пользователей, фактически полученных Компанией в пользу Разработчика в Отчетном периоде, включая суммы применимых Налогов, возвратов, отмененных Платежей и Мошеннических платежей.\n2.3.  «Компания» означает ООО «ВК», ОГРН: 1027739850962, зарегистрированное по адресу: 125167, город Москва, Ленинградский пр-кт, д. 39 стр. 79.\n2.4.  «Мошеннические платежи» означает любые Платежи, совершенные в нарушение законодательства Российской Федерации, а также аннулированные, ошибочные и(или) отозванные Платежи. Согласно правилам платежных систем Платеж может быть опротестован/аннулирован/отозван Пользователем в срок до 120 дней с даты совершения операции по оплате. Тем не менее, сумма Мошеннических платежей, вычтенная из Дохода Разработчика, не должна превышать 3% (трех процентов) от суммы Дохода Разработчика за соответствующий Отчетный период.\n2.5.  «Налоги» означает в совокупности все федеральные, местные и зарубежные подоходные налоги, включая налоги на доходы физических лиц и иные аналогичные налоги, налог на профессиональный доход (для Самозанятых), налог на прибыль, налог на концессию, налог на валовую выручку, экологический налог, таможенный сбор, налог на капитал, выходной налог, гербовый сбор, налог с заработной платы, налог с продаж, налог на цифровые услуги, трудовой налог, оккупационный налог, адвалорный налог, трансфертный налог, налог на пользование, налог на имущество, акцизный налог, налог на добычу, налог на добавленную стоимость, налог на размещение и любые другие налоги, пошлины или оценки любого характера, независимо от налога, а также все и любые связанные штрафы и пени, возникающие в результате или в связи с уплатой, просрочкой платежа, неуплатой вышеуказанных налогов.\n2.6.  «Отчетный период» означает один календарный месяц.\n2.7.   «Платеж» означает денежные средства, уплаченные Пользователем Разработчику за использование Продукта или при использовании Продукта, в том числе, помимо прочего, за предоставление доступа к контенту/товарам/услугам («товар»).\n2.8.  «Платежные системы» означает юридических лиц - кредитных учреждений и(или) операторов мобильной связи, а также других лиц, принимающих участие в приеме и переводе Платежей на основании договоров, заключенных с Компанией.\n2.9.  «Рабочий день» означает любой день, кроме субботы, воскресенья, выходного, нерабочего или праздничного дня в Российской Федерации.\n2.10.      «Разработчик» или «Вы» означает любое юридическое лицо, индивидуального предпринимателя, Самозанятого (физическое лицо или индивидуальный предприниматель, применяющий специальный налоговый режим «Налог на профессиональный доход»), имеющих возможность подключить Систему приёма платежей в Личном кабинете на RuStore на настоящих Условиях. Настоящие Условия не применяются и не могут быть приняты физическим лицом, которое действует не от имени какого-либо юридического лица, индивидуального предпринимателя или которое не зарегистрировано в качестве Самозанятого.\n2.11.      «Система приема платежей» означает систему по сбору и распределению платежей, принадлежащую ООО «СалютДевайсы», ОГРН 1197746592394, адрес: 121170, г. Москва, Кутузовский проспект, дом 32, кабинет 6.24 («SDevices»). Правила Системы приёма платежей размещены в сети Интернет по адресу:https://sberdevices.ru/legal/payment_terms(«Правила Системы»).\n2.12.       «Сервис «VK PayСамозанятые»» означает комплекс услуг для Самозанятых, оказываемый РНКО «ВК Платёжные решения» (ООО), ОГРН 1127711000042, адрес: РФ, 125167, Москва, Ленинградский проспект, дом 39, стр. 79 («Оператор СервисаVK PayСамозанятые») на условиях, размещенных в сети Интернет по адресу:https://money.mail.ru/img/vkpay_self_employed.pdf(«Условия СервисаVK PayСамозанятые»).\n2.13. «Стороны» означает совместно Компанию и Разработчика. «Сторона» означает Компанию или Разработчика.\nВ настоящих Условиях могут быть использованы термины, не определенные в разделе 2 Условий. В этом случае толкование такого термина производится в соответствии с текстом Соглашения RuStore о распространении программных продуктов. В случае отсутствия однозначного толкования термина в тексте вышеуказанного Соглашения следует руководствоваться толкованием термина, определенным применимым законодательством или сложившимся (общеупотребимым) в сети Интернет.\n3.       ПОРЯДОК ОКАЗАНИЯ УСЛУГ\n3.1.  Согласно настоящим Условиям и во исполнение Соглашения RuStore о распространении программных продуктов Компания, действующая в качестве агента Разработчика и по его поручению, осуществляет для Разработчика организацию приёма безналичных Платежей от Пользователей с использованием Системы приема платежей в пользу Разработчика, а также перечисление денежных средств, возвращаемых Пользователям в случаях, предусмотренных настоящими Условиями и Правилами Системы.\n3.2.  Компания имеет право для оказания Услуг, действуя от своего имени и за свой счет, привлекать субагентов, в частности SDevices. SDevices организует выполнение поручений Компании по организации приёма Платежей на условиях Правил Системы.\n3.3.  Подписывая Заявление о присоединении, Разработчик, являющийся юридическим лицом или индивидуальным предпринимателем, подтверждает, что он ознакомлен, согласен и принимает (присоединяется) в полном объеме Правила Системы.\n3.4. В целях организации процесса перечисления Дохода Разработчика для Самозанятых Компания предоставляет Разработчикам возможность зарегистрироваться в качестве Самозанятого или подтвердить свой статус Самозанятого через Сервис VK Pay Самозанятые, услуги которого предоставляются Оператором Сервиса VK Pay Самозанятые на Условиях Сервиса VK Pay Самозанятые.\n3.5. Компания предоставляет Разработчику возможность использования системы статистики Компании, являющуюся разделом в Личном кабинете Разработчика на RuStore («Система Статистики»), для доступа к обобщенной информации о количестве, сумме, дате/времени поступивших Платежей и возвратов. При использовании Системы Статистики передача персональных данных Пользователей между Компанией и Разработчиком отсутствует.\n3.6. Все взаимоотношения, связанные с использованием Продуктов и реализацией товара, возникают непосредственно между Разработчиком и Пользователем.\n3.7.  Компания не гарантирует соответствие Системы приема платежей требованиям и ожиданиям Разработчиков и/или Пользователей, но Компания обязуется обязать SDevices прикладывать максимально возможные экономически обоснованные усилия для обеспечения надлежащей работоспособности Системы приема платежей.\n4.       ОБЯЗАТЕЛЬСТВА РАЗРАБОТЧИКА\n4.1.  В дополнение к иному указанному в настоящих Условиях, Разработчик обязан:\n4.1.1.            Присоединиться к Правилам Системы (для Разработчиков, являющихся юридическими лицами или индивидуальными предпринимателями) и предоставить Компании для целей исполнения поручения по организации приёма безналичных платежей с использованием Системы приёма платежей действительную актуальную достоверную информацию, необходимую для оказания Услуг, а именно:\nнаименование Разработчика (наименование юридического лица в соответствии с Уставом, (полное и сокращенное наименования)/наименование Индивидуального предпринимателя)/ФИО Самозанятого;\nИНН Разработчика / КПП Разработчика (если применимо);\nбанковские реквизиты Разработчика (расчетный счет, БИК банка, наименование банка, корреспондентский счет банка в ЦБ РФ) – для Разработчиков, являющихся юридическими лицами или индивидуальными предпринимателями, или иные реквизиты/инструменты, дающие возможность удаленного пополнения банковского счета Разработчика.\nнаименование товара;\nставка НДС;\nцена товара;\nнаименование Разработчика (как юридического лица или индивидуального предпринимателя) / ФИО Самозанятого;\nИНН Разработчика;\nиные данные, которые в соответствии с законодательством РФ должны быть указаны в кассовом чеке.\nлибо путём обращения Пользователей к Разработчику через службу поддержки RuStore;\nлибо с использованием методов возврата платежей, предоставляемых SDevices;\nлибо с использованием функциональности раздела «Управление платежами» в Личном кабинете Разработчика на RuStore."
                }
            ]
        }
    ]
}