{
    "meta": {
        "language": "ru",
        "parse_date": "2024-07-06T19:57:02.718905",
        "current_url": "https://www.rustore.ru/help/sdk/rustore-geo/search-and-geocoding-services/search-places-of-interest/",
        "doc_section": "sdk",
        "h1_text": "Поиск мест интереса"
    },
    "content": [
        {
            "type": "h1",
            "text": "Поиск мест интереса",
            "content": [
                {
                    "type": "paragraph",
                    "text": "Поиск интересных мест и достопримечательностей— это сервис, который позволяет осуществлять поиск мест интереса и дополнительной информации о них.\n/places— точка вызова сервиса поиска мест интереса и получения дополнительной информации о них."
                }
            ]
        },
        {
            "type": "h2",
            "text": "Запрос​",
            "content": []
        },
        {
            "type": "h3",
            "text": "Обязательные параметры запроса​",
            "content": []
        },
        {
            "type": "table",
            "headers": [
                "Имя поля",
                "Формат",
                "Описание",
                "Пример"
            ],
            "rows": [
                [
                    {
                        "text": "api_key",
                        "links": []
                    },
                    {
                        "text": "hex-string",
                        "links": []
                    },
                    {
                        "text": "Доступ к сервисам .",
                        "links": [
                            {
                                "text": "Доступ к сервисам",
                                "url": "https://rustore.ru/help/sdk/rustore-geo/general/access-services"
                            }
                        ]
                    },
                    {
                        "text": "api_key=fa749bace6d8a3b1....",
                        "links": []
                    }
                ],
                [
                    {
                        "text": "q",
                        "links": []
                    },
                    {
                        "text": "string",
                        "links": []
                    },
                    {
                        "text": "Тело поискового запроса. В запросе можно использовать один из варинтов для поиска: • координаты в формате lat,lon , где: • lat — широта искомой точки в градусах (используется 6 знаков после запятой); • lon — долгота искомой точки в градусах (используется 6 знаков после запятой); • текстовая строка (может содержать имя искомого места интереса или адрес).",
                        "links": []
                    },
                    {
                        "text": "q=rustore.ru q=метро q=55.797041,37.537830",
                        "links": []
                    }
                ]
            ]
        },
        {
            "type": "h3",
            "text": "Дополнительные параметры запроса​",
            "content": []
        },
        {
            "type": "table",
            "headers": [
                "Имя поля",
                "Формат",
                "Описание",
                "Пример"
            ],
            "rows": [
                [
                    {
                        "text": "fields",
                        "links": []
                    },
                    {
                        "text": "fieldname1,fieldname2,....fieldnameN",
                        "links": []
                    },
                    {
                        "text": "Выбор полей, отображаемых в ответе. Возможные значения: • name (по умолчанию) — название места интереса; • place_details — детальная информация о месте интереса (на текущий момент не поддерживается); • address_details (по умолчанию) — детальная информация о найденном адресе с почтовым индексом без координат; • address — адрес найденного места интереса одной строкой; • pin (по умолчанию) — координаты найденного объекта (долгота и широта); • bbox — область местонахождения объекта; • geometry — границы объекта; • type — тип объекта.",
                        "links": []
                    },
                    {
                        "text": "fields=pin,bbox,name",
                        "links": []
                    }
                ],
                [
                    {
                        "text": "types",
                        "links": []
                    },
                    {
                        "text": "string",
                        "links": []
                    },
                    {
                        "text": "к сведению На текущий момент не поддерживается. Тип объектов, по которым осуществляется поиск. По умолчанию поиск осуществляется по всем типам мест интересов. Справочник постоянно актуализируется. Для получения полного и актуального справочника типов можно воспользоваться сервисом /v3/places/types .",
                        "links": []
                    },
                    {
                        "text": "types=hotel,metro",
                        "links": []
                    }
                ],
                [
                    {
                        "text": "lang",
                        "links": []
                    },
                    {
                        "text": "2-х символьный код языка",
                        "links": []
                    },
                    {
                        "text": "Язык ответа на одном из доступных языков. По умолчанию на языке региона в котором найден объект.",
                        "links": []
                    },
                    {
                        "text": "lang=en",
                        "links": []
                    }
                ],
                [
                    {
                        "text": "location",
                        "links": []
                    },
                    {
                        "text": "string",
                        "links": []
                    },
                    {
                        "text": "Координата, относительно которой будет осуществляться поиск. Координаты в формате lat,lon , где: • lat — широта искомой точки в градусах (используется 6 знаков после запятой); • lon — долгота искомой точки в градусах (используется 6 знаков после запятой). предупреждение Результаты поиска будут отсортированы по расстоянию от указанной координаты.",
                        "links": []
                    },
                    {
                        "text": "location=55.796743,37.537354",
                        "links": []
                    }
                ],
                [
                    {
                        "text": "radius",
                        "links": []
                    },
                    {
                        "text": "integer",
                        "links": []
                    },
                    {
                        "text": "Радиус поиска в метрах относительно параметра location . к сведению Параметр location при использовании параметра radius является обязательным. предупреждение В случае использования малого радиуса объект может быть не найден.",
                        "links": []
                    },
                    {
                        "text": "radius=500",
                        "links": []
                    }
                ],
                [
                    {
                        "text": "limit",
                        "links": []
                    },
                    {
                        "text": "integer",
                        "links": []
                    },
                    {
                        "text": "Ограничение числа объектов в ответе. Поддерживаются значения в интервале от 1 до 100 . По умолчанию: 5 . предупреждение В случае использования больших значений, длительность получения ответа может увеличиться",
                        "links": []
                    },
                    {
                        "text": "limit=10",
                        "links": []
                    }
                ],
                [
                    {
                        "text": "isocode",
                        "links": []
                    },
                    {
                        "text": "2char",
                        "links": []
                    },
                    {
                        "text": "Двухбуквенный код страны согласно ISO 3166-1 alpha-2",
                        "links": []
                    },
                    {
                        "text": "isocode=RU",
                        "links": []
                    }
                ]
            ]
        },
        {
            "type": "h2",
            "text": "Ответ​",
            "content": [
                {
                    "type": "paragraph",
                    "text": "Ответ предоставляется только в JSON-формате и содержит информацию найденную по запросу.\nJSON-формат"
                }
            ]
        },
        {
            "type": "table",
            "headers": [
                "Имя поля",
                "Формат",
                "Описание",
                "Пример"
            ],
            "rows": [
                [
                    {
                        "text": "request",
                        "links": []
                    },
                    {
                        "text": "string",
                        "links": []
                    },
                    {
                        "text": "Запрос",
                        "links": []
                    },
                    {
                        "text": "\"request\" : \"/v3/places?location=55.7967432,37.5373542&api_key=internal_&q=prime&fields=name,place_details,address,address_details,pin,bbox,geometry,type\"",
                        "links": []
                    }
                ],
                [
                    {
                        "text": "results",
                        "links": []
                    },
                    {
                        "text": "list",
                        "links": []
                    },
                    {
                        "text": "Найденный результат",
                        "links": []
                    },
                    {
                        "text": "\"results\" : [ { \"address\" : \"Россия, Москва, Северный административный округ, Москва, район Аэропорт, Ленинградский проспект, 72 к4\" , \"address_details\" : { \"building\" : \"72 к4\" , \"country\" : \"Россия\" , \"isocode\" : \"RU\" , \"locality\" : \"Москва\" , \"region\" : \"Москва\" , \"street\" : \"Ленинградский проспект\" , \"subregion\" : \"Северный административный округ\" , \"suburb\" : \"район Аэропорт\" } , \"bbox\" : null , \"geometry\" : { \"coordinates\" : [ 37.519963 , 55.805396 ] , \"type\" : \"Point\" } , \"name\" : \"Прайм\" , \"pin\" : [ 37.519963 , 55.805396 ] , \"type\" : \"food/cafe\" } ] }",
                        "links": []
                    }
                ],
                [
                    {
                        "text": "address",
                        "links": []
                    },
                    {
                        "text": "string",
                        "links": []
                    },
                    {
                        "text": "Полный адрес найденного объекта",
                        "links": []
                    },
                    {
                        "text": "\"address\" : \"Россия, Москва, Северный административный округ, Москва, Хорошёвский, Ленинградский проспект, 39 с14\"",
                        "links": []
                    }
                ],
                [
                    {
                        "text": "address_details",
                        "links": []
                    },
                    {
                        "text": "list",
                        "links": []
                    },
                    {
                        "text": "Детальная информация об адресе найденного объекта",
                        "links": []
                    },
                    {
                        "text": "\"address_details\" : { \"building\" : \"39 с80\" , \"country\" : \"Россия\" , \"isocode\" : \"RU\" , \"locality\" : \"Москва\" , \"postal_code\" : \"125167\" , \"region\" : \"Москва\" , \"street\" : \"Ленинградский проспект\" , \"subregion\" : \"Северный административный округ\" , \"suburb\" : \"Хорошёвский\" }",
                        "links": []
                    }
                ],
                [
                    {
                        "text": "pin",
                        "links": []
                    },
                    {
                        "text": "list",
                        "links": []
                    },
                    {
                        "text": "Координаты найденного объекта (долгота и широта)",
                        "links": []
                    },
                    {
                        "text": "\"pin\" : [ 37.538851 , 55.796731 ]",
                        "links": []
                    }
                ],
                [
                    {
                        "text": "bbox",
                        "links": []
                    },
                    {
                        "text": "list",
                        "links": []
                    },
                    {
                        "text": "Границы местонахождения найденного объекта для позиционирования на карте",
                        "links": []
                    },
                    {
                        "text": "\"bbox\" : [ 37.538253 , 55.796405 , 37.539368 , 55.79694 ]",
                        "links": []
                    }
                ],
                [
                    {
                        "text": "geometry",
                        "links": []
                    },
                    {
                        "text": "list",
                        "links": []
                    },
                    {
                        "text": "Геометрия найденного объекта объекта",
                        "links": []
                    },
                    {
                        "text": "\"geometry\" : { \"coordinates\" : [ 44.795525 , 41.775552 ] , \"type\" : \"Point\" }",
                        "links": []
                    }
                ],
                [
                    {
                        "text": "name",
                        "links": []
                    },
                    {
                        "text": "string",
                        "links": []
                    },
                    {
                        "text": "Название найденного объекта",
                        "links": []
                    },
                    {
                        "text": "\"name\" : \"метро Аэропорт\"",
                        "links": []
                    }
                ],
                [
                    {
                        "text": "type",
                        "links": []
                    },
                    {
                        "text": "string",
                        "links": []
                    },
                    {
                        "text": "Тип найденного объекта.",
                        "links": []
                    },
                    {
                        "text": "\"type\" : \"public_transport/station_train\"",
                        "links": []
                    }
                ]
            ]
        },
        {
            "type": "table",
            "headers": [
                "Имя поля",
                "Формат",
                "Описание",
                "Пример"
            ],
            "rows": [
                [
                    {
                        "text": "country",
                        "links": []
                    },
                    {
                        "text": "string",
                        "links": []
                    },
                    {
                        "text": "Страна",
                        "links": []
                    },
                    {
                        "text": "\"country\": \"Россия\"",
                        "links": []
                    }
                ],
                [
                    {
                        "text": "isocode",
                        "links": []
                    },
                    {
                        "text": "2char",
                        "links": []
                    },
                    {
                        "text": "Двухбуквенный код страны согласно ISO 3166-1 alpha-2",
                        "links": []
                    },
                    {
                        "text": "\"isocode\": \"RU\"",
                        "links": []
                    }
                ],
                [
                    {
                        "text": "region",
                        "links": []
                    },
                    {
                        "text": "string",
                        "links": []
                    },
                    {
                        "text": "Область",
                        "links": []
                    },
                    {
                        "text": "\"region\": \"Москва\"",
                        "links": []
                    }
                ],
                [
                    {
                        "text": "subregion",
                        "links": []
                    },
                    {
                        "text": "string",
                        "links": []
                    },
                    {
                        "text": "Район",
                        "links": []
                    },
                    {
                        "text": "\"subregion\": \"Северный административный округ\"",
                        "links": []
                    }
                ],
                [
                    {
                        "text": "locality",
                        "links": []
                    },
                    {
                        "text": "string",
                        "links": []
                    },
                    {
                        "text": "Населённый пункт",
                        "links": []
                    },
                    {
                        "text": "\"locality\": \"Москва\"",
                        "links": []
                    }
                ],
                [
                    {
                        "text": "sublocality",
                        "links": []
                    },
                    {
                        "text": "string",
                        "links": []
                    },
                    {
                        "text": "Микрорайон или название жилого комплекса",
                        "links": []
                    },
                    {
                        "text": "\"sublocality\": \"Аэропорт\"",
                        "links": []
                    }
                ],
                [
                    {
                        "text": "street",
                        "links": []
                    },
                    {
                        "text": "string",
                        "links": []
                    },
                    {
                        "text": "Улица",
                        "links": []
                    },
                    {
                        "text": "\"street\": \"Проспект Ленинградский\"",
                        "links": []
                    }
                ],
                [
                    {
                        "text": "building",
                        "links": []
                    },
                    {
                        "text": "string",
                        "links": []
                    },
                    {
                        "text": "Номер дома, части дома или строения",
                        "links": []
                    },
                    {
                        "text": "\"building\": \"39 с80\"",
                        "links": []
                    }
                ],
                [
                    {
                        "text": "suburb",
                        "links": []
                    },
                    {
                        "text": "string",
                        "links": []
                    },
                    {
                        "text": "Район/микрорайон населённого пункта",
                        "links": []
                    },
                    {
                        "text": "\"suburb\": \"Хорошёвский\"",
                        "links": []
                    }
                ],
                [
                    {
                        "text": "postal_code",
                        "links": []
                    },
                    {
                        "text": "string",
                        "links": []
                    },
                    {
                        "text": "Почтовый код",
                        "links": []
                    },
                    {
                        "text": "\"postal_code\": \"125167\"",
                        "links": []
                    }
                ]
            ]
        },
        {
            "type": "table",
            "headers": [
                "Имя поля",
                "Формат",
                "Описание",
                "Пример"
            ],
            "rows": [
                [
                    {
                        "text": "type",
                        "links": []
                    },
                    {
                        "text": "string",
                        "links": []
                    },
                    {
                        "text": "Тип геометрии: • Point — точка; • MultiPoint — несколько точек; • Linestring — линия; • MultiLineString — несколько линий; • Polygon — полигон; • MultiPoligon — несколько полигонов.",
                        "links": []
                    },
                    {
                        "text": "\"type\" : \"Polygon\"",
                        "links": []
                    }
                ],
                [
                    {
                        "text": "coordinates",
                        "links": []
                    },
                    {
                        "text": "list",
                        "links": []
                    },
                    {
                        "text": "Массив точек (долгота и широта), описывающий геометрию объекта",
                        "links": []
                    },
                    {
                        "text": "\"coordinates\" : [ [ 100.0 , 0.0 ] , [ 101.0 , 0.0 ] , [ 101.0 , 1.0 ] , [ 100.0 , 1.0 ] , [ 100.0 , 0.0 ] ]",
                        "links": []
                    }
                ]
            ]
        },
        {
            "type": "h2",
            "text": "Пример​",
            "content": []
        },
        {
            "type": "code",
            "text": "https://geo.rustore.ru/api/places?api_key=<YOUR_API_KEY>&q=prime&fields=name,place_details,address,address_details,pin,bbox,geometry,type&location=55.7967432,37.5373542&limit=1|"
        }
    ]
}