{
    "meta": {
        "language": "ru",
        "parse_date": "2024-07-06T20:03:09.383338",
        "current_url": "https://www.rustore.ru/help/sdk/reviews-ratings/kotlin-java/6-0-0/",
        "doc_section": "sdk",
        "h1_text": "6.0.0"
    },
    "content": [
        {
            "type": "h1",
            "text": "6.0.0",
            "content": [
                {
                    "type": "paragraph",
                    "text": "RuStore In-app Review SDK предлагает пользователю оставить оценку и отзыв о вашем приложении в RuStore, не выходя из приложения.\nПользовательский сценарий оценки и отзыва может быть запущен в любое время на протяжении всего пути пользователя в вашем приложении. Пользователь может оценить ваше приложение по шкале от 1 до 5 и оставить отзыв. Отзыв является опциональным."
                }
            ]
        },
        {
            "type": "h2",
            "text": "Пример реализации​",
            "content": [
                {
                    "type": "paragraph",
                    "text": "Ознакомьтесь сприложением-примеромчтобы узнать, как правильно интегрировать SDK отзывов и оценок."
                }
            ]
        },
        {
            "type": "h2",
            "text": "Пример пользовательского сценария​",
            "content": []
        },
        {
            "type": "h2",
            "text": "Условия корректной работы SDK​",
            "content": [
                {
                    "type": "paragraph",
                    "text": "Для работы SDK оценок и отзывов необходимо соблюдение следующих условий."
                }
            ]
        },
        {
            "tab_label": "Kotlin",
            "content": []
        },
        {
            "tab_label": "Java",
            "content": []
        },
        {
            "type": "h2",
            "text": "Когда запрашивать оценку и отзыв​",
            "content": [
                {
                    "type": "paragraph",
                    "text": "Следуйте рекомендациям, чтобы решить, в какой момент запросить оценку и отзыв о приложении у пользователя (см. ниже).\nЗапускайте процесс после того, как пользователь достаточно использовал ваше приложение.\nНе запускайте процесс слишком часто — это ухудшит опыт пользователя вашего приложения и ограничит использование SDK оценок.\nНе используйте призывы к действию, например, кнопку «Оценить приложение» — пользователь уже мог исчерпать лимит запуска процесса.\nВаше приложение не должно задавать какие-либо вопросы пользователю перед запуском или во время процесса, в том числе вопросы об их мнении (например, «Вам нравится приложение?») или прогнозирующие вопросы (например, «Вы бы поставили этому приложению 5 звёзд?»)."
                }
            ]
        },
        {
            "type": "h2",
            "text": "Рекомендации к дизайну​",
            "content": [
                {
                    "type": "paragraph",
                    "text": "Следуйте рекомендациям, чтобы решить, как интегрировать процесс.\nОтображайте процесс как есть, без какого-либо вмешательства или изменения текущего дизайна, включая размер, непрозрачность, форму и другие свойства.\nНичего не добавляйте поверх или по краям процесса.\nПроцесс должен открываться поверх всех слоёв. После запуска процесса не закрывайте его. Процесс завершится самостоятельно после явного действия пользователя."
                }
            ]
        },
        {
            "type": "h2",
            "text": "Подключение в проект​",
            "content": []
        },
        {
            "tab_label": "Kotlin",
            "content": [
                {
                    "type": "paragraph",
                    "text": "Единое управление версиями:\nУпрощение обновлений:\nПовышение совместимости:"
                }
            ]
        },
        {
            "tab_label": "Java",
            "content": [
                {
                    "type": "paragraph",
                    "text": "Единое управление версиями:\nУпрощение обновлений:\nПовышение совместимости:"
                }
            ]
        },
        {
            "tab_label": "Подключение BOM",
            "content": []
        },
        {
            "tab_label": "Подключение версии напрямую",
            "content": [
                {
                    "type": "paragraph",
                    "text": "Единое управление версиями:\nУпрощение обновлений:\nПовышение совместимости:"
                }
            ]
        },
        {
            "tab_label": "Подключение BOM",
            "content": [
                {
                    "type": "paragraph",
                    "text": "Единое управление версиями:\nУпрощение обновлений:\nПовышение совместимости:"
                }
            ]
        },
        {
            "tab_label": "Подключение версии напрямую",
            "content": []
        },
        {
            "type": "h2",
            "text": "Работа с оценками​",
            "content": []
        },
        {
            "type": "h3",
            "text": "Подготовка к работе с оценками​",
            "content": []
        },
        {
            "tab_label": "Kotlin",
            "content": []
        },
        {
            "tab_label": "Java",
            "content": []
        },
        {
            "type": "h3",
            "text": "Подготовка к запуску оценки приложения​",
            "content": []
        },
        {
            "tab_label": "Kotlin",
            "content": []
        },
        {
            "tab_label": "Java",
            "content": []
        },
        {
            "type": "h3",
            "text": "Запуск оценки приложения​",
            "content": []
        },
        {
            "tab_label": "Kotlin",
            "content": []
        },
        {
            "tab_label": "Java",
            "content": []
        },
        {
            "type": "h2",
            "text": "Обработка ошибок​",
            "content": [
                {
                    "type": "paragraph",
                    "text": "\nRuStoreNotInstalledException— на устройстве пользователя не установлен RuStore;\nRuStoreOutdatedException— версия RuStore, установленная на устройстве пользователя, не поддерживает платежи;\nRuStoreUserUnauthorizedException— пользователь не авторизован в RuStore;\nRuStoreUserBannedException— пользователь заблокирован в RuStore;\nRuStoreApplicationBannedException— приложение заблокировано в RuStore;\nRuStoreRequestLimitReached— с момента последнего отображения процесса прошло слишком мало времени;\nRuStoreReviewExists— этот пользователь уже оценил ваше приложение;\nRuStoreInvalidReviewInfo— проблемы сReviewInfo;\nRuStoreException— базовая ошибка RuStore, от которой наследуются остальные ошибки."
                }
            ]
        }
    ]
}