{
    "meta": {
        "language": "ru",
        "parse_date": "2024-07-06T20:00:28.135223",
        "current_url": "https://www.rustore.ru/help/sdk/rustore-geo/maps-mobile-sdk/mobile-sdk-ios/",
        "doc_section": "sdk",
        "h1_text": "iOS"
    },
    "content": [
        {
            "type": "h1",
            "text": "iOS",
            "content": [
                {
                    "type": "paragraph",
                    "text": "Maps SDK позволяет добавить карту в ваше iOS приложение.\nДля подключения Maps SDK вы можете использовать Swift Package Manager."
                }
            ]
        },
        {
            "type": "h2",
            "text": "Установка с помощью Swift Package Manager​",
            "content": [
                {
                    "type": "paragraph",
                    "text": "Maps SDK доступен в виде пакета для Swift Package Manager (SPM). SPM — это менеджер зависимостей, он интегрирован в систему сборки Swift и автоматизирует процесс загрузки, компиляции и линковки зависимостей. Для установки пакета выполните следующие действия.\nОткройте проект в Xcode.\nНажмитеFile→Add Packages."
                }
            ]
        },
        {
            "type": "admonition",
            "admonition_type": "info",
            "title": "к сведению",
            "content": [
                {
                    "type": "paragraph",
                    "text": "Также вы можете выбрать файл проекта на панелиProject Navigator, перейти к настройкам проекта, далее выбрать вкладкуPackage Dependenciesи нажать кнопкуAdd Package Dependency.\nВ появившемся окне введите адрес репозитория:https://github.com/geors/maps-sdk-ios."
                }
            ]
        },
        {
            "type": "h2",
            "text": "Интеграция карт в приложение​",
            "content": [
                {
                    "type": "paragraph",
                    "text": "Импортируйте Maps SDK в файл, в котором вы будете использовать карту."
                }
            ]
        },
        {
            "type": "code",
            "text": "importMapsSDK",
            "content": [
                {
                    "type": "paragraph",
                    "text": "Создайте объект типаMapView.\nСконфигурируйте карту.\nУкажите делегат карты."
                }
            ]
        },
        {
            "type": "h2",
            "text": "Создание объектаMapView​",
            "content": []
        },
        {
            "type": "code",
            "text": "letmapView=MapView()"
        },
        {
            "type": "h3",
            "text": "Конфигурация объектаMapView​",
            "content": [
                {
                    "type": "paragraph",
                    "text": "Для конфигурации необходимо создать объект типаMapViewConfig, содержащий следующие сведения:\nAPI-ключ (https://platform.vk.com/docs/vkmaps/general-information/api-key)для работы с SDK;\nкоординаты центра карты;\nначальный уровень zoom;\nстиль тайлов."
                }
            ]
        },
        {
            "type": "h3",
            "text": "Пример настройки и установки конфигурации​",
            "content": []
        },
        {
            "type": "code",
            "text": "letmapConfig=MapViewConfig(apiKey:\"##API_KEY##\",center:Coordinates(lng:33,lat:55),zoomLevel:11,style:.automatic)mapView.setup(mapConfig)",
            "content": [
                {
                    "type": "paragraph",
                    "text": ".automatic— автоматический выбор стиля в зависимости от isDriveMode и текущей цветовой схемы устройства;\n.main— базовый стиль;\n.light— светлый стиль;\n.dark— темный стиль;\n.navMain— базовый стиль для навигации с акцентом на дороги;\n.navDark— темный стиль для навигации с акцентом на дороги."
                }
            ]
        },
        {
            "type": "h3",
            "text": "Указание делегата карты​",
            "content": [
                {
                    "type": "paragraph",
                    "text": "Делегат должен реализовывать требования протоколаMapViewDelegate. Он будет использоваться для обработки оповещений от карты о различных событиях, таких как:\nкарта была загружена;\nбыло получено событие, иницированное пользователем (например касание);\nбыло получено событие, инициированное элементами управления картой и т. д."
                }
            ]
        },
        {
            "type": "h3",
            "text": "Пример интеграции карты в приложение​",
            "content": []
        },
        {
            "type": "code",
            "text": "importMapsSDK...override funcviewDidLoad(){letmapView=MapView()letmapConfig=MapViewConfig(apiKey:\"##API_KEY##\",center:Coordinates(lng:33,lat:55),zoomLevel:11,style:.automatic)mapView.setup(mapConfig)mapView.delegate=selfview.addSubview(mapView)}"
        },
        {
            "type": "h3",
            "text": "Использование и управление картой​",
            "content": [
                {
                    "type": "paragraph",
                    "text": "Установка текущих параметров пользователя\nМетодsetCurrentLocationустанавливает:\nтекущие координаты пользователя;\nнаправление, в котором смотрит или движется пользователь (bearing);\nточность позиции пользователя в метрах (accuracy);\nуровень зума (zoom). Данный аргумент является необязательным."
                }
            ]
        },
        {
            "type": "h3",
            "text": "Установка текущей координаты и направления пользователя​",
            "content": []
        },
        {
            "type": "code",
            "text": "// без установки зумаmapView.setCurrentLocation(Coordinates(lng:33,lat:55),bearing:0,accuracy:0)// с установкой зумаmapView.setCurrentLocation(Coordinates(lng:33,lat:55),bearing:0,accuracy:0,zoom:10)"
        },
        {
            "type": "h2",
            "text": "Управление камерой​",
            "content": [
                {
                    "type": "paragraph",
                    "text": "Для управления камерой используется методflyTo, а такжеsetBearingиsetZoom."
                }
            ]
        },
        {
            "type": "h3",
            "text": "МетодflyTo​",
            "content": [
                {
                    "type": "paragraph",
                    "text": "Позволяет изменить координаты центра карты. За анимацию изменений отвечает аргументanimated, а за длительность —duration."
                }
            ]
        },
        {
            "type": "code",
            "text": "// без указания длительности анимацииmapView.flyTo(Coordinates(lng:33,lat:55),animated:true)// с указание длительности анимацииmapView.flyTo(Coordinates(lng:33,lat:55),animated:true,duration:2)",
            "content": [
                {
                    "type": "paragraph",
                    "text": "азимут (bearing) — угол поворота карты;\nзум (zoom) — уровень зума карты;\nотступы (padding) — отступы с каждой стороны окна для смещения центральной точки вьюпорта;\nкривую движения камеры (curve) — коэфициент для определения траектории движения камеры;\nфлаг сброса режима следования (resetFollowMode) см. разделУстановка режимов следования (https://rustore.ru/help#%D1%83%D1%81%D1%82%D0%B0%D0%BD%D0%BE%D0%B2%D0%BA%D0%B0-%D1%80%D0%B5%D0%B6%D0%B8%D0%BC%D0%BE%D0%B2-%D1%81%D0%BB%D0%B5%D0%B4%D0%BE%D0%B2%D0%B0%D0%BD%D0%B8%D1%8F-followlocation-followbearingandlocation-free)."
                }
            ]
        },
        {
            "type": "code",
            "text": "letoptions=MapCameraOptions(bearing:180,zoom:12,padding:UIEdgeInsets.init(top:20,left:20,bottom:150,right:20),curve:1.42,resetFollowMode:false)mapView.flyTo(Coordinates(lng:33,lat:55),options:options,animated:true)"
        },
        {
            "type": "h2",
            "text": "Установка направления карты​",
            "content": [
                {
                    "type": "paragraph",
                    "text": "МетодsetBearingустанавливает направление карты и является облегченной версией методаflyTo."
                }
            ]
        },
        {
            "type": "code",
            "text": "mapView.setBearing(90,animated:true)"
        },
        {
            "type": "h3",
            "text": "Фиксация севера карты сверху​",
            "content": [
                {
                    "type": "paragraph",
                    "text": "СвойствоisNorthAlwaysUpзапрещает вращать карту любым способом, если установлено вtrue. Север будет всегда сверху карты. По умолчаниюfalse."
                }
            ]
        },
        {
            "type": "code",
            "text": "mapView.isNorthAlwaysUp=true"
        },
        {
            "type": "h3",
            "text": "Скрытие маркера текущей локации​",
            "content": [
                {
                    "type": "paragraph",
                    "text": "СвойствоisCurrentLocationHiddenпозволяет скрывать маркер текущей локации, когда она определена. По умолчаниюfalse."
                }
            ]
        },
        {
            "type": "code",
            "text": "mapView.isCurrentLocationHidden=true"
        },
        {
            "type": "h3",
            "text": "Установка уровня зума​",
            "content": [
                {
                    "type": "paragraph",
                    "text": "МетодsetZoomустанавливает зум карты и является облегченной версией методаflyTo."
                }
            ]
        },
        {
            "type": "code",
            "text": "mapView.setZoom(11,animated:true)"
        },
        {
            "type": "h3",
            "text": "Установка режимов следования (followLocation,followBearingAndLocation,free)​",
            "content": []
        },
        {
            "type": "code",
            "text": "mapView.mode=.followLocation"
        },
        {
            "type": "code",
            "text": "mapView.fitBounds(northWest:coords1,southEast:coords2,animated:true)"
        },
        {
            "type": "h3",
            "text": "Дополнительные возможности карты​",
            "content": [
                {
                    "type": "paragraph",
                    "text": "Установка минимального и максимального уровня зума"
                }
            ]
        },
        {
            "type": "code",
            "text": "mapView.setMinZoom(10,maxZoom:15)"
        },
        {
            "type": "code",
            "text": "mapView.isZoomButtonsHidden=truemapView.isCompassHidden=truemapView.isMyLocationButtonHidden=true"
        },
        {
            "type": "code",
            "text": "mapView.isDragPanEnabled=truemapView.isZoomRotateEnabled=true"
        },
        {
            "type": "code",
            "text": "mapView.logoAlignment=.bottomRightmapView.logoIgnoresSafeArea=falsemapView.logoInsets=.zero"
        },
        {
            "type": "h2",
            "text": "Маркеры​",
            "content": [
                {
                    "type": "paragraph",
                    "text": "Для создания маркеров используется структураMarker. В инициализатор передаются уникальный идентификатор маркера, координату и картинку, а также, опционально, выравнивание. Для картинки рекомендуется использовать изображение размером 48х48 пикселей. Можно использовать набор из предоставляемых картинок или использовать свою собственную."
                }
            ]
        },
        {
            "type": "h3",
            "text": "Добавление отдельных маркеров​",
            "content": []
        },
        {
            "type": "code",
            "text": "letmarker1=Marker(id:\"marker_id_1\",coords:Coordinates(lng:33,lat:55),pin:.electricPin)letmarker2=Marker(id:\"marker_id_2\",coords:Coordinates(lng:33,lat:55),pin:.electricInfo,alignment:.bottomLeft)"
        },
        {
            "type": "code",
            "text": "letmarkerImage=UIImage(...)letmarker3=Marker(id:\"marker_id_3\",coords:Coordinates(lng:33,lat:55),pin:.custom(markerImage),alignment:.center)"
        },
        {
            "type": "code",
            "text": "// Выравнивание по центру нижней граниletmarker4=Marker(id:\"marker_id_4\",coords:Coordinates(lng:33,lat:55),pin:.electricPhoto,alignment:.bottom)// Выравнивание со смещением// Смещение высчитывается относительно центра маркераletmarker5=Marker(id:\"marker_id_5\",coords:Coordinates(lng:33,lat:55),pin:.electricStar,alignment:.center(offsetByX:10,byY:-10))"
        },
        {
            "type": "h3",
            "text": "Добавление маркеров по одному​",
            "content": []
        },
        {
            "type": "code",
            "text": "mapView.addMarker(marker1)mapView.addMarker(marker2)"
        },
        {
            "type": "h3",
            "text": "Добавление маркеров массивом​",
            "content": []
        },
        {
            "type": "code",
            "text": "mapView.addMarkers([marker1,marker2])"
        },
        {
            "type": "h3",
            "text": "Удаление отдельного маркера с указанием его идентификатора​",
            "content": []
        },
        {
            "type": "code",
            "text": "mapView.removeMarker(id:\"marker_id_1\")"
        },
        {
            "type": "h3",
            "text": "Удаление всех маркеров​",
            "content": []
        },
        {
            "type": "code",
            "text": "mapView.removeAllMarkers()"
        },
        {
            "type": "h3",
            "text": "Отслеживание события нажатия на маркер​",
            "content": []
        },
        {
            "type": "code",
            "text": "funcMapDelegate:MapViewDelegate{funcmapView(_map:MapView,didSelectMarkerID markerid:String){// ...// markerID * ID выбранного маркера// ...}}"
        },
        {
            "type": "code",
            "text": "funcMapDelegate:MapViewDelegate{funcmapView(_map:MapView,didReceiveEvent event:String){// ...// Для события нажатия на маркер// event.type = .clickOnMarker// ...}}"
        },
        {
            "type": "h2",
            "text": "Кластеризация​",
            "content": [
                {
                    "type": "paragraph",
                    "text": "Маркеры можно объединять в кластеры. Кластеризация создает новый источник данных на карте. Вы можете указать радиус кластеров в метрах, цвет текста и фона."
                }
            ]
        },
        {
            "type": "code",
            "text": "funcmapViewDidLoad(_mapView:MapView){letmarkers:[Marker]=...mapView.addCluster(markers,id:\"clusterId\",radius:50,textColor:.white,backgroundColor:.blue)}"
        },
        {
            "type": "code",
            "text": "mapView.removeCluster(id:\"clusterId\")"
        },
        {
            "type": "h2",
            "text": "Попапы​",
            "content": [
                {
                    "type": "paragraph",
                    "text": "Для показа попапа на карте нужно указать идентификатор маркера, для которого он будет отображен, а также текст внутри попапа."
                }
            ]
        },
        {
            "type": "code",
            "text": "mapView.displayPopup(markerId:\"marker_id_1\",content:\"Hello world\")"
        },
        {
            "type": "code",
            "text": "mapView.hidePopup(markerId:\"marker_id_1\")"
        },
        {
            "type": "code",
            "text": "extensionMyController:MapViewDelegate{funcmapView(_mapView:MapView,didSelectMarkerID id:String){mapView.displayPopup(id:id,content:\"Hello world\")}}"
        },
        {
            "type": "h2",
            "text": "Стили​",
            "content": [
                {
                    "type": "paragraph",
                    "text": "Карта поддерживает смену стилей. Стиль.automaticозначает, что карта будет автоматически менять светлый и темный стили в зависимости от настройки системной темы интерфейса."
                }
            ]
        },
        {
            "type": "code",
            "text": "mapView.changeStyle(.automatic)mapView.changeStyle(.dark)"
        },
        {
            "type": "h3",
            "text": "GeoJSON​",
            "content": [
                {
                    "type": "paragraph",
                    "text": "Карта поддерживает отрисовку полигонов и линий из GeoJSON источника."
                }
            ]
        },
        {
            "type": "h3",
            "text": "Добавление источника данных и отрисовка слоёв​",
            "content": []
        },
        {
            "type": "code",
            "text": "letsourceData=Data(...)letsource=MapDataSource(id:\"sourceID\",type:.geoJSON(sourceData))mapView.addSource(source)letfillLayer=MapLayer(id:\"fillLayer\",sourceid:\"sourceID\",paint:FillPaintProperties(fillColor:.iuColor(.green),fillOpacity:.value(0.3)))letstrokeLayer=MapLayer(id:\"strokeLayer\",sourceid:\"sourceID\",paint:LinePaintProperties())mapView.addLayer(fillLayer)mapView.addLayer(strokeLayer)"
        },
        {
            "type": "code",
            "text": "mapView.removeLayer(\"fillLayer\")mapView.removeLayer(\"strokeLayer\")mapView.removeSource(\"sourceID\"))"
        },
        {
            "type": "code",
            "text": "letrouteSource=MapDataSource(id:\"routeSourceID\",type:.encodedString(encodedRoute))mapView.addSource(routeSource)letrouteLayer=MapLayer(id:\"routeLineLayer\",sourceid:\"routeSourceID\",paint:LinePaintProperties(lineColor:.iuColor(.red),lineWidth:2))mapView.addLayer(routeLayer)"
        },
        {
            "type": "code",
            "text": "letencodedRoute:String=...letrouteSourceID=\"route\"letrouteSource=MapDataSource(id:routeSourceID,type:.encodedString(encodedRoute),lineMetrics:true)letgradient=LineGradient(stops:[LineGradientStop(offset:0,color:\"#0000FF\"),LineGradientStop(offset:0.1,color:\"royalblue\"),LineGradientStop(offset:0.3,color:\"cyan\"),LineGradientStop(offset:0.5,color:\"lime\"),LineGradientStop(offset:0.7,color:\"yellow\"),LineGradientStop(offset:1,color:\"#FF0000\")])letrouteLayer=MapLayer(id:\"routeLineLayer\",sourceid:routeSourceID,paint:LinePaintProperties(lineColor:.iuColor(.green),lineWidth:6,lineGradient:gradient))mapView.addSourcesAndLayers(sources:[routeSource],layers:[routeLayer])"
        },
        {
            "type": "code",
            "text": "mapView.addCircleSource(center:coords,radius:500,steps:32,id:sourceID)"
        },
        {
            "type": "code",
            "text": "mapView.addSourcesAndLayers(sources:[source,routeSource],layers:[fillLayer,strokeLayer,routeLayer])"
        },
        {
            "type": "h2",
            "text": "Пробки и изолинии​",
            "content": [
                {
                    "type": "paragraph",
                    "text": "Карта может показывать пробки на дорогах, линии метро и уровни высот (изолинии). Для включения воспользуйтесь методомsetLayoutVisible."
                }
            ]
        },
        {
            "type": "code",
            "text": "mapView.setLayoutVisible(true,layout:.traffic)mapView.setLayoutVisible(true,layout:.isolines)mapView.setLayoutVisible(true,layout:.isolinesLabel)mapView.setLayoutVisible(true,layout:.subway)"
        },
        {
            "type": "h2",
            "text": "Обработка ошибок​",
            "content": [
                {
                    "type": "paragraph",
                    "text": "Для обработки ошибок используется методmapView(_:, didFailWithError:)делегатаMapViewDelegate."
                }
            ]
        },
        {
            "type": "code",
            "text": "extensionMyController:MapViewDelegate{funcmapView(_mapView:MapView,didFailWithError error:Error){print(\"Did fail with error: (error.localizedDescription)\")}}"
        },
        {
            "type": "h2",
            "text": "Геокодирование​",
            "content": [
                {
                    "type": "paragraph",
                    "text": "Geocoder — компонент Maps SDK для прямого и обратного геокодирования. Для инициализации необходимAPI_KEY."
                }
            ]
        },
        {
            "type": "h2",
            "text": "Пример прямого геокодирования​",
            "content": []
        },
        {
            "type": "code",
            "text": "letgeocoder=Geocoder(apiKey:\"your apiKey\")geocoder.geocode(query:\"Ленинградский проспект 39с79\",lang:\"ru\",location:Coordinates(lng:37.537892,lat:55.796926)){resultinswitchresult{caselet.success(response):print(response)caselet.failure(error):print(error.localizedDescription)}}"
        },
        {
            "type": "h2",
            "text": "SwiftUI​",
            "content": [
                {
                    "type": "paragraph",
                    "text": "Для использования карты вSwiftUIпредусмотрен компонентMap."
                }
            ]
        },
        {
            "type": "h2",
            "text": "Пример использования в SwiftUI​",
            "content": []
        },
        {
            "type": "code",
            "text": "importSwiftUIimportMapsSDKclassStateObject:ObservableObject{letmapConfig=MapViewConfig(apiKey:apiKey,center:Coordinates(lng:37.537892,lat:55.796926)zoomLevel:15,style:.automatic)letmapView=MapView()}extensionStateObject:MapViewDelegate{// методы делегата}structContentView:View{@StateObjectprivatevarstate=StateObject()varbody:someView{Map(config:state.mapConfig,view:state.mapView,delegate:state)}}"
        },
        {
            "type": "h2",
            "text": "Ограничения​",
            "content": [
                {
                    "type": "paragraph",
                    "text": "Maps SDK может быть интегрирован в приложения с поддержкой iOS 12.4 и более поздних версий.\nНачиная с iPadOS 13 у пользователей появилась возможность использовать многооконный режим. Maps SDK не был оптимизирован для работы в этом режиме.\nВы можете с легкостью интегрировать Maps SDK в приложения, основанные на фреймворках UIKit или SwiftUI."
                }
            ]
        }
    ]
}