{
    "meta": {
        "language": "ru",
        "parse_date": "2024-07-06T19:42:04.735299",
        "current_url": "https://www.rustore.ru/help/developers/publishing-and-verifying-apps/declare-app-permissions/permission-types/",
        "doc_section": "developers",
        "h1_text": "Типы разрешений в RuStore: подробный обзор"
    },
    "content": [
        {
            "type": "h1",
            "text": "Типы разрешений в RuStore: подробный обзор",
            "content": [
                {
                    "type": "paragraph",
                    "text": "Используемые разрешения проходят первичную проверку после добавления приложения вКонсоль RuStore.\nДекларации подлежат все разрешения, отличные от категорииNormal(«Безопасные»), а именноDangerous(«Опасные»),Special(«Специальные»),Signature(«Требующие особой подписи»).\nПриложения, использующие разрешения из категорииNot for use by third-party applications(«Запрещенные»), будут автоматически отклонены при загрузке приложения.\nРазрешения типовDangerous,SpecialиSignatureотносятся к категории чувствительных разрешений.\nСписок запрещенных и чувствительных разрешений представлен в таблице ниже.\nУровни разрешений"
                }
            ]
        },
        {
            "type": "table",
            "headers": [
                "Название разрешения",
                "Описание разрешения"
            ],
            "rows": [
                [
                    {
                        "text": "Запрещённые",
                        "links": []
                    }
                ],
                [
                    {
                        "text": "ACCESS_CHECKIN_PROPERTIES",
                        "links": []
                    },
                    {
                        "text": "Разрешает доступ на чтение/запись к таблице «свойства» в базе данных checkin для изменения загружаемых значений.",
                        "links": []
                    }
                ],
                [
                    {
                        "text": "ACCOUNT_MANAGER",
                        "links": []
                    },
                    {
                        "text": "Позволяет приложениям вызывать AccountAuthenticators.",
                        "links": []
                    }
                ],
                [
                    {
                        "text": "BIND_APPWIDGET",
                        "links": []
                    },
                    {
                        "text": "Позволяет приложению сообщать службе AppWidget, какое приложение может получить доступ к данным AppWidget.",
                        "links": []
                    }
                ],
                [
                    {
                        "text": "BLUETOOTH_PRIVILEGED",
                        "links": []
                    },
                    {
                        "text": "Позволяет приложениям создавать сопряженные устройства Bluetooth без взаимодействия с пользователем, а также разрешать или запрещать доступ к телефонной книге или сообщениям.",
                        "links": []
                    }
                ],
                [
                    {
                        "text": "BROADCAST_PACKAGE_REMOVED",
                        "links": []
                    },
                    {
                        "text": "Позволяет приложению рассылать уведомления об удалении пакета приложения.",
                        "links": []
                    }
                ],
                [
                    {
                        "text": "BROADCAST_SMS",
                        "links": []
                    },
                    {
                        "text": "Позволяет приложению транслировать уведомление о получении SMS.",
                        "links": []
                    }
                ],
                [
                    {
                        "text": "CALL_PRIVILEGED",
                        "links": []
                    },
                    {
                        "text": "Позволяет приложению звонить на любой номер телефона, включая номера экстренных служб, не проходя через пользовательский интерфейс Dialer, чтобы пользователь мог подтвердить происходящий вызов.",
                        "links": []
                    }
                ],
                [
                    {
                        "text": "CAPTURE_AUDIO_OUTPUT",
                        "links": []
                    },
                    {
                        "text": "Позволяет приложению захватывать аудиовыход.",
                        "links": []
                    }
                ],
                [
                    {
                        "text": "CHANGE_COMPONENT_ENABLED_STATE",
                        "links": []
                    },
                    {
                        "text": "Позволяет приложению изменять состояние, включен ли компонент приложения (кроме его собственного) или нет.",
                        "links": []
                    }
                ],
                [
                    {
                        "text": "CONTROL_LOCATION_UPDATES",
                        "links": []
                    },
                    {
                        "text": "Позволяет включать/отключать уведомления об обновлении местоположения с радиостанции.",
                        "links": []
                    }
                ],
                [
                    {
                        "text": "DELETE_PACKAGES",
                        "links": []
                    },
                    {
                        "text": "Позволяет приложению удалять пакеты.",
                        "links": []
                    }
                ],
                [
                    {
                        "text": "DIAGNOSTIC",
                        "links": []
                    },
                    {
                        "text": "Позволяет приложениям повторно использовать диагностические ресурсы.",
                        "links": []
                    }
                ],
                [
                    {
                        "text": "FACTORY_TEST",
                        "links": []
                    },
                    {
                        "text": "Позволяет осуществить запуск тестового приложения, работающего от имени пользователя root.",
                        "links": []
                    }
                ],
                [
                    {
                        "text": "INSTALL_LOCATION_PROVIDER",
                        "links": []
                    },
                    {
                        "text": "Позволяет приложению устанавливать поставщика определения местоположения в диспетчер определения местоположения.",
                        "links": []
                    }
                ],
                [
                    {
                        "text": "INSTALL_PACKAGES",
                        "links": []
                    },
                    {
                        "text": "Позволяет приложению устанавливать пакеты.",
                        "links": []
                    }
                ],
                [
                    {
                        "text": "LOCATION_HARDWARE",
                        "links": []
                    },
                    {
                        "text": "Позволяет приложению использовать аппаратные функции определения местоположения, такие как API геозоны.",
                        "links": []
                    }
                ],
                [
                    {
                        "text": "MANAGE_WIFI_INTERFACES",
                        "links": []
                    },
                    {
                        "text": "Позволяет приложениям получать уведомления, когда запрос интерфейса Wi-Fi не может быть удовлетворен без отключения одного или нескольких других интерфейсов, и принимать решение о том, следует ли утвердить запрос или отклонить его.",
                        "links": []
                    }
                ],
                [
                    {
                        "text": "MANAGE_WIFI_NETWORK_SELECTION",
                        "links": []
                    },
                    {
                        "text": "Это разрешение используется, чтобы OEM-производители могли предоставлять своим доверенным приложениям доступ к подмножеству привилегированных API-интерфейсов Wi-Fi для повышения производительности Wi-Fi.",
                        "links": []
                    }
                ],
                [
                    {
                        "text": "MASTER_CLEAR",
                        "links": []
                    },
                    {
                        "text": "Не для использования сторонними приложениями.",
                        "links": []
                    }
                ],
                [
                    {
                        "text": "MEDIA_CONTENT_CONTROL",
                        "links": []
                    },
                    {
                        "text": "Позволяет приложению узнать, какой контент воспроизводится, и управлять его воспроизведением.",
                        "links": []
                    }
                ],
                [
                    {
                        "text": "MODIFY_PHONE_STATE",
                        "links": []
                    },
                    {
                        "text": "Позволяет изменять состояние телефонии - питание, mmi и т. д.",
                        "links": []
                    }
                ],
                [
                    {
                        "text": "MOUNT_FORMAT_FILESYSTEMS",
                        "links": []
                    },
                    {
                        "text": "Позволяет форматировать файловые системы для съемного хранилища.",
                        "links": []
                    }
                ],
                [
                    {
                        "text": "MOUNT_UNMOUNT_FILESYSTEMS",
                        "links": []
                    },
                    {
                        "text": "Позволяет монтировать и размонтировать файловые системы для съемного хранилища.",
                        "links": []
                    }
                ],
                [
                    {
                        "text": "OVERRIDE_WIFI_CONFIG",
                        "links": []
                    },
                    {
                        "text": "Позволяет приложению изменять любую конфигурацию Wi-Fi, даже если она создана другим приложением.",
                        "links": []
                    }
                ],
                [
                    {
                        "text": "READ_INPUT_STATE",
                        "links": []
                    },
                    {
                        "text": "Это разрешение устарело на уровне API 16.",
                        "links": []
                    }
                ],
                [
                    {
                        "text": "READ_LOGS",
                        "links": []
                    },
                    {
                        "text": "Позволяет приложению читать низкоуровневые системные файлы журналов.",
                        "links": []
                    }
                ],
                [
                    {
                        "text": "REBOOT",
                        "links": []
                    },
                    {
                        "text": "Требуется для перезагрузки устройства.",
                        "links": []
                    }
                ],
                [
                    {
                        "text": "REQUEST_COMPANION_PROFILE_APP_STREAMING",
                        "links": []
                    },
                    {
                        "text": "Позволяет приложению запрашивать связь с виртуальным дисплеем, поддерживающим потоковую передачу приложений Android (AssociationRequest.DEVICE_PROFILE_APP_STREAMING) с помощью CompanionDeviceManager.",
                        "links": []
                    }
                ],
                [
                    {
                        "text": "REQUEST_COMPANION_PROFILE_AUTOMOTIVE_PROJECTION",
                        "links": []
                    },
                    {
                        "text": "Позволяет приложению запрашивать связь с головным устройством автомобиля, поддерживающим автомобильную проекцию (AssociationRequest.DEVICE_PROFILE_AUTOMOTIVE_PROJECTION), с помощью CompanionDeviceManager.",
                        "links": []
                    }
                ],
                [
                    {
                        "text": "REQUEST_COMPANION_PROFILE_COMPUTER",
                        "links": []
                    },
                    {
                        "text": "Позволяет приложению запрашивать ассоциацию с компьютером для обмена функциональностью и/или данными с другими устройствами, такими как уведомления, фотографии и медиафайлы (AssociationRequest.DEVICE_PROFILE_COMPUTER) от CompanionDeviceManager.",
                        "links": []
                    }
                ],
                [
                    {
                        "text": "SEND_RESPOND_VIA_MESSAGE",
                        "links": []
                    },
                    {
                        "text": "Позволяет приложению (телефону) отправлять запрос другим приложениям для обработки действия \"Ответить через сообщение\" во время входящих вызовов.",
                        "links": []
                    }
                ],
                [
                    {
                        "text": "SET_ALWAYS_FINISH",
                        "links": []
                    },
                    {
                        "text": "Позволяет приложению контролировать, будут ли действия немедленно завершены при переводе в фоновый режим.",
                        "links": []
                    }
                ],
                [
                    {
                        "text": "SET_ANIMATION_SCALE",
                        "links": []
                    },
                    {
                        "text": "Изменяет глобальный коэффициент масштабирования анимации.",
                        "links": []
                    }
                ],
                [
                    {
                        "text": "SET_DEBUG_APP",
                        "links": []
                    },
                    {
                        "text": "Позволяет настроить приложение для отладки.",
                        "links": []
                    }
                ],
                [
                    {
                        "text": "SET_PROCESS_LIMIT",
                        "links": []
                    },
                    {
                        "text": "Позволяет приложению устанавливать максимальное количество (не обязательных) процессов приложения, которые могут быть запущены.",
                        "links": []
                    }
                ],
                [
                    {
                        "text": "SET_TIME",
                        "links": []
                    },
                    {
                        "text": "Позволяет приложениям устанавливать системное время напрямую.",
                        "links": []
                    }
                ],
                [
                    {
                        "text": "SET_TIME_ZONE",
                        "links": []
                    },
                    {
                        "text": "Позволяет приложениям устанавливать системный часовой пояс напрямую.",
                        "links": []
                    }
                ],
                [
                    {
                        "text": "SIGNAL_PERSISTENT_PROCESSES",
                        "links": []
                    },
                    {
                        "text": "Разрешить приложению запрашивать отправку сигнала всем постоянным процессам.",
                        "links": []
                    }
                ],
                [
                    {
                        "text": "START_FOREGROUND_SERVICES_FROM_BACKGROUND",
                        "links": []
                    },
                    {
                        "text": "Позволяет приложению запускать службы переднего плана из фона в любое время.",
                        "links": []
                    }
                ],
                [
                    {
                        "text": "STATUS_BAR",
                        "links": []
                    },
                    {
                        "text": "Позволяет приложению открывать, закрывать или отключать строку состояния и ее значки.",
                        "links": []
                    }
                ],
                [
                    {
                        "text": "UNINSTALL_SHORTCUT",
                        "links": []
                    },
                    {
                        "text": "Не используйте это разрешение в своем приложении.",
                        "links": []
                    }
                ],
                [
                    {
                        "text": "UPDATE_DEVICE_STATS",
                        "links": []
                    },
                    {
                        "text": "Позволяет приложению обновлять статистику устройства.",
                        "links": []
                    }
                ],
                [
                    {
                        "text": "WRITE_APN_SETTINGS",
                        "links": []
                    },
                    {
                        "text": "Позволяет приложениям записывать настройки apn и читать конфиденциальные поля существующих настроек apn, таких как имя пользователя и пароль.",
                        "links": []
                    }
                ],
                [
                    {
                        "text": "WRITE_GSERVICES",
                        "links": []
                    },
                    {
                        "text": "Позволяет приложению изменять карту сервиса Google.",
                        "links": []
                    }
                ],
                [
                    {
                        "text": "WRITE_SECURE_SETTINGS",
                        "links": []
                    },
                    {
                        "text": "Позволяет приложению читать или записывать безопасные системные настройки.",
                        "links": []
                    }
                ],
                [
                    {
                        "text": "Чувствительные",
                        "links": []
                    }
                ],
                [
                    {
                        "text": "ACCEPT_HANDOVER",
                        "links": []
                    },
                    {
                        "text": "Позволяет вызывающему приложению продолжить вызов, который был запущен в другом приложении.",
                        "links": []
                    }
                ],
                [
                    {
                        "text": "ACCESS_BACKGROUND_LOCATION",
                        "links": []
                    },
                    {
                        "text": "Позволяет приложению получить доступ к местоположению в фоновом режиме.",
                        "links": []
                    }
                ],
                [
                    {
                        "text": "ACCESS_COARSE_LOCATION",
                        "links": []
                    },
                    {
                        "text": "Позволяет приложению получить доступ к приблизительному местоположению.",
                        "links": []
                    }
                ],
                [
                    {
                        "text": "ACCESS_FINE_LOCATION",
                        "links": []
                    },
                    {
                        "text": "Позволяет приложению получить доступ к точному местоположению.",
                        "links": []
                    }
                ],
                [
                    {
                        "text": "ACCESS_MEDIA_LOCATION",
                        "links": []
                    },
                    {
                        "text": "Позволяет приложению получать доступ к любым географическим местоположениям, сохраненным в общей коллекции пользователя.",
                        "links": []
                    }
                ],
                [
                    {
                        "text": "ACTIVITY_RECOGNITION",
                        "links": []
                    },
                    {
                        "text": "Позволяет приложению распознавать физическую активность.",
                        "links": []
                    }
                ],
                [
                    {
                        "text": "ADD_VOICEMAIL",
                        "links": []
                    },
                    {
                        "text": "Позволяет приложению добавлять голосовые сообщения в систему.",
                        "links": []
                    }
                ],
                [
                    {
                        "text": "ANSWER_PHONE_CALLS",
                        "links": []
                    },
                    {
                        "text": "Позволяет приложению отвечать на входящий телефонный звонок.",
                        "links": []
                    }
                ],
                [
                    {
                        "text": "BLUETOOTH_ADVERTISE",
                        "links": []
                    },
                    {
                        "text": "Требуется для рекламы ближайшим устройствам Bluetooth.",
                        "links": []
                    }
                ],
                [
                    {
                        "text": "BLUETOOTH_CONNECT",
                        "links": []
                    },
                    {
                        "text": "Требуется для подключения к сопряженным устройствам Bluetooth.",
                        "links": []
                    }
                ],
                [
                    {
                        "text": "BLUETOOTH_SCAN",
                        "links": []
                    },
                    {
                        "text": "Требуется для обнаружения и сопряжения ближайших устройств Bluetooth.",
                        "links": []
                    }
                ],
                [
                    {
                        "text": "BODY_SENSORS",
                        "links": []
                    },
                    {
                        "text": "Позволяет приложению получать доступ к данным датчиков, которые пользователь использует для измерения того, что происходит внутри его тела, например частоты сердечных сокращений.",
                        "links": []
                    }
                ],
                [
                    {
                        "text": "BODY_SENSORS_BACKGROUND",
                        "links": []
                    },
                    {
                        "text": "Позволяет приложению получать доступ к данным с датчиков, которые пользователь использует для измерения того, что происходит внутри его тела, таких как частота сердечных сокращений.",
                        "links": []
                    }
                ],
                [
                    {
                        "text": "CALL_PHONE",
                        "links": []
                    },
                    {
                        "text": "Позволяет приложению инициировать телефонный звонок, не проходя через пользовательский интерфейс Dialer, чтобы пользователь мог подтвердить вызов.",
                        "links": []
                    }
                ],
                [
                    {
                        "text": "CAMERA",
                        "links": []
                    },
                    {
                        "text": "Требуется для доступа к устройству камеры.",
                        "links": []
                    }
                ],
                [
                    {
                        "text": "DUMP",
                        "links": []
                    },
                    {
                        "text": "Позволяет приложению получать информацию о дампе состояния из системных служб.",
                        "links": []
                    }
                ],
                [
                    {
                        "text": "GET_ACCOUNTS",
                        "links": []
                    },
                    {
                        "text": "Разрешает доступ к списку учетных записей в службе учетных записей.",
                        "links": []
                    }
                ],
                [
                    {
                        "text": "NEARBY_WIFI_DEVICES",
                        "links": []
                    },
                    {
                        "text": "Требуется для рекламы и подключения к ближайшим устройствам через Wi-Fi.",
                        "links": []
                    }
                ],
                [
                    {
                        "text": "POST_NOTIFICATIONS",
                        "links": []
                    },
                    {
                        "text": "Позволяет приложению публиковать уведомления",
                        "links": []
                    }
                ],
                [
                    {
                        "text": "PROCESS_OUTGOING_CALLS",
                        "links": []
                    },
                    {
                        "text": "Это разрешение устарело на уровне API 29.",
                        "links": []
                    }
                ],
                [
                    {
                        "text": "READ_CALENDAR",
                        "links": []
                    },
                    {
                        "text": "Позволяет приложению читать данные календаря пользователя.",
                        "links": []
                    }
                ],
                [
                    {
                        "text": "READ_CALL_LOG",
                        "links": []
                    },
                    {
                        "text": "Позволяет приложению читать журнал вызовов пользователя.",
                        "links": []
                    }
                ],
                [
                    {
                        "text": "READ_CONTACTS",
                        "links": []
                    },
                    {
                        "text": "Позволяет приложению считывать контактные данные пользователя.",
                        "links": []
                    }
                ],
                [
                    {
                        "text": "READ_EXTERNAL_STORAGE",
                        "links": []
                    },
                    {
                        "text": "Позволяет приложению читать из внешнего хранилища.",
                        "links": []
                    }
                ],
                [
                    {
                        "text": "READ_MEDIA_AUDIO",
                        "links": []
                    },
                    {
                        "text": "Позволяет приложению читать аудиофайлы из внешнего хранилища.",
                        "links": []
                    }
                ],
                [
                    {
                        "text": "READ_MEDIA_IMAGES",
                        "links": []
                    },
                    {
                        "text": "Позволяет приложению читать файлы изображений из внешнего хранилища.",
                        "links": []
                    }
                ],
                [
                    {
                        "text": "READ_MEDIA_VIDEO",
                        "links": []
                    },
                    {
                        "text": "Позволяет приложению читать видеофайлы из внешнего хранилища.",
                        "links": []
                    }
                ],
                [
                    {
                        "text": "READ_PHONE_NUMBERS",
                        "links": []
                    },
                    {
                        "text": "Позволяет читать доступ к телефонным номерам устройства.",
                        "links": []
                    }
                ],
                [
                    {
                        "text": "READ_PHONE_STATE",
                        "links": []
                    },
                    {
                        "text": "Обеспечивает доступ только для чтения к состоянию телефона, включая текущую информацию о сотовой сети, статус любых текущих вызовов и список любых телефонных учетных записей, зарегистрированных на устройстве.",
                        "links": []
                    }
                ],
                [
                    {
                        "text": "READ_SMS",
                        "links": []
                    },
                    {
                        "text": "Позволяет приложению читать SMS-сообщения.",
                        "links": []
                    }
                ],
                [
                    {
                        "text": "RECEIVE_MMS",
                        "links": []
                    },
                    {
                        "text": "Позволяет приложению отслеживать входящие MMS-сообщения.",
                        "links": []
                    }
                ],
                [
                    {
                        "text": "RECEIVE_SMS",
                        "links": []
                    },
                    {
                        "text": "Позволяет приложению получать SMS-сообщения.",
                        "links": []
                    }
                ],
                [
                    {
                        "text": "RECEIVE_WAP_PUSH",
                        "links": []
                    },
                    {
                        "text": "Позволяет приложению получать push-сообщения WAP.",
                        "links": []
                    }
                ],
                [
                    {
                        "text": "RECORD_AUDIO",
                        "links": []
                    },
                    {
                        "text": "Позволяет приложению записывать аудио.",
                        "links": []
                    }
                ],
                [
                    {
                        "text": "SEND_SMS",
                        "links": []
                    },
                    {
                        "text": "Позволяет приложению отправлять SMS-сообщения.",
                        "links": []
                    }
                ],
                [
                    {
                        "text": "USE_SIP",
                        "links": []
                    },
                    {
                        "text": "Позволяет приложению использовать сервис SIP.",
                        "links": []
                    }
                ],
                [
                    {
                        "text": "UWB_RANGING",
                        "links": []
                    },
                    {
                        "text": "Требуется для подключения к устройствам, использующим сверхширокополосный доступ.",
                        "links": []
                    }
                ],
                [
                    {
                        "text": "WRITE_CALENDAR",
                        "links": []
                    },
                    {
                        "text": "Позволяет приложению записывать данные календаря пользователя.",
                        "links": []
                    }
                ],
                [
                    {
                        "text": "WRITE_CALL_LOG",
                        "links": []
                    },
                    {
                        "text": "Позволяет приложению записывать (но не читать) данные журнала вызовов пользователя.",
                        "links": []
                    }
                ],
                [
                    {
                        "text": "WRITE_CONTACTS",
                        "links": []
                    },
                    {
                        "text": "Позволяет приложению записывать контактные данные пользователя.",
                        "links": []
                    }
                ],
                [
                    {
                        "text": "WRITE_EXTERNAL_STORAGE",
                        "links": []
                    },
                    {
                        "text": "Позволяет приложению записывать во внешнее хранилище.",
                        "links": []
                    }
                ],
                [
                    {
                        "text": "ACCESS_BLOBS_ACROSS_USERS",
                        "links": []
                    },
                    {
                        "text": "Позволяет приложению получать доступ к большим двоичным объектам данных разных пользователей.",
                        "links": []
                    }
                ],
                [
                    {
                        "text": "BATTERY_STATS",
                        "links": []
                    },
                    {
                        "text": "Позволяет приложению собирать статистику заряда батареи.",
                        "links": []
                    }
                ],
                [
                    {
                        "text": "BIND_ACCESSIBILITY_SERVICE",
                        "links": []
                    },
                    {
                        "text": "Должен быть обязательным для службы специальных возможностей, чтобы гарантировать, что только система может привязаться к нему.",
                        "links": []
                    }
                ],
                [
                    {
                        "text": "BIND_AUTOFILL_SERVICE",
                        "links": []
                    },
                    {
                        "text": "Должно быть обязательным для службы автозаполнения, чтобы гарантировать, что только система может привязываться к нему.",
                        "links": []
                    }
                ],
                [
                    {
                        "text": "BIND_CALL_REDIRECTION_SERVICE",
                        "links": []
                    },
                    {
                        "text": "Должен быть обязательным для CallRedirectionService, чтобы гарантировать, что только система может привязаться к нему.",
                        "links": []
                    }
                ],
                [
                    {
                        "text": "BIND_CARRIER_MESSAGING_CLIENT_SERVICE",
                        "links": []
                    },
                    {
                        "text": "Подкласс CarrierMessagingClientService должен быть защищен этим разрешением.",
                        "links": []
                    }
                ],
                [
                    {
                        "text": "BIND_CARRIER_SERVICES",
                        "links": []
                    },
                    {
                        "text": "Системный процесс, которому разрешено привязываться к службам в приложениях c указанным разрешением",
                        "links": []
                    }
                ],
                [
                    {
                        "text": "BIND_CHOOSER_TARGET_SERVICE",
                        "links": []
                    },
                    {
                        "text": "Эта константа устарела в API уровня 30. Для публикации целевых показателей прямого доступа, пожалуйста, следуйте инструкциям в https://developer.android.com/training/sharing/receive.html#providing-direct-share-targets",
                        "links": [
                            {
                                "text": "https://developer.android.com/training/sharing/receive.html#providing-direct-share-targets",
                                "url": "https://developer.android.com/training/sharing/receive.html#providing-direct-share-targets"
                            }
                        ]
                    }
                ],
                [
                    {
                        "text": "BIND_COMPANION_DEVICE_SERVICE",
                        "links": []
                    },
                    {
                        "text": "Должен быть обязательным для CompanionDeviceServices, чтобы гарантировать, что только система может привязаться к нему.",
                        "links": []
                    }
                ],
                [
                    {
                        "text": "BIND_CONDITION_PROVIDER_SERVICE",
                        "links": []
                    },
                    {
                        "text": "Должен быть обязательным для ConditionProviderService, чтобы гарантировать, что только система может привязаться к нему.",
                        "links": []
                    }
                ],
                [
                    {
                        "text": "BIND_CONTROLS",
                        "links": []
                    },
                    {
                        "text": "Позволяет SystemUI запрашивать сторонние элементы управления.",
                        "links": []
                    }
                ],
                [
                    {
                        "text": "BIND_DEVICE_ADMIN",
                        "links": []
                    },
                    {
                        "text": "Должен требоваться приемником администрирования устройства, чтобы гарантировать, что только система может взаимодействовать с ним.",
                        "links": []
                    }
                ],
                [
                    {
                        "text": "BIND_DREAM_SERVICE",
                        "links": []
                    },
                    {
                        "text": "Должно быть обязательным для DreamService, чтобы гарантировать, что только система может привязываться к нему.",
                        "links": []
                    }
                ],
                [
                    {
                        "text": "BIND_INCALL_SERVICE",
                        "links": []
                    },
                    {
                        "text": "Должен быть обязательным для InCallService, чтобы гарантировать, что только система может привязываться к нему.",
                        "links": []
                    }
                ],
                [
                    {
                        "text": "BIND_INPUT_METHOD",
                        "links": []
                    },
                    {
                        "text": "Должно быть обязательным для InputMethodService, чтобы гарантировать, что только система может привязываться к нему.",
                        "links": []
                    }
                ],
                [
                    {
                        "text": "BIND_MIDI_DEVICE_SERVICE",
                        "links": []
                    },
                    {
                        "text": "Должно быть обязательным для MidiDeviceService, чтобы гарантировать, что только система может привязываться к нему.",
                        "links": []
                    }
                ],
                [
                    {
                        "text": "BIND_NFC_SERVICE",
                        "links": []
                    },
                    {
                        "text": "Должно быть обязательным для HostApduService или OffHostApduService, чтобы гарантировать, что только система может привязываться к нему.",
                        "links": []
                    }
                ],
                [
                    {
                        "text": "BIND_NOTIFICATION_LISTENER_SERVICE",
                        "links": []
                    },
                    {
                        "text": "Должно быть обязательным для NotificationListenerService, чтобы гарантировать, что только система может привязываться к нему.",
                        "links": []
                    }
                ],
                [
                    {
                        "text": "BIND_PRINT_SERVICE",
                        "links": []
                    },
                    {
                        "text": "Должно быть обязательным для PrintService, чтобы гарантировать, что только система может привязываться к нему.",
                        "links": []
                    }
                ],
                [
                    {
                        "text": "BIND_QUICK_ACCESS_WALLET_SERVICE",
                        "links": []
                    },
                    {
                        "text": "Должно быть обязательным для QuickAccessWalletService , чтобы гарантировать, что только система может привязываться к нему.",
                        "links": []
                    }
                ],
                [
                    {
                        "text": "BIND_QUICK_SETTINGS_TILE",
                        "links": []
                    },
                    {
                        "text": "Позволяет приложению привязываться к сторонним плиткам быстрых настроек.",
                        "links": []
                    }
                ],
                [
                    {
                        "text": "BIND_REMOTEVIEWS",
                        "links": []
                    },
                    {
                        "text": "Должно быть обязательным для RemoteViewsService, чтобы гарантировать, что только система может привязываться к нему.",
                        "links": []
                    }
                ],
                [
                    {
                        "text": "BIND_SCREENING_SERVICE",
                        "links": []
                    },
                    {
                        "text": "Должно быть обязательным для CallScreeningService, чтобы гарантировать, что только система может привязываться к нему.",
                        "links": []
                    }
                ],
                [
                    {
                        "text": "BIND_TELECOM_CONNECTION_SERVICE",
                        "links": []
                    },
                    {
                        "text": "Должно быть обязательным для ConnectionService, чтобы гарантировать, что только система может привязываться к нему.",
                        "links": []
                    }
                ],
                [
                    {
                        "text": "BIND_TEXT_SERVICE",
                        "links": []
                    },
                    {
                        "text": "Должен быть обязательным для TextService (например, SpellCheckerService), чтобы гарантировать, что только система может привязаться к нему.",
                        "links": []
                    }
                ],
                [
                    {
                        "text": "BIND_TV_INPUT",
                        "links": []
                    },
                    {
                        "text": "Должен быть обязательным для TvInputService , чтобы гарантировать, что только система может привязаться к нему.",
                        "links": []
                    }
                ],
                [
                    {
                        "text": "BIND_TV_INTERACTIVE_APP",
                        "links": []
                    },
                    {
                        "text": "Должен быть обязательным для TvInteractiveAppService, чтобы гарантировать, что только система может привязаться к нему.",
                        "links": []
                    }
                ],
                [
                    {
                        "text": "BIND_VISUAL_VOICEMAIL_SERVICE",
                        "links": []
                    },
                    {
                        "text": "Должен быть обязательным для VisualVoicemailService, чтобы гарантировать, что только система может привязаться к нему.",
                        "links": []
                    }
                ],
                [
                    {
                        "text": "BIND_VOICE_INTERACTION",
                        "links": []
                    },
                    {
                        "text": "Должен быть обязательным для VoiceInteractionService, чтобы гарантировать, что только система может привязаться к нему.",
                        "links": []
                    }
                ],
                [
                    {
                        "text": "BIND_VPN_SERVICE",
                        "links": []
                    },
                    {
                        "text": "Должен быть обязательным для VpnService, чтобы гарантировать, что только система может привязаться к нему.",
                        "links": []
                    }
                ],
                [
                    {
                        "text": "BIND_VR_LISTENER_SERVICE",
                        "links": []
                    },
                    {
                        "text": "Должен быть обязательным для VrListenerService, чтобы гарантировать, что только система может привязаться к нему.",
                        "links": []
                    }
                ],
                [
                    {
                        "text": "BIND_WALLPAPER",
                        "links": []
                    },
                    {
                        "text": "Должен быть обязательным для WallpaperService, чтобы гарантировать, что только система может привязаться к нему.",
                        "links": []
                    }
                ],
                [
                    {
                        "text": "CHANGE_CONFIGURATION",
                        "links": []
                    },
                    {
                        "text": "Позволяет приложению изменять текущую конфигурацию, например, языковой стандарт.",
                        "links": []
                    }
                ],
                [
                    {
                        "text": "CLEAR_APP_CACHE",
                        "links": []
                    },
                    {
                        "text": "Позволяет приложению очищать кэши всех установленных приложений на устройстве.",
                        "links": []
                    }
                ],
                [
                    {
                        "text": "DELETE_CACHE_FILES",
                        "links": []
                    },
                    {
                        "text": "Старое разрешение на удаление файлов кеша приложения, больше не используется, но сигнализирует нам о том, что мы должны спокойно игнорировать вызовы вместо создания исключения.",
                        "links": []
                    }
                ],
                [
                    {
                        "text": "GET_ACCOUNTS_PRIVILEGED",
                        "links": []
                    },
                    {
                        "text": "Разрешает доступ к списку учетных записей в службе учетных записей.",
                        "links": []
                    }
                ],
                [
                    {
                        "text": "GLOBAL_SEARCH",
                        "links": []
                    },
                    {
                        "text": "Это разрешение можно использовать для поставщиков контента, чтобы разрешить глобальной поисковой системе доступ к их данным.",
                        "links": []
                    }
                ],
                [
                    {
                        "text": "INSTANT_APP_FOREGROUND_SERVICE",
                        "links": []
                    },
                    {
                        "text": "Позволяет мгновенному приложению создавать службы переднего плана.",
                        "links": []
                    }
                ],
                [
                    {
                        "text": "INTERACT_ACROSS_PROFILES",
                        "links": []
                    },
                    {
                        "text": "Позволяет взаимодействовать между профилями в одной и той же группе профилей.",
                        "links": []
                    }
                ],
                [
                    {
                        "text": "LAUNCH_MULTI_PANE_SETTINGS_DEEP_LINK",
                        "links": []
                    },
                    {
                        "text": "Приложению требуется разрешение forSettings.ACTION_SETTINGS_EMBED_DEEP_LINK_ACTIVITY чтобы показать Activityembedded в настройках приложения.",
                        "links": []
                    }
                ],
                [
                    {
                        "text": "LOADER_USAGE_STATS",
                        "links": []
                    },
                    {
                        "text": "Позволяет загрузчику данных читать журналы доступа к пакету.",
                        "links": []
                    }
                ],
                [
                    {
                        "text": "MANAGE_DOCUMENTS",
                        "links": []
                    },
                    {
                        "text": "Позволяет приложению управлять доступом к документам.",
                        "links": []
                    }
                ],
                [
                    {
                        "text": "MANAGE_EXTERNAL_STORAGE",
                        "links": []
                    },
                    {
                        "text": "Предоставляет приложению широкий доступ к внешнему хранилищу в хранилище с заданной областью.",
                        "links": []
                    }
                ],
                [
                    {
                        "text": "MANAGE_MEDIA",
                        "links": []
                    },
                    {
                        "text": "Позволяет приложению изменять и удалять медиафайлы на этом устройстве или любом подключенном устройстве хранения без подтверждения пользователя.",
                        "links": []
                    }
                ],
                [
                    {
                        "text": "MANAGE_ONGOING_CALLS",
                        "links": []
                    },
                    {
                        "text": "Позволяет запрашивать информацию о текущих звонках и управлять текущими вызовами",
                        "links": []
                    }
                ],
                [
                    {
                        "text": "PACKAGE_USAGE_STATS",
                        "links": []
                    },
                    {
                        "text": "Позволяет приложению собирать статистику использования компонентов",
                        "links": []
                    }
                ],
                [
                    {
                        "text": "READ_ASSISTANT_APP_SEARCH_DATA",
                        "links": []
                    },
                    {
                        "text": "Позволяет приложению запрашивать глобальные данные в AppSearch, видимые для роли ASSISTANT.",
                        "links": []
                    }
                ],
                [
                    {
                        "text": "READ_HOME_APP_SEARCH_DATA",
                        "links": []
                    },
                    {
                        "text": "Позволяет приложению запрашивать глобальные данные в AppSearch, которые видны роли HOME.",
                        "links": []
                    }
                ],
                [
                    {
                        "text": "READ_PRECISE_PHONE_STATE",
                        "links": []
                    },
                    {
                        "text": "Разрешает доступ только для чтения к точному состоянию телефона.",
                        "links": []
                    }
                ],
                [
                    {
                        "text": "READ_VOICEMAIL",
                        "links": []
                    },
                    {
                        "text": "Позволяет приложению читать голосовые сообщения в системе.",
                        "links": []
                    }
                ],
                [
                    {
                        "text": "REQUEST_COMPANION_SELF_MANAGED",
                        "links": []
                    },
                    {
                        "text": "Позволяет приложению создавать «самоуправляемую» ассоциацию.",
                        "links": []
                    }
                ],
                [
                    {
                        "text": "REQUEST_INSTALL_PACKAGES",
                        "links": []
                    },
                    {
                        "text": "Позволяет приложению запрашивать установку пакетов. RuStore ограничивает использование важных разрешений и разрешений с высоким уровнем риска, в том числе REQUEST_INSTALL_PACKAGES . Если ваше приложение соответствует требованиям допустимого использования , вам необходимо приложить обоснование в консоли RuStore о необходимости использования разрешения REQUEST_INSTALL_PACKAGES . предупреждение RuStore оставляет за собой право не согласовывать использование разрешений с высоким уровнем риска.",
                        "links": [
                            {
                                "text": "требованиям допустимого использования",
                                "url": "https://rustore.ru/help/developers/publishing-and-verifying-apps/requirement-apps"
                            }
                        ]
                    }
                ],
                [
                    {
                        "text": "SCHEDULE_EXACT_ALARM",
                        "links": []
                    },
                    {
                        "text": "Позволяет приложениям использовать точные API сигнализации.",
                        "links": []
                    }
                ],
                [
                    {
                        "text": "START_VIEW_APP_FEATURES",
                        "links": []
                    },
                    {
                        "text": "Позволяет владельцу запускать экран со списком функций приложения.",
                        "links": []
                    }
                ],
                [
                    {
                        "text": "START_VIEW_PERMISSION_USAGE",
                        "links": []
                    },
                    {
                        "text": "Позволяет владельцу запустить экран использования разрешений для приложения.",
                        "links": []
                    }
                ],
                [
                    {
                        "text": "SUBSCRIBE_TO_KEYGUARD_LOCKED_STATE",
                        "links": []
                    },
                    {
                        "text": "Позволяет приложению подписаться на состояние keyguard locked (т.е. showing).",
                        "links": []
                    }
                ],
                [
                    {
                        "text": "SYSTEM_ALERT_WINDOW",
                        "links": []
                    },
                    {
                        "text": "Позволяет приложению создавать окна с помощью typeWindowManagerWindowManager.LayoutParams.TYPE_APPLICATION_OVERLAY, показанного поверх всех других приложений.",
                        "links": []
                    }
                ],
                [
                    {
                        "text": "USE_ICC_AUTH_WITH_DEVICE_IDENTIFIER",
                        "links": []
                    },
                    {
                        "text": "Позволяет считывать идентификаторы устройств и использовать аутентификацию на основе ICC, например EAP-AKA.",
                        "links": []
                    }
                ],
                [
                    {
                        "text": "WRITE_SETTINGS",
                        "links": []
                    },
                    {
                        "text": "Позволяет приложению читать или записывать системные настройки.",
                        "links": []
                    }
                ],
                [
                    {
                        "text": "WRITE_VOICEMAIL",
                        "links": []
                    },
                    {
                        "text": "Позволяет приложению изменять и удалять существующие голосовые сообщения в системе.",
                        "links": []
                    }
                ],
                [
                    {
                        "text": "Безопасные",
                        "links": []
                    }
                ],
                [
                    {
                        "text": "ACCESS_LOCATION_EXTRA_COMMANDS",
                        "links": []
                    },
                    {
                        "text": "Позволяет приложению получить доступ к дополнительным командам поставщика местоположения.",
                        "links": []
                    }
                ],
                [
                    {
                        "text": "BLUETOOTH",
                        "links": []
                    },
                    {
                        "text": "Позволяет приложениям подключаться к сопряженным устройствам Bluetooth.",
                        "links": []
                    }
                ],
                [
                    {
                        "text": "BLUETOOTH_ADMIN",
                        "links": []
                    },
                    {
                        "text": "Позволяет приложениям обнаруживать и создавать сопряжения с устройствами Bluetooth.",
                        "links": []
                    }
                ],
                [
                    {
                        "text": "BROADCAST_STICKY",
                        "links": []
                    },
                    {
                        "text": "Позволяет приложению транслировать последний интент.",
                        "links": []
                    }
                ],
                [
                    {
                        "text": "CALL_COMPANION_APP",
                        "links": []
                    },
                    {
                        "text": "Позволяет приложению, которое реализует InCallService API, иметь право быть включенным в качестве приложения-компаньона для звонков.",
                        "links": []
                    }
                ],
                [
                    {
                        "text": "CHANGE_NETWORK_STATE",
                        "links": []
                    },
                    {
                        "text": "Позволяет приложениям изменять состояние сетевого подключения.",
                        "links": []
                    }
                ],
                [
                    {
                        "text": "CHANGE_WIFI_MULTICAST_STATE",
                        "links": []
                    },
                    {
                        "text": "Позволяет приложениям переходить в режим многоадресной рассылки Wi-Fi.",
                        "links": []
                    }
                ],
                [
                    {
                        "text": "CHANGE_WIFI_STATE",
                        "links": []
                    },
                    {
                        "text": "Позволяет приложениям изменять состояние подключения Wi-Fi.",
                        "links": []
                    }
                ],
                [
                    {
                        "text": "DELIVER_COMPANION_MESSAGES",
                        "links": []
                    },
                    {
                        "text": "Позволяет приложению доставлять сопутствующие сообщения в систему",
                        "links": []
                    }
                ],
                [
                    {
                        "text": "DISABLE_KEYGUARD",
                        "links": []
                    },
                    {
                        "text": "Позволяет приложениям отключать keyguard, если он небезопасен.",
                        "links": []
                    }
                ],
                [
                    {
                        "text": "EXPAND_STATUS_BAR",
                        "links": []
                    },
                    {
                        "text": "Позволяет приложению разворачивать или сворачивать строку состояния.",
                        "links": []
                    }
                ],
                [
                    {
                        "text": "FOREGROUND_SERVICE",
                        "links": []
                    },
                    {
                        "text": "Позволяет приложению использовать Service.startForeground.",
                        "links": []
                    }
                ],
                [
                    {
                        "text": "GET_PACKAGE_SIZE",
                        "links": []
                    },
                    {
                        "text": "Позволяет приложению узнать размер пакета.",
                        "links": []
                    }
                ],
                [
                    {
                        "text": "HIDE_OVERLAY_WINDOWS",
                        "links": []
                    },
                    {
                        "text": "Позволяет приложению предотвращать отрисовку окон, не являющихся системными, поверх него.",
                        "links": []
                    }
                ],
                [
                    {
                        "text": "HIGH_SAMPLING_RATE_SENSORS",
                        "links": []
                    },
                    {
                        "text": "Позволяет приложению получать доступ к данным датчиков с частотой дискретизации более 200 Гц.",
                        "links": []
                    }
                ],
                [
                    {
                        "text": "INSTALL_SHORTCUT",
                        "links": []
                    },
                    {
                        "text": "Позволяет приложению установить ярлык в Launcher.",
                        "links": []
                    }
                ],
                [
                    {
                        "text": "INTERNET",
                        "links": []
                    },
                    {
                        "text": "Позволяет приложениям открывать сетевые сокеты.",
                        "links": []
                    }
                ],
                [
                    {
                        "text": "KILL_BACKGROUND_PROCESSES",
                        "links": []
                    },
                    {
                        "text": "Позволяет приложению вызывать ActivityManager.killBackgroundProcesses(String).",
                        "links": []
                    }
                ],
                [
                    {
                        "text": "MANAGE_OWN_CALLS",
                        "links": []
                    },
                    {
                        "text": "Позволяет вызывать приложение, которое управляет своими собственными вызовами через самоуправляемые API ConnectionService.",
                        "links": []
                    }
                ],
                [
                    {
                        "text": "MODIFY_AUDIO_SETTINGS",
                        "links": []
                    },
                    {
                        "text": "Позволяет приложению изменять глобальные настройки звука.",
                        "links": []
                    }
                ],
                [
                    {
                        "text": "NFC",
                        "links": []
                    },
                    {
                        "text": "Позволяет приложениям выполнять операции ввода-вывода через NFC.",
                        "links": []
                    }
                ],
                [
                    {
                        "text": "NFC_PREFERRED_PAYMENT_INFO",
                        "links": []
                    },
                    {
                        "text": "Позволяет приложениям получать информацию о предпочтительных платежных услугах NFC.",
                        "links": []
                    }
                ],
                [
                    {
                        "text": "NFC_TRANSACTION_EVENT",
                        "links": []
                    },
                    {
                        "text": "Позволяет приложениям получать события транзакций NFC.",
                        "links": []
                    }
                ],
                [
                    {
                        "text": "QUERY_ALL_PACKAGES",
                        "links": []
                    },
                    {
                        "text": "Позволяет запрашивать любое обычное приложение на устройстве, независимо от объявлений манифеста.",
                        "links": []
                    }
                ],
                [
                    {
                        "text": "READ_BASIC_PHONE_STATE",
                        "links": []
                    },
                    {
                        "text": "Разрешает доступ только для чтения к состоянию телефона с неопасным разрешением, включая такую информацию, как тип сотовой сети, версия программного обеспечения.",
                        "links": []
                    }
                ],
                [
                    {
                        "text": "READ_NEARBY_STREAMING_POLICY",
                        "links": []
                    },
                    {
                        "text": "Позволяет приложению читать ближайшую потоковую политику.",
                        "links": []
                    }
                ],
                [
                    {
                        "text": "READ_SYNC_SETTINGS",
                        "links": []
                    },
                    {
                        "text": "Позволяет приложениям читать настройки синхронизации.",
                        "links": []
                    }
                ],
                [
                    {
                        "text": "READ_SYNC_STATS",
                        "links": []
                    },
                    {
                        "text": "Позволяет приложениям читать статистику синхронизации.",
                        "links": []
                    }
                ],
                [
                    {
                        "text": "RECEIVE_BOOT_COMPLETED",
                        "links": []
                    },
                    {
                        "text": "Позволяет приложению получать Intent.ACTION_BOOT_COMPLETED, который транслируется после завершения загрузки системы.",
                        "links": []
                    }
                ],
                [
                    {
                        "text": "REORDER_TASKS",
                        "links": []
                    },
                    {
                        "text": "Позволяет приложению изменять порядок задач.",
                        "links": []
                    }
                ],
                [
                    {
                        "text": "REQUEST_COMPANION_PROFILE_WATCH",
                        "links": []
                    },
                    {
                        "text": "Позволяет сопутствующему приложению работать в фоновом режиме.",
                        "links": []
                    }
                ],
                [
                    {
                        "text": "REQUEST_COMPANION_RUN_IN_BACKGROUND",
                        "links": []
                    },
                    {
                        "text": "Позволяет сопутствующему приложению работать в фоновом режиме.",
                        "links": []
                    }
                ],
                [
                    {
                        "text": "REQUEST_COMPANION_START_FOREGROUND_SERVICES_FROM_BACKGROUND",
                        "links": []
                    },
                    {
                        "text": "Позволяет сопутствующему приложению запускать службу переднего плана в фоновом режиме.",
                        "links": []
                    }
                ],
                [
                    {
                        "text": "REQUEST_COMPANION_USE_DATA_IN_BACKGROUND",
                        "links": []
                    },
                    {
                        "text": "Позволяет сопутствующему приложению использовать данные в фоновом режиме.",
                        "links": []
                    }
                ],
                [
                    {
                        "text": "REQUEST_DELETE_PACKAGES",
                        "links": []
                    },
                    {
                        "text": "Позволяет приложению запрашивать удаление пакетов.",
                        "links": []
                    }
                ],
                [
                    {
                        "text": "REQUEST_IGNORE_BATTERY_OPTIMIZATIONS",
                        "links": []
                    },
                    {
                        "text": "Разрешение, которое должно иметь приложение, чтобы использовать Settings.ACTION_REQUEST_IGNORE_BATTERY_OPTIMIZATIONS .",
                        "links": []
                    }
                ],
                [
                    {
                        "text": "REQUEST_OBSERVE_COMPANION_DEVICE_PRESENCE",
                        "links": []
                    },
                    {
                        "text": "Позволяет приложению подписываться на уведомления об изменении статуса присутствия связанного с ним сопутствующего устройства",
                        "links": []
                    }
                ],
                [
                    {
                        "text": "REQUEST_PASSWORD_COMPLEXITY",
                        "links": []
                    },
                    {
                        "text": "Позволяет приложению запрашивать сложность блокировки экрана и предлагать пользователям обновить блокировку экрана до определенного уровня сложности.",
                        "links": []
                    }
                ],
                [
                    {
                        "text": "SET_ALARM",
                        "links": []
                    },
                    {
                        "text": "Позволяет приложению транслировать намерение установить сигнал тревоги для пользователя.",
                        "links": []
                    }
                ],
                [
                    {
                        "text": "SET_WALLPAPER",
                        "links": []
                    },
                    {
                        "text": "Позволяет приложениям устанавливать обои.",
                        "links": []
                    }
                ],
                [
                    {
                        "text": "SET_WALLPAPER_HINTS",
                        "links": []
                    },
                    {
                        "text": "Позволяет приложениям устанавливать подсказки для обоев.",
                        "links": []
                    }
                ],
                [
                    {
                        "text": "TRANSMIT_IR",
                        "links": []
                    },
                    {
                        "text": "Позволяет использовать ИК-передатчик устройства, если он доступен.",
                        "links": []
                    }
                ],
                [
                    {
                        "text": "UPDATE_PACKAGES_WITHOUT_USER_ACTION",
                        "links": []
                    },
                    {
                        "text": "Позволяет приложению указать через PackageInstaller.SessionParams.setRequireUserAction(int), что действия пользователя не требуются для обновления приложения.",
                        "links": []
                    }
                ],
                [
                    {
                        "text": "USE_BIOMETRI",
                        "links": []
                    },
                    {
                        "text": "Позволяет приложению использовать биометрические методы, поддерживаемые устройствами.",
                        "links": []
                    }
                ],
                [
                    {
                        "text": "USE_EXACT_ALARM",
                        "links": []
                    },
                    {
                        "text": "Позволяет приложениям использовать точные сигналы тревоги так же, как и в SCHEDULE_EXACT_ALARM, но без необходимости запрашивать это разрешение у пользователя.",
                        "links": []
                    }
                ],
                [
                    {
                        "text": "USE_FINGERPRINT",
                        "links": []
                    },
                    {
                        "text": "Это разрешение устарело на уровне API 28. Вместо этого приложения должны запрашивать USE_BIOMETRIC.",
                        "links": []
                    }
                ],
                [
                    {
                        "text": "USE_FULL_SCREEN_INTENT",
                        "links": []
                    },
                    {
                        "text": "Требуется для приложений, ориентированных на Build.VERSION_CODES.Q, которые хотят использовать полноэкранные намерения уведомлений.",
                        "links": []
                    }
                ],
                [
                    {
                        "text": "VIBRATE",
                        "links": []
                    },
                    {
                        "text": "Обеспечивает доступ к функции вибрации.",
                        "links": []
                    }
                ],
                [
                    {
                        "text": "WAKE_LOCK",
                        "links": []
                    },
                    {
                        "text": "Позволяет использовать PowerManager WakeLocks для предотвращения перехода процессора в спящий режим или затемнения экрана.",
                        "links": []
                    }
                ],
                [
                    {
                        "text": "WRITE_SYNC_SETTINGS",
                        "links": []
                    },
                    {
                        "text": "Позволяет приложениям записывать настройки синхронизации.",
                        "links": []
                    }
                ],
                [
                    {
                        "text": "Устаревшие",
                        "links": []
                    }
                ],
                [
                    {
                        "text": "BIND_CARRIER_MESSAGING_SERVICE",
                        "links": []
                    },
                    {
                        "text": "Это разрешение устарело на уровне API 23. Вместо этого используйте BIND_CARRIER_SERVICES",
                        "links": []
                    }
                ],
                [
                    {
                        "text": "GET_TASKS",
                        "links": []
                    },
                    {
                        "text": "Это разрешение устарело на уровне API 21. Больше не применяется.",
                        "links": []
                    }
                ],
                [
                    {
                        "text": "PERSISTENT_ACTIVITY",
                        "links": []
                    },
                    {
                        "text": "Это разрешение устарело на уровне API 15. Эта функция будет удалена в будущем; пожалуйста, не используйте.",
                        "links": []
                    }
                ],
                [
                    {
                        "text": "RESTART_PACKAGES",
                        "links": []
                    },
                    {
                        "text": "Это разрешение устарело на уровне API 15.",
                        "links": []
                    }
                ],
                [
                    {
                        "text": "SET_PREFERRED_APPLICATIONS",
                        "links": []
                    },
                    {
                        "text": "Это разрешение устарело на уровне API 15.",
                        "links": []
                    }
                ],
                [
                    {
                        "text": "SMS_FINANCIAL_TRANSACTIONS",
                        "links": []
                    },
                    {
                        "text": "Это разрешение устарело на уровне API 31.",
                        "links": []
                    }
                ]
            ]
        }
    ]
}