{
    "meta": {
        "language": "ru",
        "parse_date": "2024-07-06T19:35:11.183706",
        "current_url": "https://www.rustore.ru/help/developers/monetization/monetization-self-employed/",
        "doc_section": "developers",
        "h1_text": "Подключение монетизации для самозанятых: руководство от RuStore"
    },
    "content": [
        {
            "type": "h1",
            "text": "Подключение монетизации для самозанятых: руководство от RuStore",
            "content": [
                {
                    "type": "paragraph",
                    "text": "Физические лица могут подключить монетизацию, если у них есть статус самозанятых. Если статуса нет — его можно оформить при настройке монетизации в RuStore."
                }
            ]
        },
        {
            "type": "h2",
            "text": "Кто может подключить монетизацию​",
            "content": [
                {
                    "type": "paragraph",
                    "text": "Подключить и настроить монетизацию может только владелец приложения."
                }
            ]
        },
        {
            "type": "h2",
            "text": "Как настроить монетизацию​",
            "content": [
                {
                    "type": "paragraph",
                    "text": "Настройка монетизации делится на два этапа: подключение «VK Pay Самозанятые» и добавление карты для выплат."
                }
            ]
        },
        {
            "type": "h3",
            "text": "Подключение «VK Pay Самозанятые»​",
            "content": [
                {
                    "type": "paragraph",
                    "text": "Откройте раздел Монетизация на странице разработчика и нажмите «Подключить монетизацию»."
                }
            ]
        },
        {
            "type": "admonition",
            "admonition_type": "info",
            "title": "к сведению",
            "content": [
                {
                    "type": "paragraph",
                    "text": "Подключить монетизацию также можно из карточки приложения со страниц Подписки или Разовые покупки в разделе Монетизация.\nВ блоке «VK Pay Самозанятые» нажмите «Подключить».\nУкажите ИНН, ФИО и согласитесь с офертой.\nНажмите кнопку «Привязать».\nНажмите кнопку «Перейти в Мой налог».\nНайдите VK Pay в списке партнеров и нажмите на него.\nИзучите список базовых разрешений и нажмите кнопку «Подтвердить».\nГотово — вы подключили VK Pay для самозанятых.\nНажмите кнопку «Перейти в Мой налог».\nАвторизуйтесь через приложение «Госуслуги».\nНа странице с разрешением прав доступа нажмите кнопку «Предоставить».\nВернитесь в RuStore.\nУкажите данные для постановки на налоговый учет.\nВернитесь в приложение «Мой налог».\nНайдите VK Pay в списке партнеров и нажмите на него.\nИзучите список базовых разрешений и нажмите кнопку «Подтвердить».\nГотово — вы подключили VK Pay для самозанятых."
                }
            ]
        },
        {
            "type": "admonition",
            "admonition_type": "info",
            "title": "к сведению",
            "content": [
                {
                    "type": "paragraph",
                    "text": "Если у вас возникли проблемы с постановкой на налоговый учет, обратитесь в поддержку приложения «Мой налог»."
                }
            ]
        },
        {
            "type": "h3",
            "text": "Добавление карты​",
            "content": [
                {
                    "type": "paragraph",
                    "text": "Изучите условия подключения монетизации и нажмите кнопку «Согласиться с условиями».\nНажмите кнопку «Добавить карту».\nУкажите данные карты и нажмите кнопку «Оплатить 1.00 RUB»."
                }
            ]
        },
        {
            "type": "admonition",
            "admonition_type": "info",
            "title": "к сведению",
            "content": [
                {
                    "type": "paragraph",
                    "text": "Списание нужно, чтобы убедиться, что карта принадлежит вам. Списанная сумма вернется на счет.\n"
                }
            ]
        },
        {
            "type": "admonition",
            "admonition_type": "unknown",
            "title": "подсказка",
            "content": [
                {
                    "type": "paragraph",
                    "text": "Если возникла ошибка (например, на карте нет средств), вы можете повторить попытку с этой же картой или привязать новую. Заменить привязанную карту, если она станет неактивной (например, истечет срок действия), можно в Консоли RuStore."
                }
            ]
        },
        {
            "type": "h2",
            "text": "Порядок выплат​",
            "content": [
                {
                    "type": "paragraph",
                    "text": "Выплаты на привязанную карту происходят раз в месяц при достижении минимального порога в 5 000 рублей (с момента начала платежей или с месяца предыдущей выплаты).\nRuStore также оставляет за собой право на отложенную выплату за первый отчетный период, в котором ваш доход составил более 5 000 рублей."
                }
            ]
        },
        {
            "type": "h2",
            "text": "Что делать, если не получил выплаты​",
            "content": [
                {
                    "type": "paragraph",
                    "text": "Самозанятый не получит выплаты в следующих ситуациях:\nНе согласился с условиями получения выплат.\nЗаблокировал подключенную для выплат карту.\nПревысил годовой лимит для самозанятых в 2,4 миллиона рублей."
                }
            ]
        }
    ]
}