{
    "meta": {
        "language": "ru",
        "parse_date": "2024-07-06T19:50:56.221314",
        "current_url": "https://www.rustore.ru/help/sdk/push-notifications/unreal/1-0-0/",
        "doc_section": "sdk",
        "h1_text": "SDK push-уведомлений для Unreal Engine (версия 1.0.0)"
    },
    "content": [
        {
            "type": "h1",
            "text": "SDK push-уведомлений для Unreal Engine (версия 1.0.0)",
            "content": []
        },
        {
            "type": "h2",
            "text": "Условия корректной работы SDK​",
            "content": [
                {
                    "type": "paragraph",
                    "text": "Для работы RuStore push-уведомлений необходимо соблюдение следующих условий:\nНа устройстве пользователя установлена актуальная версия RuStore.\nПриложение RuStore должно поддерживать функциональность push-уведомлений.\nПриложению RuStore разрешен доступ к работе в фоновом режиме.\nПользователь авторизован в RuStore.\nОтпечаток подписи приложения должен совпадать с отпечатком, добавленным вКонсоль RuStore (https://dev.rustore.ru/).\nВерсия Unreal Engine 4.26 или выше."
                }
            ]
        },
        {
            "type": "h2",
            "text": "Пример реализации​",
            "content": [
                {
                    "type": "paragraph",
                    "text": "Ознакомьтесь сприложением-примером, чтобы узнать, как правильно интегрировать SDK push-уведомлений."
                }
            ]
        },
        {
            "type": "h2",
            "text": "Подключение в проект​",
            "content": [
                {
                    "type": "paragraph",
                    "text": "Скопируйте содержимое каталогаPluginsиз официального репозитория RuStore наGitFlic (https://gitflic.ru/project/rustore/rustore-unreal-engine-push-example)в каталогPluginsвнутри своего проекта.\nПерезапустите Unreal Engine.\nВ списке плагинов (Edit → Plugins → Mobile) отметьте плагины «RuStorePush» и «RuStoreCore».\nВ файлеYourProject.Build.csв спискеPublicDependencyModuleNamesподключите модулиRuStoreCoreиRuStorePush.\nВ настройках проекта (Edit → Project Settings → Android) установите параметры:Minimum SDK Version— не ниже24;Target SDK Version— не ниже31."
                }
            ]
        },
        {
            "type": "h3",
            "text": "Редактирование манифеста приложения​",
            "content": [
                {
                    "type": "paragraph",
                    "text": "ПлагинRuStorePushобъявит службуRuStoreUnityMessagingService:"
                }
            ]
        },
        {
            "type": "code",
            "text": "AndroidManifest.xml<serviceandroid:name=\"ru.rustore.unitysdk.pushclient.RuStoreUnityMessagingService\"android:exported=\"true\"tools:ignore=\"ExportedService\"><intent-filter><actionandroid:name=\"ru.rustore.sdk.pushclient.MESSAGING_EVENT\"/></intent-filter></service>"
        },
        {
            "type": "code",
            "text": "AndroidManifest.xml<meta-dataandroid:name=\"ru.rustore.sdk.pushclient.default_notification_icon\"android:resource=\"@drawable/ic_baseline_android_24\"/><meta-dataandroid:name=\"ru.rustore.sdk.pushclient.default_notification_color\"android:resource=\"@color/your_favorite_color\"/>"
        },
        {
            "type": "code",
            "text": "AndroidManifest.xml<meta-dataandroid:name=\"ru.rustore.sdk.pushclient.default_notification_channel_id\"android:value=\"@string/pushes_notification_channel_id\"/>"
        },
        {
            "type": "h3",
            "text": "Запрос разрешения на показ уведомлений в Android 13+​",
            "content": [
                {
                    "type": "paragraph",
                    "text": "В версии Android 13 появилось новое разрешение для отображения push-уведомлений.\nЭто затронет все приложения, которые работают на Android 13 или выше и используют RuStore Push SDK.\nПо умолчанию RuStore Push SDK версии 1.4.0 и выше включает разрешениеPOST_NOTIFICATIONS, определённое в манифесте.\nОднако приложению также нужно запросить это разрешение во время выполнения через константуandroid.permission.POST_NOTIFICATIONS.\nПриложение сможет показывать push-уведомления, только когда пользователь предоставит на это разрешение.\nЗапрос разрешения на показ push-уведомлений:"
                }
            ]
        },
        {
            "type": "code",
            "text": "Activity/Fragment// Declare the launcher at the top of your Activity/Fragment:privatefinalActivityResultLauncher<String>requestPermissionLauncher=registerForActivityResult(newActivityResultContracts.RequestPermission(),isGranted->{if(isGranted){// RuStore Push SDK (and your app) can post notifications.}else{// TODO: Inform user that your app will not show notifications.}});privatevoidaskNotificationPermission(){// This is only necessary for API level>= 33 (TIRAMISU)if(Build.VERSION.SDK_INT>=Build.VERSION_CODES.TIRAMISU){if(ContextCompat.checkSelfPermission(this,Manifest.permission.POST_NOTIFICATIONS)==PackageManager.PERMISSION_GRANTED){// RuStore Push SDK (and your app) can post notifications.}elseif(shouldShowRequestPermissionRationale(Manifest.permission.POST_NOTIFICATIONS)){// TODO: display an educational UI explaining to the user the features that will be enabled//       by them granting the POST_NOTIFICATION permission. This UI should provide the user//       \"OK\" and \"No thanks\" buttons. If the user selects \"OK,\" directly request the permission.//       If the user selects \"No thanks,\" allow the user to continue without notifications.}else{// Directly ask for the permissionrequestPermissionLauncher.launch(Manifest.permission.POST_NOTIFICATIONS);}}}"
        },
        {
            "type": "h2",
            "text": "Инициализация​",
            "content": [
                {
                    "type": "paragraph",
                    "text": "Для инициализации понадобитсяидентификатор проекта изRuStore Консоль. Чтобы получить его, на странице приложения перейдите в раздел «Push-уведомления» — «Проекты» и скопируйте значение в поле «ID проекта».\nДля доступа к методам push sdk из C++ выполните инициализацию плагина, используя методInit."
                }
            ]
        },
        {
            "type": "code",
            "text": "Вызов метода InitFURuStorePushClientConfig config;config.allowNativeErrorHandling=true;config.messagingServiceListener=pushMessagingServiceListener;config.logListener=pushLogListener;URuStorePushClient::Instance()->Init(сonfig);",
            "content": [
                {
                    "type": "paragraph",
                    "text": "allowNativeErrorHandling— разрешение на обработку ошибок в нативном SDK.\nmessagingServiceListener— объект класса, реализующего интерфейсIRuStoreMessagingServiceListenerInterface.\nlogListener— объект класса, реализующего интерфейсIRuStoreLogListenerInterface. Этот параметр должен быть задан при установкеRuStoreUnrealLoggerMode.CUSTOMв методе инициализации на стороне Java."
                }
            ]
        },
        {
            "type": "h3",
            "text": "Деинициализация​",
            "content": [
                {
                    "type": "paragraph",
                    "text": "Вызов методаInitдляURuStorePushClient,URuStoreMessagingServiceListener,URuStoreLogListenerпривязывает объекты к корню сцены. Если дальнейшая работа с объектами больше не планируется, для освобождения памяти необходимо выполнить методDispose. ВызовDisposeотвяжет объект от корня и безопасно завершит все отправленные запросы."
                }
            ]
        },
        {
            "type": "code",
            "text": "Вызов метода DisposeURuStorePushClient::Instance()->Dispose();URuStoreMessagingServiceListener::Instance()->Dispose();URuStoreLogListener::Instance()->Dispose();"
        },
        {
            "type": "h3",
            "text": "Логирование событий​",
            "content": [
                {
                    "type": "paragraph",
                    "text": "Вы можете реализовать собственный класс для логгирования событий, используя интерфейсIRuStoreLogListenerInterface."
                }
            ]
        },
        {
            "type": "code",
            "text": "Интерфейс IRuStoreLogListenerInterfaceclassRUSTOREPUSH_APIIRuStoreLogListenerInterface{GENERATED_BODY()public:UFUNCTION(BlueprintCallable,BlueprintNativeEvent,Category=\"RuStore Log Listener Interface\")voidLogVerboseResponse(int64 requestId,FString&message,FURuStoreError&error);UFUNCTION(BlueprintCallable,BlueprintNativeEvent,Category=\"RuStore Log Listener Interface\")voidLogDebugResponse(int64 requestId,FString&message,FURuStoreError&error);UFUNCTION(BlueprintCallable,BlueprintNativeEvent,Category=\"RuStore Log Listener Interface\")voidLogInfoResponse(int64 requestId,FString&message,FURuStoreError&error);UFUNCTION(BlueprintCallable,BlueprintNativeEvent,Category=\"RuStore Log Listener Interface\")voidLogWarnResponse(int64 requestId,FString&message,FURuStoreError&error);UFUNCTION(BlueprintCallable,BlueprintNativeEvent,Category=\"RuStore Log Listener Interface\")voidLogErrorResponse(int64 requestId,FString&message,FURuStoreError&error);};",
            "content": [
                {
                    "type": "paragraph",
                    "text": "LogVerboseResponse— подробные записи для отладки или анализа.\nLogDebugResponse— записи для отладки.\nLogInfoResponse— информационные записи.\nLogWarnResponse— предупреждения.\nLogErrorResponse— критические ошибки.\nrequestId— id запроса.\nmessage— сообщение лога.\nerror— описание ошибки."
                }
            ]
        },
        {
            "type": "h2",
            "text": "Проверка возможности получать push-уведомления​",
            "content": [
                {
                    "type": "paragraph",
                    "text": "Условия работы push-уведомлений перечислены в разделеУсловия корректной работы SDK.\n"
                }
            ]
        },
        {
            "type": "code",
            "text": "Вызов метода CheckPushAvailabilitylong requestId=URuStorePushClient::Instance()->CheckPushAvailability([](long requestId,TSharedPtr<FUFeatureAvailabilityResult,ESPMode::ThreadSafe>response){// Process response},[](long requestId,TSharedPtr<FURuStoreError,ESPMode::ThreadSafe>error){// Process error});"
        },
        {
            "type": "code",
            "text": "Структура FURuStoreFeatureAvailabilityResultUSTRUCT(BlueprintType)structRUSTORECORE_APIFURuStoreFeatureAvailabilityResult{GENERATED_USTRUCT_BODY()FURuStoreFeatureAvailabilityResult(){isAvailable=false;}UPROPERTY(BlueprintReadWrite)bool isAvailable;UPROPERTY(BlueprintReadWrite)FURuStoreErrorcause;};",
            "content": [
                {
                    "type": "paragraph",
                    "text": "isAvailable— выполнение условий выполнения платежей.\ncause— информация об ошибке. Все возможные ошибкиcauseописаны в разделеОбработка ошибок (https://rustore.ru/help#errors)."
                }
            ]
        },
        {
            "type": "h2",
            "text": "Методы для работы с push-токеном​",
            "content": []
        },
        {
            "type": "h3",
            "text": "Получение push-токена пользователя​",
            "content": []
        },
        {
            "type": "admonition",
            "admonition_type": "caution",
            "title": "предупреждение",
            "content": [
                {
                    "type": "paragraph",
                    "text": "Если у пользователя нет push-токена, метод создаст и вернёт новый push-токен.\n"
                }
            ]
        },
        {
            "type": "code",
            "text": "Пример реализации RuStorePushClient.GetTokenlong requestId=URuStorePushClient::Instance()->GetToken([](long requestId,FStringresponse){// Process response},[](long requestId,TSharedPtr<FURuStoreError,ESPMode::ThreadSafe>error){// Process error});",
            "content": [
                {
                    "type": "paragraph",
                    "text": "response— текущий push-токен."
                }
            ]
        },
        {
            "type": "h3",
            "text": "Удаление push-токена пользователя​",
            "content": [
                {
                    "type": "paragraph",
                    "text": ""
                }
            ]
        },
        {
            "type": "code",
            "text": "Вызов метода DeleteTokenlong requestId=URuStorePushClient::Instance()->DeleteToken([](long requestId){// Process success},[](long requestId,TSharedPtr<FURuStoreError,ESPMode::ThreadSafe>error){// Process error});"
        },
        {
            "type": "h2",
            "text": "Методы для работы с push-топиком​",
            "content": []
        },
        {
            "type": "h3",
            "text": "Подписка на push-уведомления по топику​",
            "content": [
                {
                    "type": "paragraph",
                    "text": ""
                }
            ]
        },
        {
            "type": "code",
            "text": "Вызов метода SubscribeToTopiclongrequestId=URuStorePushClient::Instance()->SubscribeToTopic(topicName,[](longrequestId){// Process error},[](longrequestId,TSharedPtr<FURuStoreError,ESPMode::ThreadSafe>error){// Process error});"
        },
        {
            "type": "h3",
            "text": "Отписка от push-уведомлений по топику​",
            "content": [
                {
                    "type": "paragraph",
                    "text": ""
                }
            ]
        },
        {
            "type": "code",
            "text": "Пример реализации RuStorePushClient.DeleteTokenlong responseId=URuStorePushClient::Instance()->UnsubscribeFromTopic([](long responseId){// Process success},[](long responseId,TSharedPtr<FURuStoreError,ESPMode::ThreadSafe>error){// Process error});"
        },
        {
            "type": "h2",
            "text": "Получение данных от RuStore SDK​",
            "content": [
                {
                    "type": "paragraph",
                    "text": "ОбъектURuStoreMessagingServiceListener::Instance()реализует интерфейсIRuStoreMessagingServiceListenerInterface. ПодготовкаURuStoreMessagingServiceListenerк работе описана в разделеИнициализация."
                }
            ]
        },
        {
            "type": "code",
            "text": "Интерфейс IRuStoreMessagingServiceListenerInterfaceclassRUSTOREPUSH_APIIRuStoreMessagingServiceListenerInterface{GENERATED_BODY()public:UFUNCTION(BlueprintCallable,BlueprintNativeEvent,Category=\"RuStore Messaging Service Listener Interface\")voidNewTokenResponse(int64 requestId,FString&token);UFUNCTION(BlueprintCallable,BlueprintNativeEvent,Category=\"RuStore Messaging Service Listener Interface\")voidMessageReceivedResponse(int64 requestId,FURuStoreRemoteMessage&message);UFUNCTION(BlueprintCallable,BlueprintNativeEvent,Category=\"RuStore Messaging Service Listener Interface\")voidDeletedMessagesResponse(int64 requestId);UFUNCTION(BlueprintCallable,BlueprintNativeEvent,Category=\"RuStore Messaging Service Listener Interface\")voidErrorResponse(int64 requestId,TArray<FURuStoreError>&errors);};"
        },
        {
            "type": "table",
            "headers": [
                "Название метода",
                "Описание"
            ],
            "rows": [
                [
                    {
                        "text": "NewTokenResponse",
                        "links": []
                    },
                    {
                        "text": "Метод вызывается при получении нового push-токена.\nПосле вызова этого метода ваше приложение становится ответственно за передачу нового push-токена на свой сервер.\nМетод возвращает значение нового токена.",
                        "links": []
                    }
                ],
                [
                    {
                        "text": "MessageReceivedResponse",
                        "links": []
                    },
                    {
                        "text": "Метод вызывается при получении нового push-уведомления.\n< p/>\nЕсли в объекте notification есть данные, RuStore SDK самостоятельно отображает уведомление.\nЕсли вы не хотите этого, используйте объект data , а notification оставьте пустым.\nМетод вызывается в любом случае.\n< p/>\nПолучить payload push-уведомления TMap<FString, FString> можно из поля message.data .",
                        "links": []
                    }
                ],
                [
                    {
                        "text": "DeletedMessagesResponse",
                        "links": []
                    },
                    {
                        "text": "Метод вызывается, если один или несколько push-уведомлений не доставлены на устройство.\nНапример, если время жизни уведомления истекло до момента доставки.\n< p/>\nПри вызове этого метода рекомендуется синхронизироваться со своим сервером, чтобы не пропустить данные.",
                        "links": []
                    }
                ],
                [
                    {
                        "text": "ErrorResponse",
                        "links": []
                    },
                    {
                        "text": "Метод вызывается, если в момент инициализации возникает ошибка.\nОн возвращает массив объектов с ошибками.\n< p/>\nВозможные ошибки: UnauthorizedException — пользователь не авторизован в RuStore. HostAppNotInstalledException — RuStore отсутствует на устройстве пользователя. HostAppBackgroundWorkPermissionNotGranted — у RuStore нет разрешения на работу в фоне. Все возможные ошибки описаны в разделе Обработка ошибок .",
                        "links": [
                            {
                                "text": "Обработка ошибок",
                                "url": "https://rustore.ru/help#errors"
                            }
                        ]
                    }
                ]
            ]
        },
        {
            "type": "h3",
            "text": "Структура уведомления​",
            "content": []
        },
        {
            "type": "code",
            "text": "Структура FURuStoreRemoteMessageUSTRUCT(BlueprintType)structRUSTOREPUSH_APIFURuStoreRemoteMessage{GENERATED_USTRUCT_BODY()public:UPROPERTY()FStringcollapseKey;UPROPERTY()TMap<FString,FString>data;UPROPERTY()FStringmessageId;UPROPERTY()FURuStoreNotificationnotification;UPROPERTY()int priority;char*rawData;UPROPERTY()int ttl;};",
            "content": [
                {
                    "type": "paragraph",
                    "text": "collapseKey— идентификатор группы уведомлений (на данный момент не учитывается).\ndata— словарь, в который можно передать дополнительные данные для уведомления.\nmessageId— уникальный ID сообщения. Является идентификатором каждого сообщения.\nnotification— объект уведомления.\npriority— возвращает значение приоритетности (на данный момент не учитывается).Сейчас заложены следующие варианты:0—UNKNOWN.1—HIGH.2—NORMAL.< p/>\nrawData— словарьdataв виде массива байтов.\nttl— время жизни push-уведомления типаIntв секундах."
                }
            ]
        },
        {
            "type": "code",
            "text": "Структура FURuStoreNotificationUSTRUCT(Blueprintable)structRUSTOREPUSH_APIFURuStoreNotification{GENERATED_USTRUCT_BODY()public:FURuStoreNotification(){title=\"0\";body=\"0\";channelId=\"0\";imageUrl=\"0\";color=\"0\";icon=\"0\";clickAction=\"0\";}UPROPERTY()FStringtitle;UPROPERTY()FStringbody;UPROPERTY()FStringchannelId;UPROPERTY()FStringimageUrl;UPROPERTY()FStringcolor;UPROPERTY()FStringicon;UPROPERTY()FStringclickAction;};",
            "content": [
                {
                    "type": "paragraph",
                    "text": "title— заголовок уведомления.\nbody— тело уведомления\nchannelId— возможность задать канал, в который отправится уведомление. Актуально для Android 8.0 и выше.\nimageUrl— прямая ссылка на изображение для вставки в уведомление. Изображение должно быть не более 1 Мбайт.\ncolor— цвет уведомления в HEX-формате, строкой. Например,#0077FF.\nicon— значок уведомления изres/drawableв формате строки, которая совпадает с названием ресурса.\n< p/>\nНапример, вres/drawableесть значокsmall_icon.xml, который доступен в коде черезR.drawable.small_icon.\nЧтобы значок отображался в уведомлении, сервер должен указать в параметреiconзначениеsmall_icon.\n< p/>\nclickAction—intent action, с помощью которого будет открыта активити при клике на уведомление."
                }
            ]
        },
        {
            "type": "h3",
            "text": "Создание канала для отправки уведомления​",
            "content": [
                {
                    "type": "paragraph",
                    "text": "Для канала, в который отправляется уведомление, действует следующий приоритет:\nЕсли в push-уведомлении есть полеchannelId, RuStore SDK отправит уведомление в указанный канал.\nВаше приложение должно создать этот канал заранее.\nЕсли в push-уведомлении нет поляchannelId, но ваше приложение указало параметр с каналом вAndroidManifest.xml, используется указанный канал.\nВаше приложение должно создать этот канал заранее.\nЕсли в push-уведомлении нет поляchannelId, и канал по умолчанию не задан вAndroidManifest.xml, RuStore SDK создаст канал и отправит уведомление в него.\nВ дальнейшем все уведомления без явного указания канала будут отправляться в этот канал."
                }
            ]
        },
        {
            "type": "h3",
            "text": "Открытие activity при нажатии на уведомление​",
            "content": [
                {
                    "type": "paragraph",
                    "text": "По умолчанию, если нажать на уведомление, RuStore SDK откроет activity сactionandroid.intent.action.MAIN.\nЕсли есть полеclickAction, RuStore SDK откроет activity, которая попадает подIntent filterс указаннымaction.\nДобавьте строку<category android:name=\"android.intent.category.DEFAULT\" />в манифесте приложения в соответствующем элементе<intent-filter>у activity.\nЭто нужно, чтобы при нажатии на уведомление по умолчанию открывалась activity.\nБез этой строки в RuStore SDK activity не откроется.\nЧтобы после нажатия на push-уведомление SDK смог открыть game activity без перезагрузки игры, нужно очиститьintentпри переходе в приложение.\nДля этого плагин добавит в манифест дополнительную activity типаcom.Plugins.RuStorePush.RuStorePushActivity.RuStorePushActivityочиститintentи запуститcom.epicgames.ue4.GameActivityилиcom.epicgames.unreal.GameActivityв зависимости от версии Unreal Engine."
                }
            ]
        },
        {
            "type": "code",
            "text": "RuStorePush_UPL_Android.xml<addElementstag=\"application\"><activityandroid:name=\"com.Plugins.RuStorePush.RuStorePushActivity\"android:exported=\"true\"android:label=\"@string/app_name\"android:theme=\"@android:style/Theme.Black.NoTitleBar.Fullscreen\"android:configChanges=\"mcc|mnc|uiMode|density|screenSize|smallestScreenSize|screenLayout|orientation|keyboardHidden|keyboard|navigation|touchscreen|locale|fontScale|layoutDirection\"android:resizeableActivity=\"false\"android:launchMode=\"singleTask\"android:screenOrientation=\"sensor\"android:debuggable=\"false\"><intent-filter><actionandroid:name=\"android.intent.action.MAIN\"/><categoryandroid:name=\"android.intent.category.LAUNCHER\"/><categoryandroid:name=\"android.intent.category.DEFAULT\"/></intent-filter></activity></addElements>"
        },
        {
            "type": "code",
            "text": "Реализация RuStorePushActivity.javaimportandroid.content.Intent;importandroid.os.Bundle;importandroidx.appcompat.app.AppCompatActivity;importcom.Plugins.RuStorePush.RuStoreLaunchHandler;publicclassRuStorePushActivityextendsAppCompatActivity{privatestaticfinalStringue4=\"com.epicgames.ue4.GameActivity\";privatestaticfinalStringue5=\"com.epicgames.unreal.GameActivity\";@OverrideprotectedvoidonCreate(BundlesavedInstanceState){super.onCreate(savedInstanceState);Class<?>gameActivityClass=null;try{gameActivityClass=Class.forName(ue4);}catch(ClassNotFoundExceptionex1){try{gameActivityClass=Class.forName(ue5);}catch(ClassNotFoundExceptionex2){}}if(gameActivityClass!=null){RuStoreLaunchHandler.OnNewIntent(getIntent());IntentnewIntent=newIntent(this,gameActivityClass);startActivity(newIntent);}finish();}}"
        },
        {
            "type": "h2",
            "text": "Обработка ошибок​",
            "content": [
                {
                    "type": "paragraph",
                    "text": "Если вы получили в ответFailure, не рекомендуется отображать ошибку пользователю. Отображение ошибки может негативно повлиять на пользовательский опыт."
                }
            ]
        },
        {
            "type": "code",
            "text": "Структура FURuStoreErrorUSTRUCT(BlueprintType)structRUSTORECORE_APIFURuStoreError{GENERATED_USTRUCT_BODY()FURuStoreError(){name=\"\";description=\"\";}UPROPERTY(BlueprintReadOnly)FString name;UPROPERTY(BlueprintReadOnly)FString description;};",
            "content": [
                {
                    "type": "paragraph",
                    "text": "name— имя ошибки. Содержит имяsimpleNameкласса ошибки.\ndescription— описание ошибки.\nRuStoreNotInstalledException— на устройстве пользователя не установлен RuStore.\nRuStoreOutdatedException— версия RuStore, установленная на устройстве пользователя, не поддерживает push-уведомления.\nRuStoreUserUnauthorizedException— пользователь не авторизован в RuStore.\nRuStoreFeatureUnavailableException— RuStore не имеет разрешения на работу в фоне.\nRuStoreException— базовая ошибка RuStore, от которой наследуются остальные ошибки.\nВызовется соответствующий обработчикonFailure.\nОшибка передастся в методresolveForPushнативного SDK.\nЭто нужно, чтобы показать пользователю диалог с ошибкой."
                }
            ]
        },
        {
            "type": "code",
            "text": "Запрет нативной обработки ошибокURuStorePushClient::Instance()->SetAllowNativeErrorHandling(false);"
        },
        {
            "type": "h2",
            "text": "См. также​",
            "content": [
                {
                    "type": "paragraph",
                    "text": "Отправка push-уведомлений (API) (https://rustore.ru/help/sdk/push-notifications/send-push-notifications)\nОтправка push-уведомлений по топикам (API) (https://rustore.ru/help/sdk/push-notifications/topic-notifications)\nРабота с сегментами пользователей (API) (https://rustore.ru/help/sdk/push-notifications/work-with-segments-push-api)"
                }
            ]
        }
    ]
}