{
    "meta": {
        "language": "ru",
        "parse_date": "2024-07-06T19:46:51.623588",
        "current_url": "https://www.rustore.ru/help/sdk/payments/flutter/history/",
        "doc_section": "sdk",
        "h1_text": "История обновлений"
    },
    "content": [
        {
            "type": "h1",
            "text": "История обновлений",
            "content": []
        },
        {
            "type": "h2",
            "text": "Версия 3.0.0​",
            "content": [
                {
                    "type": "paragraph",
                    "text": "Релизная версия."
                }
            ]
        }
    ]
}