{
    "meta": {
        "language": "ru",
        "parse_date": "2024-07-06T19:37:59.612373",
        "current_url": "https://www.rustore.ru/help/developers/tools/remote-config/ab-testing/metric-actions/",
        "doc_section": "developers",
        "h1_text": "Как работать с метрикой"
    },
    "content": [
        {
            "type": "h1",
            "text": "Как работать с метрикой",
            "content": [
                {
                    "type": "paragraph",
                    "text": "Вы можете редактировать, копировать и удалять созданные метрики."
                }
            ]
        },
        {
            "type": "admonition",
            "admonition_type": "caution",
            "title": "предупреждение",
            "content": [
                {
                    "type": "paragraph",
                    "text": "Чтобы работать с метриками, подключитеMyTracker (https://rustore.ru/help/developers/tools/remote-config/ab-testing/mytracker-connection)."
                }
            ]
        },
        {
            "type": "h2",
            "text": "Редактирование​",
            "content": [
                {
                    "type": "paragraph",
                    "text": "ОткройтеRemote Config (https://remote-config.rustore.ru).\nВыберите приложение.\nПерейдите во вкладку «Метрики».\nНайдите метрику в списке.\nВ меню действий выберите «Редактировать».\nВнесите изменения.\nНажмите «Сохранить»."
                }
            ]
        },
        {
            "type": "h2",
            "text": "Копирование​",
            "content": [
                {
                    "type": "paragraph",
                    "text": "ОткройтеRemote Config (https://remote-config.rustore.ru).\nВыберите приложение.\nПерейдите во вкладку «Метрики».\nНайдите метрику в списке.\nВ меню действий выберите «Копировать»."
                }
            ]
        },
        {
            "type": "admonition",
            "admonition_type": "info",
            "title": "к сведению",
            "content": [
                {
                    "type": "paragraph",
                    "text": "На открывшейся странице появится копия существующей метрики с заполненными данными. Отредактируйте их, если нужно.\nНажмите «Сохранить»."
                }
            ]
        },
        {
            "type": "h2",
            "text": "Удаление​",
            "content": [
                {
                    "type": "paragraph",
                    "text": "ОткройтеRemote Config (https://remote-config.rustore.ru).\nВыберите нужное приложение.\nПерейдите во вкладку «Метрики».\nНайдите метрику в списке.\nВ меню действий выберите «Удалить».\nПодтвердите удаление."
                }
            ]
        }
    ]
}