{
    "meta": {
        "language": "ru",
        "parse_date": "2024-07-06T19:29:35.518498",
        "current_url": "https://www.rustore.ru/help/users/start/",
        "doc_section": "users",
        "h1_text": "RuStore: Начало работы"
    },
    "content": [
        {
            "type": "h1",
            "text": "RuStore: Начало работы",
            "content": [
                {
                    "type": "paragraph",
                    "text": "Узнайте, как установить приложение RuStore и настроить его для удобной работы.\nВ этом разделе:\nКак установить RuStore (https://rustore.ru/help/users/start/app-install)\nКак обновить RuStore (https://rustore.ru/help/users/start/update-rustore-app)\nКак настроить родительский контроль в RuStore (https://rustore.ru/help/users/start/change-theme)\nКак изменить тему в приложении RuStore (https://rustore.ru/help/users/start/parental-control)\nКак настроить уведомления в RuStore (https://rustore.ru/help/users/start/notification)"
                }
            ]
        }
    ]
}