{
    "meta": {
        "language": "ru",
        "parse_date": "2024-07-06T20:01:32.733747",
        "current_url": "https://www.rustore.ru/help/sdk/rustore-deeplinks/",
        "doc_section": "sdk",
        "h1_text": "RuStore Deeplinks"
    },
    "content": [
        {
            "type": "h1",
            "text": "RuStore Deeplinks",
            "content": [
                {
                    "type": "paragraph",
                    "text": "Вы можете открыть некоторые экраны приложения RuStore из вашего приложения, используя deeplinks.\nК примеру, вы можете открыть экран со всеми подписками пользователя, используя следующий код."
                }
            ]
        },
        {
            "type": "code",
            "text": "try{startActivity(Intent(Intent.ACTION_VIEW,Uri.parse(\"rustore://profile/subscriptions\")))}catch(ex:ActivityNotFoundException){// Handle error when RuStore is not installed}"
        },
        {
            "type": "h2",
            "text": "Поддерживаемые браузеры​",
            "content": []
        },
        {
            "type": "table",
            "headers": [
                "Браузер",
                "Поддержка RuStore Deeplinks"
            ],
            "rows": [
                [
                    {
                        "text": "Google Chrome",
                        "links": []
                    },
                    {
                        "text": "Есть",
                        "links": []
                    }
                ],
                [
                    {
                        "text": "Яндекс Браузер",
                        "links": []
                    },
                    {
                        "text": "Есть",
                        "links": []
                    }
                ],
                [
                    {
                        "text": "Mozilla Firefox",
                        "links": []
                    },
                    {
                        "text": "Нет",
                        "links": []
                    }
                ],
                [
                    {
                        "text": "Opera",
                        "links": []
                    },
                    {
                        "text": "Нет",
                        "links": []
                    }
                ],
                [
                    {
                        "text": "Mi Browser",
                        "links": []
                    },
                    {
                        "text": "Нет",
                        "links": []
                    }
                ],
                [
                    {
                        "text": "Samsung Internet",
                        "links": []
                    },
                    {
                        "text": "Нет",
                        "links": []
                    }
                ]
            ]
        },
        {
            "type": "h2",
            "text": "Список deeplinks​",
            "content": []
        },
        {
            "type": "table",
            "headers": [
                "Функция",
                "Deeplinks"
            ],
            "rows": [
                [
                    {
                        "text": "Экран приложения",
                        "links": []
                    },
                    {
                        "text": "rustore://apps.rustore.ru/app/{packageName} — откроется RuStore; https://apps.rustore.ru/app/{packageName} — откроется RuStore, если приложение RuStore установлено на устройстве пользователя, иначе откроется web-страница приложения в витрине; market://details?id={packageName} — предложит открыть RuStore или другие магазины приложений. Здесь: {packageName} — имя пакета приложения.",
                        "links": []
                    }
                ],
                [
                    {
                        "text": "Экран подписок",
                        "links": []
                    },
                    {
                        "text": "rustore://profile/subscriptions .",
                        "links": []
                    }
                ],
                [
                    {
                        "text": "Экран аккаунта/обновлений",
                        "links": []
                    },
                    {
                        "text": "rustore://apps.rustore.ru/updates .",
                        "links": []
                    }
                ],
                [
                    {
                        "text": "Экран авторизации",
                        "links": []
                    },
                    {
                        "text": "rustore://auth .",
                        "links": []
                    }
                ],
                [
                    {
                        "text": "Экран разработчика (с версии 1.36.0)",
                        "links": []
                    },
                    {
                        "text": "rustore://apps.rustore.ru/developer/{devId} : deeplink будет вести на отдельный экран со всеми приложениями разработчика, опубликованными в RuStore (на мобильное устройство или в веб); devId можно увидеть в строке браузера в веб-версии при переходе на экран со всеми приложениями разработчика.",
                        "links": []
                    }
                ]
            ]
        }
    ]
}