{
    "meta": {
        "language": "ru",
        "parse_date": "2024-07-06T19:34:31.682588",
        "current_url": "https://www.rustore.ru/help/developers/developer-account/registration-developer/foreign-company-developer-account/",
        "doc_section": "developers",
        "h1_text": "Как зарегистрировать иностранную компанию в RuStore: практическое руководство"
    },
    "content": [
        {
            "type": "h1",
            "text": "Как зарегистрировать иностранную компанию в RuStore: практическое руководство",
            "content": []
        },
        {
            "type": "admonition",
            "admonition_type": "unknown",
            "title": "подсказка",
            "content": [
                {
                    "type": "paragraph",
                    "text": "Перед регистрацией в RuStore Консоли ознакомьтесь справовой информацией (https://rustore.ru/help/legal/info/?type=non-residents).\nОткройте в браузере системуRuStore Консоль (https://dev.rustore.ru/).\nНажмите «Создать аккаунт».\nВыберите «Юридическое лицо или ИП»."
                }
            ]
        },
        {
            "type": "admonition",
            "admonition_type": "warning",
            "title": "warning",
            "content": [
                {
                    "type": "paragraph",
                    "text": "В данный момент для нерезидентов доступна только регистрация юридических лиц.\n"
                }
            ]
        },
        {
            "type": "admonition",
            "admonition_type": "note",
            "title": "примечание",
            "content": [
                {
                    "type": "paragraph",
                    "text": "Плагин «КриптоПро» требуется только для компаний, зарегистрированных в РФ.\nНажмите «Войти через VK ID».\nВведите номер телефона, привязанный к вашему аккаунтуVK ID (https://rustore.ru/help/users/authorization/why-vk-id), илисоздайте новый аккаунт (https://console.rustore.ru/sign-up/type). Создание аккаунта доступно с использованием международных номеров телефонов.\nНажмите «Продолжить».\nНажмите «Создать аккаунт»."
                }
            ]
        },
        {
            "type": "admonition",
            "admonition_type": "info",
            "title": "к сведению",
            "content": [
                {
                    "type": "paragraph",
                    "text": "К одной учётной записи можно привязать не более одной компании. Если аккаунт компании уже создан другим сотрудником, пожалуйста, обратитесь к нему для добавления вашей учетной записи к аккаунту компании.\n\nНажмите «Продолжить».\nЗаполните все поля.\nТорговое название — это название, под которым вас будут видеть пользователи приложения RuStore и сайтаwww.rustore.ru (http://www.rustore.ru). Пожалуйста, укажите название, знакомое вашим пользователям, или используемое вами для продвижения. Это поможет пользователям найти вас в каталоге RuStore."
                }
            ]
        },
        {
            "type": "admonition",
            "admonition_type": "warning",
            "title": "warning",
            "content": [
                {
                    "type": "paragraph",
                    "text": "Мы можем попросить вас подтвердить ваши права на указанное торговое название. Регистрация прав не требуется, однако в этом случае мы попросим вас гарантировать, что использование данного торгового названия не нарушает права третьих лиц.\nЮридическое название — это название вашей компании, которое указано в её учредительных документах. Просим вас быть внимательными при заполнении этого поля, так как мы будем проверять соответствие указанного здесь названия на основе предоставленных вами документов.\nВ блоке «Контактное лицо» укажите информацию о пользователе, с которым мы сможем связаться, если потребуется уточнить что-то относительно вашего аккаунта.\nИнформация в блоках «Номер телефона» и Email используется для внутренних коммуникаций с RuStore и не будет видна пользователям. В поле «Номер представителя» следует указать международный номер телефона.\nУбедитесь, что информация в поле «Налоговый или регистрационный номер», соответствует данным в учредительных документах.\nВ блоке «Документы» приложите все требуемые документы на английском или на русском языке:"
                }
            ]
        },
        {
            "type": "admonition",
            "admonition_type": "warning",
            "title": "warning",
            "content": [
                {
                    "type": "paragraph",
                    "text": "Поле «Ссылка на ваше приложение в альтернативных сторах» является обязательным. Если ваше приложение не представлено в каком-либо альтернативном сторе, вы можете приложить ссылку на официальный сайт, на котором размещено приложение.\nучредительный документ, подтверждающий, что компания существует и зарегистрирована в своей юрисдикции, например: бизнес-лицензия, устав, заверенный государственным органом, свидетельство о регистрации и другие.\nдокумент, подтверждающий право подписи представителя, например, доверенность, приказ о назначении, устав и т.п. Данные представителя, указанные в этом документе, должны соответствовать информации в блоке «Контактное лицо», который вы заполнили выше;\nдокумент, подтверждающий право на использование доменного имени, логотипа или товарного знака, например: свидетельство о регистрации, лицензионный договор, согласие правообладателя и т.п. При отсутствии зарегистрированных прав необходимо предоставить письмо, подтверждающее отсутствие зарегистрированных прав на логотип, доменное имя, товарные знаки и письмо-гарантию наличия незарегистрированных прав."
                }
            ]
        },
        {
            "type": "admonition",
            "admonition_type": "warning",
            "title": "warning",
            "content": [
                {
                    "type": "paragraph",
                    "text": "Просим прикреплять нотариально заверенные переводы на английский или русский язык.\nНажмите «Отправить на модерацию». Заявка на регистрацию будет отправлена на проверку."
                }
            ]
        }
    ]
}