{
    "meta": {
        "language": "ru",
        "parse_date": "2024-07-06T19:32:08.382570",
        "current_url": "https://www.rustore.ru/help/users/purchases-and-returns/vk-connect/",
        "doc_section": "users",
        "h1_text": "Подключение и отключение карт VK ID в RuStore: Легкие шаги для управления вашими способами оплаты"
    },
    "content": [
        {
            "type": "h1",
            "text": "Подключение и отключение карт VK ID в RuStore: Легкие шаги для управления вашими способами оплаты",
            "content": [
                {
                    "type": "paragraph",
                    "text": "В RuStore доступна оплата картами из вашего VK ID."
                }
            ]
        },
        {
            "type": "h2",
            "text": "Подключение карты VK ID при авторизации​",
            "content": [
                {
                    "type": "paragraph",
                    "text": "Откройте приложение RuStore.\nАвторизуйтесь через VK ID.Как это сделать? (https://rustore.ru/help/users/authorization/login-vk-id)\nНажмите кнопку «Продолжить», чтобы подтвердить согласие на привязку сохраненных карт из платёжного сервиса VK ID."
                }
            ]
        },
        {
            "type": "admonition",
            "admonition_type": "note",
            "title": "примечание",
            "content": [
                {
                    "type": "paragraph",
                    "text": "\n"
                }
            ]
        },
        {
            "type": "h2",
            "text": "Подключение карты VK ID после начала работы с RuStore​",
            "content": [
                {
                    "type": "paragraph",
                    "text": "Откройте приложение RuStore.\nНажмитев нижнем меню.\nПерейдите в раздел «Способы оплаты».\nНажмите «Добавить способ оплаты».\nНажмите «Подключить карты VK ID»."
                }
            ]
        },
        {
            "type": "h2",
            "text": "Отключение карты​",
            "content": [
                {
                    "type": "paragraph",
                    "text": "Откройте приложение RuStore.\nНажмитев нижнем меню.\nПерейдите в раздел «Способы оплаты».\nНажмитечтобы отредактировать список.\nНайдите в списке карты из VK ID и нажмите кнопку «Отключить».\nНажмите кнопку «Отключить» ещё раз, чтобы подтвердить выбор."
                }
            ]
        },
        {
            "type": "admonition",
            "admonition_type": "unknown",
            "title": "подсказка",
            "content": [
                {
                    "type": "paragraph",
                    "text": "В профиле RuStore отражается текущее состояние VK Pay. Если вы удалите из VK Pay карту, с которой ранее оплатили подписку в RuStore, новое списание не произойдет и подписка может быть отключена."
                }
            ]
        }
    ]
}