{
    "meta": {
        "language": "ru",
        "parse_date": "2024-07-06T19:28:55.151739",
        "current_url": "https://www.rustore.ru/help/work-with-rustore-api/api-upload-publication-app/apk-screens-upload/",
        "doc_section": "",
        "h1_text": "Загрузка скриншотов"
    },
    "content": [
        {
            "type": "h1",
            "text": "Загрузка скриншотов",
            "content": [
                {
                    "type": "paragraph",
                    "text": "Метод позволяет загрузить скриншоты приложения.\nОграничения:\nскриншоты могут быть вертикальными или горизонтальными;\nсоотношение сторон для скриншотов — 16:9 (вертикальные) и 9:16 (горизонтальные);\nстороны загружаемого файла — не менее 320px и не более 3840 px;\nформат загружаемого файла —.jpgили.png;\nразмер файла — не более 3 МБ;\nзапрещена загрузка скриншотов разной ориентации. Например, пользователь загрузил вертикальную ориентацию (PORTRAIT) и хочет загрузить горизонтальную (LANDSCAPE) — запрос вернёт ошибку;\nпри загрузке более чем 10 скриншотов уже существующие скриншоты станут неактивными. Например, если загрузить два скриншота с параметром\"ordinal\" = 7, активным скриншотом будет последний загруженный."
                }
            ]
        },
        {
            "type": "h2",
            "text": "Параметры взаимодействия​",
            "content": [
                {
                    "type": "paragraph",
                    "text": "POST\nhttps://public-api.rustore.ru/public/v1/application/{packageName}/version/{versionId}/image/screenshot/{orientation}/{ordinal}"
                }
            ]
        },
        {
            "type": "table",
            "headers": [
                "Атрибут",
                "Тип",
                "Обязателен",
                "Расположение",
                "Описание"
            ],
            "rows": [
                [
                    {
                        "text": "Public-Token",
                        "links": []
                    },
                    {
                        "text": "string",
                        "links": []
                    },
                    {
                        "text": "Да",
                        "links": []
                    },
                    {
                        "text": "header",
                        "links": []
                    },
                    {
                        "text": "Токен доступа к Public API Rustore .",
                        "links": [
                            {
                                "text": "Токен доступа к Public API Rustore",
                                "url": "https://rustore.ru/help/work-with-rustore-api/api-authorization-token"
                            }
                        ]
                    }
                ],
                [
                    {
                        "text": "packageName",
                        "links": []
                    },
                    {
                        "text": "number",
                        "links": []
                    },
                    {
                        "text": "Да",
                        "links": []
                    },
                    {
                        "text": "path",
                        "links": []
                    },
                    {
                        "text": "Идентификатор приложения.",
                        "links": []
                    }
                ],
                [
                    {
                        "text": "versionId",
                        "links": []
                    },
                    {
                        "text": "number",
                        "links": []
                    },
                    {
                        "text": "Да",
                        "links": []
                    },
                    {
                        "text": "path",
                        "links": []
                    },
                    {
                        "text": "Версия приложения.",
                        "links": []
                    }
                ],
                [
                    {
                        "text": "orientation",
                        "links": []
                    },
                    {
                        "text": "string",
                        "links": []
                    },
                    {
                        "text": "Да",
                        "links": []
                    },
                    {
                        "text": "path",
                        "links": []
                    },
                    {
                        "text": "Ориентация изображения. Возможные варианты: • LANDSCAPE — горизонтальная ориентация; • PORTRAIT —  вертикальная ориентация.",
                        "links": []
                    }
                ],
                [
                    {
                        "text": "ordinal",
                        "links": []
                    },
                    {
                        "text": "number",
                        "links": []
                    },
                    {
                        "text": "Да",
                        "links": []
                    },
                    {
                        "text": "path",
                        "links": []
                    },
                    {
                        "text": "Порядковый номер скриншота. Возможные значения: от 0 до 9 .",
                        "links": []
                    }
                ]
            ]
        },
        {
            "type": "h2",
            "text": "Form data​",
            "content": []
        },
        {
            "type": "table",
            "headers": [
                "Атрибут",
                "Тип",
                "Обязателен",
                "Описание"
            ],
            "rows": [
                [
                    {
                        "text": "file",
                        "links": []
                    },
                    {
                        "text": "multipart/form-data",
                        "links": []
                    },
                    {
                        "text": "Да",
                        "links": []
                    },
                    {
                        "text": "Файл.",
                        "links": []
                    }
                ]
            ]
        },
        {
            "type": "h2",
            "text": "Параметры ответа​",
            "content": []
        },
        {
            "type": "table",
            "headers": [
                "Атрибут",
                "Тип",
                "Обязателен",
                "Описание",
                "Пример"
            ],
            "rows": [
                [
                    {
                        "text": "code",
                        "links": []
                    },
                    {
                        "text": "string",
                        "links": []
                    },
                    {
                        "text": "Да",
                        "links": []
                    },
                    {
                        "text": "Код ответа.",
                        "links": []
                    },
                    {
                        "text": "error / OK",
                        "links": []
                    }
                ],
                [
                    {
                        "text": "message",
                        "links": []
                    },
                    {
                        "text": "string",
                        "links": []
                    },
                    {
                        "text": "Нет",
                        "links": []
                    },
                    {
                        "text": "Расшифровка кода ответа.",
                        "links": []
                    },
                    {
                        "text": "N/A",
                        "links": []
                    }
                ],
                [
                    {
                        "text": "timestamp",
                        "links": []
                    },
                    {
                        "text": "timestamptz",
                        "links": []
                    },
                    {
                        "text": "Да",
                        "links": []
                    },
                    {
                        "text": "Время ответа.",
                        "links": []
                    },
                    {
                        "text": "2022-07-08T13:24:41.8328711+03:00",
                        "links": []
                    }
                ]
            ]
        },
        {
            "type": "h2",
            "text": "Пример запроса​",
            "content": []
        },
        {
            "type": "code",
            "text": "curl --location --request POST 'https://public-api.rustore.ru/public/v1/application/com.package.example/version/123/image/screenshot/landscape/1' \\--header 'Content-Type: application/json' \\--header 'Public-Token: {YOURtoken}' \\--form 'file=@\"/Users/User/Downloads/img.jpg\"'"
        }
    ]
}