{
    "meta": {
        "language": "ru",
        "parse_date": "2024-07-06T20:10:24.412222",
        "current_url": "https://www.rustore.ru/help/sdk/push-notifications/react/2-1-1/",
        "doc_section": "sdk",
        "h1_text": "SDK push-уведомлений для ReactNative (версия 2.1.1)"
    },
    "content": [
        {
            "type": "h1",
            "text": "SDK push-уведомлений для ReactNative (версия 2.1.1)",
            "content": [
                {
                    "type": "paragraph",
                    "text": "Условия работы push-уведомлений:\nНа устройстве пользователя установлена актуальная версия RuStore.\nПриложение RuStore должно поддерживать функциональность push-уведомлений.\nПриложению RuStore разрешен доступ к работе в фоновом режиме.Без этого разрешения push-уведомления будут приходить, но со значительной задержкой.\nОтпечаток подписи приложения должен совпадать с отпечатком, добавленным вКонсоль RuStore (https://dev.rustore.ru/)."
                }
            ]
        },
        {
            "type": "h2",
            "text": "Пример реализации​",
            "content": [
                {
                    "type": "paragraph",
                    "text": "Ознакомьтесь сприложением-примером, чтобы узнать, как правильно интегрировать SDK push-уведомлений."
                }
            ]
        },
        {
            "type": "h2",
            "text": "Подключение в проект​",
            "content": [
                {
                    "type": "paragraph",
                    "text": "Для подключения пакета к проекту выполните следующую команду."
                }
            ]
        },
        {
            "type": "code",
            "text": "// HTTPSnpm install git+https://git@gitflic.ru/project/rustore/react-native-rustore-push-sdk.git// SSHnpm install git+ssh://git@gitflic.ru/project/rustore/react-native-rustore-push-sdk.git"
        },
        {
            "type": "h3",
            "text": "Редактирование манифеста приложения​",
            "content": [
                {
                    "type": "paragraph",
                    "text": "Если нужно изменить иконку или цвет стандартной нотификации, добавьте:"
                }
            ]
        },
        {
            "type": "code",
            "text": "AndroidManifest.xml<meta-dataandroid:name=\"ru.rustore.sdk.pushclient.default_notification_icon\"android:resource=\"@drawable/ic_baseline_android_24\"/><meta-dataandroid:name=\"ru.rustore.sdk.pushclient.default_notification_color\"android:resource=\"@color/your_favorite_color\"/>"
        },
        {
            "type": "code",
            "text": "AndroidManifest.xml<meta-dataandroid:name=\"ru.rustore.sdk.pushclient.default_notification_channel_id\"android:value=\"@string/pushes_notification_channel_id\"/>"
        },
        {
            "type": "h3",
            "text": "Запрос разрешения на показ уведомлений в Android 13+​",
            "content": [
                {
                    "type": "paragraph",
                    "text": "В версии Android 13 появилось новое разрешение для отображения push-уведомлений.\nЭто затронет все приложения, которые работают на Android 13 или выше и используют RuStore Push SDK.\nПо умолчанию RuStore Push SDK версии 1.4.0 и выше включает разрешениеPOST_NOTIFICATIONS, определённое в манифесте.\nОднако приложению также нужно запросить это разрешение во время выполнения через константуandroid.permission.POST_NOTIFICATIONS.\nПриложение сможет показывать push-уведомления, только когда пользователь предоставит на это разрешение.\nЗапрос разрешения на показ push-уведомлений:"
                }
            ]
        },
        {
            "type": "code",
            "text": "constrequestNotificationPermission=async()=>{try{constgranted=awaitPermissionsAndroid.request(PermissionsAndroid.PERMISSIONS.POST_NOTIFICATIONS,{title:'Разрешение на показ уведомлений',message:'Приложению необходимо предоставить разрешение на показ уведомлений',buttonNeutral:'Спросить меня позже',buttonNegative:'Отменить',buttonPositive:'OK',},);if(granted===PermissionsAndroid.RESULTS.GRANTED){console.log('Вы можете показывать уведомления');}else{console.log('Разрешение на показ уведомлений отклонено');}}catch(err){console.warn(err);}};"
        },
        {
            "type": "h2",
            "text": "Инициализация​",
            "content": [
                {
                    "type": "paragraph",
                    "text": "Для инициализации понадобитсяидентификатор проекта изRuStore Консоль. Чтобы получить его, на странице приложения перейдите в раздел «Push-уведомления» — «Проекты» и скопируйте значение в поле «ID проекта»."
                }
            ]
        },
        {
            "type": "h3",
            "text": "Инициализация SDK push-уведомлений​",
            "content": [
                {
                    "type": "paragraph",
                    "text": "Добавьте вAndroidManifest.xmlследующий код:"
                }
            ]
        },
        {
            "type": "code",
            "text": "AndroidManifest.xml<meta-dataandroid:name=\"ru.rustore.sdk.pushclient.project_id\"android:value=\"i5UTx96jw6c1C9LvdlE4cdNrWHMNyRBt\"/><meta-dataandroid:name=\"ru.rustore.sdk.pushclient.params_class\"android:value=\"com.example.ReactRuStorePushClientParams\"/>",
            "content": [
                {
                    "type": "paragraph",
                    "text": "projectId—идентификатор проекта изRuStore Консоль (https://console.rustore.ru/waiting). Чтобы получить его, на странице приложения перейдите в раздел «Push-уведомления» — «Проекты» и скопируйте значение в поле «ID проекта».\n(опционально)com.example.ReactRuStorePushClientParams— полное имя класса своей реализацииReactRuStorePushClientParams.\nПараметр нужен для указания дополнительных параметров инициализации push-клиента."
                }
            ]
        },
        {
            "type": "code",
            "text": "RuStorePushClientParams.ktclassRuStorePushClientParams(context:Context):AbstractRuStorePushClientParams(context){overridefungetLogger():Logger=DefaultLogger(\"ReactRuStorePushClient\")overridefungetTestModeEnabled():Boolean=false}"
        },
        {
            "type": "code",
            "text": "build.gradlerepositories{maven{url=uri(\"https://artifactory-external.vkpartner.ru/artifactory/maven\")}}"
        },
        {
            "type": "code",
            "text": "build.gradledependencies{implementation(\"ru.rustore.sdk:pushclient:2.1.1\")}"
        },
        {
            "type": "code",
            "text": "ReactRuStorePushClientParams.ktclassReactRuStorePushClientParams(context:Context):AbstractRuStorePushClientParams(context){overridefungetLogger():Logger=DefaultLogger(\"your_tag\")overridefungetTestModeEnabled():Boolean=falseoverridefungetClientIdCallback():ClientIdCallback=ClientIdCallback{ClientId(\"your_gaid_or_oaid\",ClientIdType.GAID)}}"
        },
        {
            "type": "code",
            "text": "AndroidManifest.xml<meta-dataandroid:name=\"ru.rustore.sdk.pushclient.params_class\"android:value=\"com.example.ReactRuStorePushClientParams\"/>"
        },
        {
            "type": "admonition",
            "admonition_type": "caution",
            "title": "предупреждение",
            "content": [
                {
                    "type": "paragraph",
                    "text": "В реализации классаAbstractRuStorePushClientParamsдолжен быть только один конструктор с одним аргументомContext."
                }
            ]
        },
        {
            "type": "h2",
            "text": "Проверка возможности получать push-уведомления​",
            "content": [
                {
                    "type": "paragraph",
                    "text": "Условия работы push-уведомлений:\nНа устройстве пользователя установлена актуальная версия RuStore.\nПриложение RuStore должно поддерживать функциональность push-уведомлений.\nПриложению RuStore разрешен доступ к работе в фоновом режиме.Без этого разрешения push-уведомления будут приходить, но со значительной задержкой.\nОтпечаток подписи приложения должен совпадать с отпечатком, добавленным вКонсоль RuStore (https://dev.rustore.ru/)."
                }
            ]
        },
        {
            "type": "code",
            "text": "try{constisAvailable=awaitRustorePushClient.checkPushAvailability();console.log(`available success:${isAvailable}`);}catch(err){console.log(available error ${err});}"
        },
        {
            "type": "h2",
            "text": "Методы для работы с push-токеном​",
            "content": []
        },
        {
            "type": "h3",
            "text": "Получение push-токена пользователя​",
            "content": []
        },
        {
            "type": "admonition",
            "admonition_type": "caution",
            "title": "предупреждение",
            "content": [
                {
                    "type": "paragraph",
                    "text": "Если у пользователя нет push-токена, метод создаст и вернёт новый push-токен."
                }
            ]
        },
        {
            "type": "code",
            "text": "try{constpushToken=awaitRustorePushClient.getToken();console.log(`push token:${pushToken}`);}catch(err:any){console.log(JSON.stringify(err));}"
        },
        {
            "type": "h3",
            "text": "Удаление push-токена пользователя​",
            "content": []
        },
        {
            "type": "code",
            "text": "try{constpushToken=awaitRustorePushClient.deleteToken();console.log(\"delete success\");}catch(err:any){console.log(JSON.stringify(err));}"
        },
        {
            "type": "h2",
            "text": "Методы для работы с push-топиком​",
            "content": []
        },
        {
            "type": "h3",
            "text": "Подписка на push-уведомления по топику​",
            "content": [
                {
                    "type": "paragraph",
                    "text": "Вы можете использовать методRustorePushClient.subscribeToTopic(your_topic_name)для подписки на топик."
                }
            ]
        },
        {
            "type": "code",
            "text": "Пример реализации RustorePushClient.subscribeToTopic(your_topic_name)try{RustorePushClient.subscribeToTopic(\"your_topic_name\");}catch(err){console.log(JSON.stringify(err));}"
        },
        {
            "type": "h3",
            "text": "Отписка от push-уведомлений по топику​",
            "content": [
                {
                    "type": "paragraph",
                    "text": "Вы можете использовать методRustorePushClient.unsubscribeFromTopic(your_topic_name)для отписки от топика."
                }
            ]
        },
        {
            "type": "code",
            "text": "Пример реализации RustorePushClient.unsubscribeFromTopic(your_topic_name)try{RustorePushClient.unsubscribeFromTopic(\"your_topic_name\");}catch(err){console.log(JSON.stringify(err));}"
        },
        {
            "type": "h2",
            "text": "Получение данных от RuStore SDK​",
            "content": []
        },
        {
            "type": "h3",
            "text": "Создание эмиттера​",
            "content": [
                {
                    "type": "paragraph",
                    "text": "Для создания эмиттера вызовите данный метод, который создаст генератор событий на стороне SDK."
                }
            ]
        },
        {
            "type": "code",
            "text": "RustorePushClient.createPushEmitter();"
        },
        {
            "type": "code",
            "text": "interfaceRuStorePushEmitter{funonNewToken(token:String)funonMessageReceived(message:RemoteMessage)funonDeletedMessages()funonError(errors:String)}"
        },
        {
            "type": "code",
            "text": "RustorePushClient.removePushEmitter();"
        },
        {
            "type": "h3",
            "text": "Получение информации о push-уведомлениях​",
            "content": [
                {
                    "type": "paragraph",
                    "text": "Вы можете подписаться и реагировать на события, которые вас интересуют. Для этого необходимо сначала создать эмиттер, иначе события приходить не будут.\nЧтобы подписаться на события, используйте методeventEmitter.addListener."
                }
            ]
        },
        {
            "type": "code",
            "text": "constonNewTokenListener=useRef<EmitterSubscription>();constonMessageReceivedListener=useRef<EmitterSubscription>();constonDeletedMessageListener=useRef<EmitterSubscription>();constonErrorListener=useRef<EmitterSubscription>();onNewTokenListener.current=eventEmitter.addListener(PushEvents.ON_NEW_TOKEN,(token:string)=>{// эвент ON_NEW_TOKENconsole.log(\"token\",token)});onMessageReceivedListener.current=eventEmitter.addListener(PushEvents.ON_MESSAGE_RECEIVED,(message:RemoteMessage)=>{// эвент ON_MESSAGE_RECEIVEDconsole.log(\"messageId\",message.messageId)});onDeletedMessageListener.current=eventEmitter.addListener(PushEvents.ON_DELETED_MESSAGES,()=>{// эвент ON_DELETED_MESSAGES});onErrorListener.current=eventEmitter.addListener(PushEvents.ON_ERROR,(errors:string)=>{// эвент ON_ERRORconsole.log(\"errors\",errors)});"
        },
        {
            "type": "code",
            "text": "Структура PushEventsenumPushEvents{ON_NEW_TOKEN='ON_NEW_TOKEN',ON_MESSAGE_RECEIVED='ON_MESSAGE_RECEIVED',ON_DELETED_MESSAGES='ON_DELETED_MESSAGES',ON_ERROR='ON_ERROR'}"
        },
        {
            "type": "table",
            "headers": [
                "Название события",
                "Описание"
            ],
            "rows": [
                [
                    {
                        "text": "ON_NEW_TOKEN",
                        "links": []
                    },
                    {
                        "text": "Событие отрабатывает при получении нового push-токена.\nПосле получения события ваше приложение становится ответственно за передачу нового push-токена на свой сервер.\nВозвращает значение нового токена.",
                        "links": []
                    }
                ],
                [
                    {
                        "text": "ON_MESSAGE_RECEIVED",
                        "links": []
                    },
                    {
                        "text": "Событие отрабатывает при получении нового push-уведомления.\nПолучить payload push-уведомления =Map<string, string> можно из поля message.data .",
                        "links": []
                    }
                ],
                [
                    {
                        "text": "ON_DELETED_MESSAGES",
                        "links": []
                    },
                    {
                        "text": "Событие отрабатывает, если одно или несколько push-уведомлений не доставлены на устройство.\nНапример, если время жизни уведомления истекло до момента доставки.",
                        "links": []
                    }
                ],
                [
                    {
                        "text": "ON_ERROR",
                        "links": []
                    },
                    {
                        "text": "Событие отрабатывает, если в момент инициализации возникает ошибка.\nВозвращает строку с ошибками.\n< p/>\nВозможные ошибки: UnauthorizedException — пользователь не авторизован в RuStore. HostAppNotInstalledException — RuStore отсутствует на устройстве пользователя. HostAppBackgroundWorkPermissionNotGranted — у RuStore нет разрешения на работу в фоне. Все возможные ошибки описаны в разделе Обработка ошибок .",
                        "links": [
                            {
                                "text": "Обработка ошибок",
                                "url": "https://rustore.ru/help#errors"
                            }
                        ]
                    }
                ]
            ]
        },
        {
            "type": "h3",
            "text": "Структура уведомления​",
            "content": []
        },
        {
            "type": "code",
            "text": "Структура полного уведомленияinterfaceRemoteMessage{messageId?:string;priority?:number;ttl?:number;from:string;collapseKey?:string;rawData?:ArrayBuffer,notification:Notification;}",
            "content": [
                {
                    "type": "paragraph",
                    "text": "messageId— уникальный ID сообщения. Является идентификатором каждого сообщения.\npriority— возвращает значение приоритетности (на данный момент не учитывается).Сейчас заложены следующие варианты:0—UNKNOWN.1—HIGH.2—NORMAL.< p/>\nttl— время жизни push-уведомления типаIntв секундах.\nfrom— поле, по которому можно понять, откуда пришло уведомление:\n< p/>Для уведомлений, отправленных в топик, в поле отображается имя топика.В других случаях — часть вашего сервисного токена.< p/>\ncollapseKey— идентификатор группы уведомлений (на данный момент не учитывается).\ndata— словарь, в который можно передать дополнительные данные для уведомления.\nrawData— словарьdataв виде массива байтов.\nnotification— объект уведомления."
                }
            ]
        },
        {
            "type": "code",
            "text": "Структура объекта notificationinterfaceNotification{title?:string;body:string;channelId?:string;imageUrl?:string;color?:string;icon?:string;clickAction?:string;clickActionType?:ClickActionType;}",
            "content": [
                {
                    "type": "paragraph",
                    "text": "title— заголовок уведомления.\nbody— тело уведомления\nchannelId— возможность задать канал, в который отправится уведомление. Актуально для Android 8.0 и выше.\nimageUrl— прямая ссылка на изображение для вставки в уведомление. Изображение должно быть не более 1 Мбайт.\ncolor— цвет уведомления в HEX-формате, строкой. Например,#0077FF.\nicon— значок уведомления изres/drawableв формате строки, которая совпадает с названием ресурса.\n< p/>\nНапример, вres/drawableесть значокsmall_icon.xml, который доступен в коде черезR.drawable.small_icon.\nЧтобы значок отображался в уведомлении, сервер должен указать в параметреiconзначениеsmall_icon.\n< p/>\nclickAction— поле с помощью которого будет сформировано действие при клике на уведомление.\nclickActionType— тип поляclickAction."
                }
            ]
        },
        {
            "type": "code",
            "text": "Структура объекта ClickActionTypeenumClickActionType{DEFAULT=\"DEFAULT\",DEEP_LINK=\"DEEP_LINK\"}",
            "content": [
                {
                    "type": "paragraph",
                    "text": "DEFAULT— тип поляclickActionпри которомclickActionбудет использоваться какintent actionдля открытия активити по клику на уведомление. Подробнее смотридокументацию (https://developer.android.com/reference/android/content/Intent#intent-structure).\nDEEP_LINK— тип поляclickActionпри которомclickActionбудет использоваться какdeep linkдля открытия активити по клику на уведомление. Подробнее смотридокументацию (https://developer.android.com/training/app-links/deep-linking)."
                }
            ]
        },
        {
            "type": "h3",
            "text": "Создание канала для отправки уведомления​",
            "content": [
                {
                    "type": "paragraph",
                    "text": "Для канала, в который отправляется уведомление, действует следующий приоритет:\nЕсли в push-уведомлении есть полеchannelId, RuStore SDK отправит уведомление в указанный канал.\nВаше приложение должно создать этот канал заранее.\nЕсли в push-уведомлении нет поляchannelId, но ваше приложение указало параметр с каналом вAndroidManifest.xml, используется указанный канал.\nВаше приложение должно создать этот канал заранее.\nЕсли в push-уведомлении нет поляchannelId, и канал по умолчанию не задан вAndroidManifest.xml, RuStore SDK создаст канал и отправит уведомление в него.\nВ дальнейшем все уведомления без явного указания канала будут отправляться в этот канал."
                }
            ]
        },
        {
            "type": "h2",
            "text": "Обработка ошибок​",
            "content": [
                {
                    "type": "paragraph",
                    "text": "RuStoreNotInstalledException— на устройстве пользователя не установлен RuStore.\nRuStoreOutdatedException— версия RuStore, установленная на устройстве пользователя, не поддерживает push-уведомления.\nRuStoreUserUnauthorizedException— пользователь не авторизован в RuStore.\nRuStoreFeatureUnavailableException— RuStore не имеет разрешения на работу в фоне.\nRuStoreException— базовая ошибка RuStore, от которой наследуются остальные ошибки.\nВызовется соответствующий обработчик ошибки.\nОшибка передаётся в методresolveForPushнативного SDK. Это нужно, чтобы показать пользователю диалог с ошибкой."
                }
            ]
        },
        {
            "type": "code",
            "text": "Метод resolveForPushfunRuStoreException.resolveForPush(context:Context)"
        },
        {
            "type": "code",
            "text": "Запрет нативной обработки ошибокRustorePushClient.offNativeErrorHandling();"
        },
        {
            "type": "h2",
            "text": "Тестирование интеграции SDK​",
            "content": [
                {
                    "type": "paragraph",
                    "text": "Условия работы push-уведомлений:\nНа устройстве пользователя установлена актуальная версия RuStore.\nПриложение RuStore должно поддерживать функциональность push-уведомлений.\nПриложению RuStore разрешен доступ к работе в фоновом режиме.Без этого разрешения push-уведомления будут приходить, но со значительной задержкой.\nОтпечаток подписи приложения должен совпадать с отпечатком, добавленным вКонсоль RuStore (https://dev.rustore.ru/)."
                }
            ]
        },
        {
            "type": "code",
            "text": "Пример включения тестового режимаclassRuStorePushClientParams(context:Context):AbstractRuStorePushClientParams(context){overridefungetLogger():Logger=DefaultLogger(\"ReactRuStorePushClient\")overridefungetTestModeEnabled():Boolean=true}"
        },
        {
            "type": "code",
            "text": "AndroidManifest.xml<meta-dataandroid:name=\"ru.rustore.sdk.pushclient.params_class\"android:value=\"com.example.RuStorePushClientParams\"/>"
        },
        {
            "type": "code",
            "text": "Пример отправки тестового push-уведомленияconsttestNotification=newTestNotificationPayload('Тестовое уведомление','Здесь будет тело уведомления','https://static.rustore.ru/image/rustore_deeplink_600x315.jpg',{key:'key',value:'value'})try{await RustorePushClient.sendTestNotification(testNotification)}catch(err:any){console.log(JSON.stringify(err));}"
        },
        {
            "type": "h2",
            "text": "См. также​",
            "content": [
                {
                    "type": "paragraph",
                    "text": "Отправка push-уведомлений (API) (https://rustore.ru/help/sdk/push-notifications/send-push-notifications)\nОтправка push-уведомлений по топикам (API) (https://rustore.ru/help/sdk/push-notifications/topic-notifications)\nРабота с сегментами пользователей (API) (https://rustore.ru/help/sdk/push-notifications/work-with-segments-push-api)"
                }
            ]
        }
    ]
}