{
    "meta": {
        "language": "ru",
        "parse_date": "2024-07-06T19:35:15.735107",
        "current_url": "https://www.rustore.ru/help/developers/monetization/monetization-foreign-company/",
        "doc_section": "developers",
        "h1_text": "Подключение и управление монетизацией для нерезидентов в RuStore"
    },
    "content": [
        {
            "type": "h1",
            "text": "Подключение и управление монетизацией для нерезидентов в RuStore",
            "content": [
                {
                    "type": "paragraph",
                    "text": "Иностранные компании, зарегистрированные в RuStore, теперь могут подключить монетизацию и получать доход от размещения платных приложений или встроенных в приложение покупок (в том числе подписок).\nПодключение монетизации доступно на условиях стандартногодополнительного соглашения. Актуальная на момент подачи заявления валюта расчетов будет отображаться в форме.\nЧтобы создать и подписать заявление, выполните следующие действия.\nВойдите вКонсоль RuStore (https://console.rustore.ru/sign-in).\nПерейдите на вкладку «Компания» в верхней части экрана.\nВыберите «Монетизация» в левом боковом меню.\nНажмите «Заполнить заявление».\nЗаполните данные в открывшемся окне."
                }
            ]
        },
        {
            "type": "h2",
            "text": "Основная информация​",
            "content": [
                {
                    "type": "paragraph",
                    "text": "Информация в поле «Торговое и юридическое название» подгружается согласно учредительным документам. Если данные указаны некорректно, обратитесь в поддержку и подайте заявление после исправления данных."
                }
            ]
        },
        {
            "type": "admonition",
            "admonition_type": "info",
            "title": "к сведению",
            "content": [
                {
                    "type": "paragraph",
                    "text": "Мы можем попросить вас подтвердить ваши права на указанное торговое название. Регистрация прав не требуется, однако в этом случае мы попросим вас гарантировать, что использование данного торгового названия не нарушает права третьих лиц.\n"
                }
            ]
        },
        {
            "type": "h2",
            "text": "Представитель отличается от владельца компании​",
            "content": [
                {
                    "type": "paragraph",
                    "text": "Если представитель отличается от владельца компании в RuStore, заполните информацию о представителе согласно документу-основанию права представителя. В качестве такого документа приложите решение о назначении, доверенность и т. д. Убедитесь, что здесь указан именно тот человек, который будет подписывать дополнительное соглашение от имени вашей компании.\n"
                }
            ]
        },
        {
            "type": "h2",
            "text": "Информация о компании​",
            "content": [
                {
                    "type": "paragraph",
                    "text": "Убедитесь, что информация в полях «Налоговый номер» и «Юридический адрес», соответствует данным в учредительных документах.\nЕсли юридический адрес не совпадает с фактическим, необходимо также указать фактический адрес, по которому компания осуществляет свою деятельность."
                }
            ]
        },
        {
            "type": "h2",
            "text": "Контакты для пользователей по вопросам обратной связи​",
            "content": [
                {
                    "type": "paragraph",
                    "text": "В блоке «Контактное лицо» укажите контактные данные, по которым пользователи RuStore могут обратиться к вам по вопросам поддержки приложений, а также для направления финансовых претензий (запросов на возврат/отмену платежа, информирование о мошеннических платежах).\nИнформация в блоках «Номер телефона» и Email используется для внутренних коммуникаций с RuStore и будет видна пользователям. В поле «Номер представителя» следует указать международный номер телефона.\nТакже вы можете указать предпочтительный способ связи, добавив ссылку на мессенджеры, форму обратной связи или другой инструмент, используемый для получения обратной связи от пользователей (опционально). Рекомендуем проверить доступность этого инструмента для пользователей из РФ."
                }
            ]
        },
        {
            "type": "admonition",
            "admonition_type": "info",
            "title": "к сведению",
            "content": [
                {
                    "type": "paragraph",
                    "text": "Служба поддержки RuStore может передавать эти контакты пользователям или публиковать их на витрине приложений.\n"
                }
            ]
        },
        {
            "type": "h2",
            "text": "Информация о договоре​",
            "content": [
                {
                    "type": "paragraph",
                    "text": "Имя главного бухгалтера компании.\nБухгалтерская отчетность: отчет о прибылях и убытках, балансовый отчёт.\nДокументы, подтверждающие налоговое резидентство: свидетельство о налоговом резидентстве предоставляется во избежание двойного налогообложения. В дальнейшем мы попросим вас обновлять этот документ ежегодно."
                }
            ]
        },
        {
            "type": "h2",
            "text": "Банковские реквизиты​",
            "content": [
                {
                    "type": "paragraph",
                    "text": "Укажите реквизиты счёта компании в российском или зарубежном банке, по которым будут производиться расчёты.\nЕсли вы хотите вести расчеты через определенного корреспондента, укажите его реквизиты в этом блоке. Мы направим ваш доход на его реквизиты для дальнейшего перечисления вам. В ином случае, мы будем перечислять ваш доход на реквизиты, указанные вами выше, через нашего стандартного корреспондента."
                }
            ]
        },
        {
            "type": "admonition",
            "admonition_type": "caution",
            "title": "предупреждение",
            "content": [
                {
                    "type": "paragraph",
                    "text": "RuStore взимает комиссию с платных приложений и покупок внутри приложений (подписки, покупки in-app). Размер комиссии для нерезидентов составляет 15%. В случаях, когда RuStore должен являться налоговым агентом нерезидента, в дополнение к комиссии будет удерживаться сумма налогов, подлежащая уплате в соответствии с законодательством РФ.\nНажмите «Перейти к отправке заявления».\nПроверьте текст заявления и нажмите «Отправить на модерацию». Заявление отправляется на подтверждение модератором."
                }
            ]
        },
        {
            "type": "admonition",
            "admonition_type": "info",
            "title": "к сведению",
            "content": [
                {
                    "type": "paragraph",
                    "text": "После отправки заявления на монетизацию мы отправим дополнительное соглашение на вашу электронную почту. Ознакомьтесь ссоглашениеми подпишите его, чтобы подключить монетизацию."
                }
            ]
        },
        {
            "type": "admonition",
            "admonition_type": "caution",
            "title": "предупреждение",
            "content": [
                {
                    "type": "paragraph",
                    "text": "Обратите внимание, что Дополнительное соглашение должно быть подписано лицом, информацию о котором вы указали в блоке «Представитель компании».\nПосле подключения монетизации вы сможете настроить платные продукты и публиковать платные приложения.Ежемесячно вам будет приходить отчёт по принятым платежам. Выплата дохода производится в соответствие с дополнительным соглашением."
                }
            ]
        },
        {
            "type": "admonition",
            "admonition_type": "info",
            "title": "к сведению",
            "content": [
                {
                    "type": "paragraph",
                    "text": "Выплаты производятся не чаще, чем раз в месяц, при условии, что с момента предыдущей выплаты была достигнута минимальная сумма.\nПодробная информация приведена вДополнительном соглашении (https://rustore.ru/help/legal/add-agreement-form/)."
                }
            ]
        }
    ]
}