{
    "meta": {
        "language": "ru",
        "parse_date": "2024-07-06T19:45:21.638038",
        "current_url": "https://www.rustore.ru/help/sdk/payments/kotlin-java/4-0-0/",
        "doc_section": "sdk"
    },
    "content": [
        {
            "type": "admonition",
            "admonition_type": "unknown",
            "title": "подсказка",
            "content": [
                {
                    "type": "paragraph",
                    "text": "Сценарий работы с платежами описан вгайде (https://rustore.ru/help/guides/payments). Изучите его перед началом работы."
                }
            ]
        },
        {
            "type": "h2",
            "text": "Пример реализации​",
            "content": [
                {
                    "type": "paragraph",
                    "text": "Ознакомьтесь с приложением-примером чтобы узнать, как правильно интегрировать SDK платежей.\nKotlin (https://gitflic.ru/project/rustore/rustore-sdk-billing-example)\nJava (https://gitflic.ru/project/rustore/rustore-example-java-billing)"
                }
            ]
        },
        {
            "type": "h2",
            "text": "Условия работы платежей​",
            "content": []
        },
        {
            "tab_label": "Kotlin",
            "content": []
        },
        {
            "tab_label": "Java",
            "content": []
        },
        {
            "type": "h2",
            "text": "Подготовка к работе​",
            "content": []
        },
        {
            "tab_label": "Kotlin",
            "content": []
        },
        {
            "tab_label": "Java",
            "content": []
        },
        {
            "type": "h2",
            "text": "Обработка deeplink​",
            "content": []
        },
        {
            "tab_label": "Kotlin",
            "content": []
        },
        {
            "tab_label": "Java",
            "content": []
        },
        {
            "type": "h2",
            "text": "Инициализация​",
            "content": [
                {
                    "type": "paragraph",
                    "text": "Перед вызовом методов библиотеки необходимо выполнить её инициализацию."
                }
            ]
        },
        {
            "tab_label": "Kotlin",
            "content": [
                {
                    "type": "paragraph",
                    "text": "Чтобы получить ID приложения, скопируйте цифры из URL-адреса страницы приложения в RuStore Консоли послеapps/."
                }
            ]
        },
        {
            "tab_label": "Java",
            "content": [
                {
                    "type": "paragraph",
                    "text": "Чтобы получить ID приложения, скопируйте цифры из URL-адреса страницы приложения в RuStore Консоли послеapps/."
                }
            ]
        },
        {
            "type": "h2",
            "text": "Как работают платежи​",
            "content": []
        },
        {
            "type": "h2",
            "text": "Проверка доступности работы с платежами​",
            "content": []
        },
        {
            "tab_label": "Kotlin",
            "content": []
        },
        {
            "tab_label": "Java",
            "content": []
        },
        {
            "type": "h2",
            "text": "Работа с SDK​",
            "content": []
        },
        {
            "type": "h3",
            "text": "Получение списка продуктов​",
            "content": []
        },
        {
            "tab_label": "Kotlin",
            "content": []
        },
        {
            "tab_label": "Java",
            "content": []
        },
        {
            "type": "h3",
            "text": "Покупка продукта​",
            "content": []
        },
        {
            "tab_label": "Kotlin",
            "content": []
        },
        {
            "tab_label": "Java",
            "content": []
        },
        {
            "type": "h3",
            "text": "Получение сведений о покупке​",
            "content": []
        },
        {
            "tab_label": "Kotlin",
            "content": [
                {
                    "type": "paragraph",
                    "text": "purchaseId— идентификатор покупки.\nproductId— идентификатор продукта.\ndescription— описание на языкеlanguage.\ninvoiceId— идентификатор счёта.\nlanguage— язык, указанный с помощью BCP 47 кодирования.\npurchaseTime— время покупки.\norderId— уникальный идентификатор оплаты, сформированный приложением (UUID).\namountLable— отформатированная цена покупки, включая валютный знак на языкеlanguage.\namount— цена в минимальных единицах валюты.\ncurrency— код валюты ISO 4217.\nquantity— количество продукта.\npurchaseState— состояние покупки:\ndeveloperPayload— указанная разработчиком строка, содержащая дополнительную информацию о заказе.\nsubscriptionToken— токен для валидации покупки на сервере."
                }
            ]
        },
        {
            "tab_label": "Java",
            "content": [
                {
                    "type": "paragraph",
                    "text": "purchaseId— идентификатор покупки.\nproductId— идентификатор продукта.\ndescription— описание на языкеlanguage.\ninvoiceId— идентификатор счёта.\nlanguage— язык, указанный с помощью BCP 47 кодирования.\npurchaseTime— время покупки.\norderId— уникальный идентификатор оплаты, сформированный приложением (UUID).\namountLable— отформатированная цена покупки, включая валютный знак на языкеlanguage.\namount— цена в минимальных единицах валюты.\ncurrency— код валюты ISO 4217.\nquantity— количество продукта.\npurchaseState— состояние покупки:\ndeveloperPayload— указанная разработчиком строка, содержащая дополнительную информацию о заказе.\nsubscriptionToken— токен для валидации покупки на сервере."
                }
            ]
        },
        {
            "type": "h3",
            "text": "Получение списка покупок​",
            "content": []
        },
        {
            "tab_label": "Kotlin",
            "content": []
        },
        {
            "tab_label": "Java",
            "content": []
        },
        {
            "type": "h3",
            "text": "Валидация покупки на сервере​",
            "content": []
        },
        {
            "tab_label": "Kotlin",
            "content": []
        },
        {
            "tab_label": "Java",
            "content": []
        },
        {
            "type": "h3",
            "text": "Подтверждение покупки​",
            "content": []
        },
        {
            "type": "h4",
            "text": "Продукты, требующие подтверждения​",
            "content": [
                {
                    "type": "paragraph",
                    "text": "RuStore содержит продукты следующих типов.\nSUBSCRIPTION— подписка (можно купить на период времени, например: подписка в стриминговом сервисе).\nNON_CONSUMABLE— непотребляемый (можно купить один раз, например: отключение рекламы в приложении).\nCONSUMABLE— потребляемый (можно купить много раз, например: кристаллы в приложении)."
                }
            ]
        },
        {
            "type": "h4",
            "text": "Вызов метода подтверждения​",
            "content": []
        },
        {
            "tab_label": "Kotlin",
            "content": []
        },
        {
            "tab_label": "Java",
            "content": []
        },
        {
            "type": "h3",
            "text": "Отмена покупки​",
            "content": []
        },
        {
            "tab_label": "Kotlin",
            "content": []
        },
        {
            "tab_label": "Java",
            "content": []
        },
        {
            "type": "h3",
            "text": "Обработка незавершённых платежей​",
            "content": [
                {
                    "type": "paragraph",
                    "text": "Обработка незавершённых платежей производится разработчиком.\nЧтобы подтвердить покупку типаCONSUMABLEи в статусеPAIDвызовите методподтверждения покупки(см.Получение сведений о покупке).\nВ случае с отменой покупки при использовании методов обработки платежей учитывайте свой внутренний процесс. У некоторых разработчиков он предусматривает проверки перед потреблением или отменой покупки. В этом случае запросите отдельно статус такой покупки."
                }
            ]
        },
        {
            "type": "admonition",
            "admonition_type": "unknown",
            "title": "подсказка",
            "content": [
                {
                    "type": "paragraph",
                    "text": "Например, если пользователь оплатил товар, который вы по каким-то причинам не можете ему поставить, вызовите методотмены покупки (https://rustore.ru/help#%D0%BE%D1%82%D0%BC%D0%B5%D0%BD%D0%B0-%D0%BF%D0%BE%D0%BA%D1%83%D0%BF%D0%BA%D0%B8)в статусеPAID, чтобы отменить покупку.\nВ случаях, когда методполучения списка покупоквозвращает покупку со статусомINVOICE_CREATEDвы можете использовать методотмены покупки. Например, если не хотите видеть покупку с такими статусами в списке покупок. Делать это самим не обязательно, поскольку RuStore обрабатывает отмену таких покупок на своей стороне."
                }
            ]
        },
        {
            "type": "admonition",
            "admonition_type": "info",
            "title": "к сведению",
            "content": [
                {
                    "type": "paragraph",
                    "text": "Иногда после оплаты через приложение банка (СБП, SberPay, Tinkoff Pay и др.) и при последующем возврате обратно в приложение статус покупки остаётсяINVOICE_CREATED, при этом статус платежа — неуспешная покупка. Это связано с временем обработки покупки на стороне банка. Поэтому разработчику необходимо правильно связать логику получения списка покупок с жизненным циклом экрана.\nАльтернативное решение — отмена покупки в статусеINVOICE_CREATEDтолько через взаимодействие пользователя с приложением. Например, вы можете вынести эту логику в отдельную кнопку."
                }
            ]
        },
        {
            "type": "h2",
            "text": "Ведение журнала событий​",
            "content": []
        },
        {
            "tab_label": "Kotlin",
            "content": []
        },
        {
            "tab_label": "Java",
            "content": []
        },
        {
            "type": "h2",
            "text": "Смена темы интерфейса​",
            "content": []
        },
        {
            "tab_label": "Kotlin",
            "content": []
        },
        {
            "tab_label": "Java",
            "content": []
        },
        {
            "type": "h2",
            "text": "Обработка ошибок​",
            "content": []
        },
        {
            "tab_label": "Kotlin",
            "content": []
        },
        {
            "tab_label": "Java",
            "content": []
        },
        {
            "type": "h2",
            "text": "Коды ошибок​",
            "content": [
                {
                    "type": "paragraph",
                    "text": "Ниже представлено описание возможных ошибок в полеerrorCode."
                }
            ]
        },
        {
            "type": "table",
            "headers": [
                "HTTP-код",
                "Код ошибки",
                "Описание"
            ],
            "rows": [
                [
                    {
                        "text": "400",
                        "links": []
                    },
                    {
                        "text": "40001",
                        "links": []
                    },
                    {
                        "text": "Параметры запроса неверны — не заполнены обязательные параметры/неверный формат параметров.",
                        "links": []
                    }
                ],
                [
                    {
                        "text": "400",
                        "links": []
                    },
                    {
                        "text": "40003",
                        "links": []
                    },
                    {
                        "text": "Приложение не найдено.",
                        "links": []
                    }
                ],
                [
                    {
                        "text": "400",
                        "links": []
                    },
                    {
                        "text": "40004",
                        "links": []
                    },
                    {
                        "text": "Статус приложения inactive .",
                        "links": []
                    }
                ],
                [
                    {
                        "text": "400",
                        "links": []
                    },
                    {
                        "text": "40005",
                        "links": []
                    },
                    {
                        "text": "Продукт не найден.",
                        "links": []
                    }
                ],
                [
                    {
                        "text": "400",
                        "links": []
                    },
                    {
                        "text": "40006",
                        "links": []
                    },
                    {
                        "text": "Статус продукта inactive .",
                        "links": []
                    }
                ],
                [
                    {
                        "text": "400",
                        "links": []
                    },
                    {
                        "text": "40007",
                        "links": []
                    },
                    {
                        "text": "Недопустимый тип продукта. Поддерживаемые типы: consumable , non-consumable , subscription .",
                        "links": []
                    }
                ],
                [
                    {
                        "text": "400",
                        "links": []
                    },
                    {
                        "text": "40008",
                        "links": []
                    },
                    {
                        "text": "Покупка с таким order_id уже существует.",
                        "links": []
                    }
                ],
                [
                    {
                        "text": "400",
                        "links": []
                    },
                    {
                        "text": "40009",
                        "links": []
                    },
                    {
                        "text": "У текущего клиента найдена покупка этого продукта со статусом invoice_created . Необходимо предложить клиенту оплатить/отменить покупку.",
                        "links": []
                    }
                ],
                [
                    {
                        "text": "400",
                        "links": []
                    },
                    {
                        "text": "40010",
                        "links": []
                    },
                    {
                        "text": "Для типа продукта consumable . У текущего клиента найдена покупка этого продукта со статусом paid . Сначала требуется подтвердить потребление покупки на устройстве, а затем можно отправлять следующий запрос на покупку этого продукта.",
                        "links": []
                    }
                ],
                [
                    {
                        "text": "400",
                        "links": []
                    },
                    {
                        "text": "40011",
                        "links": []
                    },
                    {
                        "text": "Для типа продукта non-consumable . У текущего клиента найдена покупка этого продукта со статусом pre_confirmed / confirmed . Такой продукт уже приобретён. Более одного раза продукт не продаётся.",
                        "links": []
                    }
                ],
                [
                    {
                        "text": "400",
                        "links": []
                    },
                    {
                        "text": "40012",
                        "links": []
                    },
                    {
                        "text": "Для типа продукта subscription . У текущего клиента найдена покупка этого продукта со статусом pre_confirmed / confirmed . Такой продукт уже приобретён. Более одного раза продукт не продаётся.",
                        "links": []
                    }
                ],
                [
                    {
                        "text": "400",
                        "links": []
                    },
                    {
                        "text": "40013",
                        "links": []
                    },
                    {
                        "text": "Для типа продукта subscription . При обращении в сервис подписок за списком продуктов GET/products ( serviceId , user_id ) данные не были получены.",
                        "links": []
                    }
                ],
                [
                    {
                        "text": "400",
                        "links": []
                    },
                    {
                        "text": "40014",
                        "links": []
                    },
                    {
                        "text": "Обязательный атрибут(-ы) не пришел в запросе.",
                        "links": []
                    }
                ],
                [
                    {
                        "text": "400",
                        "links": []
                    },
                    {
                        "text": "40015",
                        "links": []
                    },
                    {
                        "text": "Не удалось изменить статус при обновлении покупки (переход запрещён).",
                        "links": []
                    }
                ],
                [
                    {
                        "text": "400",
                        "links": []
                    },
                    {
                        "text": "40016",
                        "links": []
                    },
                    {
                        "text": "При покупке подписки непотребляемого продукта указано значение quantity > 1 .",
                        "links": []
                    }
                ],
                [
                    {
                        "text": "400",
                        "links": []
                    },
                    {
                        "text": "40017",
                        "links": []
                    },
                    {
                        "text": "Продукт удалён, новые покупки не доступны.",
                        "links": []
                    }
                ],
                [
                    {
                        "text": "400",
                        "links": []
                    },
                    {
                        "text": "40018",
                        "links": []
                    },
                    {
                        "text": "Нельзя потреблять продукт с типом тип продукта .",
                        "links": []
                    }
                ],
                [
                    {
                        "text": "401",
                        "links": []
                    },
                    {
                        "text": "40101",
                        "links": []
                    },
                    {
                        "text": "Невалидный токен.",
                        "links": []
                    }
                ],
                [
                    {
                        "text": "401",
                        "links": []
                    },
                    {
                        "text": "40102",
                        "links": []
                    },
                    {
                        "text": "Время жизни токена истекло.",
                        "links": []
                    }
                ],
                [
                    {
                        "text": "403",
                        "links": []
                    },
                    {
                        "text": "40301",
                        "links": []
                    },
                    {
                        "text": "Доступ к запрашиваемому ресурсу запрещён (неавторизованно).",
                        "links": []
                    }
                ],
                [
                    {
                        "text": "403",
                        "links": []
                    },
                    {
                        "text": "40302",
                        "links": []
                    },
                    {
                        "text": "Для текущего токена текущий вызов не авторизован (метод запрещён).",
                        "links": []
                    }
                ],
                [
                    {
                        "text": "403",
                        "links": []
                    },
                    {
                        "text": "40303",
                        "links": []
                    },
                    {
                        "text": "Идентификатор приложения в запросе и токен не совпадают.",
                        "links": []
                    }
                ],
                [
                    {
                        "text": "403",
                        "links": []
                    },
                    {
                        "text": "40305",
                        "links": []
                    },
                    {
                        "text": "Неверный тип токена.",
                        "links": []
                    }
                ],
                [
                    {
                        "text": "404",
                        "links": []
                    },
                    {
                        "text": "40401",
                        "links": []
                    },
                    {
                        "text": "Не найдено.",
                        "links": []
                    }
                ],
                [
                    {
                        "text": "408",
                        "links": []
                    },
                    {
                        "text": "40801",
                        "links": []
                    },
                    {
                        "text": "Истекло время ожидания уведомления, указанное в запросе.",
                        "links": []
                    }
                ],
                [
                    {
                        "text": "500",
                        "links": []
                    },
                    {
                        "text": "50***",
                        "links": []
                    },
                    {
                        "text": "Внутренняя ошибка платежного сервиса.",
                        "links": []
                    }
                ]
            ]
        }
    ]
}