{
    "meta": {
        "language": "ru",
        "parse_date": "2024-07-06T20:09:15.996884",
        "current_url": "https://www.rustore.ru/help/work-with-rustore-api/api-access-control/revoke-access/",
        "doc_section": "",
        "h1_text": "Отзыв доступа"
    },
    "content": [
        {
            "type": "h1",
            "text": "Отзыв доступа",
            "content": [
                {
                    "type": "paragraph",
                    "text": "Метод позволяет отозвать доступ у пользователя.\nПараметры взаимодействия\nDELETE https://public-api.rustore.ru/public/v1/application/{packageName}/developer/{devVkId}/role/{roleName}"
                }
            ]
        },
        {
            "type": "table",
            "headers": [
                "Атрибут",
                "Тип",
                "Обязателен",
                "Расположение",
                "Описание",
                "Пример"
            ],
            "rows": [
                [
                    {
                        "text": "Public-Token",
                        "links": []
                    },
                    {
                        "text": "string",
                        "links": []
                    },
                    {
                        "text": "Да",
                        "links": []
                    },
                    {
                        "text": "Header",
                        "links": []
                    },
                    {
                        "text": "Токен доступа к API RuStore .",
                        "links": [
                            {
                                "text": "Токен доступа к API RuStore",
                                "url": "https://rustore.ru/help/work-with-rustore-api/api-authorization-token"
                            }
                        ]
                    },
                    {
                        "text": "N/A",
                        "links": []
                    }
                ],
                [
                    {
                        "text": "packageName",
                        "links": []
                    },
                    {
                        "text": "string",
                        "links": []
                    },
                    {
                        "text": "Да",
                        "links": []
                    },
                    {
                        "text": "path",
                        "links": []
                    },
                    {
                        "text": "Наименование пакета приложения.",
                        "links": []
                    },
                    {
                        "text": "com.myapp.example",
                        "links": []
                    }
                ],
                [
                    {
                        "text": "devVkId",
                        "links": []
                    },
                    {
                        "text": "string",
                        "links": []
                    },
                    {
                        "text": "Да",
                        "links": []
                    },
                    {
                        "text": "path",
                        "links": []
                    },
                    {
                        "text": "VK ID пользователя, у которого необходимо отозвать доступ.",
                        "links": []
                    },
                    {
                        "text": "743103",
                        "links": []
                    }
                ],
                [
                    {
                        "text": "roleName",
                        "links": []
                    },
                    {
                        "text": "string",
                        "links": []
                    },
                    {
                        "text": "Да",
                        "links": []
                    },
                    {
                        "text": "path",
                        "links": []
                    },
                    {
                        "text": "Роль пользователя, которую необходимо отозвать.",
                        "links": []
                    },
                    {
                        "text": "• OWNER — владелец; • NON_RESIDENT_OWNER — владелец; • INDIVIDUAL_OWNER — владелец; • ADMIN — администратор; • RELEASE_MANAGER — релиз-менеджер; • DEV — разработчик; • FINANCIAL_MANAGER — финансовый менеджер; • SUPPORT — специалист поддержки.",
                        "links": []
                    }
                ]
            ]
        },
        {
            "type": "admonition",
            "admonition_type": "note",
            "title": "примечание",
            "content": [
                {
                    "type": "paragraph",
                    "text": "Подробнее о возможностях каждой роли можно почитатьтут (https://rustore.ru/help/developers/developer-account/user-roles/)."
                }
            ]
        },
        {
            "type": "h2",
            "text": "Параметры ответа​",
            "content": []
        },
        {
            "type": "table",
            "headers": [
                "Атрибут",
                "Тип",
                "Обязателен",
                "Описание",
                "Пример"
            ],
            "rows": [
                [
                    {
                        "text": "code",
                        "links": []
                    },
                    {
                        "text": "string",
                        "links": []
                    },
                    {
                        "text": "Да",
                        "links": []
                    },
                    {
                        "text": "Код ответа.",
                        "links": []
                    },
                    {
                        "text": "error / OK",
                        "links": []
                    }
                ],
                [
                    {
                        "text": "message",
                        "links": []
                    },
                    {
                        "text": "string",
                        "links": []
                    },
                    {
                        "text": "Нет",
                        "links": []
                    },
                    {
                        "text": "Расшифровка кода ответа.",
                        "links": []
                    },
                    {
                        "text": "N/A",
                        "links": []
                    }
                ],
                [
                    {
                        "text": "timestamp",
                        "links": []
                    },
                    {
                        "text": "timestamptz",
                        "links": []
                    },
                    {
                        "text": "Да",
                        "links": []
                    },
                    {
                        "text": "Время ответа.",
                        "links": []
                    },
                    {
                        "text": "2022-07-08T13:24:41.8328711+03:00",
                        "links": []
                    }
                ],
                [
                    {
                        "text": "body{}",
                        "links": []
                    },
                    {
                        "text": "string",
                        "links": []
                    },
                    {
                        "text": "Да",
                        "links": []
                    },
                    {
                        "text": "N/A",
                        "links": []
                    },
                    {
                        "text": "N/A",
                        "links": []
                    }
                ]
            ]
        },
        {
            "type": "h2",
            "text": "Возможные ошибки​",
            "content": []
        },
        {
            "type": "table",
            "headers": [
                "code",
                "message",
                "Описание",
                "Действия"
            ],
            "rows": [
                [
                    {
                        "text": "400",
                        "links": []
                    },
                    {
                        "text": "Incorrect parameter role",
                        "links": []
                    },
                    {
                        "text": "Такой роли не существует",
                        "links": []
                    },
                    {
                        "text": "Проверьте, что, указанная роль существует.",
                        "links": []
                    }
                ],
                [
                    {
                        "text": "400",
                        "links": []
                    },
                    {
                        "text": "Owner role can not be revoked",
                        "links": []
                    },
                    {
                        "text": "Нельзя удалить роль владельца",
                        "links": []
                    },
                    {
                        "text": "",
                        "links": []
                    }
                ],
                [
                    {
                        "text": "404",
                        "links": []
                    },
                    {
                        "text": "No application developer with this role found",
                        "links": []
                    },
                    {
                        "text": "Разработчик с данной ролью не найден",
                        "links": []
                    },
                    {
                        "text": "Проверьте корректность параметров devVkId и roleName.",
                        "links": []
                    }
                ]
            ]
        },
        {
            "type": "h3",
            "text": "Пример запроса​",
            "content": []
        },
        {
            "type": "code",
            "text": "curl --location --request DELETE 'https://public-api.rustore.ru/public/v1/application/com.package.example/developer/1111111111/role/DEV' \\--header 'Public-Token: {YOURtoken}'"
        },
        {
            "type": "h3",
            "text": "Пример ответа​",
            "content": []
        },
        {
            "type": "code",
            "text": "{\"code\": \"OK\",\"message\": null,\"body\": null,\"timestamp\": \"2024-03-25T20:50:36.360850021+03:00\"}"
        }
    ]
}