{
    "meta": {
        "language": "ru",
        "parse_date": "2024-07-06T19:41:55.443912",
        "current_url": "https://www.rustore.ru/help/developers/publishing-and-verifying-apps/declare-app-permissions/data-categories/",
        "doc_section": "developers",
        "h1_text": "Категории и типы данных в RuStore"
    },
    "content": [
        {
            "type": "h1",
            "text": "Категории и типы данных в RuStore",
            "content": [
                {
                    "type": "paragraph",
                    "text": "Категории и типы данных — это сведения, которые помогут пользователям понять, каким образом приложение использует их данные и как в нём обеспечивается безопасность.\nИнформация о том, какие типы данных приложение может собирать и передавать третьим лицам, будет доступна пользователям на странице мобильного приложения RuStore.\nПри загрузке или обновлении приложения необходимо указать все типы пользовательских данных, которые собирает и передаёт приложение, а именно:\nвсе типы пользовательских данных, которые собирает и/или передает приложение;\nвсе пользовательские данные, отправляемые с устройства с помощью библиотек или SDК, которые есть в приложении, независимо от того, кому передается информация — разработчику или третьему лицу;\nвсе пользовательские данные, которые передаются с сервера разработчика третьему лицу или стороннему приложению на том же устройстве."
                }
            ]
        },
        {
            "type": "table",
            "headers": [
                "Типы",
                "Описание"
            ],
            "rows": [
                [
                    {
                        "text": "Местоположение",
                        "links": []
                    }
                ],
                [
                    {
                        "text": "Приблизительное местоположение",
                        "links": []
                    },
                    {
                        "text": "Местоположение пользователя или устройства в пределах области размером от трёх квадратных километров, например, город, в котором находится пользователь, или местоположение, полученное с помощью разрешения Android ACCESS_COARSE_LOCATION",
                        "links": []
                    }
                ],
                [
                    {
                        "text": "Точное местоположение",
                        "links": []
                    },
                    {
                        "text": "Местоположение пользователя или устройства в пределах области размером менее трёх квадратных километров, например, местоположение, полученное с помощью разрешения Android ACCESS_FINE_LOCATION",
                        "links": []
                    }
                ],
                [
                    {
                        "text": "Личная информация",
                        "links": []
                    }
                ],
                [
                    {
                        "text": "Имя",
                        "links": []
                    },
                    {
                        "text": "Обращение, которое предпочитает пользователь: имя, фамилия или псевдоним",
                        "links": []
                    }
                ],
                [
                    {
                        "text": "Адрес электронной почты",
                        "links": []
                    },
                    {
                        "text": "Адрес электронной почты пользователя",
                        "links": []
                    }
                ],
                [
                    {
                        "text": "ID пользователей",
                        "links": []
                    },
                    {
                        "text": "Идентификаторы пользователя. Например, номер, идентификатор или название аккаунта",
                        "links": []
                    }
                ],
                [
                    {
                        "text": "Адрес",
                        "links": []
                    },
                    {
                        "text": "Адрес пользователя. Например, почтовый или домашний",
                        "links": []
                    }
                ],
                [
                    {
                        "text": "Номер телефона",
                        "links": []
                    },
                    {
                        "text": "Номер телефона пользователя",
                        "links": []
                    }
                ],
                [
                    {
                        "text": "Раса и этническая принадлежность",
                        "links": []
                    },
                    {
                        "text": "Сведения о расовой или этнической принадлежности пользователя",
                        "links": []
                    }
                ],
                [
                    {
                        "text": "Политические или религиозные убеждения",
                        "links": []
                    },
                    {
                        "text": "Сведения о политических или религиозных убеждениях пользователя",
                        "links": []
                    }
                ],
                [
                    {
                        "text": "Сексуальная ориентация",
                        "links": []
                    },
                    {
                        "text": "Сведения о сексуальной ориентации пользователя",
                        "links": []
                    }
                ],
                [
                    {
                        "text": "Другие данные",
                        "links": []
                    },
                    {
                        "text": "Любая другая личная информация. Например, дата рождения, гендерная идентичность, статус участника боевых действий и т. д.",
                        "links": []
                    }
                ],
                [
                    {
                        "text": "Финансовые данные",
                        "links": []
                    }
                ],
                [
                    {
                        "text": "Платёжные данные",
                        "links": []
                    },
                    {
                        "text": "Информация о денежных счетах пользователя. Например, номер кредитной карты",
                        "links": []
                    }
                ],
                [
                    {
                        "text": "История покупок",
                        "links": []
                    },
                    {
                        "text": "Информация о покупках и транзакциях пользователя",
                        "links": []
                    }
                ],
                [
                    {
                        "text": "Кредитный рейтинг",
                        "links": []
                    },
                    {
                        "text": "Информация о кредитоспособности пользователя",
                        "links": []
                    }
                ],
                [
                    {
                        "text": "Другие финансовые данные",
                        "links": []
                    },
                    {
                        "text": "Другая финансовая информация. Например, зарплата или долги пользователя",
                        "links": []
                    }
                ],
                [
                    {
                        "text": "Здоровье и фитнес",
                        "links": []
                    }
                ],
                [
                    {
                        "text": "Медицинские данные",
                        "links": []
                    },
                    {
                        "text": "Информация о здоровье пользователя. Например, данные медицинской карты или описание симптомов",
                        "links": []
                    }
                ],
                [
                    {
                        "text": "Данные о физической активности",
                        "links": []
                    },
                    {
                        "text": "Информация о физической активности пользователя. Например, о тренировках",
                        "links": []
                    }
                ],
                [
                    {
                        "text": "Сообщения",
                        "links": []
                    }
                ],
                [
                    {
                        "text": "Электронные письма",
                        "links": []
                    },
                    {
                        "text": "Содержание, темы, информация об отправителях и получателях электронных писем пользователя",
                        "links": []
                    }
                ],
                [
                    {
                        "text": "SMS или MMS",
                        "links": []
                    },
                    {
                        "text": "Содержание и информация об отправителях и получателях сообщений пользователя",
                        "links": []
                    }
                ],
                [
                    {
                        "text": "Другие сообщения в приложениях",
                        "links": []
                    },
                    {
                        "text": "Другие типы сообщений. Например, мгновенные сообщения или контент в чате",
                        "links": []
                    }
                ],
                [
                    {
                        "text": "Фото и видео",
                        "links": []
                    }
                ],
                [
                    {
                        "text": "Видео",
                        "links": []
                    },
                    {
                        "text": "Видео пользователя",
                        "links": []
                    }
                ],
                [
                    {
                        "text": "Аудиофайлы",
                        "links": []
                    }
                ],
                [
                    {
                        "text": "Аудиозаписи и голосовые сообщения",
                        "links": []
                    },
                    {
                        "text": "Записи голоса пользователя. Например, голосовые сообщения или запись звука",
                        "links": []
                    }
                ],
                [
                    {
                        "text": "Музыкальные файлы",
                        "links": []
                    },
                    {
                        "text": "Музыкальные файлы пользователя",
                        "links": []
                    }
                ],
                [
                    {
                        "text": "Другие аудиофайлы",
                        "links": []
                    },
                    {
                        "text": "Другие аудиофайлы, созданные или предоставленные пользователем",
                        "links": []
                    }
                ],
                [
                    {
                        "text": "Файлы и документы",
                        "links": []
                    }
                ],
                [
                    {
                        "text": "Файлы и документы",
                        "links": []
                    },
                    {
                        "text": "Документы и другие файлы пользователя или любая информация о них. Например, названия файлов",
                        "links": []
                    }
                ],
                [
                    {
                        "text": "Календарь",
                        "links": []
                    }
                ],
                [
                    {
                        "text": "События календаря",
                        "links": []
                    },
                    {
                        "text": "Информация из календаря пользователя. Например, о мероприятиях, заметках к ним и участниках",
                        "links": []
                    }
                ],
                [
                    {
                        "text": "Контакты",
                        "links": []
                    }
                ],
                [
                    {
                        "text": "Контакты",
                        "links": []
                    },
                    {
                        "text": "Информация о контактах пользователя. Например, об их именах, истории переписки с ними, а также такие данные, как имена пользователей, журнал звонков и сведения о давности, частоте и длительности общения",
                        "links": []
                    }
                ],
                [
                    {
                        "text": "Действия в приложении",
                        "links": []
                    }
                ],
                [
                    {
                        "text": "Взаимодействие с приложением",
                        "links": []
                    },
                    {
                        "text": "Информация о том, как пользователь взаимодействует с приложением. Например, сколько раз он просмотрел страницу или какие разделы посещал",
                        "links": []
                    }
                ],
                [
                    {
                        "text": "История поиска в приложении",
                        "links": []
                    },
                    {
                        "text": "Информация о том, что пользователь искал в приложении",
                        "links": []
                    }
                ],
                [
                    {
                        "text": "Установленные приложения",
                        "links": []
                    },
                    {
                        "text": "Информация о приложениях, установленных на устройстве пользователя",
                        "links": []
                    }
                ],
                [
                    {
                        "text": "Другой пользовательский контент",
                        "links": []
                    },
                    {
                        "text": "Другой контент, созданный пользователем и не упомянутый ни в одном разделе. Например, биография, заметки или развёрнутые ответы",
                        "links": []
                    }
                ],
                [
                    {
                        "text": "Другие действия",
                        "links": []
                    },
                    {
                        "text": "Другие действия пользователя в приложении, не упомянутые ни в одном разделе. Например, информация об играх, лайках или выбранных вариантах в диалоговых окнах.",
                        "links": []
                    }
                ],
                [
                    {
                        "text": "Просмотр веб-страниц",
                        "links": []
                    }
                ],
                [
                    {
                        "text": "История просмотра веб-страниц",
                        "links": []
                    },
                    {
                        "text": "Информация о сайтах, которые посещал пользователь",
                        "links": []
                    }
                ],
                [
                    {
                        "text": "Данные о работе приложения",
                        "links": []
                    }
                ],
                [
                    {
                        "text": "Отчёты об ошибках",
                        "links": []
                    },
                    {
                        "text": "Данные из журнала сбоев приложения. Например, о количестве сбоев и трассировках стека, или другая информация, напрямую связанная с ошибками.",
                        "links": []
                    }
                ],
                [
                    {
                        "text": "Диагностика",
                        "links": []
                    },
                    {
                        "text": "Информация о производительности приложения. Например, время работы от батареи, время загрузки и реакции, частота кадров или данные технической диагностики.",
                        "links": []
                    }
                ],
                [
                    {
                        "text": "Другие данные о работе приложения",
                        "links": []
                    },
                    {
                        "text": "Другая информация о производительности приложения, не упомянутая здесь.",
                        "links": []
                    }
                ],
                [
                    {
                        "text": "Идентификаторы",
                        "links": []
                    },
                    {
                        "text": "ID устройства или другие идентификаторы",
                        "links": []
                    }
                ]
            ]
        }
    ]
}