{
    "meta": {
        "language": "ru",
        "parse_date": "2024-07-06T19:58:30.728701",
        "current_url": "https://www.rustore.ru/help/sdk/rustore-geo/map-display-services/interactive-map/handlers/",
        "doc_section": "sdk",
        "h1_text": "5. Handlers (обработчики)"
    },
    "content": [
        {
            "type": "h1",
            "text": "5. Handlers (обработчики)",
            "content": []
        },
        {
            "type": "h2",
            "text": "BoxZoomHandler​",
            "content": [
                {
                    "type": "paragraph",
                    "text": "BoxZoomHandlerпозволяет пользователю масштабировать карту так, чтобы она помещалась в ограничивающую рамку. Чтобы задать прямоугольник, необходимо одновременно нажать и удерживать клавишу SHIFT и левую кнопку мыши и перетащить курсор.\nsrc/ui/handler/box_zoom.js\nМетоды"
                }
            ]
        },
        {
            "type": "table",
            "headers": [
                "Название",
                "Описание"
            ],
            "rows": [
                [
                    {
                        "text": "disable()",
                        "links": []
                    },
                    {
                        "text": "Отключает «box zoom». См. пример ниже. map.boxZoom.disable();",
                        "links": []
                    }
                ],
                [
                    {
                        "text": "enable()",
                        "links": []
                    },
                    {
                        "text": "Включает «box zoom» См. пример ниже. map.boxZoom.enable()",
                        "links": []
                    }
                ],
                [
                    {
                        "text": "isActive()",
                        "links": []
                    },
                    {
                        "text": "Возвращает true , если «box zoom» активна.",
                        "links": []
                    }
                ],
                [
                    {
                        "text": "isEnabled()",
                        "links": []
                    },
                    {
                        "text": "Возвращает true , если «box zoom» включена.",
                        "links": []
                    }
                ]
            ]
        },
        {
            "type": "h2",
            "text": "ScrollZoomHandler​",
            "content": [
                {
                    "type": "paragraph",
                    "text": "ScrollZoomHandlerпозволяет пользователю масштабировать карту с помощью прокрутки.\nsrc/ui/handler/scroll_zoom.js\nМетоды"
                }
            ]
        },
        {
            "type": "table",
            "headers": [
                "Название",
                "Описание"
            ],
            "rows": [
                [
                    {
                        "text": "disable()",
                        "links": []
                    },
                    {
                        "text": "Выключает «scroll to zoom». См. пример ниже. map.scrollZoom.disable()",
                        "links": []
                    }
                ],
                [
                    {
                        "text": "enable(options?)",
                        "links": []
                    },
                    {
                        "text": "Используется параметр around — если center пройден, карта будет масштабироваться вокруг центра карты. См. пример ниже. map.scrollZoom.enable(); См. пример ниже. map.scrollZoom.enable({ around: 'center' })",
                        "links": []
                    }
                ],
                [
                    {
                        "text": "isEnabled()",
                        "links": []
                    },
                    {
                        "text": "Возвращает true , если настройка scroll to zoom включена",
                        "links": []
                    }
                ],
                [
                    {
                        "text": "setWheelZoomRate(wheelZoomRate)",
                        "links": []
                    },
                    {
                        "text": "Установите скорость масштабирования колесика мыши. Используемый параметр — wheelZoomRate (по умолчанию 1/450), скорость масштабирования. См. пример ниже. // Slow down zoom of mouse wheel map.scrollZoom.setWheelZoomRate(1/600);",
                        "links": []
                    }
                ],
                [
                    {
                        "text": "setZoomRat(zoomRate)",
                        "links": []
                    },
                    {
                        "text": "Установите скорость масштабирования трекпада. Используемый параметр — zoomRate (по умолчанию 1/100), скорость масштабирования. См. пример ниже. // Speed up trackpad zoom map.scrollZoom.setZoomRate(1/25);",
                        "links": []
                    }
                ]
            ]
        },
        {
            "type": "h2",
            "text": "DragPanHandler​",
            "content": [
                {
                    "type": "paragraph",
                    "text": "DragPanHandlerпозволяет пользователю перемещать карту, щелкая и перетаскивая курсор.\nsrc/ui/handler/shim/drag_pan.js\nМетоды"
                }
            ]
        },
        {
            "type": "table",
            "headers": [
                "Название",
                "Описание"
            ],
            "rows": [
                [
                    {
                        "text": "disable()",
                        "links": []
                    },
                    {
                        "text": "Отключает «drag to pan». См. пример ниже. map . dragPan . disable ( ) ;",
                        "links": []
                    }
                ],
                [
                    {
                        "text": "enable(options?)",
                        "links": []
                    },
                    {
                        "text": "Включает «drag to pan». Параметры: • linearity — коэффициент, используемый для масштабирования скорости сопротивления (drag velocity); • easing — функция сглаживания (easing function) применяется к map.panTo при перетаскивании; • maxSpeed — максимальное значение скорости лобового сопротивления; • deceleration — скорость, с которой уменьшается движение после касания. См. пример ниже. map . dragPan . enable ( ) ; См. пример ниже. map . dragPan . enable ( { linearity : 0.3 , easing : bezier ( 0 , 0 , 0.3 , 1 ) , maxSpeed : 1400 , deceleration : 2500 , } ) ;",
                        "links": []
                    }
                ],
                [
                    {
                        "text": "isActive()",
                        "links": []
                    },
                    {
                        "text": "Возвращает true , если «drag to pan» активна.",
                        "links": []
                    }
                ],
                [
                    {
                        "text": "isEnabled()",
                        "links": []
                    },
                    {
                        "text": "Возвращает true , если функция «drag to pan» включена.",
                        "links": []
                    }
                ]
            ]
        },
        {
            "type": "h2",
            "text": "DragRotateHandler​",
            "content": [
                {
                    "type": "paragraph",
                    "text": "DragRotateHandlerпозволяет пользователю вращать карту, щелкая и перетаскивая курсор, удерживая правую кнопку мыши или клавишу CTRL.\nsrc/ui/handler/shim/drag_rotate.js\nМетоды"
                }
            ]
        },
        {
            "type": "table",
            "headers": [
                "Название",
                "Описание"
            ],
            "rows": [
                [
                    {
                        "text": "disable()",
                        "links": []
                    },
                    {
                        "text": "Отключает «drag to rotate». См. пример ниже. map . dragRotate . disable ( ) ;",
                        "links": []
                    }
                ],
                [
                    {
                        "text": "enable()",
                        "links": []
                    },
                    {
                        "text": "Включает «drag to rotate». См. пример ниже. map . dragRotate . enable ( ) ;",
                        "links": []
                    }
                ],
                [
                    {
                        "text": "isActive()",
                        "links": []
                    },
                    {
                        "text": "Возвращает true , если функция «drag to rotate» активна.",
                        "links": []
                    }
                ],
                [
                    {
                        "text": "isEnabled()",
                        "links": []
                    },
                    {
                        "text": "Возвращает true , если функция «drag to rotate» включена.",
                        "links": []
                    }
                ]
            ]
        },
        {
            "type": "h2",
            "text": "KeyboardHandler​",
            "content": [
                {
                    "type": "paragraph",
                    "text": "KeyboardHandlerпозволяет пользователю масштабировать, поворачивать и панорамировать карту с помощью следующих сочетаний клавиш:\n= / + : увеличение масштаба до 1;\nSHIFT-= / SHIFT-+: увеличение уровня масштабирования на 2;\n-: уменьшение уровня сигнала по 1;\nSHIFT -: уменьшение уровня сигнала на 2;\nКлавиши со стрелками (Arrow keys): панорамирование на 100 пикселей;\nSHIFT+→: увеличение поворота на 15 градусов;\nSHIFT+←: уменьшение поворота на 15 градусов;\nSHIFT+↑: увеличение шага на 10 градусов;\nSHIFT+↓: уменьшение шага на 10 градусов."
                }
            ]
        },
        {
            "type": "table",
            "headers": [
                "Название",
                "Описание"
            ],
            "rows": [
                [
                    {
                        "text": "disable()",
                        "links": []
                    },
                    {
                        "text": "Отключает «keyboard rotate and zoom» См. пример ниже. map.keyboard.disable();",
                        "links": []
                    }
                ],
                [
                    {
                        "text": "disableRotation()",
                        "links": []
                    },
                    {
                        "text": "Отключает «keyboard pan/rotate», но оставляет включенным «keyboard zoom». См. пример ниже. map.keyboard.disableRotation();",
                        "links": []
                    }
                ],
                [
                    {
                        "text": "enable()",
                        "links": []
                    },
                    {
                        "text": "Включает «keyboard rotate and zoom». См. пример ниже. map.keyboard.enable();",
                        "links": []
                    }
                ],
                [
                    {
                        "text": "enableRotation()",
                        "links": []
                    },
                    {
                        "text": "Включает «keyboard pan/rotate». См. пример ниже. map.keyboard.enableRotation();",
                        "links": []
                    }
                ],
                [
                    {
                        "text": "isActive()",
                        "links": []
                    },
                    {
                        "text": "Возвращает true , если обработчик включен и обнаружил начало zoom / rotate .",
                        "links": []
                    }
                ],
                [
                    {
                        "text": "isEnabled()",
                        "links": []
                    },
                    {
                        "text": "Возвращает true , если включено взаимодействие «keyboard rotate and zoom».",
                        "links": []
                    }
                ]
            ]
        },
        {
            "type": "h2",
            "text": "DoubleClickZoomHandler​",
            "content": [
                {
                    "type": "paragraph",
                    "text": "DoubleClickZoomHandlerпозволяет пользователю масштабировать карту в определенной точке двойным нажатием левой кнопкой мыши или двойным тапом.\nsrc/ui/handler/shim/dblclick_zoom.js\nМетоды"
                }
            ]
        },
        {
            "type": "table",
            "headers": [
                "Название",
                "Описание"
            ],
            "rows": [
                [
                    {
                        "text": "disable()",
                        "links": []
                    },
                    {
                        "text": "Отключает «double click to zoom». См. пример ниже. map.doubleClickZoom.disable();",
                        "links": []
                    }
                ],
                [
                    {
                        "text": "enable()",
                        "links": []
                    },
                    {
                        "text": "Включает «double click to zoom». См. пример ниже. map.doubleClickZoom.enable();",
                        "links": []
                    }
                ],
                [
                    {
                        "text": "isActive()",
                        "links": []
                    },
                    {
                        "text": "Возвращает true , если функция «double click to zoom» активна.",
                        "links": []
                    }
                ],
                [
                    {
                        "text": "isEnabled()",
                        "links": []
                    },
                    {
                        "text": "Возвращает true , если функция «double click to zoom» включена.",
                        "links": []
                    }
                ]
            ]
        },
        {
            "type": "h2",
            "text": "TouchZoomRotateHandler​",
            "content": [
                {
                    "type": "paragraph",
                    "text": "TouchZoomRotateHandlerпозволяет пользователю увеличивать и поворачивать карту, нажимая на сенсорный экран.\nОни могут увеличивать масштаб одним пальцем, дважды нажимая и перетаскивая. При втором касании удерживайте палец и перетащите его вверх или вниз, чтобы увеличить или уменьшить масштаб.\nsrc/ui/handler/shim/touch_zoom_rotate.js\nМетоды"
                }
            ]
        },
        {
            "type": "table",
            "headers": [
                "Название",
                "Описание"
            ],
            "rows": [
                [
                    {
                        "text": "disable()",
                        "links": []
                    },
                    {
                        "text": "Отключает «pinch to rotate and zoom». См. пример ниже. map.touchZoomRotate.disable();",
                        "links": []
                    }
                ],
                [
                    {
                        "text": "disableRotation()",
                        "links": []
                    },
                    {
                        "text": "Отключает «pinch to rotate», оставляя «pinch to zoom». См. пример ниже. map.touchZoomRotate.disableRotation();",
                        "links": []
                    }
                ],
                [
                    {
                        "text": "enable(options?)",
                        "links": []
                    },
                    {
                        "text": "Включает «pinch to rotate and zoom». Используется параметр around — если center пройден, карта будет масштабироваться вокруг центра карты. См. пример ниже. map.touchZoomRotate.enable(); См. пример ниже.",
                        "links": []
                    }
                ],
                [
                    {
                        "text": "enableRotation()",
                        "links": []
                    },
                    {
                        "text": "Включает «pinch to rotate». См. пример ниже. map.touchZoomRotate.enable(); map.touchZoomRotate.enableRotation();",
                        "links": []
                    }
                ],
                [
                    {
                        "text": "isActive()",
                        "links": []
                    },
                    {
                        "text": "Возвращает true , если обработчик включен и обнаружил zoom / rotate .",
                        "links": []
                    }
                ],
                [
                    {
                        "text": "isEnabled()",
                        "links": []
                    },
                    {
                        "text": "Возвращает true , если «pinch to rotate and zoom» включена.",
                        "links": []
                    }
                ]
            ]
        },
        {
            "type": "h2",
            "text": "TouchPitchHandler​",
            "content": [
                {
                    "type": "paragraph",
                    "text": "TouchPitchHandlerпозволяет пользователю наклонять карту, перетаскивая ее вверх и вниз двумя пальцами.\nsrc/ui/handler/touch_zoom_rotate.js\nМетоды"
                }
            ]
        },
        {
            "type": "table",
            "headers": [
                "Название",
                "Описание"
            ],
            "rows": [
                [
                    {
                        "text": "disable()",
                        "links": []
                    },
                    {
                        "text": "Отключает «drag to pitch» См. пример ниже. map.touchPitch.disable();",
                        "links": []
                    }
                ],
                [
                    {
                        "text": "enable()",
                        "links": []
                    },
                    {
                        "text": "Включает «drag to pitch» См. пример ниже. map.touchPitch.enable();",
                        "links": []
                    }
                ],
                [
                    {
                        "text": "isActive()",
                        "links": []
                    },
                    {
                        "text": "Возвращает true , если «drag to pitch» активна.",
                        "links": []
                    }
                ],
                [
                    {
                        "text": "isEnabled()",
                        "links": []
                    },
                    {
                        "text": "Возвращает true , если «drag to pitch» включена.",
                        "links": []
                    }
                ]
            ]
        }
    ]
}