{
    "meta": {
        "language": "ru",
        "parse_date": "2024-07-06T19:55:32.213429",
        "current_url": "https://www.rustore.ru/help/sdk/updates/unreal/3-0-0/",
        "doc_section": "sdk",
        "h1_text": "3.0.0"
    },
    "content": [
        {
            "type": "h1",
            "text": "3.0.0",
            "content": []
        },
        {
            "type": "h2",
            "text": "Общие сведения​",
            "content": [
                {
                    "type": "paragraph",
                    "text": "RuStore In-app updates SDK поддерживает актуальную версию приложения на устройстве пользователя. Это помогает пользователю увидеть обновления, оценить улучшение производительности и результат исправления ошибок."
                }
            ]
        },
        {
            "type": "h2",
            "text": "Пример пользовательского сценария​",
            "content": [
                {
                    "type": "paragraph",
                    "text": "Используйте RuStore In-app updates SDK для реализации различных способов обновлений. В настоящий момент поддерживаются: отложенное, тихое (без UI от RuStore) и принудительное обновление."
                }
            ]
        },
        {
            "type": "h2",
            "text": "Условия корректной работы SDK​",
            "content": [
                {
                    "type": "paragraph",
                    "text": "Для работы RuStore In-app updates SDK необходимо соблюдение следующих условий.\nОС Android версии 7.0 или выше.\nВерсия RuStore на устройстве пользователя актуальная.\nПользователь авторизован в RuStore.\nПриложению RuStore разрешена установка приложений."
                }
            ]
        },
        {
            "type": "h2",
            "text": "Подключение в проект​",
            "content": [
                {
                    "type": "paragraph",
                    "text": "Для подключения выполните следующие шаги.\nСкопируйте содержимое папкиPluginsиз официального репозитория RuStore наgitflic (https://gitflic.ru/project/rustore/rustore-unreal-engine-appupdate-example)в папкуPluginsвнутри своего проекта.\nПерезапустите Unreal Engine.\nВ списке плагинов (Edit > Plugins > Project > Mobile) отметьте плагиныRuStoreAppUpdateиRuStoreCore.\nПодключите модули модулиRuStoreCoreиRuStoreAppUpdateв файлеYourProject.Build.csв спискеPublicDependencyModuleNames.\nВ настройках проекта (Edit > Project Settings > Android) установите параметрMinimum SDK Versionна уровень не ниже24и параметрTarget SDK Versionне ниже31."
                }
            ]
        },
        {
            "type": "h2",
            "text": "Создание менеджера обновлений​",
            "content": [
                {
                    "type": "paragraph",
                    "text": "Перед вызовом методов библиотеки необходимо создать менеджер обновлений."
                }
            ]
        },
        {
            "type": "h3",
            "text": "Инициализация​",
            "content": [
                {
                    "type": "paragraph",
                    "text": "Перед вызовом методов библиотеки необходимо выполнить её инициализацию."
                }
            ]
        },
        {
            "type": "code",
            "text": "Вызов метода InitURuStoreAppUpdateManager::Instance()->Init();"
        },
        {
            "type": "admonition",
            "admonition_type": "info",
            "title": "к сведению",
            "content": [
                {
                    "type": "paragraph",
                    "text": "ВызовInitпривязывает объект к корню сцены, и если дальнейшая работа с объектом больше не планируется, для освобождения памяти необходимо выполнить методDispose. Вызов методаDisposeотвяжет объект от корня и безопасно завершит все отправленные запросы."
                }
            ]
        },
        {
            "type": "h3",
            "text": "Деинициализация​",
            "content": []
        },
        {
            "type": "code",
            "text": "Вызов метода DisposeURuStoreAppUpdateManager::Instance()->Dispose();"
        },
        {
            "type": "h3",
            "text": "Проверка инициализации​",
            "content": [
                {
                    "type": "paragraph",
                    "text": "Если вам нужно проверить факт инициализации библиотеки, используйте методGetIsInitialized. Метод возвращает значение типаbool:\ntrue— если библиотека инициализирована;\nfalse— еслиInitеще не был вызван."
                }
            ]
        },
        {
            "type": "code",
            "text": "bool bIsInitialized=URuStoreAppUpdateManager::Instance()->GetIsInitialized();"
        },
        {
            "type": "h2",
            "text": "Проверка наличия обновлений​",
            "content": [
                {
                    "type": "paragraph",
                    "text": "На устройстве пользователя установлена актуальная версия RuStore.\nПользователь и приложение не должны быть заблокированы в RuStore.\nПриложению RuStore разрешена установка приложений.\nПользователь авторизован в RuStore."
                }
            ]
        },
        {
            "type": "code",
            "text": "Вызов метода GetAppUpdateInfolong requestId=GetAppUpdateInfo([](long requestId,TSharedPtr<FURuStoreAppUpdateInfo,ESPMode::ThreadSafe>response){// Process response},[](long requestId,TSharedPtr<FURuStoreError,ESPMode::ThreadSafe>error){// Process error});"
        },
        {
            "type": "code",
            "text": "Структура FURuStoreAppUpdateInfoUSTRUCT(BlueprintType)structRUSTOREAPPUPDATE_APIFURuStoreAppUpdateInfo{GENERATED_USTRUCT_BODY()FURuStoreAppUpdateInfo(){updateAvailability=EURuStoreUpdateAvailability::UNKNOWN;installStatus=EURuStoreInstallStatus::UNKNOWN;availableVersionCode=0;}UPROPERTY(BlueprintReadOnly)EURuStoreUpdateAvailabilityupdateAvailability;UPROPERTY(BlueprintReadOnly)EURuStoreInstallStatusinstallStatus;UPROPERTY(BlueprintReadOnly)int64 availableVersionCode;};",
            "content": [
                {
                    "type": "paragraph",
                    "text": "updateAvailability— доступность обновления:UNKNOWN (uint8 =0)— по умолчанию;UPDATE_NOT_AVAILABLE (uint8 =1)— обновление не нужно;UPDATE_AVAILABLE (uint8 =2)— обновление требуется загрузить или обновление уже загружено на устройство пользователя;DEVELOPER_TRIGGERED_UPDATE_IN_PROGRESS (uint8 =3)— обновление уже скачивается или установка уже запущена.\ninstallStatus— статус установки обновления, если пользователь уже устанавливает обновление в текущий момент времени:UNKNOWN (uint8 =0)— по умолчанию;DOWNLOADED (uint8 =1)— скачано;DOWNLOADING (uint8 =2)— скачивается;FAILED (uint8 =3)— ошибка;PENDING (uint8 =5)— в ожидании.\navailableVersionCode— код версии обновления."
                }
            ]
        },
        {
            "type": "admonition",
            "admonition_type": "info",
            "title": "к сведению",
            "content": [
                {
                    "type": "paragraph",
                    "text": "Запуск скачивания обновления возможен только в том случае, если полеupdateAvailabilityсодержит значениеUPDATE_AVAILABLE.\n"
                }
            ]
        },
        {
            "type": "h2",
            "text": "Скачивание и установка обновлений​",
            "content": []
        },
        {
            "type": "h3",
            "text": "Использование слушателя​",
            "content": [
                {
                    "type": "paragraph",
                    "text": "После подтверждения доступности запуска процесса обновления вы можете получить статус скачивания обновления в событииOnStateUpdatedInstanceEventобъектаURuStoreAppUpdateManager."
                }
            ]
        },
        {
            "type": "code",
            "text": "Событие OnStateUpdatedInstanceEventDECLARE_DYNAMIC_MULTICAST_DELEGATE_TwoParams(FRuStoreOnStateUpdatedInstanceDelegate,int64,listenerId,FURuStoreInstallState,state);UPROPERTY(BlueprintAssignable,Category=\"RuStore AppUpdate Manager\")FRuStoreOnStateUpdatedInstanceDelegateOnStateUpdatedInstanceEvent;"
        },
        {
            "type": "code",
            "text": "Подписка на событие слушателяFScriptDelegateDelegate;Delegate.BindUFunction(YourUObjectPtr,FName(\"YourCallbackMethod\"));URuStoreAppUpdateManager::Instance()->OnStateUpdatedInstanceEvent.Add(Delegate);"
        },
        {
            "type": "code",
            "text": "Пример метода обработчика обратного вызоваUFUNCTION()voidYourCallbackMethod(int64 listenerId,FURuStoreInstallStatestate){// Process callback}"
        },
        {
            "type": "h3",
            "text": "Интерфейс слушателя​",
            "content": [
                {
                    "type": "paragraph",
                    "text": "КлассURuStoreAppUpdateManagerреализует стандартный слушатель. Вы можете создать собственный класс слушателя используя интерфейсIRuStoreInstallStateUpdateListenerInterface."
                }
            ]
        },
        {
            "type": "code",
            "text": "Интерфес IRuStoreInstallStateUpdateListenerInterfaceUINTERFACE(Blueprintable)classRUSTOREAPPUPDATE_APIURuStoreInstallStateUpdateListenerInterface:publicUInterface{GENERATED_BODY()};classIRuStoreInstallStateUpdateListenerInterface{GENERATED_BODY()public:UFUNCTION(BlueprintCallable,BlueprintNativeEvent,Category=\"RuStore InstallStateUpdate Listener Interface\")voidOnStateUpdated(int64 listenerId,FURuStoreInstallState&state);};"
        },
        {
            "type": "admonition",
            "admonition_type": "caution",
            "title": "предупреждение",
            "content": [
                {
                    "type": "paragraph",
                    "text": "Для стандартного слушателяURuStoreAppUpdateManagerвызовRegisterListenerне требуется."
                }
            ]
        },
        {
            "type": "code",
            "text": "Вызов метода RegisterListenerint64 listenerId=URuStoreAppUpdateManager::Instance()->RegisterListener(YourListenerPtr);"
        },
        {
            "type": "h3",
            "text": "Проверка статуса скачивания обновления​",
            "content": [
                {
                    "type": "paragraph",
                    "text": "СтруктураFURuStoreInstallStateописывает текущий статус скачивания."
                }
            ]
        },
        {
            "type": "code",
            "text": "Структура FURuStoreInstallStateUSTRUCT(BlueprintType)structRUSTOREAPPUPDATE_APIFURuStoreInstallState{GENERATED_USTRUCT_BODY()FURuStoreInstallState(){bytesDownloaded=0;totalBytesToDownload=0;percentDownloaded=0;installStatus=EURuStoreInstallStatus::UNKNOWN;installErrorCode=EURuStoreInstallErrorCode::ERROR_UNKNOWN;}UPROPERTY(BlueprintReadWrite)int64 bytesDownloaded;UPROPERTY(BlueprintReadWrite)int64 totalBytesToDownload;UPROPERTY(BlueprintReadWrite)float percentDownloaded;UPROPERTY(BlueprintReadWrite)EURuStoreInstallStatusinstallStatus;UPROPERTY(BlueprintReadWrite)EURuStoreInstallErrorCodeinstallErrorCode;};",
            "content": [
                {
                    "type": "paragraph",
                    "text": "bytesDownloaded— количество загруженных байт;\ntotalBytesToDownload— общее количество байт, которое необходимо загрузить;\npercentDownloaded— процент прогресса загрузки обновления;\ninstallStatus— статус установки обновления, если пользователь уже устанавливает обновление в текущий момент времени:UNKNOWN (int == 0)— статус по умолчанию.DOWNLOADED (int == 1)— загружено.DOWNLOADING (int == 2)— загружается.FAILED (int == 3)— ошибка.PENDING (int == 5)— в ожидании.\ninstallErrorCode— код ошибки во время скачивания. Коды ошибок описаны в разделеОбработка ошибок (https://rustore.ru/help#%D0%BE%D0%B1%D1%80%D0%B0%D0%B1%D0%BE%D1%82%D0%BA%D0%B0-%D0%BE%D1%88%D0%B8%D0%B1%D0%BE%D0%BA)."
                }
            ]
        },
        {
            "type": "h3",
            "text": "Удаление слушателя​",
            "content": [
                {
                    "type": "paragraph",
                    "text": "Если необходимости в слушателе больше нет, воспользуйтесь методом удаления слушателяUnregisterListener, передав в метод ранее зарегистрированный слушатель.UnregisterListenerдолжен быть вызван для всех слушателей до завершения работы приложения."
                }
            ]
        },
        {
            "type": "admonition",
            "admonition_type": "caution",
            "title": "предупреждение",
            "content": [
                {
                    "type": "paragraph",
                    "text": "Для стандартного слушателяURuStoreAppUpdateManagerвызовUnregisterListenerпри завершении работы приложения не требуется."
                }
            ]
        },
        {
            "type": "code",
            "text": "Вызов метода UnregisterListenerbool bIsDone=URuStoreAppUpdateManager::Instance()->UnregisterListener(YourListenerPtr);"
        },
        {
            "type": "code",
            "text": "Вызов метода UnregisterListenerauto instance=URuStoreAppUpdateManager::Instance();bool bIsDone=instance->UnregisterListener(instance);"
        },
        {
            "type": "h2",
            "text": "Запуск скачивания обновления​",
            "content": []
        },
        {
            "type": "h3",
            "text": "Отложенное обновление​",
            "content": [
                {
                    "type": "paragraph",
                    "text": "Описание сценария отложенного обновления\nОбновление с UI от RuStore\nПользователю будет показан диалог с UI от RuStore для подтверждения обновления.\nПри нажатии на кнопку «Обновить» покажется диалоговое окно для подтверждения установки обновления."
                }
            ]
        },
        {
            "type": "admonition",
            "admonition_type": "info",
            "title": "к сведению",
            "content": [
                {
                    "type": "paragraph",
                    "text": "ОбъектFURuStoreAppUpdateInfoпосле однократного использования становится невалидным. Для повторного вызова методаStartUpdateFlowзапроситеFURuStoreAppUpdateInfoснова, используя методGetAppUpdateInfo.\nСм. разделПроверка наличия обновлений (https://rustore.ru/help#%D0%BF%D1%80%D0%BE%D0%B2%D0%B5%D1%80%D0%BA%D0%B0-%D0%BD%D0%B0%D0%BB%D0%B8%D1%87%D0%B8%D1%8F-%D0%BE%D0%B1%D0%BD%D0%BE%D0%B2%D0%BB%D0%B5%D0%BD%D0%B8%D0%B9).\n"
                }
            ]
        },
        {
            "type": "code",
            "text": "Вызов метода StartUpdateFlowEURuStoreAppUpdateOptions appUpdateOptions=EURuStoreAppUpdateOptions::DELAYED;longrequestId=StartUpdateFlow(appUpdateOptions,[](longrequestId,EURuStoreUpdateFlowResult response){// Process response},[](longrequestId,TSharedPtr<FURuStoreError,ESPMode::ThreadSafe>error){// Process error});",
            "content": [
                {
                    "type": "paragraph",
                    "text": "appUpdateOptions— тип процедуры обновления:DELAYED—отложенное обновление (https://rustore.ru/help#%D0%BE%D1%82%D0%BB%D0%BE%D0%B6%D0%B5%D0%BD%D0%BD%D0%BE%D0%B5-%D0%BE%D0%B1%D0%BD%D0%BE%D0%B2%D0%BB%D0%B5%D0%BD%D0%B8%D0%B5). Пользователю будет показан диалог с UI от RuStore для подтверждения скачивания обновления.SILENT—тихое обновление (https://rustore.ru/help#%D1%82%D0%B8%D1%85%D0%BE%D0%B5-%D0%BE%D0%B1%D0%BD%D0%BE%D0%B2%D0%BB%D0%B5%D0%BD%D0%B8%D0%B5). Обновление будет скачано в фоне.IMMEDIATE—принудительное обновление (https://rustore.ru/help#%D0%BF%D1%80%D0%B8%D0%BD%D1%83%D0%B4%D0%B8%D1%82%D0%B5%D0%BB%D1%8C%D0%BD%D0%BE%D0%B5-%D0%BE%D0%B1%D0%BD%D0%BE%D0%B2%D0%BB%D0%B5%D0%BD%D0%B8%D0%B5). Использование приложения будет заблокировано до тех пор, пока обновление не будет установлено.\nEURuStoreUpdateFlowResult::RESULT_OK— пользователь подтвердил скачивание обновления.\nEURuStoreUpdateFlowResult::RESULT_CANCELED— пользователь отказался от скачивания обновления."
                }
            ]
        },
        {
            "type": "h3",
            "text": "Принудительное обновление​",
            "content": [
                {
                    "type": "paragraph",
                    "text": "Описание сценария принудительного обновления\nОбновление с UI от RuStore\nПользователю будет показан полноэкранный диалог с UI от RuStore для подтверждения обновления. Использование приложения будет заблокировано до тех пор, пока обновление не будет установлено.\nПри нажатии на кнопку «Обновить» отобразится диалоговое окно для подтверждения установки обновления.\nДалее при нажатии на кнопку «Установить» появится полноэкранный диалог об установке новой версии приложения.\nПосле завершения установки приложение перезапустится."
                }
            ]
        },
        {
            "type": "admonition",
            "admonition_type": "caution",
            "title": "предупреждение",
            "content": [
                {
                    "type": "paragraph",
                    "text": "Приложение будет перезапущено, если версия Rustore больше, либо равна 1.37. Если версия Rustore ниже, то приложение закроется для установки обновления и не будет открыто заново, когда закончится обновление.\nЗапуск сценария обновления\nПосле полученияFURuStoreAppUpdateInfoвы можете проверить доступность принудительного обновления.\n"
                }
            ]
        },
        {
            "type": "code",
            "text": "Вызов метода CheckIsImmediateUpdateAllowedbool bIsAvailable=URuStoreAppUpdateManager::Instance()->CheckIsImmediateUpdateAllowed();"
        },
        {
            "type": "admonition",
            "admonition_type": "info",
            "title": "к сведению",
            "content": [
                {
                    "type": "paragraph",
                    "text": "ОбъектFURuStoreAppUpdateInfoпосле однократного использования становится невалидным. Для повторного вызова методаStartUpdateFlowзапроситеFURuStoreAppUpdateInfoснова, используя методGetAppUpdateInfo.\nСм. разделПроверка наличия обновлений (https://rustore.ru/help#%D0%BF%D1%80%D0%BE%D0%B2%D0%B5%D1%80%D0%BA%D0%B0-%D0%BD%D0%B0%D0%BB%D0%B8%D1%87%D0%B8%D1%8F-%D0%BE%D0%B1%D0%BD%D0%BE%D0%B2%D0%BB%D0%B5%D0%BD%D0%B8%D0%B9).\n"
                }
            ]
        },
        {
            "type": "code",
            "text": "Вызов метода StartUpdateFlowEURuStoreAppUpdateOptions appUpdateOptions=EURuStoreAppUpdateOptions::IMMEDIATE;longrequestId=StartUpdateFlow(appUpdateOptions,[](longrequestId,EURuStoreUpdateFlowResult response){// Process response},[](longrequestId,TSharedPtr<FURuStoreError,ESPMode::ThreadSafe>error){// Process error});",
            "content": [
                {
                    "type": "paragraph",
                    "text": "appUpdateOptions— тип процедуры обновления:DELAYED—отложенное обновление (https://rustore.ru/help#%D0%BE%D1%82%D0%BB%D0%BE%D0%B6%D0%B5%D0%BD%D0%BD%D0%BE%D0%B5-%D0%BE%D0%B1%D0%BD%D0%BE%D0%B2%D0%BB%D0%B5%D0%BD%D0%B8%D0%B5). Пользователю будет показан диалог с UI от RuStore для подтверждения скачивания обновления.SILENT—тихое обновление (https://rustore.ru/help#%D1%82%D0%B8%D1%85%D0%BE%D0%B5-%D0%BE%D0%B1%D0%BD%D0%BE%D0%B2%D0%BB%D0%B5%D0%BD%D0%B8%D0%B5). Обновление будет скачано в фоне.IMMEDIATE—принудительное обновление (https://rustore.ru/help#%D0%BF%D1%80%D0%B8%D0%BD%D1%83%D0%B4%D0%B8%D1%82%D0%B5%D0%BB%D1%8C%D0%BD%D0%BE%D0%B5-%D0%BE%D0%B1%D0%BD%D0%BE%D0%B2%D0%BB%D0%B5%D0%BD%D0%B8%D0%B5). Использование приложения будет заблокировано до тех пор, пока обновление не будет установлено.\nEURuStoreUpdateFlowResult::RESULT_OK— обновление выполнено, код может не быть получен, т. к. приложение в момент обновления завершается.\nEURuStoreUpdateFlowResult::RESULT_CANCELED— флоу прервано пользователем, или произошла ошибка. Предполагается, что при получении этого кода следует завершить работу приложения.\nEURuStoreUpdateFlowResult::ACTIVITY_NOT_FOUND— RuStore не установлен, либо установлена версия, которая не поддерживает принудительное обновление (RuStore versionCode<191)."
                }
            ]
        },
        {
            "type": "h3",
            "text": "Тихое обновление​",
            "content": [
                {
                    "type": "paragraph",
                    "text": "Описание сценария тихого обновления\nОбновление без UI от RuStore\nПользователю будет показано диалоговое окно для подтверждения установки обновления (обновление будет скачано в фоне).\nЗапуск сценария обновления\nДля запуска скачивания обновления приложения используйте методStartUpdateFlow."
                }
            ]
        },
        {
            "type": "admonition",
            "admonition_type": "info",
            "title": "к сведению",
            "content": [
                {
                    "type": "paragraph",
                    "text": "ОбъектFURuStoreAppUpdateInfoпосле однократного использования становится невалидным. Для повторного вызова методаStartUpdateFlowзапроситеFURuStoreAppUpdateInfoснова, используя методGetAppUpdateInfo.\nСм. разделПроверка наличия обновлений (https://rustore.ru/help#%D0%BF%D1%80%D0%BE%D0%B2%D0%B5%D1%80%D0%BA%D0%B0-%D0%BD%D0%B0%D0%BB%D0%B8%D1%87%D0%B8%D1%8F-%D0%BE%D0%B1%D0%BD%D0%BE%D0%B2%D0%BB%D0%B5%D0%BD%D0%B8%D0%B9).\n"
                }
            ]
        },
        {
            "type": "code",
            "text": "Вызов метода StartUpdateFlowEURuStoreAppUpdateOptions appUpdateOptions=EURuStoreAppUpdateOptions::SILENT;longrequestId=StartUpdateFlow(appUpdateOptions,[](longrequestId,EURuStoreUpdateFlowResult response){// Process response},[](longrequestId,TSharedPtr<FURuStoreError,ESPMode::ThreadSafe>error){// Process error});",
            "content": [
                {
                    "type": "paragraph",
                    "text": "appUpdateOptions— тип процедуры обновления:DELAYED—отложенное обновление (https://rustore.ru/help#%D0%BE%D1%82%D0%BB%D0%BE%D0%B6%D0%B5%D0%BD%D0%BD%D0%BE%D0%B5-%D0%BE%D0%B1%D0%BD%D0%BE%D0%B2%D0%BB%D0%B5%D0%BD%D0%B8%D0%B5). Пользователю будет показан диалог с UI от RuStore для подтверждения скачивания обновления.SILENT—тихое обновление (https://rustore.ru/help#%D1%82%D0%B8%D1%85%D0%BE%D0%B5-%D0%BE%D0%B1%D0%BD%D0%BE%D0%B2%D0%BB%D0%B5%D0%BD%D0%B8%D0%B5). Обновление будет скачано в фоне.IMMEDIATE—принудительное обновление (https://rustore.ru/help#%D0%BF%D1%80%D0%B8%D0%BD%D1%83%D0%B4%D0%B8%D1%82%D0%B5%D0%BB%D1%8C%D0%BD%D0%BE%D0%B5-%D0%BE%D0%B1%D0%BD%D0%BE%D0%B2%D0%BB%D0%B5%D0%BD%D0%B8%D0%B5). Использование приложения будет заблокировано до тех пор, пока обновление не будет установлено.\nEURuStoreUpdateFlowResult::RESULT_OK— задача на скачивание обновления зарегистрирована."
                }
            ]
        },
        {
            "type": "admonition",
            "admonition_type": "unknown",
            "title": "подсказка",
            "content": [
                {
                    "type": "paragraph",
                    "text": "Для тихого обновления рекомендуется реализовать свой интерфейс."
                }
            ]
        },
        {
            "type": "h2",
            "text": "Установка обновления​",
            "content": [
                {
                    "type": "paragraph",
                    "text": "Для запуска установки обновления используйте методCompleteUpdate. Обновление происходит через нативный инструмент Android."
                }
            ]
        },
        {
            "type": "admonition",
            "admonition_type": "unknown",
            "title": "подсказка",
            "content": [
                {
                    "type": "paragraph",
                    "text": "Рекомендуется уведомить пользователя о готовности обновления к установке."
                }
            ]
        },
        {
            "type": "h3",
            "text": "Гибкое завершение обновления​",
            "content": [
                {
                    "type": "paragraph",
                    "text": "Обновление с UI от RuStore:\nПользователю будет показан UI-диалог завершения обновления.\nВ случае успешного обновления приложение будет перезапущено."
                }
            ]
        },
        {
            "type": "code",
            "text": "Вызов метода CompleteUpdateEURuStoreAppUpdateOptions appUpdateOptions=EURuStoreAppUpdateOptions::FLEXIBLE;requestId=CompleteUpdate(appUpdateOptions,[](longrequestId,TSharedPtr<FURuStoreError,ESPMode::ThreadSafe>error){// Process error});",
            "content": [
                {
                    "type": "paragraph",
                    "text": "FLEXIBLE— обновление и перезапуск приложения."
                }
            ]
        },
        {
            "type": "h3",
            "text": "Тихое завершение обновления​",
            "content": [
                {
                    "type": "paragraph",
                    "text": "Обновление без UI от RuStore:\nUI-диалог завершения обновления не будет показан.\nВ случае успешного обновления приложение будет закрыто."
                }
            ]
        },
        {
            "type": "code",
            "text": "Вызов метода CompleteUpdateEURuStoreAppUpdateOptions appUpdateOptions=EURuStoreAppUpdateOptions::SILENT;requestId=CompleteUpdate(appUpdateOptions,[](longrequestId,TSharedPtr<FURuStoreError,ESPMode::ThreadSafe>error){// Process error});",
            "content": [
                {
                    "type": "paragraph",
                    "text": "SILENT— обновление и закрытие приложения."
                }
            ]
        },
        {
            "type": "h2",
            "text": "Обработка ошибок​",
            "content": []
        },
        {
            "type": "admonition",
            "admonition_type": "unknown",
            "title": "подсказка",
            "content": [
                {
                    "type": "paragraph",
                    "text": "Если вы получили в ответonFailure, не рекомендуется самостоятельно отображать ошибку пользователю. Отображение ошибки может негативно повлиять на пользовательский опыт."
                }
            ]
        },
        {
            "type": "code",
            "text": "Структура FURuStoreErrorUSTRUCT(BlueprintType)structRUSTORECORE_APIFURuStoreError{GENERATED_USTRUCT_BODY()FURuStoreError(){name=\"\";description=\"\";}UPROPERTY(BlueprintReadOnly)FStringname;UPROPERTY(BlueprintReadOnly)FStringdescription;};",
            "content": [
                {
                    "type": "paragraph",
                    "text": "name—simpleNameкласса ошибки.\ndescription— описание ошибки."
                }
            ]
        },
        {
            "type": "h3",
            "text": "Возможные ошибки​",
            "content": [
                {
                    "type": "paragraph",
                    "text": "RuStoreNotInstalledException— на устройстве пользователя не установлен RuStore;\nRuStoreOutdatedException— версия RuStore, установленная на устройстве пользователя, не поддерживает платежи;\nRuStoreUserUnauthorizedException— пользователь не авторизован в RuStore;\nRuStoreException— базовая ошибка RuStore, от которой наследуются остальные ошибки;\nRuStoreInstallException(public val code: Int)— ошибка скачивания и установки.ERROR_UNKNOWN(Int = 4001)— неизвестная ошибка.ERROR_DOWNLOAD(Int = 4002)— ошибка при скачивании.ERROR_BLOCKED(Int = 4003)— установка заблокированна системой.ERROR_INVALID_APK(Int = 4004)— некорректный APK обновления.ERROR_CONFLICT(Int = 4005)— конфликт с текущей версией приложения.ERROR_STORAGE(Int = 4006)— недостаточно памяти на устройстве.ERROR_INCOMPATIBLE(Int = 4007)— несовместимо с устройством.ERROR_APP_NOT_OWNED(Int = 4008)— приложение не куплено.ERROR_INTERNAL_ERROR(Int = 4009)— внутренняя ошибка.ERROR_ABORTED(Int = 4010)— пользователь отказался от установки обновления.ERROR_APK_NOT_FOUND(Int = 4011)— APK для запуска установки не найден.ERROR_EXTERNAL_SOURCE_DENIED(Int = 4012)— запуск обновления запрещён. Например, в первом методе вернулся ответ о том, что обновление недоступно, но пользователь вызывает второй метод.ERROR_ACTIVITY_SEND_INTENT(Int = 9901)— ошибка отправки intent на открытие активити.ERROR_ACTIVITY_UNKNOWN(Int = 9902)— неизвестная ошибка отрытия активити."
                }
            ]
        }
    ]
}