{
    "meta": {
        "language": "ru",
        "parse_date": "2024-07-06T20:12:21.068562",
        "current_url": "https://www.rustore.ru/help/developers/tools/remote-config/sdk/godot/1-0-0/",
        "doc_section": "developers",
        "h1_text": "SDK Remote Config для Godot Engine (версия 1.0.0)"
    },
    "content": [
        {
            "type": "h1",
            "text": "SDK Remote Config для Godot Engine (версия 1.0.0)",
            "content": [
                {
                    "type": "paragraph",
                    "text": "SDK Remote Config – это облачный сервис, который позволяет изменять поведение и внешний вид вашего приложения, не требуя от пользователей загрузки обновления приложения.\nПлагин инкапсулирует в себе запрос конфигурации с сервера, кэширование, фоновое обновление.\nИмеет удобное API для получения данных."
                }
            ]
        },
        {
            "type": "h2",
            "text": "Пример реализации​",
            "content": [
                {
                    "type": "paragraph",
                    "text": "Ознакомьтесь сприложением-примером, чтобы узнать, как правильно интегрировать SDK Remote Config."
                }
            ]
        },
        {
            "type": "h2",
            "text": "Ключевые особенности​",
            "content": [
                {
                    "type": "paragraph",
                    "text": "Выбор наиболее удобногомеханизма обновления конфигурации (https://rustore.ru/help#updatebehaviour).\nВозможность указывать процент распространения конфигурации на аудиторию.\nВозможность передаватьдополнительную информацию (https://rustore.ru/help#optional-params)для построения воронки конкретной конфигурации.\nФормировать конфигурацию можно даже для конкретных пользователей.\nНабор callback (https://rustore.ru/help#callbacks), который можно использовать для аналитики.\nМинимальное количество внешних зависимостей."
                }
            ]
        },
        {
            "type": "h2",
            "text": "Подключение в проект​",
            "content": []
        },
        {
            "type": "admonition",
            "admonition_type": "caution",
            "title": "предупреждение",
            "content": [
                {
                    "type": "paragraph",
                    "text": "Библиотеки плагинов в репозитории собраны для Godot Engine 4.2.1. Если вы используете другую версию Godot Engine, выполните шаги разделаПересборка плагина (https://gitflic.ru/project/rustore/rustore-godot-remoteconfig-example/blob/?file=README.md&branch=master&mode=markdown).\nСкопируйте проекты плагина и приложения-примера из официального репозитория RuStore наGitFlic (https://gitflic.ru/project/rustore/rustore-godot-remoteconfig-example).\nСкопируйте содержимое каталогаgodot_example / android / pluginsв каталогyour_project / android / plugins.\nВ пресете сборки Android в списке «Плагины» отметьтеRu Store Godot Remote ConfigиRu Store Godot Core."
                }
            ]
        },
        {
            "type": "h2",
            "text": "Инициализация​",
            "content": []
        },
        {
            "type": "h3",
            "text": "Создание RemoteConfigClient​",
            "content": [
                {
                    "type": "paragraph",
                    "text": "Для инициализацииRemoteConfigClientвыполните расширение классаApplicationи добавьте в методonCreateследующий код:\n"
                }
            ]
        },
        {
            "type": "code",
            "text": "importru.rustore.godot.remoteconfig.model.GodotUpdateBehaviour;importru.rustore.godot.remoteconfig.RuStoreGodotRemoteConfigBuilder;publicclassGodotRemoteConfigApplicationextendsApplication{publicfinalStringAPP_ID=\"a83c91d3-21b4-4891-841e-0ed0fc39a562\";publicfinal intUPDATE_TIME=15;publicfinalGodotUpdateBehaviourUPDATE_BEHAVIOUR=GodotUpdateBehaviour.Actual;@OverridepublicvoidonCreate(){super.onCreate();RuStoreGodotRemoteConfigBuilder.INSTANCE.init(APP_ID,UPDATE_BEHAVIOUR,UPDATE_TIME,null,null,getApplicationContext());}}",
            "content": [
                {
                    "type": "paragraph",
                    "text": "APP_ID— уникальный идентификатор инструмента remote config. Доступен в консоли разработчика RuStore на странице создания параметров remote config;\nUPDATE_TIME— интервал таймера обновления в минутах;\nUPDATE_BEHAVIOUR— параметр, определяющий поведение SDK. См. также Различия в значениях UpdateBehaviour."
                }
            ]
        },
        {
            "type": "code",
            "text": "AndroidManifest.xml<applicationandroid:name=\"com.godot.game.GodotRemoteConfigApplication\">"
        },
        {
            "type": "h3",
            "text": "UpdateBehaviour​",
            "content": [
                {
                    "type": "paragraph",
                    "text": "UpdateBehaviour— это параметр, определяющий поведение SDK.\nПри создании экземпляраRemoteConfigClientBuilder, по умолчанию используется значениеUpdateBehaviour.Defaultс интервалом синхронизации 15 минут.\nРазличия в значенияхUpdateBehaviour"
                }
            ]
        },
        {
            "type": "table",
            "headers": [
                "UpdateBehaviour",
                "Описание"
            ],
            "rows": [
                [
                    {
                        "text": "Actual",
                        "links": []
                    },
                    {
                        "text": "При инициализации каждый запрос конфигурации выполняется через запрос к серверу. Значение Actual гарантирует получение самой актуальной конфигурации, но скорость выполнения запроса зависит от скорости сети. Этот тип инициализации отменяет процесс фонового обновления.",
                        "links": [
                            {
                                "text": "запрос конфигурации",
                                "url": "https://rustore.ru/help#getconfig"
                            }
                        ]
                    }
                ],
                [
                    {
                        "text": "Default",
                        "links": []
                    },
                    {
                        "text": "При инициализации запрос конфигурации выполняется из локального постоянного хранилища, которое обновляется в указанный интервал. Если инициализация выполняется первый раз и локальное постоянное хранилище пустое, запрос отправляется на сервер.\nСкорость выполнения запроса зависит от объема данных и скорости сети.\nДоступ к конфигурации будет ожидать завершения инициализации. Значение Default не гарантирует, что в рамках жизни процесса запрос конфигурации будет отдавать одинаковый результат, так как синхронизация данных может выполниться в фоне. Этот тип инициализации запускает процесс фонового обновления.",
                        "links": []
                    }
                ],
                [
                    {
                        "text": "Snapshot",
                        "links": []
                    },
                    {
                        "text": "При инициализации запрос конфигурации выполняется из локального inMemory-хранилища.\ninMemory-хранилище заполняется результатом первого запроса из постоянного хранилища и сохраняется в таком виде до конца жизни процесса. Если инициализация выполняется первый раз и локальное постоянное хранилище пустое, запрос отправляется на сервер.\nСкорость выполнения запроса зависит от объема данных и скорости сети.\nДоступ к конфигурации будет ожидать завершения инициализации. Значение Snapshot гарантирует, что в рамках жизни процесса запросы конфигурации будут отдавать одинаковый результат. Этот тип инициализации запускает процесс фонового обновления.",
                        "links": []
                    }
                ]
            ]
        },
        {
            "type": "h3",
            "text": "Опциональные параметры инициализации​",
            "content": [
                {
                    "type": "paragraph",
                    "text": "Установить опциональные параметры инициализации можно через интерфейсRemoteConfigParameters."
                }
            ]
        },
        {
            "type": "code",
            "text": "Интерфейс RemoteConfigParameterspackageru.rustore.godot.remoteconfig.model;publicinterfaceRemoteConfigParameters{StringgetAppBuild();StringgetAppVersion();StringgetDeviceId();StringgetDeviceModel();StringgetEnvironment();StringgetOsVersion();}"
        },
        {
            "type": "code",
            "text": "Инициализация с опциональными параметрамиimportru.rustore.godot.remoteconfig.model.GodotUpdateBehaviour;importru.rustore.godot.remoteconfig.RuStoreGodotRemoteConfigBuilder;publicfinalStringAPP_ID=\"a83c91d3-21b4-4891-841e-0ed0fc39a562\";publicfinalintUPDATE_TIME=15;publicfinalGodotUpdateBehaviourUPDATE_BEHAVIOUR=GodotUpdateBehaviour.Actual;publicfinalStringACCOUNT=\"MyAccount\";publicfinalStringLANGUAGE=\"ru\";RemoteConfigClientParametersImplparameters;/* Ваша инициализация parameters */RuStoreUnityRemoteConfigClient.INSTANCE.setAccount(ACCOUNT);RuStoreUnityRemoteConfigClient.INSTANCE.setLanguage(LANGUAGE);RuStoreGodotRemoteConfigBuilder.INSTANCE.init(APP_ID,UPDATE_TIME,UPDATE_BEHAVIOUR,parameters,null,getApplicationContext());"
        },
        {
            "type": "code",
            "text": "Вызов методов getАccount и getLanguageStringaccount=RuStoreUnityRemoteConfigClient.INSTANCE.setAccount();Stringlanguage=RuStoreUnityRemoteConfigClient.INSTANCE.setLanguage();"
        },
        {
            "type": "table",
            "headers": [
                "Параметр",
                "Описание"
            ],
            "rows": [
                [
                    {
                        "text": "OsVersion",
                        "links": []
                    },
                    {
                        "text": "Условие в конфигураторе: Os Version Позволят сравнивать OsVersion со значением, установленным в интерфейсе. По умолчанию OsVersion не передается, в этом случае возвращается конфиг по умолчанию.",
                        "links": []
                    }
                ],
                [
                    {
                        "text": "DeviceModel",
                        "links": []
                    },
                    {
                        "text": "Условие в конфигураторе: Device Model Позволят сравнивать DeviceModel со значением, установленным в интерфейсе. По умолчанию DeviceModel не передается, у этом случае возвращается конфиг по умолчанию.",
                        "links": []
                    }
                ],
                [
                    {
                        "text": "Language",
                        "links": []
                    },
                    {
                        "text": "Условие в конфигураторе: Language Позволят сравнивать Language со значением, установленным в интерфейсе. По умолчанию Language не передается, у этом случае возвращается конфиг по умолчанию. Для передачи Language необходимо реализовать ConfigRequestParameterProvider .",
                        "links": []
                    }
                ],
                [
                    {
                        "text": "Account",
                        "links": []
                    },
                    {
                        "text": "Условие в конфигураторе: Account Позволят сравнивать account со значением, установленным в интерфейсе. Условие в конфигураторе: Account Percentile Позволят раздавать конфиг по значению account на определенный процент. Условие в конфигураторе: Interval Account Percentile Позволят раздавать конфиг по значению account на определенный процент и в определенный день. Для передачи Account необходимо реализовать ConfigRequestParameterProvider .",
                        "links": []
                    }
                ],
                [
                    {
                        "text": "DeviceId",
                        "links": []
                    },
                    {
                        "text": "Условие в конфигураторе: DeviceID Позволят сравнивать DeviceId со значением, установленным в интерфейсе. Условие в конфигураторе: DeviceID Percentile Позволят раздавать конфиг по значению DeviceId на определенный процент. Условие в конфигураторе: Interval DeviceID Percentile Позволят раздавать конфиг по значению DeviceId на определенный процент и в определенный день.",
                        "links": []
                    }
                ],
                [
                    {
                        "text": "AppVersion",
                        "links": []
                    },
                    {
                        "text": "Условие в конфигураторе: App Version Позволят сравнивать AppVersion со значением, установленным в интерфейсе.",
                        "links": []
                    }
                ],
                [
                    {
                        "text": "Environment",
                        "links": []
                    },
                    {
                        "text": "Условие в конфигураторе: App Environment Позволят сравнивать Environment со значением, установленным в интерфейсе Environment может принимать значения: Alpha , Beta , Release . Этот параметр удобно использовать для тестирования конфигурации на различных сборках приложения.",
                        "links": []
                    }
                ],
                [
                    {
                        "text": "AppBuild",
                        "links": []
                    },
                    {
                        "text": "Условие в конфигураторе: App Build Позволят сравнивать AppBuild со значением, установленным в интерфейсе.",
                        "links": []
                    }
                ]
            ]
        },
        {
            "type": "h2",
            "text": "Инициализация в GDScript​",
            "content": [
                {
                    "type": "paragraph",
                    "text": "Перед вызовом методов библиотеки необходимо создать объект клиентаRuStoreGodotRemoteConfigClient."
                }
            ]
        },
        {
            "type": "code",
            "text": "Создание клиентаvar_remoteConfig_client:RuStoreGodotRemoteConfigClient=nullfunc_ready():_remoteConfig_client=RuStoreGodotRemoteConfigClient.get_instance()"
        },
        {
            "type": "h2",
            "text": "Динамически передаваемые параметры​",
            "content": [
                {
                    "type": "paragraph",
                    "text": "Для динамической передачи доступны параметрыAccountиLanguageс помощью методовset_accountиset_languageсоответственно:"
                }
            ]
        },
        {
            "type": "code",
            "text": "_remoteConfig_client.setAccount(\"Auff\")_remoteConfig_client.setLanguage(\"ru\")"
        },
        {
            "type": "code",
            "text": "varaccount:String=_remoteConfig_client.get_account()varlanguage:String=_remoteConfig_client.>get_language()"
        },
        {
            "type": "h2",
            "text": "Обратные вызовы о работе SDK​",
            "content": [
                {
                    "type": "paragraph",
                    "text": "Подписка на следующие события дает возможность получать обратные вызовы о работе SDK, такие как завершение инициализации и обновление постоянного хранилища.\nrustore_background_job_errors– возвращает ошибку фоновой работы.\nrustore_first_load_complete– вызывается при окончании первой загрузки.\nrustore_init_complete– вызывается при окончании инициализации.\nrustore_memory_cache_updated– вызывается при изменении кэша в памяти.\nrustore_persistent_storage_updated– вызывается при изменении постоянного хранилища.\nrustore_remote_config_network_request_failure– вызывается при ошибке сетевого запроса Remote Config."
                }
            ]
        },
        {
            "type": "code",
            "text": "Подписка на событияfunc_ready():# Инициализация _remoteConfig_client_remoteConfig_client.on_rustore_background_job_errors.connect(_on_rustore_background_job_errors)_remoteConfig_client.on_rustore_first_load_complete.connect(_on_rustore_first_load_complete)_remoteConfig_client.on_rustore_init_complete.connect(_on_rustore_init_complete)_remoteConfig_client.on_rustore_memory_cache_updated.connect(_on_rustore_memory_cache_updated)_remoteConfig_client.on_rustore_persistent_storage_updated.connect(_on_rustore_persistent_storage_updated)_remoteConfig_client.on_rustore_remote_config_network_request_failure.connect(_on_rustore_remote_config_network_request_failure)func_on_rustore_background_job_errors(error:RuStoreError):passfunc_on_rustore_first_load_complete():passfunc_on_rustore_init_complete():passfunc_on_rustore_memory_cache_updated():passfunc_on_rustore_persistent_storage_updated():passfunc_on_rustore_remote_config_network_request_failure(error:RuStoreError):pass"
        },
        {
            "type": "h2",
            "text": "Получение конфигурации​",
            "content": [
                {
                    "type": "paragraph",
                    "text": "Получение конфигурации происходит через вызов методаget_remote_config.Перед вызовом метода необходимо единожды выполнить подписку на события:\non_get_remote_config_success;\non_get_remote_config_success."
                }
            ]
        },
        {
            "type": "code",
            "text": "Подписка на событияfunc_ready():# Инициализация _remoteConfig_client_remoteConfig_client.on_get_remote_config_success.connect(_on_get_remote_config_success)_remoteConfig_client.on_get_remote_config_failure.connect(_on_get_remote_config_failure)func_on_get_remote_config_success(data:Dictionary):passfunc_on_get_remote_config_failure(error:RuStoreError):pass"
        },
        {
            "type": "code",
            "text": "Вызов метода get_remote_config_remoteConfig_client.get_remote_config()"
        },
        {
            "type": "h2",
            "text": "Возможные ошибки​",
            "content": [
                {
                    "type": "paragraph",
                    "text": "Если вы получили в ответ на вызов любого метода событие*_failure, не рекомендуется отображать ошибку пользователю. Отображение ошибки может негативно повлиять на пользовательский опыт."
                }
            ]
        },
        {
            "type": "code",
            "text": "Класс RuStoreErrorclass_nameRuStoreErrorextendsObjectvardescription:Stringfunc_init(json:String=\"\"):ifjson==\"\":description=\"\"else:varobj=JSON.parse_string(json)description=obj[\"detailMessage\"]",
            "content": [
                {
                    "type": "paragraph",
                    "text": "description— сообщение ошибки."
                }
            ]
        },
        {
            "type": "table",
            "headers": [
                "Ошибка",
                "Описание"
            ],
            "rows": [
                [
                    {
                        "text": "BackgroundConfigUpdateError",
                        "links": []
                    },
                    {
                        "text": "Появляется при ошибке в работе фоновой синхронизации.",
                        "links": []
                    }
                ],
                [
                    {
                        "text": "FailedToReceiveRemoteConfig",
                        "links": []
                    },
                    {
                        "text": "Появляется в случае ошибки при вызове метода получения конфигурации.",
                        "links": []
                    }
                ],
                [
                    {
                        "text": "RemoteConfigCastException",
                        "links": []
                    },
                    {
                        "text": "Появляется в случае некорректного получения данных по ключу из класса RemoteConfig . Ошибка может быть связана с невозможностью приведения к типу, либо значение по передаваемому ключу отсутствует.",
                        "links": []
                    }
                ],
                [
                    {
                        "text": "RemoteConfigClientAlreadyExist",
                        "links": []
                    },
                    {
                        "text": "Появляется в случае повторного создания RemoteConfigClient в рамках жизни процесса.",
                        "links": []
                    }
                ],
                [
                    {
                        "text": "RemoteConfigClientNotCreated",
                        "links": []
                    },
                    {
                        "text": "Появляется в случае доступа к RemoteConfigClient через статическое поле instance до создания RemoteConfigClient .",
                        "links": []
                    }
                ],
                [
                    {
                        "text": "RemoteConfigCommonException",
                        "links": []
                    },
                    {
                        "text": "Общая непредвиденная ошибка.",
                        "links": []
                    }
                ],
                [
                    {
                        "text": "RemoteConfigNetworkException",
                        "links": []
                    },
                    {
                        "text": "Появляется при сетевой ошибке.",
                        "links": []
                    }
                ]
            ]
        }
    ]
}