{
    "meta": {
        "language": "ru",
        "parse_date": "2024-07-06T19:29:55.520467",
        "current_url": "https://www.rustore.ru/help/users/start/install-on-tv/tv-app-interface/",
        "doc_section": "users",
        "h1_text": "Инструкции по использованию интерфейса RuStore на ТВ: установка, удаление, обновление и поддержка"
    },
    "content": [
        {
            "type": "h1",
            "text": "Инструкции по использованию интерфейса RuStore на ТВ: установка, удаление, обновление и поддержка",
            "content": [
                {
                    "type": "paragraph",
                    "text": "Чтобы открыть приложение RuStore, на домашнем экране вашего ТВ нажмите.\nПри входе в магазин приложений в виде карусели отображается список приложений, размещённых в RuStore, а также меню магазина приложений.\nВ общем списке рядом с установленным приложением появится значок «Установлено»."
                }
            ]
        },
        {
            "type": "h2",
            "text": "Установка приложения​",
            "content": [
                {
                    "type": "paragraph",
                    "text": "Нажмите на название приложения, чтобы перейти на его страницу. На этой странице Вы можете просмотреть подробную информацию о приложении (описание, размер приложения и возрастной рейтинг) и установить его.\nНажмите кнопку «Скачать» для загрузки установочного файла.\nПосле завершения скачивания нажмите кнопку «Установить», чтобы установить приложение на ТВ. Приложение будет доступно на вашем устройстве."
                }
            ]
        },
        {
            "type": "h2",
            "text": "Удаление приложения​",
            "content": [
                {
                    "type": "paragraph",
                    "text": "Перейдите на главную страницу, нажав на иконку, и выберите приложение, которое необходимо удалить.\nВо вкладке приложения выберите «Удалить». Приложение будет удалено с вашего устройства."
                }
            ]
        },
        {
            "type": "h2",
            "text": "Автообновление приложений​",
            "content": [
                {
                    "type": "paragraph",
                    "text": "В RuStore удобно настроить автоматическое обновление для всех установленных приложений в фоновом режиме. Для этого на панели слева выберите вкладку «Автообновление приложений» и нажмите «Вкл.»."
                }
            ]
        },
        {
            "type": "h2",
            "text": "Ошибки при работе с приложением​",
            "content": [
                {
                    "type": "paragraph",
                    "text": "Если у вас возникли какие-либо трудности при работе с приложением RuStore для ТВ, перейдите в раздел «Помощь», нажав на иконку.\nСледуйте инструкции в новом окне, чтобы отправить форму обратной связи. Специалисты службы поддержки свяжутся с вами в ближайшее время."
                }
            ]
        },
        {
            "type": "h2",
            "text": "Обновление приложения RuStore​",
            "content": [
                {
                    "type": "paragraph",
                    "text": "Перейдите на вкладку «Обновление RuStore» на панели слева.\nНажмите «Установить», чтобы скачать обновление."
                }
            ]
        }
    ]
}