{
    "meta": {
        "language": "ru",
        "parse_date": "2024-07-06T19:58:03.179617",
        "current_url": "https://www.rustore.ru/help/sdk/rustore-geo/map-display-services/interactive-map/options/",
        "doc_section": "sdk",
        "h1_text": "2. Свойства и опции"
    },
    "content": [
        {
            "type": "h1",
            "text": "2. Свойства и опции",
            "content": []
        },
        {
            "type": "h2",
            "text": "accessToken:string​",
            "content": [
                {
                    "type": "paragraph",
                    "text": "Токен доступа к карте. The event type.\nsrc/index.js\nПример (см. ниже).\nmmrgl.accessToken = myAccessToken"
                }
            ]
        },
        {
            "type": "h2",
            "text": "baseApiUrl:string​",
            "content": [
                {
                    "type": "paragraph",
                    "text": "Начальный API URL, используемый для получения тайлов, стилей, спрайтов и глифов.\nsrc/index.js\nПример (см. ниже).\nmmrgl.baseApiUrl = 'https://geo.rustore.ru/api';"
                }
            ]
        },
        {
            "type": "h2",
            "text": "workerCount:number​",
            "content": [
                {
                    "type": "paragraph",
                    "text": "Количество веб-воркеров на странице с GL JS картами. По умолчанию это половина числа ядер (ограничено 6). Обязательно нужно устанавливать этот параметр перед инициализацией карты.\nsrc/index.js\nПример (см. ниже).\nmmrgl.workerCount = 2;"
                }
            ]
        },
        {
            "type": "h2",
            "text": "maxParallelImageRequests:number​",
            "content": [
                {
                    "type": "paragraph",
                    "text": "Максимальное количество изображений (растровых тайлов, спрайтов, иконок) для параллельной загрузки. Влияет на производительность в растровых картах. 16 по умолчанию.\nsrc/index.js\nПример (см. ниже).\nmmrgl.maxParallelImageRequests = 10;"
                }
            ]
        },
        {
            "type": "h2",
            "text": "supported:function​",
            "content": [
                {
                    "type": "paragraph",
                    "text": "Проверяет поддержку браузером GL JS\nsrc/index.js\nПример (см. ниже)."
                }
            ]
        },
        {
            "type": "code",
            "text": "if(!mmrgl.supported()){alert('Your browser does not support MMR GL');}"
        },
        {
            "type": "h2",
            "text": "version:string​",
            "content": [
                {
                    "type": "paragraph",
                    "text": "Версия текущей сборки MMR GL\nsrc/index.js\nПример (см. ниже)."
                }
            ]
        },
        {
            "type": "code",
            "text": "console.log(mmrgl.version);//> 1.2.3;"
        },
        {
            "type": "h2",
            "text": "setRTLTextPlugin:function​",
            "content": [
                {
                    "type": "paragraph",
                    "text": "Устанавливает плагин для поддержки RTL. Необходимо для поддержки арабского и еврейского языков.\nsrc/index.js\nПараметры:\npluginURL:string— путь до RTL плагина;\ncallback:function(error:object)— функция вызывается если есть ошибка;\nlazy:boolean— ленивая подгрузка."
                }
            ]
        },
        {
            "type": "code",
            "text": "mmrgl.setRTLTextPlugin(pluginUrl,function(error){if(error){console.log('something was wrong',error);}else{console.log('rtl-text-plugin loaded successfully');}},true);"
        },
        {
            "type": "h2",
            "text": "getRTLTextPluginStatus:function​",
            "content": [
                {
                    "type": "paragraph",
                    "text": "Получаем статус RTL-плагина. Статус плагина может быть:unavailable(т. е. не запрошено или удалено),loading,loadedилиerror. Если статусloadedи плагин запрашивается снова, то будет выдана ошибка.\nsrc/index.js\nПример (см. ниже).\nconst pluginStatus = mmrgl.getRTLTextPluginStatus();"
                }
            ]
        },
        {
            "type": "h2",
            "text": "clearStorage:function​",
            "content": [
                {
                    "type": "paragraph",
                    "text": "ОчищаетcacheStorageв котором могут храниться кэш тайлов\nsrc/index.js\nПараметры:\ncallback:function(error:object)— путь до RTL-плагина.\nПример (см. ниже)."
                }
            ]
        },
        {
            "type": "code",
            "text": "mmrgl.clearStorage()"
        },
        {
            "type": "h2",
            "text": "AnimationOptions(группа параметров)​",
            "content": [
                {
                    "type": "paragraph",
                    "text": "Параметры, влияющие на анимацию (используются в методах:Map#panBy,Map#easeTo), контролируют продолжительность и функцию плавности анимации (easing function). Являются необязательными.\nsrc/ui/camera.js\nПараметры:\nduration:number— продолжительность анимации (в миллисекундах);\neasing:function— функция, принимающая время в диапазоне 0..1 и возвращающая число, где 0-начальное состояние, а 1-конечное;\noffset:PointLike— смещение центра относительно реального центра контейнера карты в конце анимации;\nanimate:boolean— если false, анимации будут отключены;\nessential:boolean— если true, то анимация считается существенной и не будет затронута prefers-reduced-motion (предпочитает уменьшенное движение);"
                }
            ]
        },
        {
            "type": "h2",
            "text": "CameraOptions(группа параметров)​",
            "content": [
                {
                    "type": "paragraph",
                    "text": "Параметры, влияющие на камеру (используются в методах:Map#jumpTo,Map#easeToиMap#flyTo), контролируютlocation(стартовая позиция),zoom(масштабирование),bearingиpitchкамеры. Все свойства являются необязательными.\nsrc/ui/camera.js\nПараметры:\ncenter:LngLatLike— центр карты.\nzoom:number— удаленность (масштаб) карты.\nbearing:number— нужный пеленг в градусах. Пеленг — это направление компаса, которое находится «вверх». Например, пеленг: 90 ориентирует карту так, чтобы восток был вверх.\npitch:number— желаемый наклон карты в градусах. Тангаж — угол к горизонту, измеряемый в градусах с диапазоном от 0 до 60 градусов. Например,pitch: 0обеспечивает видимость взгляда прямо вниз на карту, в то время какpitch: 60наклоняет перспективу пользователя к горизонту. Увеличение значения наклона часто используется для отображения 3D-объектов.\naround:LngLatLike —** если заданzoom, around определяет точку, вокруг которой центрируетсяzoom`.\npadding:PaddingOptions— применяется к каждой стороне viewport для смещения точки схода (актуально когда карта наклонена)."
                }
            ]
        },
        {
            "type": "h2",
            "text": "PaddingOptions(группа параметров)​",
            "content": [
                {
                    "type": "paragraph",
                    "text": "Параметры отступов (используются в методах:Map#fitBounds,Map#fitScreenCoordinatesиMap#setPadding). Отрегулируйте эти параметры, чтобы установить количество отступов в пикселях, добавленных к краям карты. Все свойства этого объекта должны быть неотрицательными целыми числами.\nsrc/ui/camera.js\nПараметры:\ntop:number— отступ в пикселях сверху карты;\nbottom:number— отступ в пикселях снизу карты;\nleft:number— отступ в пикселях слева карты;\nright:number— отступ в пикселях справа карты."
                }
            ]
        },
        {
            "type": "code",
            "text": "varbbox=[[-79,43],[-73,45]];map.fitBounds(bbox,{padding:{top:10,bottom:25,left:15,right:5}});"
        },
        {
            "type": "code",
            "text": "varbbox=[[-79,43],[-73,45]];map.fitBounds(bbox,{padding:20});"
        },
        {
            "type": "h2",
            "text": "RequestParameters(группа параметров)​",
            "content": [
                {
                    "type": "paragraph",
                    "text": "Объект, возвращаемый методом callbackMap.options.transformRequest.\nsrc/ui/ajax.js\nПараметры:\nurl:string— URL запроса.\nheaders:object— заголовки отправляемые с запросом.\nmethod:string— метод запросаGET|POST|PUT,\ntype:string— возвращаемый тип тела запроса (body response)string|json|arrayBuffer.\ncredentials:string—same-origin|include, используйтеincludeдля отправки кук (cookies) в кроссдоменных запросах.\ncollectResourceTiming:boolean— еслиtrue, то информация Resource Timing API будет доступна для запросов выполняемых GeoJSON и Vector Tile (эта информация обычно недоступна из основного потока JavaScript). Информация будет возвращена в свойствеResourceTiming."
                }
            ]
        },
        {
            "type": "code",
            "text": "transformRequest:function(url,resourceType){if(resourceType==='Source'&&url.indexOf('http://myHost')>-1){return{url:url.replace('http','https'),headers:{'my-custom-header':true},credentials:'include'// Include cookies for cross-origin requests}}};"
        },
        {
            "type": "h2",
            "text": "StyleImageInterface(спецификация для разработчиков)​",
            "content": [
                {
                    "type": "paragraph",
                    "text": "Это не метод и не класс. Интерфейс для динамически генерируемых изображений.\nИзображения, реализующие этот интерфейс, могут быть перерисованы для каждого кадра. Их можно использовать для анимации значков и узоров или для того, чтобы они реагировали на вводимые пользователем данные. Изображения могут реализовывать методStyleImageInterface#render. Этот метод вызывается покадрово.\nsrc/style/style_image.js\nПараметры:\nwidth:number;\nheight:number;\ndata:(Uint8Array|Uint8ClampedArray)."
                }
            ]
        },
        {
            "type": "code",
            "text": "varflashingSquare={width:64,height:64,data:newUint8Array(64*64*4),onAdd:function(map){this.map=map;},render:function(){// keep repainting while the icon is on the mapthis.map.triggerRepaint();// alternate between black and white based on the timevarvalue=Math.round(Date.now()/1000)%2===0?255:0;// check if image needs to be changedif(value!==this.previousValue){this.previousValue=value;varbytesPerPixel=4;for(varx=0;x<this.width;x++){for(vary=0;y<this.height;y++){varoffset=(y*this.width+x)*bytesPerPixel;this.data[offset+0]=value;this.data[offset+1]=value;this.data[offset+2]=value;this.data[offset+3]=255;}}// return true to indicate that the image changedreturntrue;}}}map.addImage('flashing_square',flashingSquare);"
        },
        {
            "type": "h2",
            "text": "CustomLayerInterface(спецификация для разработчиков)​",
            "content": [
                {
                    "type": "paragraph",
                    "text": "Это не метод и не класс. Интерфейс для кастомизации стиля слоев.\nКастомные слои позволяют пользователю визуализировать непосредственно в GL context карты с помощью камеры. Эти слои могут быть добавлены между любыми обычными слоями с помощьюMap#addLayer.\nКастомные слои должны иметь уникальный идентификатор и типcustom. Они должны реализовывать render и могут реализовывать prerender, onAdd и onRemove. Они могут инициировать рендеринг с помощьюMap#triggerRepaintи должны соответствующим образом обрабатыватьMap.event:webglcontextlostиMap.event:webglcontextrestored.\nСвойствоRenderingModeопределяет, будет ли слой обрабатываться как слой 2D- или 3D-карты:\nRenderingMode:3d— для использования буфера глубины и совместного использования его с другими слоями.\nRenderingMode:2d— для добавления слоя без глубины. Если вам нужно использовать буфер глубины для слоя2d, вы должны использовать закадровый фреймбуфер иCustomLayerInterface#prerender.\nid:string— уникальный ID слоя;\ntype:string— тип слоя, должен бытьcustom;\nrenderingMode:string—3dили2d, по умолчанию2d."
                }
            ]
        },
        {
            "type": "code",
            "text": "// Custom layer implemented as ES6 classclassNullIslandLayer{constructor(){this.id='null-island';this.type='custom';this.renderingMode='2d';}onAdd(map,gl){constvertexSource=uniform mat4 u_matrix;voidmain(){gl_Position=u_matrix*vec4(0.5,0.5,0.0,1.0);gl_PointSize=20.0;};constfragmentSource=voidmain(){gl_FragColor=vec4(1.0,0.0,0.0,1.0);};constvertexShader=gl.createShader(gl.VERTEX_SHADER);gl.shaderSource(vertexShader,vertexSource);gl.compileShader(vertexShader);constfragmentShader=gl.createShader(gl.FRAGMENT_SHADER);gl.shaderSource(fragmentShader,fragmentSource);gl.compileShader(fragmentShader);this.program=gl.createProgram();gl.attachShader(this.program,vertexShader);gl.attachShader(this.program,fragmentShader);gl.linkProgram(this.program);}render(gl,matrix){gl.useProgram(this.program);gl.uniformMatrix4fv(gl.getUniformLocation(this.program,\"u_matrix\"),false,matrix);gl.drawArrays(gl.POINTS,0,1);}}map.on('load',function(){map.addLayer(newNullIslandLayer());});"
        },
        {
            "type": "h2",
            "text": "prewarm:function​",
            "content": [
                {
                    "type": "paragraph",
                    "text": "Выполняет «прогрев» всех ресурсов (например, инициализирует веб-воркеры), чтобы снизить время на загрузки карты. Если используютсяmmrgl.workerUrlиmmrgl.workerCountих нужно определять до вызоваprewarm().\nПо умолчанию управление этими ресурсами выполняется автоматически, и они инициализируются по необходимости (лениво) при первом создании карты. При вызовеprewarm()ресурсы будут созданы заранее и не будут очищены при удалении последней карты со странице. Это позволяет повторно использовать их новыми экземплярами карт. Их можно очистить вручную, вызвав функциюmmrgl.clearPrewarmedResources(). Это необходимо только в том случае, если ваша веб-страница остается активной, но полностью перестает использовать карты.\nЭто полезно при использовании карт в одностраничном приложении (SPA), где пользователь будет перемещаться между различными страницами/экранами, которые могут привести к постоянному созданию и уничтожению экземпляров карт.\nsrc/index.js\nПример (см. ниже)."
                }
            ]
        },
        {
            "type": "code",
            "text": "mmrgl.prewarm()"
        },
        {
            "type": "h2",
            "text": "clearPrewarmedResources:function​",
            "content": [
                {
                    "type": "paragraph",
                    "text": "Очищает ресурсы, которые ранее были созданыmmrgl.prewarm(). Обратите внимание, что обычно в этом нет необходимости. Вы должны вызывать эту функцию только в том случае, если ожидаете, что пользователь вашего приложения не вернется к просмотру карты в любой момент вашего приложения.\nsrc/index.js\nПример (см. ниже)."
                }
            ]
        },
        {
            "type": "code",
            "text": "mmrgl.clearPrewarmedResources()"
        }
    ]
}