{
    "meta": {
        "language": "ru",
        "parse_date": "2024-07-06T19:36:01.512618",
        "current_url": "https://www.rustore.ru/help/developers/monetization/payment-callback/edit-server-name/",
        "doc_section": "developers",
        "h1_text": "Как изменить адрес сервера для получения уведомлений"
    },
    "content": [
        {
            "type": "h1",
            "text": "Как изменить адрес сервера для получения уведомлений",
            "content": [
                {
                    "type": "paragraph",
                    "text": "Если адрес сервера для получения уведомлений изменился:\nОткройтеRuStore Консоль (https://console.rustore.ru/sign-in)и перейдите в ваше приложение.\nВыберите в меню слева «Монетизация» — «Уведомления на сервер».\nДеактивируйте переключатель «Отправлять уведомления».\nНажмите «Изменить» в строке «URL сервера» и укажите новый адрес сервера, который будет принимать уведомления.\nАдрес должен начинаться сhttps://.Пример валидного URL-адреса:https://www.notification-payment-server.my-company.ru.\nПротестируйте отправку, чтобы убедиться в правильности указанного адреса.\nДля этого нажмите «Отправить» в строке «Тестовое уведомление».\nПодробнее о тестировании — винструкции по включению отправки уведомлений (https://rustore.ru/help/developers/monetization/payment-callback/enable-notifications#testing).\nАктивируйте переключатель «Отправлять уведомления»."
                }
            ]
        },
        {
            "type": "admonition",
            "admonition_type": "unknown",
            "title": "подсказка",
            "content": [
                {
                    "type": "paragraph",
                    "text": "При необходимости вы также можетеизменить ключ шифрования (https://rustore.ru/help/developers/monetization/payment-callback/update-key)."
                }
            ]
        }
    ]
}