{
    "meta": {
        "language": "ru",
        "parse_date": "2024-07-06T19:42:25.762603",
        "current_url": "https://www.rustore.ru/help/developers/publishing-and-verifying-apps/app-publication/app-publication-aurora/",
        "doc_section": "developers",
        "h1_text": "Как опубликовать приложение для ОС Аврора"
    },
    "content": [
        {
            "type": "h1",
            "text": "Как опубликовать приложение для ОС Аврора",
            "content": []
        },
        {
            "type": "admonition",
            "admonition_type": "warning",
            "title": "warning",
            "content": [
                {
                    "type": "paragraph",
                    "text": "Документация сформирована для участников закрытого бета-тестирования публикации приложений для ОС Аврора.\nОпубликуйте свое приложение, чтобы пользователи могли скачать его из RuStore."
                }
            ]
        },
        {
            "type": "admonition",
            "admonition_type": "note",
            "title": "примечание",
            "content": [
                {
                    "type": "paragraph",
                    "text": "Создание приложений и версий приложений, управление версиями и публикацией приложений для ОС Аврора доступнотолько владельцу аккаунта. Добавление других пользователей с назначением ролей на данный момент недоступно.\nОткройтеКонсоль RuStore (https://console.rustore.ru/sign-in).\nПерейдите на вкладку «Приложения».\nПерейдите на таб «Aurora».\nНажмите «Добавить приложение».\nВ открывшемся окне введите название приложения.\nНажмите «Добавить».\nВыберите добавленное приложение.\nНажмите «Загрузить версию»."
                }
            ]
        },
        {
            "type": "h2",
            "text": "Файлы​​",
            "content": [
                {
                    "type": "paragraph",
                    "text": "Для корректной работы на всех устройствах с ОС Аврора необходимо загрузить 2 rpm-пакета: один с поддержкой 32-битной версии ОС Аврора, второй – с поддержкой 64-битной версии.\nТребования к загрузке файла RPM\nПри загрузке первой версии убедитесь, что:\nразмер файла не превышает 2,5 ГБ;\nсборка подписана активным сертификатом разработчика, который вы получили от ОМП ранее;\nимя пакета (package_id) уникально;\nпакет скомпилирован для нужной битности ОС;\nсборка проверена и настроена."
                }
            ]
        },
        {
            "type": "admonition",
            "admonition_type": "note",
            "title": "примечание",
            "content": [
                {
                    "type": "paragraph",
                    "text": "Если у вас нет сертификата разработчика, мы дополнительно сообщим о возможности выпустить сертификат после публичного запуска публикации приложений для ОС Аврора.\nПри загрузке второй и последующих версий проверьте, что:\nразмер файла не превышает 2,5 ГБ;\nсборка подписана активным ключом разработчика, который вы получили от ОМП ранее;\nподпись соответствует предыдущей;\nимя пакета (package_id) соответствует предыдущему;\nпакет скомпилирован для нужной битности ОС;\nсборка проверена и настроена;\nномер новой версии приложения больше предыдущего."
                }
            ]
        },
        {
            "type": "details",
            "summary": "Комментарий для модератора",
            "content": [
                {
                    "type": "paragraph",
                    "text": "Если для проверки работоспособности и функций вашего приложения требуется вход и/или какие-то дополнительные действия, укажите в комментарии данные для входа и другую необходимую информацию."
                }
            ]
        },
        {
            "type": "h2",
            "text": "Раздел «Что нового?»​​",
            "content": [
                {
                    "type": "paragraph",
                    "text": "Раздел «Что нового?» заполняется при загрузке второй и последующих версий приложения. Расскажите здесь о главных обновлениях, какие функции появились или какие баги были исправлены."
                }
            ]
        },
        {
            "type": "h2",
            "text": "Информация о приложении​",
            "content": [
                {
                    "type": "paragraph",
                    "text": "Укажите наименование приложения:не более 50 символов;наименование приложения должно быть уникально.\nВыберите возрастную категорию из предложенного списка.Как правильно выбрать возрастное ограничение? (https://rustore.ru/help/developers/publishing-and-verifying-apps/age-restrictions)\nВведите краткое описание приложения для мобильных устройств и для ТВ-версии (до 80 символов).\nВведите подробное описание приложения (до 4000 символов)."
                }
            ]
        },
        {
            "type": "admonition",
            "admonition_type": "note",
            "title": "примечание",
            "content": [
                {
                    "type": "paragraph",
                    "text": "Рекомендуем добавлять в описание контакты для обратной связи от пользователей."
                }
            ]
        },
        {
            "type": "h2",
            "text": "Медиафайлы для каталога​",
            "content": []
        },
        {
            "type": "h3",
            "text": "Иконка​",
            "content": [
                {
                    "type": "paragraph",
                    "text": "Перетащите иконку приложения с рабочего стола или из папки на компьютере в область «Иконка для мобильных устройств».\nТребования к иконке\nразрешение изображения и размер файла: 512х512 px, до 3 МБ;\nдопустимый формат:.pngили.jpg."
                }
            ]
        },
        {
            "type": "h3",
            "text": "Скриншоты​",
            "content": [
                {
                    "type": "paragraph",
                    "text": "Вы можете добавить скриншоты только для телефона."
                }
            ]
        },
        {
            "type": "admonition",
            "admonition_type": "warning",
            "title": "warning",
            "content": [
                {
                    "type": "paragraph",
                    "text": "Обязательно загрузите скриншоты для мобильной версии приложения.\nТребования к изображениям\nразмер файла: не более 3 МБ;\nдопустимый формат формат:.pngили.jpg;\nмаксимальное разрешение: 2160х3840 px;\nрекомендуемое соотношение сторон — 16:9;"
                }
            ]
        },
        {
            "type": "h2",
            "text": "Публикация версии​",
            "content": [
                {
                    "type": "paragraph",
                    "text": "Перед отправкой на модерацию вы можете выбрать один из двух вариантов публикации:\nАвтоматически – версия приложения будет опубликована и станет доступна пользователям автоматически после прохождения модерации.\nВручную – после прохождения модерации версия приложения будет ожидать вашего подтверждения для публикации."
                }
            ]
        },
        {
            "type": "h2",
            "text": "Отправка на модерацию​​",
            "content": [
                {
                    "type": "paragraph",
                    "text": "Нажмите «Отправить на модерацию», если вы полностью заполнили форму загрузки версии приложения."
                }
            ]
        }
    ]
}