{
    "meta": {
        "language": "ru",
        "parse_date": "2024-07-06T19:28:30.654746",
        "current_url": "https://www.rustore.ru/help/work-with-rustore-api/api-upload-publication-app/create-draft-version/",
        "doc_section": "",
        "h1_text": "Создание черновика версии"
    },
    "content": [
        {
            "type": "h1",
            "text": "Создание черновика версии",
            "content": [
                {
                    "type": "paragraph",
                    "text": "Метод позволяет создать черновик версии и заполнить его основной информацией.\nОграничения:\nдля одного приложения можно создать только один черновик. Попытка создания нескольких черновиков вызовет ошибку;\nчерновики, отправленные по API, не отображаются в веб-версии консоли разработчика. Они станут доступны после отправки APK на модерацию и при изменении статуса версии приложения;\nсоздание черновика возможно только при наличии активной версии приложения;\nотсутствующие данные в полях черновика будут взяты из активной версии приложения;\nчерновик должен соответствовать типу приложения — бесплатное или платное. В случае отправки платной версии для бесплатного приложения черновик будет обрабатываться как бесплатный;\nдля каждого типа версии приложения (appType) есть соответствующие категории версии. В случае несоответствия категории, при попытке загрузки приложения будет показана ошибка;\nчастичная публикация приложения возможна только при автоматическом (INSTANTLY) или ручном (MANUAL) типе публикации (параметр —publishType)."
                }
            ]
        },
        {
            "type": "h2",
            "text": "Параметры взаимодействия​",
            "content": [
                {
                    "type": "paragraph",
                    "text": "POST\nhttps://public-api.rustore.ru/public/v1/application/{packageName}/version"
                }
            ]
        },
        {
            "type": "table",
            "headers": [
                "Атрибут",
                "Тип",
                "Обязателен",
                "Расположение",
                "Описание",
                "Пример"
            ],
            "rows": [
                [
                    {
                        "text": "Public-Token",
                        "links": []
                    },
                    {
                        "text": "string",
                        "links": []
                    },
                    {
                        "text": "Да",
                        "links": []
                    },
                    {
                        "text": "header",
                        "links": []
                    },
                    {
                        "text": "Токен доступа к Public API Rustore .",
                        "links": [
                            {
                                "text": "Токен доступа к Public API Rustore",
                                "url": "https://rustore.ru/help/work-with-rustore-api/api-authorization-token"
                            }
                        ]
                    },
                    {
                        "text": "N/A",
                        "links": []
                    }
                ],
                [
                    {
                        "text": "packageName",
                        "links": []
                    },
                    {
                        "text": "string",
                        "links": []
                    },
                    {
                        "text": "Да",
                        "links": []
                    },
                    {
                        "text": "path",
                        "links": []
                    },
                    {
                        "text": "Наименование пакета приложения.",
                        "links": []
                    },
                    {
                        "text": "com.myapp.example",
                        "links": []
                    }
                ],
                [
                    {
                        "text": "appName",
                        "links": []
                    },
                    {
                        "text": "string",
                        "links": []
                    },
                    {
                        "text": "Нет",
                        "links": []
                    },
                    {
                        "text": "body",
                        "links": []
                    },
                    {
                        "text": "Наименование версии приложения. Максимальная длина — 5 символов",
                        "links": []
                    },
                    {
                        "text": "Моё приложение",
                        "links": []
                    }
                ],
                [
                    {
                        "text": "appType",
                        "links": []
                    },
                    {
                        "text": "string",
                        "links": []
                    },
                    {
                        "text": "Нет",
                        "links": []
                    },
                    {
                        "text": "body",
                        "links": []
                    },
                    {
                        "text": "Тип версии приложения Возможные значения: • GAMES — для игр; • MAIN — для неигровых приложений. Передаваемые категории должны быть уникальными в рамках одного запроса.",
                        "links": []
                    },
                    {
                        "text": "GAMES",
                        "links": []
                    }
                ],
                [
                    {
                        "text": "categories",
                        "links": []
                    },
                    {
                        "text": "string",
                        "links": []
                    },
                    {
                        "text": "Нет",
                        "links": []
                    },
                    {
                        "text": "body",
                        "links": []
                    },
                    {
                        "text": "Категории версии. Максимальное количество категорий — 2 категории.",
                        "links": []
                    },
                    {
                        "text": "\"health\", \"news\"",
                        "links": []
                    }
                ],
                [
                    {
                        "text": "ageLegal",
                        "links": []
                    },
                    {
                        "text": "string",
                        "links": []
                    },
                    {
                        "text": "Нет",
                        "links": []
                    },
                    {
                        "text": "body",
                        "links": []
                    },
                    {
                        "text": "Возрастная категория Возможные варианты: • 18+ ; • 16+ ; • 12+ ; • 7+ ; • 3+ .",
                        "links": []
                    },
                    {
                        "text": "7+",
                        "links": []
                    }
                ],
                [
                    {
                        "text": "shortDescription",
                        "links": []
                    },
                    {
                        "text": "string",
                        "links": []
                    },
                    {
                        "text": "Нет",
                        "links": []
                    },
                    {
                        "text": "body",
                        "links": []
                    },
                    {
                        "text": "Краткое описание версии. Максимальная длина — 80 символов.",
                        "links": []
                    },
                    {
                        "text": "N/A",
                        "links": []
                    }
                ],
                [
                    {
                        "text": "fullDescription",
                        "links": []
                    },
                    {
                        "text": "string",
                        "links": []
                    },
                    {
                        "text": "Нет",
                        "links": []
                    },
                    {
                        "text": "body",
                        "links": []
                    },
                    {
                        "text": "Полное описание версии. Максимальная длина — 4 000 символов",
                        "links": []
                    },
                    {
                        "text": "N/A",
                        "links": []
                    }
                ],
                [
                    {
                        "text": "whatsNew",
                        "links": []
                    },
                    {
                        "text": "string",
                        "links": []
                    },
                    {
                        "text": "Нет",
                        "links": []
                    },
                    {
                        "text": "body",
                        "links": []
                    },
                    {
                        "text": "Описание «Что нового». Максимальная длина — 500 символов",
                        "links": []
                    },
                    {
                        "text": "N/A",
                        "links": []
                    }
                ],
                [
                    {
                        "text": "moderInfo",
                        "links": []
                    },
                    {
                        "text": "string",
                        "links": []
                    },
                    {
                        "text": "Нет",
                        "links": []
                    },
                    {
                        "text": "body",
                        "links": []
                    },
                    {
                        "text": "Комментарий разработчика для модератора. Максимальная длина — 180 символов.",
                        "links": []
                    },
                    {
                        "text": "N/A",
                        "links": []
                    }
                ],
                [
                    {
                        "text": "priceValue",
                        "links": []
                    },
                    {
                        "text": "string",
                        "links": []
                    },
                    {
                        "text": "Нет",
                        "links": []
                    },
                    {
                        "text": "body",
                        "links": []
                    },
                    {
                        "text": "Стоимость приложения в минимальных единицах валюты (в копейках), например: «87.99 руб.» = 8799. Значение должно быть >0.",
                        "links": []
                    },
                    {
                        "text": "8799",
                        "links": []
                    }
                ],
                [
                    {
                        "text": "publishType (Новый атрибут)",
                        "links": []
                    },
                    {
                        "text": "string",
                        "links": []
                    },
                    {
                        "text": "Нет",
                        "links": []
                    },
                    {
                        "text": "body",
                        "links": []
                    },
                    {
                        "text": "Тип публикации. Может принимать значения: • MANUAL — ручная публикация; • INSTANTLY — автоматическая публикация, сразу после прохождения модерации; • DELAYED — отложенная публикация. Примечание: если параметр не указан, по умолчанию он принимается за INSTANTLY .",
                        "links": []
                    },
                    {
                        "text": "MANUAL",
                        "links": []
                    }
                ],
                [
                    {
                        "text": "publishDateTime (Новый атрибут)",
                        "links": []
                    },
                    {
                        "text": "timestamptz",
                        "links": []
                    },
                    {
                        "text": "• Нет • Да, если publishType = DELAYED",
                        "links": []
                    },
                    {
                        "text": "body",
                        "links": []
                    },
                    {
                        "text": "Дата и время для отложенной публикации. формат: yyyy-MM-dd'T'HH:mm:ssXXX . Указанная дата должна быть не раньше 24 часов и не позже 60 дней с планируемой даты отправки на модерацию. В дальнейшем дату отложенной публикации можно будет поменять. Примечание: если publishType указан MANUAL или INSTANTLY , данный параметр может быть любым и не будет учитываться.",
                        "links": []
                    },
                    {
                        "text": "2022-07-08T13:24:41.8328711+03:00",
                        "links": []
                    }
                ],
                [
                    {
                        "text": "partialValue (Новый атрибут)",
                        "links": []
                    },
                    {
                        "text": "number",
                        "links": []
                    },
                    {
                        "text": "Нет",
                        "links": []
                    },
                    {
                        "text": "body",
                        "links": []
                    },
                    {
                        "text": "Процент для частичной публикации приложения. Может принимать значения: • 5 %; • 10 %; • 25 %; • 50 %; • 75 % • 100 %.",
                        "links": []
                    },
                    {
                        "text": "5",
                        "links": []
                    }
                ]
            ]
        },
        {
            "type": "h2",
            "text": "Параметры ответа​",
            "content": []
        },
        {
            "type": "table",
            "headers": [
                "Атрибут",
                "Тип",
                "Обязателен",
                "Описание",
                "Пример"
            ],
            "rows": [
                [
                    {
                        "text": "code",
                        "links": []
                    },
                    {
                        "text": "string",
                        "links": []
                    },
                    {
                        "text": "Да",
                        "links": []
                    },
                    {
                        "text": "Код ответа.",
                        "links": []
                    },
                    {
                        "text": "error / OK",
                        "links": []
                    }
                ],
                [
                    {
                        "text": "message",
                        "links": []
                    },
                    {
                        "text": "string",
                        "links": []
                    },
                    {
                        "text": "Нет",
                        "links": []
                    },
                    {
                        "text": "Расшифровка кода ответа.",
                        "links": []
                    },
                    {
                        "text": "N/A",
                        "links": []
                    }
                ],
                [
                    {
                        "text": "timestamp",
                        "links": []
                    },
                    {
                        "text": "timestamptz",
                        "links": []
                    },
                    {
                        "text": "Да",
                        "links": []
                    },
                    {
                        "text": "Время ответа.",
                        "links": []
                    },
                    {
                        "text": "2022-07-08T13:24:41.8328711+03:00",
                        "links": []
                    }
                ],
                [
                    {
                        "text": "content{}",
                        "links": [
                            {
                                "text": "content{}",
                                "url": "https://rustore.ru/help#content"
                            }
                        ]
                    },
                    {
                        "text": "object",
                        "links": []
                    },
                    {
                        "text": "Да",
                        "links": []
                    },
                    {
                        "text": "N/A",
                        "links": []
                    },
                    {
                        "text": "N/A",
                        "links": []
                    }
                ]
            ]
        },
        {
            "type": "h3",
            "text": "content​",
            "content": []
        },
        {
            "type": "table",
            "headers": [
                "Атрибут",
                "Тип",
                "Обязателен",
                "Расположение",
                "Описание",
                "Пример"
            ],
            "rows": [
                [
                    {
                        "text": "versionId",
                        "links": []
                    },
                    {
                        "text": "number",
                        "links": []
                    },
                    {
                        "text": "Да",
                        "links": []
                    },
                    {
                        "text": "body",
                        "links": []
                    },
                    {
                        "text": "Версия приложения.",
                        "links": []
                    },
                    {
                        "text": "243242",
                        "links": []
                    }
                ]
            ]
        },
        {
            "type": "h2",
            "text": "Пример запроса​",
            "content": []
        },
        {
            "type": "code",
            "text": "curl --location --request POST 'https://public-api.rustore.ru/public/v1/application/com.package.com/version' \\--header 'Content-Type: application/json' \\--header 'Public-Token: {YOURtoken}' \\--data-raw '{\"appName\": \"Приложение для RuStore\",\"appType\": \"MAIN\",\"categories\":[\"news\",\"education\"],\"ageLegal\": \"7+\",\"shortDescription\": \"Приложение для RuStore\",\"fullDescription\": \"fullDescription - Приложение для RuStore\",\"whatsNew\": \"whatsNew - Приложение для RuStore\",\"moderInfo\": \"moderInfo - Приложение для RuStore\",\"priceValue\": 1100}'"
        },
        {
            "type": "h2",
            "text": "Пример ответа​",
            "content": []
        },
        {
            "type": "code",
            "text": "{\"code\": \"OK\",\"message\": null,\"body\": 243242,\"timestamp\": \"2023-07-27T10:28:59.039649+03:00\"}"
        }
    ]
}