{
    "meta": {
        "language": "ru",
        "parse_date": "2024-07-06T19:28:03.202098",
        "current_url": "https://www.rustore.ru/help/work-with-rustore-api/api-authorization-process/",
        "doc_section": "",
        "h1_text": "Авторизация и принципы работы в RuStore API"
    },
    "content": [
        {
            "type": "h1",
            "text": "Авторизация и принципы работы в RuStore API",
            "content": [
                {
                    "type": "paragraph",
                    "text": "Для получения доступа к использованию возможностей API RuStore пройдите авторизацию. Для этого сгенерируйте ключевую пару (открытый и закрытый ключи) вRuStore Консолии получите JWE-токен."
                }
            ]
        },
        {
            "type": "h2",
            "text": "Генерация ключевой пары​",
            "content": []
        },
        {
            "type": "admonition",
            "admonition_type": "note",
            "title": "примечание",
            "content": [
                {
                    "type": "paragraph",
                    "text": "Для генерации ключей используется алгоритм шифрования RSA.\nОткройтеRuStore Консоль (https://console.rustore.ru/sign-in).\nПерейдите на вкладку «Компания» в верхней части экрана в аккаунте для юридических лиц. Для физических лиц эта же вкладка называется «Разработчик».\nВ левом боковом меню выберите «API RuStore».\nНажмите «Создать ключ».\nВведите название ключа — не более 255 символов.\nВыберите приложения, на которые будет распространяться приватный ключ."
                }
            ]
        },
        {
            "type": "admonition",
            "admonition_type": "note",
            "title": "примечание",
            "content": [
                {
                    "type": "paragraph",
                    "text": "Вы можете выбрать одно или несколько приложений, а также все сразу. Если при генерации ключа вы поставите галочку напротив пункта «Все приложения», а затем создадите новое приложение, ключ не будет распространяться на него.\n\nВыберите один или несколько методов RuStore API. Вы можете выбрать как методы приложений, к которым будет иметь доступ приватный ключ, так и общие. Общие методы будут передавать данные всех приложений вне зависимости от того, для каких приложений настроен ключ.\nНажмите «Сгенерировать ключ».\nПриватный ключ покажется во всплывающем окне «Приватный ключ», скопируйте и сохраните его.\nПубличный ключ формируется автоматически при генерации приватного ключа и независимо от пользователя записывается в базу данных. Для авторизации понадобится только значение сгенерированного приватного ключа."
                }
            ]
        },
        {
            "type": "admonition",
            "admonition_type": "info",
            "title": "к сведению",
            "content": [
                {
                    "type": "paragraph",
                    "text": "Генерация ключевой пары доступна только владельцам компании — см.Роли пользователей (https://rustore.ru/help/developers/developer-account/user-roles).\nПри наличии пары ключей созданный приватный ключ появится в таблице вRuStore Консоли. В ней указаны название и ID ключа, выбранные методы и приложения, а также когда ключ был изменён (дата создания или обновления).\nОткройтеRuStore Консоль (https://console.rustore.ru/sign-in).\nПерейдите на вкладку «Компания» или «Разработчик» в верхней части экрана.\nВ блоке с названиями ключей найдите необходимый ключ.\nНажмите на три точки.\nНажмите «Обновить».\nПубличный ключ обновится автоматически.\nОткройтеRuStore Консоль (https://console.rustore.ru/sign-in).\nПерейдите на вкладку «Компания» или «Разработчик» в верхней части экрана.\nВ блоке с названиями ключей найдите необходимый ключ.\nНажмите на три точки.\nНажмите «Удалить»."
                }
            ]
        },
        {
            "type": "h2",
            "text": "Получение токена​",
            "content": [
                {
                    "type": "paragraph",
                    "text": "Используйте сгенерированный закрытый ключ для получения JWE-токена с помощью методаPOST/public/auth/."
                }
            ]
        },
        {
            "type": "admonition",
            "admonition_type": "note",
            "title": "примечание",
            "content": [
                {
                    "type": "paragraph",
                    "text": "Срок действия JWE-токена — 900 секунд, затем его необходимо получить заново, повторив методPOST/public/auth/ (https://rustore.ru/help/work-with-rustore-api/api-authorization-token)."
                }
            ]
        },
        {
            "type": "h2",
            "text": "Авторизация пройдена​",
            "content": [
                {
                    "type": "paragraph",
                    "text": "Полученный JWE-токен позволяет использовать возможности API RuStore. Для этого его значение нужно передавать в раздел «Авторизация» с помощьюAPI-key.\n"
                }
            ]
        }
    ]
}