{
    "meta": {
        "language": "ru",
        "parse_date": "2024-07-06T19:32:24.382681",
        "current_url": "https://www.rustore.ru/help/users/purchases-and-returns/paid-apps/",
        "doc_section": "users",
        "h1_text": "Платные приложения в RuStore: Процесс покупки и установки"
    },
    "content": [
        {
            "type": "h1",
            "text": "Платные приложения в RuStore: Процесс покупки и установки",
            "content": []
        },
        {
            "type": "h2",
            "text": "Отображение платных приложений в витрине​",
            "content": [
                {
                    "type": "paragraph",
                    "text": "Откройте приложение RuStore.\nНажмитеилив нижнем меню."
                }
            ]
        },
        {
            "type": "h2",
            "text": "Покупка платных приложений​",
            "content": [
                {
                    "type": "paragraph",
                    "text": "Откройте приложение RuStore.\nНажмитеилив нижнем меню.\nНажмите на цену приложения.Если приложение оплачено, оно отображается для вас как бесплатное приложение.\nВыберите способ оплаты приложения в открывшемся окне RuStore.После успешной оплаты приложение начнет устанавливаться на ваше устройство.\nНажмите «Остановить», чтобы остановить установку приложения.\nНажмите «Скачать», чтобы возобновить установку приложения."
                }
            ]
        },
        {
            "type": "admonition",
            "admonition_type": "caution",
            "title": "предупреждение",
            "content": [
                {
                    "type": "paragraph",
                    "text": "Если вы купили платное приложение в другом магазине, в RuStore нужно оплатить его повторно."
                }
            ]
        }
    ]
}