{
    "meta": {
        "language": "ru",
        "parse_date": "2024-07-06T20:00:53.472784",
        "current_url": "https://www.rustore.ru/help/sdk/rustore-geo/additional-services/location-determination-by-ip/",
        "doc_section": "sdk",
        "h1_text": "Определение местоположения по IP-адресу"
    },
    "content": [
        {
            "type": "h1",
            "text": "Определение местоположения по IP-адресу",
            "content": [
                {
                    "type": "paragraph",
                    "text": "/ip2geo— точка вызова сервиса определения местоположения по IP-адресу."
                }
            ]
        },
        {
            "type": "h2",
            "text": "Запрос​",
            "content": []
        },
        {
            "type": "h3",
            "text": "Обязательные параметры запроса​",
            "content": []
        },
        {
            "type": "table",
            "headers": [
                "Имя поля",
                "Формат",
                "Описание",
                "Пример"
            ],
            "rows": [
                [
                    {
                        "text": "api_key",
                        "links": []
                    },
                    {
                        "text": "hex-string",
                        "links": []
                    },
                    {
                        "text": "Доступ к сервисам .",
                        "links": [
                            {
                                "text": "Доступ к сервисам",
                                "url": "https://rustore.ru/help/sdk/rustore-geo/general/access-services"
                            }
                        ]
                    },
                    {
                        "text": "fa749bace6d8a3b1....",
                        "links": []
                    }
                ]
            ]
        },
        {
            "type": "h3",
            "text": "Дополнительные параметры запроса​",
            "content": []
        },
        {
            "type": "table",
            "headers": [
                "Имя поля",
                "Формат",
                "Описание",
                "Пример"
            ],
            "rows": [
                [
                    {
                        "text": "q",
                        "links": []
                    },
                    {
                        "text": "string",
                        "links": []
                    },
                    {
                        "text": "Тело поискового запроса, содержащее IP-адрес протокола IPv4 в десятичном представлении. По умолчанию, если в запросе не указан искомый IP-адрес, будет автоматически определён и использован IP-адрес клиента с которого осуществляется запрос.",
                        "links": []
                    },
                    {
                        "text": "192.168.1.1",
                        "links": []
                    }
                ],
                [
                    {
                        "text": "lang",
                        "links": []
                    },
                    {
                        "text": "2-символьный код языка",
                        "links": []
                    },
                    {
                        "text": "Язык ответа на одном из доступных языков. По умолчанию на языке региона, в котором найден объект.",
                        "links": []
                    },
                    {
                        "text": "lang=en",
                        "links": []
                    }
                ]
            ]
        },
        {
            "type": "h2",
            "text": "Ответ​",
            "content": []
        },
        {
            "type": "table",
            "headers": [
                "Имя поля",
                "Формат",
                "Описание",
                "Пример"
            ],
            "rows": [
                [
                    {
                        "text": "geoid",
                        "links": []
                    },
                    {
                        "text": "object",
                        "links": []
                    },
                    {
                        "text": "Внутренний гео-ID.",
                        "links": []
                    },
                    {
                        "text": "\"geo_id\" : \"546\"",
                        "links": []
                    }
                ],
                [
                    {
                        "text": "address",
                        "links": []
                    },
                    {
                        "text": "string",
                        "links": []
                    },
                    {
                        "text": "Найденный адрес объекта.",
                        "links": []
                    },
                    {
                        "text": "\"address\" : \"Россия, Москва\"",
                        "links": []
                    }
                ],
                [
                    {
                        "text": "bbox",
                        "links": []
                    },
                    {
                        "text": "list",
                        "links": []
                    },
                    {
                        "text": "Границы местонахождения найденного объекта для позиционирования на карте.",
                        "links": []
                    },
                    {
                        "text": "\"bbox\": [ ``37.326228, ``55.491308, ``37.967428, ``55.957772 ]",
                        "links": []
                    }
                ],
                [
                    {
                        "text": "isocode",
                        "links": []
                    },
                    {
                        "text": "2char",
                        "links": []
                    },
                    {
                        "text": "Двухбуквенный код страны согласно ISO 3166-1 alpha-2.",
                        "links": []
                    },
                    {
                        "text": "\"isocode\" : \"RU\"",
                        "links": []
                    }
                ],
                [
                    {
                        "text": "type",
                        "links": []
                    },
                    {
                        "text": "string",
                        "links": []
                    },
                    {
                        "text": "Тип объекта",
                        "links": []
                    },
                    {
                        "text": "\"type\" : \"locality\"",
                        "links": []
                    }
                ],
                [
                    {
                        "text": "ref",
                        "links": []
                    },
                    {
                        "text": "hex",
                        "links": []
                    },
                    {
                        "text": "ID найденного объекта — можно использовать для получения дополнительной информации в сервисе Геокодер . предупреждение ID объекта не является стабильным и может со временем изменяться.",
                        "links": [
                            {
                                "text": "Геокодер",
                                "url": "https://rustore.ru/help/sdk/rustore-geo/search-and-geocoding-services/geocoding-service"
                            }
                        ]
                    },
                    {
                        "text": "\"ref\" : \"1000000C4D63818\"",
                        "links": []
                    }
                ],
                [
                    {
                        "text": "pin",
                        "links": []
                    },
                    {
                        "text": "list",
                        "links": []
                    },
                    {
                        "text": "Координаты найденного объекта (долгота и широта).",
                        "links": []
                    },
                    {
                        "text": "\"pin\" : [ 37.538851 , 55.796731 ]",
                        "links": []
                    }
                ]
            ]
        },
        {
            "type": "h2",
            "text": "Пример​",
            "content": []
        },
        {
            "type": "h3",
            "text": "Запрос​",
            "content": []
        },
        {
            "type": "code",
            "text": "https://geo.rustore.ru/api/ip2geo?api_key=<YOUR_API_KEY>&q=46.138.195.192"
        },
        {
            "type": "h3",
            "text": "Ответ​",
            "content": []
        },
        {
            "type": "code",
            "text": "{\"request\":\"/ip2geo?q=46.138.195.192&api_key\",\"results\":[{\"address\":\"Россия, Москва\",\"bbox\":[37.326228,55.491308,37.967428,55.957772],\"geo_id\":5506,\"isocode\":\"RU\",\"pin\":[37.617494,55.750446],\"ref\":\"030000000026FCFD\",\"type\":\"city\"}]}"
        }
    ]
}