{
    "meta": {
        "language": "ru",
        "parse_date": "2024-07-06T19:43:14.410525",
        "current_url": "https://www.rustore.ru/help/developers/publishing-and-verifying-apps/category/",
        "doc_section": "developers",
        "h1_text": "Выбор категорий для приложений в RuStore: полное руководство"
    },
    "content": [
        {
            "type": "h1",
            "text": "Выбор категорий для приложений в RuStore: полное руководство",
            "content": [
                {
                    "type": "paragraph",
                    "text": "Здесь собрана общая информация о том, какие приложения входят в каждую категорию, а также примеры для наглядности. Внимательно изучитесписок категорийперед тем, как выбрать категорию для загружаемого приложения и отправить его на модерацию."
                }
            ]
        },
        {
            "type": "h2",
            "text": "Как выбрать категорию​",
            "content": [
                {
                    "type": "paragraph",
                    "text": "ОткройтеRuStore Консоль (https://console.rustore.ru/sign-in).\nПерейдите на вкладку «Приложения».\nВыберите добавленное приложение и нажмите «Загрузить версию».\nВ блоке «Информация о приложении» выберите тип вашего приложения: неигровое приложение и игра. Приложения первого типа расположены на главной странице RuStore на вкладке «Приложения», а второго — на вкладке «Игры».\nВыберите основную категорию для своего приложения с учётом его особенностей в выпадающем списке. Приложение разместится в выбранной категории в магазине.\nВыберите дополнительную категорию. Приложение разместится сразу в двух категориях в магазине."
                }
            ]
        },
        {
            "type": "admonition",
            "admonition_type": "note",
            "title": "примечание",
            "content": [
                {
                    "type": "paragraph",
                    "text": "Для приложения можно выбрать две категории — основную и дополнительную: в основной категории указывается наиболее релевантная, а дополнительной категории может не быть. Если вы сомневаетесь в выборе, посмотритесписок категорий (https://rustore.ru/help#table)ниже.\nНа этапе модерации специалисты поддержки поправят категорию приложения, если потребуется.\nОбратите внимание на столбец «Требования»: в нём прописаны требования и уточнения, которые нужно обязательно учесть при назначении категорий.\nТребованиями также руководствуются модераторы. Эти правила помогают нам настроить правильную выдачу в категориях и обеспечить всем приложениям справедливое размещение в RuStore."
                }
            ]
        },
        {
            "type": "admonition",
            "admonition_type": "caution",
            "title": "предупреждение",
            "content": [
                {
                    "type": "paragraph",
                    "text": "Указывайте только релевантные категории для приложения в соответствии с инструкцией, чтобы процесс публикации прошел максимально быстро и эффективно, а пользователям было легче найти приложение."
                }
            ]
        },
        {
            "type": "h2",
            "text": "Категории приложений​",
            "content": [
                {
                    "type": "paragraph",
                    "text": "Бизнес-сервисы\nЯндекс Про: водители и курьеры;\nDelivery Club: работа курьером;\nОфис сотрудника РСХБ;\n1С: Документооборот;\nЗамерщик дверей;\nМиниСклад.\nГосударственные\nГосуслуги;\nГосуслуги Авто;\nЦБ Онлайн;\nПортал ЕАСУЗ;\nНалоги ФЛ;\nБанкноты Банка России.\nЕда и напитки\nСамокат;\nВкусвилл;\nЯндекс Лавка;\nПятёрочка;\nБургер Кинг;\nDomino’s Pizza.\nЗдоровье\nК врачу;\nК врачу — запись онлайн;\nАптека Озерки;\nПервая помощь\nPro U — конструктор питания;\nДневник аллергика;\nМенструальный календарь;\nКвадратное дыхание Антистресс.\nКниги\nЛитрес;\nАудиокниги;\nбилайн книги и аудиокниги;\nДзен;\nPowerAudioBook;\nInspirebook.\nНовости и события\nРИА Новости;\nНовости Mail.ru;\nLenta.ru;\nРоссийская газета;\nМой город Волгоград;\nАфиша.\nОбраз жизни\nСправочник садовода;\nСправочник рыбака\nКлев по погоде;\nНумерология и таро;\nПоздравления с Днем Рождения;\nМузыка и чакры;\nПсихологические тесты;\nАнекдоты, приколы, картинки.\nОбразование\nSkyEng;\nОбучающие курсы — билайн;\nЕГЭ Литература 2023;\nОбучение инвестициям;\nДневач — расписание занятий;\nУчи.ру.\nОбщение\nВКонтакте;\nОдноклассники;\nЯRus;\nYappy;\nЧат знакомств Galaxy;\nПикабу.\nОбъявления и услуги\nДомКлик;\nСуточно.ру;\nHH.ru;\nАвто.ру;\nЯндекс Недвижимость;\nСДЭК;\nМойПрофи.\nПитомцы\nВетэксперт — ветеринар 24/7;\nБешенство — график вакцинации;\nGooddog — питомцы из приютов;\nПороды собак;\nПоиск зверей;\nВ добрые руки.\nПокупки\nЯндекс.Маркет;\nСберМегаМаркет;\nOzon;\nЧитай-город;\nЭльдорадо;\nFlor2U;\nРив Гош;\nПривет, Мир! — акции и кешбэк;\nЦеномер: цены, скидки, акции.\nПолезные инструменты\nПогода;\nКлавиатуры;\nГолосовые помощники;\nКалендари;\nГенераторы и менеджеры паролей;\nТекстовые редакторы;\nБраузеры;\nОператоры связи.\nПутешествия\nАэрофлот;\nS7;\nЖД билеты;\nРЖД Пассажирам;\nГорящие туры;\nКарта.ру;\nДостопримечательности России.\nРазвлечения"
                }
            ]
        },
        {
            "type": "admonition",
            "admonition_type": "caution",
            "title": "предупреждение",
            "content": [
                {
                    "type": "paragraph",
                    "text": "Не выбирайте категорию «Развлечения» для игр. В RuStore для них предусмотрены отдельные категории.\nТребования: Для аудиокниг выбирайте основную категорию «Книги». Приложениям с трансляциями спортивных матчей, помимо основной категории «Спорт», можно указать дополнительную категорию «Развлечения». Социальным сетям с опцией поиска/воспроизведения/создания визуального или аудио-контента, помимо основной категории «Общение»,  можно указать дополнительную категорию «Развлечения». Не указывайте дополнительную категорию «Развлечения» приложениям для знакомств.\nПримеры:\nVK Музыка;\nЯндекс.Музыка;\nZaycev.net;\nOkko;\nКиноПоиск;\nRutube;\nVK Play;\nАфиша.\nРодителям\nДневник малыша — режим ребёнка;\nГде мои дети: GPS-трекер 0+;\nКолыбельные стихи;\nСчет до 1000;\nУчимся читать;\nЯ беременна;\nЛогопед — запуск речи.\nСпорт\nМатч.ТВ;\nSports.ru: новости спорта;\nФК Спартак;\nSport24;\nФутбол — новости и результаты;\nGym up — дневник тренировок;\nСчётчик отжиманий.\nСтавки и лотереи\nФонбет — ставки на спорт;\nЛига ставок;\n1хСтавка — ставки на спорт;\nСтолото.\nТранспорт и навигация\n2ГИС;\nЯндекс Карты и Навигатор;\nЯндекс Go;\nСитимобил;\nШтрафы ГИБДД;\nДелимобиль — твой каршеринг;\nЮрент.\nФинансы\nСберБанк с Салютом;\nТинькофф Банк;\nВТБ;\nЛичные финансы;\nКредитный калькулятор;\nФинансы — бюджет, расходы;\nАльфа-Бизнес."
                }
            ]
        },
        {
            "type": "h2",
            "text": "Категории игр​",
            "content": []
        },
        {
            "type": "admonition",
            "admonition_type": "note",
            "title": "примечание",
            "content": [
                {
                    "type": "paragraph",
                    "text": "Для всех игр действуют запреты на: реалистичные сцены жестокости, обилие ненормативной лексики, шокирующий и оскорбительный контент, пропаганду ненависти, насилия или дискриминации в отношении групп людей по этническому, религиозному, половому, возрастному и сексуальному признаку, высказывания клеветнического характера или заявления, оскорбляющие честь и достоинство, иной контент, нарушающий законодательство Российской Федерации.\nАркады\nБегущий шарик;\nTetris;\nДоктор кот;\nКосмический шутер - Пришельцы;\nSimple Snake;\nDino Trex.\nВикторины\nГорода мира - Страны и столицы;\nЗагадки;\nМатематика с Дино;\nКвиз. Викторина-Баттл;\nQuiz Kids;\nTriviaChallenge.\nГоловоломки\nЗабытое Сокровище 2: Три в ряд;\nБесконечные Пазлы: головоломки;\nСортировка шаров;\n2048;\nWobbler.\nГоночные\nАркадная дуэль на катерах;\nХаги Ваги Мотокросс;\nShift Race: Гонки-трансформер;\nKart Race;\nGravity Moto Race;\nTraffic Racer.\nДетские\nИгры для детей. Учим Лунтика;\nМатематика для детей. Фиксики;\nАнглийский для детей. Фиксики;\nПоиск слов для детей;\nРисовалка для детей;\nQuiz Kids.\nКазино\nPoker Games: World Poker Club;\nСлоты игра Fruit paradise;\nFred's Slots;\nPocket Chips: фишки для покера.\nКазуальные\nДачники: Ферма и приключения;\nЗабытое Сокровище 2: Три в ряд;\nШарики: Bubble Breaker;\nЦветные Линии;\nНайди отличия;\nBridge Stick.\nМузыкальные\nAwkt Dash;\nBreakout 3D;\nIce Samurai.\nНастольные и карточные"
                }
            ]
        },
        {
            "type": "admonition",
            "admonition_type": "caution",
            "title": "предупреждение",
            "content": [
                {
                    "type": "paragraph",
                    "text": "Для тотализаторов и азартных игр указывайте категорию Казино.\nПримеры:\nСборник карточных пасьянсов;\nПокер. Онлайн дуэль;\nCлова на лбу - Лоботряс, Шарады, Угадывай слова!;\nШахматы El Vinto;\nRogue Mages : Mystery Card Adventure;\nИмаджинариум.\nПриключения\nБесконечное лето;\nIke Norris;\nАльтернативный Мир;\nNovels: любовные истории\nКаменка - Мистический детектив;\nNevertheless.\nРолевые\nТри Богатыря. RPG приключения;\nWarspear Online (ММОРПГ, РПГ);\nLovecraft`s Untold Stories;\nТанки: Стальной Легион;\nНОЧЬ ОХОТЫ: Три в ряд РПГ;\nDungeons: Пошаговая стратегия;\nЭпоха Возрождения.\nСимуляторы\nРыбалка World of Fishers;\nСимулятор Автобуса 3D;\nТанки: Tank Force;\nBlip Blap;\nНебоскреб Мечты: Новые вершины;\nРазрушение и снос зданий.\nСловесные\nКроссы — кроссворды на русском;\nФилворды — игра в поиск слов;\nУгадай слова;\nЛабиринт слов: найди слова;\nЕжедневные сканворды;\nБУКВА.\nСпортивные\nФутбольный менеджер 2023;\nЭкстремальный Баскетбол. Регдольный данк;\nМини-Бильярд;\nГородки 3d;\nДомино;\nВикторина Футбол России.\nСтратегии\nБуесть: Ярость Севера. RTS & Tower Defence;\nHell Clicker;\nГерои Войны и Денег: Стратегия;\nВ древние времена;\nSuperfarmers：Ферма супергероев;\nRiot Control : Толпа.\nЭкшен\nГлубоководное путешествие;\nZombie Rampage;\nМорской бой онлайн: Force of Warships;\nChefy-Chef;\nJumping Slime : Hero Game;\nShadow Fight 4: Arena.\nШутеры\nWarface: GO;\nКодекс войны: Code of War;\nТанк 3D космос;\nBallistaMan no Archer - лучник;\nMig 2D: Retro Shooter!;\nDefense Turret: Fury.\nПлатные"
                }
            ]
        },
        {
            "type": "admonition",
            "admonition_type": "caution",
            "title": "предупреждение",
            "content": [
                {
                    "type": "paragraph",
                    "text": "Бесплатные игры со встроенной покупкой не относятся к этой категории.\nПримеры:\nRed Ball 3 Premium;\nУчим цвета весело!;\nToo Many Balls! Premium;\nCrossy Snow: Avalanche!;\nОдиссей Космос и его робот;\nСтратегия&Тактика：Средние века.\nУтилиты\nПомощник по настольной игре Гранд-отель «Австрия»;\nCars Mod Minecraft;\nMaster Skins for Minecraft PE;\nW40K Вархаммер Руководство;\nКарта WoW: Все миры;\nИгра в кальмара для Minecraft PE;\nШахматные часы;\nDsoid;\nPPSSPP - PSP эмулятор."
                }
            ]
        }
    ]
}