{
    "meta": {
        "language": "ru",
        "parse_date": "2024-07-06T19:46:39.587576",
        "current_url": "https://www.rustore.ru/help/sdk/payments/react/3-1-0/",
        "doc_section": "sdk"
    },
    "content": [
        {
            "type": "admonition",
            "admonition_type": "unknown",
            "title": "подсказка",
            "content": [
                {
                    "type": "paragraph",
                    "text": "Сценарий работы с платежами описан вгайде (https://rustore.ru/help/guides/payments). Изучите его перед началом работы."
                }
            ]
        },
        {
            "type": "h2",
            "text": "Пример реализации​",
            "content": [
                {
                    "type": "paragraph",
                    "text": "Ознакомьтесь сприложением-примеромчтобы узнать, как правильно интегрировать SDK платежей."
                }
            ]
        },
        {
            "type": "h2",
            "text": "Условия работы платежей​",
            "content": [
                {
                    "type": "paragraph",
                    "text": "На устройстве пользователя установлена актуальная версия RuStore.\nПользователь авторизован в RuStore.\nПользователь и приложение не должны быть заблокированы в RuStore.\nДля приложения включена возможность покупок вКонсоли RuStore (https://console.rustore.ru/)."
                }
            ]
        },
        {
            "type": "admonition",
            "admonition_type": "caution",
            "title": "предупреждение",
            "content": [
                {
                    "type": "paragraph",
                    "text": "Сервис имеет некоторые ограничения на работу за пределами России."
                }
            ]
        },
        {
            "type": "h2",
            "text": "Подготовка к работе​",
            "content": [
                {
                    "type": "paragraph",
                    "text": "Для подключения пакета к проекту выполните следующую команду."
                }
            ]
        },
        {
            "type": "code",
            "text": "// HTTPSnpm install git+https://git@gitflic.ru/project/rustore/react-native-rustore-billing-sdk.git// SSHnpm install git+ssh://git@gitflic.ru/project/rustore/react-native-rustore-billing-sdk.git"
        },
        {
            "type": "h2",
            "text": "Обработка deeplink​",
            "content": [
                {
                    "type": "paragraph",
                    "text": "Для корректной работы оплаты через сторонние приложения (СБП, SberPay и др.) необходимо правильно реализовать обработку deeplink. Укажите вAndroidManifest.xmlintent-filterсschemeвашего проекта (см. ниже)."
                }
            ]
        },
        {
            "type": "code",
            "text": "AndroidManifest.xml<activityandroid:name=\".sample.MainActivity\"><intent-filter><actionandroid:name=\"android.intent.action.MAIN\"/><categoryandroid:name=\"android.intent.category.LAUNCHER\"/></intent-filter><intent-filter><actionandroid:name=\"android.intent.action.VIEW\"/><categoryandroid:name=\"android.intent.category.DEFAULT\"/><categoryandroid:name=\"android.intent.category.BROWSABLE\"/><dataandroid:scheme=\"yourappscheme\"/></intent-filter></activity>"
        },
        {
            "type": "h2",
            "text": "Инициализация​",
            "content": [
                {
                    "type": "paragraph",
                    "text": "Перед вызовом методов библиотеки необходимо выполнить её инициализацию."
                }
            ]
        },
        {
            "type": "code",
            "text": "try{RustoreBillingClient.init({consoleApplicationId:'appId',deeplinkScheme:'scheme',});console.log(initialize success:${result});}catch(err){console.log(initialize err:${err});}",
            "content": [
                {
                    "type": "paragraph",
                    "text": "consoleApplicationId— код приложения из консоли разработчика RuStore (пример:https://console.rustore.ru/apps/123456 (https://console.rustore.ru/apps/123456)).Чтобы получить ID приложения, скопируйте цифры из URL-адреса страницы приложения в RuStore Консоли послеapps/.\ndeeplinkScheme— схема deeplink, необходимая для возврата в ваше приложение после оплаты через стороннее приложение (например, SberPay или СБП). SDK генерирует свой хост к данной схеме."
                }
            ]
        },
        {
            "type": "admonition",
            "admonition_type": "note",
            "title": "примечание",
            "content": []
        },
        {
            "type": "h2",
            "text": "Как работают платежи​",
            "content": []
        },
        {
            "type": "h2",
            "text": "Проверка доступности работы с платежами​",
            "content": [
                {
                    "type": "paragraph",
                    "text": "Во время проверки доступности платежей проверяются следующие условия.\nНа устройстве пользователя установлена актуальная версия RuStore.\nПриложение RuStore поддерживает функциональность платежей.\nПользователь авторизован в RuStore.\nПользователь и приложение не должны быть заблокированы в RuStore.\nДля приложения включена возможность покупок вКонсоли RuStore (https://console.rustore.ru/)."
                }
            ]
        },
        {
            "type": "code",
            "text": "try{constisAvailable=awaitRustoreBillingClient.checkPurchasesAvailability();console.log(available success ${isAvailable});}catch(err){console.log(available error ${err});}"
        },
        {
            "type": "h2",
            "text": "Работа с SDK​",
            "content": []
        },
        {
            "type": "h3",
            "text": "Получение списка продуктов​",
            "content": [
                {
                    "type": "paragraph",
                    "text": "Для получения списка продуктов используйте методRustoreBillingClient.getProducts(productIds)."
                }
            ]
        },
        {
            "type": "code",
            "text": "try{constproducts=awaitRustoreBillingClient.getProducts(productIds);for(constproductofproducts){console.log(product?.productId);}}catch(err){console.log(products err:${err});}"
        },
        {
            "type": "code",
            "text": "interfaceProduct{productId:string;productType?:ProductType;productStatus:ProductStatus;priceLabel?:string;price?:number;currency?:string;language?:string;title?:string;description?:string;imageUrl?:string;promoImageUrl?:string;subscription?:ProductSubscription;}",
            "content": [
                {
                    "type": "paragraph",
                    "text": "productId— идентификатор продукта.\nproductType— тип продукта.\nproductStatus— статус продукта.\npriceLabel— отформатированная цена товара, включая валютный знак на языкеlanguage.\nprice— цена в минимальных единицах (в копейках).\ncurrency— код валюты ISO 4217.\nlanguage— язык, указанный с помощью BCP 47 кодирования.\ntitle— название продукта на языкеlanguage.\ndescription— описание на языкеlanguage.\nimageUrl— ссылка на картинку.\npromoImageUrl— ссылка на промокартинку.\nsubscription— описание подписки, возвращается только для продуктов с типомsubscription."
                }
            ]
        },
        {
            "type": "code",
            "text": "interfaceProductSubscription{subscriptionPeriod?:SubscriptionPeriod;freeTrialPeriod?:SubscriptionPeriod;gracePeriod?:SubscriptionPeriod;introductoryPrice?:string;introductoryPriceAmount?:string;introductoryPricePeriod?:SubscriptionPeriod;}",
            "content": [
                {
                    "type": "paragraph",
                    "text": "subscriptionPeriod— период подписки.\nfreeTrialPeriod— пробный период подписки.\ngracePeriod— льготный период подписки.\nintroductoryPrice— отформатированная вступительная цена подписки, включая знак валюты, на языкеproduct:language.\nintroductoryPriceAmount— вступительная цена в минимальных единицах валюты (в копейках).\nintroductoryPricePeriod— расчётный период вступительной цены."
                }
            ]
        },
        {
            "type": "code",
            "text": "interfaceSubscriptionPeriod{years:number;months:number;days:number;}",
            "content": [
                {
                    "type": "paragraph",
                    "text": "years— количество лет.\nmonths— количество месяцев.\ndays— количество дней."
                }
            ]
        },
        {
            "type": "h3",
            "text": "Покупка продукта​",
            "content": [
                {
                    "type": "paragraph",
                    "text": "Для вызова покупки продукта используйте методRustoreBillingClient.purchaseProduct({...})."
                }
            ]
        },
        {
            "type": "code",
            "text": "try{constresponse=awaitRustoreBillingClient.purchaseProduct({productId:'productId',orderId:'orderId',quantity:0,developerPayload:'developerPayload'});console.log(purchase success:${response});}catch(err){console.log(purchase err:${err});}",
            "content": [
                {
                    "type": "paragraph",
                    "text": "productId— идентификатор продукта.\norderId— уникальный идентификатор оплаты, сформированный приложением (UUID).\nquantity— количество продукта.\ndeveloperPayload— указанная разработчиком строка, содержащая дополнительную информацию о заказе."
                }
            ]
        },
        {
            "type": "code",
            "text": "enumPaymentResult{SUCCESS='SUCCESS',CANCELLED='CANCELLED',FAILURE='FAILURE',}interfaceSuccessPaymentResult{orderId?:string;purchaseId:string;productId:string;invoiceId:string;subscriptionToken?:string;}interfaceSuccessPayment{type:PaymentResult.SUCCESS;result:SuccessPaymentResult;}interfaceCancelledPaymentResult{purchaseId:string;}interfaceCancelledPayment{type:PaymentResult.CANCELLED;result:CancelledPaymentResult;}interfaceFailurePaymentResult{purchaseId?:string;invoiceId?:string;orderId?:string;quantity?:number;productId?:string;errorCode?:number;}interfaceFailurePayment{type:PaymentResult.FAILURE;result:FailurePaymentResult;}",
            "content": [
                {
                    "type": "paragraph",
                    "text": "SuccessPayment- результат успешного завершения покупки цифрового товара.\nFailurePayment- при отправке запроса на оплату или получения статуса оплаты возникла проблема, невозможно установить статус покупки.\nCancelledPayment— запрос на покупку отправлен, при этом пользователь закрыл «платёжную шторку» на своём устройстве, и результат оплаты неизвестен."
                }
            ]
        },
        {
            "type": "h3",
            "text": "Получение списка покупок​",
            "content": [
                {
                    "type": "paragraph",
                    "text": "Метод возвращает только покупки со статусами из таблицы ниже."
                }
            ]
        },
        {
            "type": "table",
            "headers": [
                "Тип/Статус",
                "INVOICE_CREATED",
                "CONFIRMED",
                "PAID"
            ],
            "rows": [
                [
                    {
                        "text": "CONSUMABLE",
                        "links": []
                    },
                    {
                        "text": "+",
                        "links": []
                    },
                    {
                        "text": "",
                        "links": []
                    },
                    {
                        "text": "+",
                        "links": []
                    }
                ],
                [
                    {
                        "text": "NON-CONSUMABLE",
                        "links": []
                    },
                    {
                        "text": "+",
                        "links": []
                    },
                    {
                        "text": "+",
                        "links": []
                    },
                    {
                        "text": "",
                        "links": []
                    }
                ],
                [
                    {
                        "text": "SUBSCRIPTION",
                        "links": []
                    },
                    {
                        "text": "+",
                        "links": []
                    },
                    {
                        "text": "+",
                        "links": []
                    },
                    {
                        "text": "",
                        "links": []
                    }
                ]
            ]
        },
        {
            "type": "admonition",
            "admonition_type": "note",
            "title": "примечание",
            "content": [
                {
                    "type": "paragraph",
                    "text": "Метод возвращает незавершённые состояния покупки и покупки потребляемых товаров, требующих обработки. Помимо этого, он показывает подтверждённые покупки для подписок и непотребляемых товаров — тех, которые нельзя купить повторно.\nДля получения списка покупок пользователя используйте методRustoreBillingClient.getPurchases()."
                }
            ]
        },
        {
            "type": "code",
            "text": "try{constpurchases=awaitRustoreBillingClient.getPurchases();for(constpurchaseofpurchases){console.log(purchase?.purchaseId);}}catch(err){console.log(purchase err:${err});}"
        },
        {
            "type": "code",
            "text": "interfacePurchase{purchaseId?:string;productId:string;productType?:ProductType;invoiceId?:string;description?:string;language?:string;purchaseTime?:string;orderId?:string;amountLabel?:string;amount?:number;currency?:string;quantity?:number;purchaseState?:PurchaseState;developerPayload?:string;subscriptionToken?:string;}",
            "content": [
                {
                    "type": "paragraph",
                    "text": "purchaseId— идентификатор покупки.\nproductId— идентификатор продукта.\nproductType— тип продукта.\ninvoiceId— идентификатор счёта.\ndescription— описание на языкеlanguage.\nlanguage— язык, указанный с помощью BCP 47 кодирования.\npurchaseTime— время покупки.\norderId— уникальный идентификатор оплаты, сформированный приложением (UUID).\namountLable— отформатированная цена покупки, включая валютный знак на языкеlanguage.\namount— цена в минимальных единицах валюты.\ncurrency— код валюты ISO 4217.\nquantity— количество продукта.\npurchaseState— состояние покупки:\ndeveloperPayload— указанная разработчиком строка, содержащая дополнительную информацию о заказе.\nsubscriptionToken— токен для валидации покупки на сервере."
                }
            ]
        },
        {
            "type": "h3",
            "text": "Подтверждение покупки​",
            "content": []
        },
        {
            "type": "h4",
            "text": "Продукты, требующие подтверждения​",
            "content": [
                {
                    "type": "paragraph",
                    "text": "RuStore содержит продукты следующих типов.\nSUBSCRIPTION— подписка (можно купить на период времени, например: подписка в стриминговом сервисе).\nNON_CONSUMABLE— непотребляемый (можно купить один раз, например: отключение рекламы в приложении).\nCONSUMABLE— потребляемый (можно купить много раз, например: кристаллы в приложении)."
                }
            ]
        },
        {
            "type": "h4",
            "text": "Вызов метода подтверждения​",
            "content": []
        },
        {
            "type": "h3",
            "text": "Отмена покупки​",
            "content": [
                {
                    "type": "paragraph",
                    "text": "Для отмены покупки используйте методRustoreBillingClient.deletePurchase(purchaseId)."
                }
            ]
        },
        {
            "type": "code",
            "text": "try{constisDeleted=awaitRustoreBillingClient.deletePurchase(purchaseId)console.log(deletesuccess:${isDeleted});}catch(err){console.log(deleteerr:${err});}",
            "content": [
                {
                    "type": "paragraph",
                    "text": "purchaseId— идентификатор покупки."
                }
            ]
        },
        {
            "type": "admonition",
            "admonition_type": "info",
            "title": "к сведению",
            "content": [
                {
                    "type": "paragraph",
                    "text": "Используйте этот метод, если у вас есть логика, завязанная на удалении покупки. Покупка отменяется автоматически через таймаут в 20 минут, либо при повторной покупке от того же клиента."
                }
            ]
        },
        {
            "type": "h3",
            "text": "Обработка незавершённых платежей​",
            "content": [
                {
                    "type": "paragraph",
                    "text": "Обработка незавершённых платежей производится разработчиком.\nЧтобы подтвердить покупку типаCONSUMABLEи в статусеPAIDвызовите методподтверждения покупки.\nВ случае с отменой покупки при использовании методов обработки платежей учитывайте свой внутренний процесс. У некоторых разработчиков он предусматривает проверки перед потреблением или отменой покупки. В этом случае запросите отдельно статус такой покупки."
                }
            ]
        },
        {
            "type": "admonition",
            "admonition_type": "unknown",
            "title": "подсказка",
            "content": [
                {
                    "type": "paragraph",
                    "text": "Например, если пользователь оплатил товар, который вы по каким-то причинам не можете ему поставить, вызовите методотмены покупки (https://rustore.ru/help#%D0%BE%D1%82%D0%BC%D0%B5%D0%BD%D0%B0-%D0%BF%D0%BE%D0%BA%D1%83%D0%BF%D0%BA%D0%B8)в статусеPAID, чтобы отменить покупку.\nВ случаях, когда методполучения списка покупоквозвращает покупку со статусомINVOICE_CREATEDвы можете использовать методотмены покупки. Например, если не хотите видеть покупку с такими статусами в списке покупок. Делать это самим не обязательно, поскольку RuStore обрабатывает отмену таких покупок на своей стороне."
                }
            ]
        },
        {
            "type": "admonition",
            "admonition_type": "info",
            "title": "к сведению",
            "content": [
                {
                    "type": "paragraph",
                    "text": "Иногда после оплаты через приложение банка (СБП, SberPay, Tinkoff Pay и др.) и при последующем возврате обратно в приложение статус покупки остаётсяINVOICE_CREATED, при этом статус платежа — неуспешная покупка. Это связано с временем обработки покупки на стороне банка. Поэтому разработчику необходимо правильно связать логику получения списка покупок с жизненным циклом экрана.\nАльтернативное решение — отмена покупки в статусеINVOICE_CREATEDтолько через взаимодействие пользователя с приложением. Например, вы можете вынести эту логику в отдельную кнопку."
                }
            ]
        },
        {
            "type": "h2",
            "text": "Обработка ошибок​",
            "content": [
                {
                    "type": "paragraph",
                    "text": "Возможные ошибки\nRuStoreNotInstalledException— на устройстве пользователя не установлен RuStore;\nRuStoreOutdatedException— версия RuStore, установленная на устройстве пользователя, не поддерживает платежи;\nRuStoreUserUnauthorizedException— пользователь не авторизован в RuStore;\nRuStoreRequestLimitReached— с момента последнего отображения процесса прошло слишком мало времени;\nRuStoreReviewExists— этот пользователь уже оценил ваше приложение;\nRuStoreInvalidReviewInfo— проблемы сReviewInfo;\nRuStoreException— базовая ошибка RuStore, от которой наследуются остальные ошибки."
                }
            ]
        }
    ]
}