{
    "meta": {
        "language": "ru",
        "parse_date": "2024-07-06T19:57:33.127217",
        "current_url": "https://www.rustore.ru/help/sdk/rustore-geo/map-display-services/main/",
        "doc_section": "sdk",
        "h1_text": "Сервисы отображения карт"
    },
    "content": [
        {
            "type": "h1",
            "text": "Сервисы отображения карт",
            "content": [
                {
                    "type": "paragraph",
                    "text": "Сервисы отображения карт позволяют встраивать в продукты интерактивную и статичную карту.\nИнтерактивная карта — это сервис, позволяющий встроить на сайт или в приложение карту с возможностью изменения пользователем масштаба, угла и позиции отображения, а также с возможностью добавления на карту средствами JS различных элементов: булавки, линии, выделение необходимых зон и других.\nСтатичная карта — это сервис, позволяющий получить изображение карты с размещёнными на ней булавками в виде изображения формата PNG либо JPG."
                }
            ]
        },
        {
            "type": "table",
            "headers": [
                "Точка вызова",
                "Описание"
            ],
            "rows": [
                [
                    {
                        "text": "",
                        "links": []
                    },
                    {
                        "text": "Интерактивная карта",
                        "links": [
                            {
                                "text": "Интерактивная карта",
                                "url": "https://rustore.ru/help/sdk/rustore-geo/map-display-services/interactive-map/main"
                            }
                        ]
                    }
                ],
                [
                    {
                        "text": "/staticmap",
                        "links": []
                    },
                    {
                        "text": "Статичная карта",
                        "links": [
                            {
                                "text": "Статичная карта",
                                "url": "https://rustore.ru/help/sdk/rustore-geo/map-display-services/static-map"
                            }
                        ]
                    }
                ]
            ]
        }
    ]
}