{
    "meta": {
        "language": "ru",
        "parse_date": "2024-07-06T19:37:55.131521",
        "current_url": "https://www.rustore.ru/help/developers/tools/remote-config/ab-testing/metric-create/",
        "doc_section": "developers",
        "h1_text": "Как создать метрику"
    },
    "content": [
        {
            "type": "h1",
            "text": "Как создать метрику",
            "content": [
                {
                    "type": "paragraph",
                    "text": "Чтобы создать метрику:"
                }
            ]
        },
        {
            "type": "admonition",
            "admonition_type": "caution",
            "title": "предупреждение",
            "content": [
                {
                    "type": "paragraph",
                    "text": "Чтобы работать с метриками, подключитеMyTracker (https://www.rustore.ru/help/developers/tools/remote-config/ab-testing/mytracker-connection/).\nОткройтеRemote Config (https://remote-config.rustore.ru).\nВыберите приложение.\nПерейдите во вкладку «Метрики».\nНажмите «Добавить метрику».\nУкажите название метрики.\nВыберите тип метрики:\nday funnel;\nratio;\nproportion;\nretention;\nhits per uniqs;\nvisits per uniqs.\nДобавьте название события. Оно должно совпадать с указанным вMyTracker (https://docs.tracker.my.com/api/export-api/dictionary/events/#byDevice).\nУкажите параметр для события, созданный в системе MyTracker. Если вы не создавали метрики в MyTracker и не указывали в них параметры, выне сможетеуказать параметр для события."
                }
            ]
        },
        {
            "type": "admonition",
            "admonition_type": "info",
            "title": "к сведению",
            "content": [
                {
                    "type": "paragraph",
                    "text": "Вы можете задать параметр для одного или двух событий.\nЕсли укажете только название параметра, Remote Config проверит, заполнен ли такой параметр у события. Событие попадёт в расчёт метрики, если параметр заполнен.\nЕсли укажете и название, и условие, событие попадёт в расчёт только при соответствии условию."
                }
            ]
        }
    ]
}