{
    "meta": {
        "language": "ru",
        "parse_date": "2024-07-06T19:35:08.767809",
        "current_url": "https://www.rustore.ru/help/developers/monetization/sandbox/",
        "doc_section": "developers",
        "h1_text": "Тестирование платежей: руководство по тестовым платежам в RuStore"
    },
    "content": [
        {
            "type": "h1",
            "text": "Тестирование платежей: руководство по тестовым платежам в RuStore",
            "content": [
                {
                    "type": "paragraph",
                    "text": "Протестируйте платежи по подпискам и платным товарам в мобильном приложении. Процесс покупки в тестовом режиме повторяет обычный платёж, но с использованиемтестовых банковских карт."
                }
            ]
        },
        {
            "type": "admonition",
            "admonition_type": "caution",
            "title": "предупреждение",
            "content": [
                {
                    "type": "paragraph",
                    "text": "Для тестирования платежей приложение должно пройти модерацию.\nХотя бы его первая версия."
                }
            ]
        },
        {
            "type": "h2",
            "text": "Возможности​",
            "content": [
                {
                    "type": "paragraph",
                    "text": "Функция «Тестовые платежи» предоставляет следующие возможности:\nУправление тестовым режимом черезRuStore Консоль (https://console.rustore.ru/sign-in).\nТестирование сценариев оплаты покупок в вашем приложении, которое проводится в изолированной тестовой среде с использованием специальных тестовых карт и без влияния на рабочую версию приложения.\nПросмотр истории тестовых платежей в RuStore Консоль."
                }
            ]
        },
        {
            "type": "h2",
            "text": "Технические особенности​",
            "content": [
                {
                    "type": "paragraph",
                    "text": "Выполнять тестирование можно до публикации версии приложения на всех пользователей.\nВ тестовом режиме можно приобретать те же товары и подписки, которые добавлены в рабочую версию приложения. Публиковать их не обязательно.\nВ тестовом режиме для подписок применяются специальные параметры. Они не зависят от параметров, которые вы выбрали для рабочей версии приложения, и не влияют на них. Эти технические особенности призваны упростить и ускорить тестирование.\nМожно многократно тестировать покупку нерасходуемых товаров. Например, доступ к полной версии приложения или скин в игре. Если вернуть платёж через RuStore Консоль, после этого можно снова совершить покупку в приложении.\nПараметры из следующей таблицы одинаковы для всех подписок в тестовом режиме."
                }
            ]
        },
        {
            "type": "table",
            "headers": [
                "Параметр",
                "Значение"
            ],
            "rows": [
                [
                    {
                        "text": "Максимальное количество списаний по подписке. После выполнения указанного количества списаний подписка автоматически закрывается",
                        "links": []
                    },
                    {
                        "text": "12",
                        "links": []
                    }
                ],
                [
                    {
                        "text": "Период между списаниями по подписке",
                        "links": []
                    },
                    {
                        "text": "10 минут",
                        "links": []
                    }
                ],
                [
                    {
                        "text": "Периодичность сброса бесплатного и стартового периода ( условия покупки подписок с бесплатным и стартовым периодом ). После сброса вы снова сможете приобретать подписку бесплатно или по стартовой цене. Таким образом вы сможете несколько раз тестировать оплату подписки по специальным условиям",
                        "links": [
                            {
                                "text": "условия покупки подписок с бесплатным и стартовым периодом",
                                "url": "https://rustore.ru/help/developers/monetization/create-app-subscription#%D0%B4%D0%BE%D0%BF%D0%BE%D0%BB%D0%BD%D0%B8%D1%82%D0%B5%D0%BB%D1%8C%D0%BD%D1%8B%D0%B5-%D0%BD%D0%B0%D1%81%D1%82%D1%80%D0%BE%D0%B9%D0%BA%D0%B8"
                            }
                        ]
                    },
                    {
                        "text": "Каждые 3 часа",
                        "links": []
                    }
                ]
            ]
        },
        {
            "type": "h2",
            "text": "Ограничения​",
            "content": [
                {
                    "type": "paragraph",
                    "text": "Только владелец может тестировать приложение, и только у него есть доступ к «Тестовым платежам». Мы работаем над возможностью добавлять других тестировщиков.\nТестирование покупки платного приложения в магазине RuStore недоступно.\nВ мобильном приложении RuStore не отображается история тестовых покупок и тестовые подписки. Это означает, что тестовые подписки нельзя отменить и возобновить.\nОплата тестовых покупок производится только тестовыми банковскими картами."
                }
            ]
        },
        {
            "type": "h2",
            "text": "В этом разделе​",
            "content": [
                {
                    "type": "paragraph",
                    "text": "Включение тестового режима (https://rustore.ru/help/developers/monetization/sandbox/enable-test-mode)\nТестирование платежей (https://rustore.ru/help/developers/monetization/sandbox/testing)\nОтключение тестового режима (https://rustore.ru/help/developers/monetization/sandbox/disable-test-mode)\nТестовые банковские карты (https://rustore.ru/help/developers/monetization/sandbox/test-bank-cards)"
                }
            ]
        }
    ]
}