{
    "meta": {
        "language": "ru",
        "parse_date": "2024-07-06T19:45:35.379699",
        "current_url": "https://www.rustore.ru/help/sdk/payments/unity/5-0-2/",
        "doc_section": "sdk"
    },
    "content": [
        {
            "type": "admonition",
            "admonition_type": "unknown",
            "title": "подсказка",
            "content": [
                {
                    "type": "paragraph",
                    "text": "Сценарий работы с платежами описан вгайде (https://rustore.ru/help/guides/payments). Изучите его перед началом работы."
                }
            ]
        },
        {
            "type": "h2",
            "text": "Пример реализации​",
            "content": [
                {
                    "type": "paragraph",
                    "text": "Ознакомьтесь сприложением-примером, чтобы узнать, как правильно интегрировать SDK платежей."
                }
            ]
        },
        {
            "type": "h2",
            "text": "Условия работы платежей​",
            "content": [
                {
                    "type": "paragraph",
                    "text": "На устройстве пользователя установлена актуальная версия RuStore.\nПользователь авторизован в RuStore.\nПользователь и приложение не должны быть заблокированы в RuStore.\nДля приложения включена возможность покупок вКонсоли RuStore (https://console.rustore.ru/)."
                }
            ]
        },
        {
            "type": "admonition",
            "admonition_type": "caution",
            "title": "предупреждение",
            "content": [
                {
                    "type": "paragraph",
                    "text": "Сервис имеет некоторые ограничения на работу за пределами России."
                }
            ]
        },
        {
            "type": "h2",
            "text": "Подготовка к работе​",
            "content": [
                {
                    "type": "paragraph",
                    "text": "Для подключения скачайтеRuStore Billing SDKи импортируйте его в проект (Assets > Import Package > Custom Package). Зависимости подключаются автоматически с помощьюExternal Dependency Manager(включен в SDK)."
                }
            ]
        },
        {
            "type": "admonition",
            "admonition_type": "unknown",
            "title": "подсказка",
            "content": [
                {
                    "type": "paragraph",
                    "text": "Если вы используете операционную систему macOS, измените настройки утилиты архивации. В настройках Archive Utility снимите флажокKeep expanding if possible. В противном случае архив проекта будет скачан некорректно.\nТакже вы можете склонировать код с помощью Git.\nДля корректной обработки зависимостей SDK установите следующие настройки.\nEdit > Project Settings > Player Settings > Publishing Settings, включитеCustom Main Gradle TemplateиCustom Gradle Properties Template.\nAssets > External Dependencies Manager > Android Resolver > Settings, включитеUse Jetifier,PatchmainTemplate.gradle,PatchgradleTemplate.properties."
                }
            ]
        },
        {
            "type": "h2",
            "text": "Инициализация​",
            "content": [
                {
                    "type": "paragraph",
                    "text": "Перед вызовом методов библиотеки необходимо выполнить её инициализацию.\nВыберите в меню редактора пунктWindow > RuStoreSDK > Settings > Billing Client.\nRuStoreBillingClient.Instance.Init();\nЕсли требуется инициализация с другими настройками, есть возможность передать их непосредственно из кода."
                }
            ]
        },
        {
            "type": "code",
            "text": "varconfig=newRuStoreBillingClientConfig(){consoleApplicationId=\"11111\",deeplinkPrefix=\"yourappscheme\",allowNativeErrorHandling=true,enableLogs=true};RuStoreBillingClient.Instance.Init(config);",
            "content": [
                {
                    "type": "paragraph",
                    "text": "consoleApplicationId— код приложения из консоли разработчика RuStore (пример:https://console.rustore.ru/apps/123456 (https://console.rustore.ru/apps/123456)).Чтобы получить ID приложения, скопируйте цифры из URL-адреса страницы приложения в RuStore Консоли послеapps/.\ndeeplinkPrefix— URL-адрес для использования deeplink. В качестве названия может быть использовано любое уникальное имя (пример: yourappscheme).\nallowNativeErrorHandling— разрешить обработку ошибок в нативном SDK (см. подробнее в разделеОбработка ошибок (https://rustore.ru/help#обработка-ошибок)).\nenableLogs— включить ведение журнала событий."
                }
            ]
        },
        {
            "type": "admonition",
            "admonition_type": "note",
            "title": "примечание",
            "content": [
                {
                    "type": "paragraph",
                    "text": "Если вам нужно проверить факт инициализации библиотеки, используйте свойствоRuStoreBillingClient.Instance.isInitialized— его значениеtrue, если библиотека инициализирована, иfalse, еслиInitеще не был вызван.\nvar isInitialized = RuStoreBillingClient.Instance.IsIninialized;"
                }
            ]
        },
        {
            "type": "h2",
            "text": "Обработка deeplink​",
            "content": [
                {
                    "type": "paragraph",
                    "text": "Для корректной работы оплаты через сторонние приложения (СБП, SberPay и др.) необходимо правильно реализовать обработку deeplink. Укажите вAndroidManifest.xmlintent-filterсschemeвашего проекта (см. ниже)."
                }
            ]
        },
        {
            "type": "code",
            "text": "AndroidManifest.xml<activityandroid:name=\"ru.rustore.unitysdk.RuStoreUnityActivity\"android:theme=\"@style/UnityThemeSelector\"android:exported=\"true\"><intent-filter><actionandroid:name=\"android.intent.action.MAIN\"/><categoryandroid:name=\"android.intent.category.LAUNCHER\"/></intent-filter><intent-filter><actionandroid:name=\"android.intent.action.VIEW\"/><categoryandroid:name=\"android.intent.category.DEFAULT\"/><categoryandroid:name=\"android.intent.category.BROWSABLE\"/><dataandroid:scheme=\"yourappscheme\"/></intent-filter></activity>"
        },
        {
            "type": "code",
            "text": "packageru.rustore.unitysdk;importandroid.os.Bundle;importandroid.content.Intent;importru.rustore.unitysdk.billingclient.RuStoreUnityBillingClient;importcom.unity3d.player.UnityPlayerActivity;publicclassRuStoreUnityActivityextendsUnityPlayerActivity{@OverrideprotectedvoidonCreate(BundlesavedInstanceState){super.onCreate(savedInstanceState);if(savedInstanceState==null){RuStoreUnityBillingClient.onNewIntent(getIntent());}}@OverrideprotectedvoidonNewIntent(Intentintent){super.onNewIntent(intent);RuStoreUnityBillingClient.onNewIntent(intent);}}"
        },
        {
            "type": "h2",
            "text": "Как работают платежи​",
            "content": []
        },
        {
            "type": "h2",
            "text": "Проверка доступности работы с платежами​",
            "content": [
                {
                    "type": "paragraph",
                    "text": "Все возможные ошибкиRuStoreExceptionописаны в разделеОбработка ошибок. Прочие ошибки возвращаются вonFailure."
                }
            ]
        },
        {
            "type": "code",
            "text": "RuStoreBillingClient.Instance.CheckPurchasesAvailability(onFailure:(error)=>{// Process error},onSuccess:(response)=>{if(response.isAvailable){// Process purchases available}else{// Process purchases unavailable}});"
        },
        {
            "type": "h2",
            "text": "Работа с SDK​",
            "content": []
        },
        {
            "type": "h3",
            "text": "Получение списка продуктов​",
            "content": [
                {
                    "type": "paragraph",
                    "text": "Для получения списка продуктов используйте методGetProducts."
                }
            ]
        },
        {
            "type": "code",
            "text": "RuStoreBillingClient.Instance.GetProducts(productIds,onFailure:(error)=>{// Process error},onSuccess:(response)=>{// Process response});"
        },
        {
            "type": "code",
            "text": "publicclassProduct{publicenumProductStatus{ACTIVE,INACTIVE}publicenumProductType{NON_CONSUMABLE,CONSUMABLE,SUBSCRIPTION}publicstring productId;publicProductTypeproductType;publicProductStatusproductStatus;publicstring priceLabel;publicint price;publicstring currency;publicstring language;publicstring title;publicstring description;publicstring imageUrl;publicstring promoImageUrl;publicProductSubscriptionsubscription;}",
            "content": [
                {
                    "type": "paragraph",
                    "text": "productId— идентификатор продукта.\nproductType— тип продукта.\nproductStatus— статус продукта.\npriceLable— отформатированная цена товара, включая валютный знак на языкеlanguage.\nprice— цена в минимальных единицах (в копейках).\ncurrency— код валюты ISO 4217.\nlanguage— язык, указанный с помощью BCP 47 кодирования.\ntitle— название продукта на языкеlanguage.\ndescription— описание на языкеlanguage.\nimageUrl— ссылка на картинку.\npromoImageUrl— ссылка на промокартинку.\nsubscription— описание подписки, возвращается только для продуктов с типомsubscription."
                }
            ]
        },
        {
            "type": "code",
            "text": "publicclassProductSubscription{publicSubscriptionPeriodsubscriptionPeriod;publicSubscriptionPeriodfreeTrialPeriod;publicSubscriptionPeriodgracePeriod;publicstring introductoryPrice;publicstring introductoryPriceAmount;publicSubscriptionPeriodintroductoryPricePeriod;}",
            "content": [
                {
                    "type": "paragraph",
                    "text": "subscriptionPeriod— период подписки.\nfreeTrialPeriod— пробный период подписки.\ngracePeriod— льготный период подписки.\nintroductoryPrice— отформатированная вступительная цена подписки, включая знак валюты, на языкеproduct:language.\nintroductoryPriceAmount— вступительная цена в минимальных единицах валюты (в копейках).\nintroductoryPricePeriod— расчётный период вступительной цены."
                }
            ]
        },
        {
            "type": "code",
            "text": "publicclassSubscriptionPeriod{publicint years;publicint months;publicint days;}",
            "content": [
                {
                    "type": "paragraph",
                    "text": "years— количество лет.\nmonths— количество месяцев.\ndays— количество дней."
                }
            ]
        },
        {
            "type": "h3",
            "text": "Получение списка покупок​",
            "content": [
                {
                    "type": "paragraph",
                    "text": "Метод возвращает только покупки со статусами из таблицы ниже. Подробнее о других возможных состояниях покупки смотрите в разделеПолучение сведений о покупке."
                }
            ]
        },
        {
            "type": "table",
            "headers": [
                "Тип/Статус",
                "INVOICE_CREATED",
                "CONFIRMED",
                "PAID",
                "PAUSED"
            ],
            "rows": [
                [
                    {
                        "text": "consumable",
                        "links": []
                    },
                    {
                        "text": "+",
                        "links": []
                    },
                    {
                        "text": "",
                        "links": []
                    },
                    {
                        "text": "+",
                        "links": []
                    },
                    {
                        "text": "",
                        "links": []
                    }
                ],
                [
                    {
                        "text": "non-consumable",
                        "links": []
                    },
                    {
                        "text": "+",
                        "links": []
                    },
                    {
                        "text": "+",
                        "links": []
                    },
                    {
                        "text": "",
                        "links": []
                    },
                    {
                        "text": "",
                        "links": []
                    }
                ],
                [
                    {
                        "text": "subscription",
                        "links": []
                    },
                    {
                        "text": "+",
                        "links": []
                    },
                    {
                        "text": "+",
                        "links": []
                    },
                    {
                        "text": "",
                        "links": []
                    },
                    {
                        "text": "+",
                        "links": []
                    }
                ]
            ]
        },
        {
            "type": "admonition",
            "admonition_type": "note",
            "title": "примечание",
            "content": [
                {
                    "type": "paragraph",
                    "text": "Метод возвращает незавершённые состояния покупки и покупки потребляемых товаров, требующих обработки. Помимо этого, он показывает подтверждённые покупки для подписок и непотребляемых товаров — тех, которые нельзя купить повторно.\nДля получения списка покупок пользователя используйте методGetPurchases."
                }
            ]
        },
        {
            "type": "code",
            "text": "RuStoreBillingClient.Instance.GetPurchases(onFailure:(error)=>{// Process error},onSuccess:(response)=>{// Process response});"
        },
        {
            "type": "code",
            "text": "publicclassPurchase{publicenumPurchaseState{CREATED,INVOICE_CREATED,CONFIRMED,PAID,CANCELLED,CONSUMED,CLOSED,PAUSED,TERMINATED}publicstring purchaseId;publicstring productId;publicProduct.ProductTypeproductType;publicstring description;publicstring invoiceId;publicstring language;publicDateTimepurchaseTime;publicstring orderId;publicstring amountLabel;publicint amount;publicstring currency;publicint quantity;publicPurchaseStatepurchaseState;publicstring developerPayload;publicstring subscriptionToken;}",
            "content": [
                {
                    "type": "paragraph",
                    "text": "purchaseId— идентификатор покупки.\nproductId— идентификатор продукта.\ndescription— описание на языкеlanguage.\ninvoiceId— идентификатор счёта.\nlanguage— язык, указанный с помощью BCP 47 кодирования.\npurchaseTime— время покупки.\norderId— уникальный идентификатор оплаты, сформированный приложением (UUID).\namountLable— отформатированная цена покупки, включая валютный знак на языкеlanguage.\namount— цена в минимальных единицах валюты.\ncurrency— код валюты ISO 4217.\nquantity— количество продукта.\npurchaseState— состояние покупки:\ndeveloperPayload— указанная разработчиком строка, содержащая дополнительную информацию о заказе.\nsubscriptionToken— токен для валидации покупки на сервере."
                }
            ]
        },
        {
            "type": "h3",
            "text": "Получение сведений о покупке​",
            "content": []
        },
        {
            "type": "code",
            "text": "RuStoreBillingClient.Instance.GetPurchaseInfo(purchaseId:\"purchaseId\",onFailure:(error)=>{// Process error},onSuccess:(response)=>{// Process response});"
        },
        {
            "type": "code",
            "text": "publicclassPurchase{publicenumPurchaseState{CREATED,INVOICE_CREATED,CONFIRMED,PAID,CANCELLED,CONSUMED,CLOSED}publicstring purchaseId;publicstring productId;publicProduct.ProductTypeproductType;publicstring description;publicstring invoiceId;publicstring language;publicDateTimepurchaseTime;publicstring orderId;publicstring amountLabel;publicint amount;publicstring currency;publicint quantity;publicPurchaseStatepurchaseState;publicstring developerPayload;publicstring subscriptionToken;}",
            "content": [
                {
                    "type": "paragraph",
                    "text": "purchaseId— идентификатор покупки.\nproductId— идентификатор продукта.\ndescription— описание на языкеlanguage.\ninvoiceId— идентификатор счёта.\nlanguage— язык, указанный с помощью BCP 47 кодирования.\npurchaseTime— время покупки.\norderId— уникальный идентификатор оплаты, сформированный приложением (UUID).\namountLable— отформатированная цена покупки, включая валютный знак на языкеlanguage.\namount— цена в минимальных единицах валюты.\ncurrency— код валюты ISO 4217.\nquantity— количество продукта.\npurchaseState— состояние покупки:\ndeveloperPayload— указанная разработчиком строка, содержащая дополнительную информацию о заказе.\nsubscriptionToken— токен для валидации покупки на сервере."
                }
            ]
        },
        {
            "type": "h3",
            "text": "Валидация покупок на сервере​",
            "content": [
                {
                    "type": "paragraph",
                    "text": "Если вам необходимо произвести валидацию успешной покупки на сервере методамиAPI RuStore, вы можете использоватьsubscriptionTokenвPurchaseResult, возвращаемойpurchaseProductпри успешной покупке продукта.\nSubscriptionTokenсостоит изinvoiceIdпокупки иuserId, записанных через точку:$invoiceId.$userId."
                }
            ]
        },
        {
            "type": "code",
            "text": "RuStoreBillingClient.Instance.PurchaseProduct(productId:productId,developerPayload:\"test payload\",onFailure:(error)=>{// process error},onSuccess:(paymentResult)=>{if(paymentResult isPaymentResult.Success){val subscriptionToken=paymentResult.subscriptionTokenyourApi.validate(subscriptionToken)}});"
        },
        {
            "type": "code",
            "text": "RuStoreBillingClient.Instance.GetPurchases(onFailure:(error)=>{// process error},onSuccess:(purchaseList)=>{foreach(varpurchaseinpurchaseList){varsubscriptionToken=purchase.subscriptionTokenyourApi.validate(subscriptionToken)}});"
        },
        {
            "type": "h3",
            "text": "Покупка продукта​",
            "content": [
                {
                    "type": "paragraph",
                    "text": "Для вызова покупки продукта используйте методPurchaseProduct."
                }
            ]
        },
        {
            "type": "code",
            "text": "RuStoreBillingClient.Instance.PurchaseProduct(productId:productId,quantity:1,developerPayload:\"your payload\",onFailure:(error)=>{// process error},onSuccess:(result)=>{// process result});",
            "content": [
                {
                    "type": "paragraph",
                    "text": "productId: String— идентификатор продукта.\norderId: String— уникальный идентификатор оплаты, сформированный приложением (UUID).\nquantity: Int— количество продукта.\ndeveloperPayload— указанная разработчиком строка, содержащая дополнительную информацию о заказе."
                }
            ]
        },
        {
            "type": "code",
            "text": "publicclassPaymentResult{}publicclassPaymentSuccess:PaymentResult{publicstring orderId;publicstring purchaseId;publicstring productId;publicstring invoiceId;publicstring subscriptionToken;}publicclassPaymentCancelled:PaymentResult{publicstring purchaseId;}publicclassPaymentFailure:PaymentResult{publicstring purchaseId;publicstring invoiceId;publicstring orderId;publicint quantity;publicstring productId;publicint errorCode;}publicclassInvalidPaymentState:PaymentResult{}",
            "content": [
                {
                    "type": "paragraph",
                    "text": "PaymentSuccess- результат успешного завершения покупки цифрового товара.\nPaymentFailure- при отправке запроса на оплату или получения статуса оплаты возникла проблема, невозможно установить статус покупки.\nPaymentCancelled— запрос на покупку отправлен, при этом пользователь закрыл «платёжную шторку» на своём устройстве, и результат оплаты неизвестен.\nInvalidPaymentState— ошибка работы SDK платежей. Может возникнуть, в случае некорректного обратного deeplink."
                }
            ]
        },
        {
            "type": "h3",
            "text": "Подтверждение покупки​",
            "content": []
        },
        {
            "type": "h4",
            "text": "Продукты, требующие подтверждения​",
            "content": [
                {
                    "type": "paragraph",
                    "text": "RuStore содержит продукты следующих типов.\nSUBSCRIPTION— подписка (можно купить на период времени, например: подписка в стриминговом сервисе).\nNON_CONSUMABLE— непотребляемый (можно купить один раз, например: отключение рекламы в приложении).\nCONSUMABLE— потребляемый (можно купить много раз, например: кристаллы в приложении)."
                }
            ]
        },
        {
            "type": "h4",
            "text": "Вызов метода подтверждения​",
            "content": [
                {
                    "type": "paragraph",
                    "text": ""
                }
            ]
        },
        {
            "type": "code",
            "text": "RuStoreBillingClient.Instance.ConfirmPurchase(purchaseId:\"purchaseId\",onFailure:(error)=>{// Process error},onSuccess:()=>{// Process success});",
            "content": [
                {
                    "type": "paragraph",
                    "text": "purchaseId— идентификатор покупки."
                }
            ]
        },
        {
            "type": "h3",
            "text": "Отмена покупки​",
            "content": [
                {
                    "type": "paragraph",
                    "text": "Для отмены покупки используйте методDeletePurchase."
                }
            ]
        },
        {
            "type": "code",
            "text": "RuStoreBillingClient.Instance.DeletePurchase(purchaseId:\"purchaseId\",onFailure:(error)=>{// Process error},onSuccess:()=>{// Process success});",
            "content": [
                {
                    "type": "paragraph",
                    "text": "purchaseId— идентификатор покупки."
                }
            ]
        },
        {
            "type": "admonition",
            "admonition_type": "info",
            "title": "к сведению",
            "content": [
                {
                    "type": "paragraph",
                    "text": "Используйте этот метод, если у вас есть логика, завязанная на удалении покупки. Покупка отменяется автоматически через таймаут в 20 минут, либо при повторной покупке от того же клиента."
                }
            ]
        },
        {
            "type": "h3",
            "text": "Обработка незавершённых платежей​",
            "content": [
                {
                    "type": "paragraph",
                    "text": "Обработка незавершённых платежей производится разработчиком.\nЧтобы подтвердить покупку типаCONSUMABLEи в статусеPAIDвызовите методподтверждения покупки(см.Получение сведений о покупке).\nВ случае с отменой покупки при использовании методов обработки платежей учитывайте свой внутренний процесс. У некоторых разработчиков он предусматривает проверки перед потреблением или отменой покупки. В этом случае запросите отдельно статус такой покупки."
                }
            ]
        },
        {
            "type": "admonition",
            "admonition_type": "unknown",
            "title": "подсказка",
            "content": [
                {
                    "type": "paragraph",
                    "text": "Например, если пользователь оплатил товар, который вы по каким-то причинам не можете ему поставить, вызовите методотмены покупки (https://rustore.ru/help#%D0%BE%D1%82%D0%BC%D0%B5%D0%BD%D0%B0-%D0%BF%D0%BE%D0%BA%D1%83%D0%BF%D0%BA%D0%B8)в статусеPAID, чтобы отменить покупку.\nВ случаях, когда методполучения списка покупоквозвращает покупку со статусомINVOICE_CREATEDвы можете использовать методотмены покупки. Например, если не хотите видеть покупку с такими статусами в списке покупок. Делать это самим не обязательно, поскольку RuStore обрабатывает отмену таких покупок на своей стороне."
                }
            ]
        },
        {
            "type": "admonition",
            "admonition_type": "info",
            "title": "к сведению",
            "content": [
                {
                    "type": "paragraph",
                    "text": "Иногда после оплаты через приложение банка (СБП, SberPay, Tinkoff Pay и др.) и при последующем возврате обратно в приложение статус покупки остаётсяINVOICE_CREATED, при этом статус платежа — неуспешная покупка. Это связано с временем обработки покупки на стороне банка. Поэтому разработчику необходимо правильно связать логику получения списка покупок с жизненным циклом экрана.\nАльтернативное решение — отмена покупки в статусеINVOICE_CREATEDтолько через взаимодействие пользователя с приложением. Например, вы можете вынести эту логику в отдельную кнопку."
                }
            ]
        },
        {
            "type": "h2",
            "text": "Смена темы интерфейса​",
            "content": [
                {
                    "type": "paragraph",
                    "text": "SDK поддерживает динамическую смены темы через интерфейс провайдераBillingClientThemeProvider.\nПолучить текущую тему интерфейса можно с помощью методаGetTheme()."
                }
            ]
        },
        {
            "type": "code",
            "text": "RuStoreBillingClient.Instance.GetTheme()"
        },
        {
            "type": "code",
            "text": "RuStoreBillingClient.Instance.SetTheme(BillingClientTheme.Dark)"
        },
        {
            "type": "code",
            "text": "publicenumBillingClientTheme{Dark,Light,}"
        },
        {
            "type": "h2",
            "text": "Обработка ошибок​",
            "content": [
                {
                    "type": "paragraph",
                    "text": "Возможные ошибки\nRuStoreNotInstalledException— на устройстве пользователя не установлен RuStore;\nRuStoreOutdatedException— версия RuStore, установленная на устройстве пользователя, не поддерживает платежи;\nRuStoreUserUnauthorizedException— пользователь не авторизован в RuStore;\nRuStoreRequestLimitReached— с момента последнего отображения процесса прошло слишком мало времени;\nRuStoreReviewExists— этот пользователь уже оценил ваше приложение;\nRuStoreInvalidReviewInfo— проблемы сReviewInfo;\nRuStoreException— базовая ошибка RuStore, от которой наследуются остальные ошибки."
                }
            ]
        },
        {
            "type": "code",
            "text": "publicclassRuStoreError{publicstring name;publicstring description;}",
            "content": [
                {
                    "type": "paragraph",
                    "text": "name– имя ошибки.\ndescription– описание ошибки."
                }
            ]
        },
        {
            "type": "code",
            "text": "publicfunRuStoreException.resolveForBilling(context:Context)"
        },
        {
            "type": "code",
            "text": "RuStoreBillingClient.Instance.AllowNativeErrorHandling=false;"
        }
    ]
}