{
    "meta": {
        "language": "ru",
        "parse_date": "2024-07-06T20:10:06.657804",
        "current_url": "https://www.rustore.ru/help/work-with-rustore-api/api-subscription-payment/api-token-substatus-method/",
        "doc_section": "",
        "h1_text": "Получение статуса подписки"
    },
    "content": [
        {
            "type": "h1",
            "text": "Получение статуса подписки",
            "content": [
                {
                    "type": "paragraph",
                    "text": "Метод позволяет получить информацию о статусе подписки по токену подписки."
                }
            ]
        },
        {
            "type": "admonition",
            "admonition_type": "unknown",
            "title": "подсказка",
            "content": [
                {
                    "type": "paragraph",
                    "text": "Сценарий работы с платежами описан вгайде (https://rustore.ru/help/guides/payments). Изучите его перед началом работы."
                }
            ]
        },
        {
            "type": "h2",
            "text": "Параметры взаимодействия​",
            "content": [
                {
                    "type": "paragraph",
                    "text": "Для реальных подписок:"
                }
            ]
        },
        {
            "type": "code",
            "text": "GEThttps://public-api.rustore.ru/public/subscription/{subscriptionToken}/state"
        },
        {
            "type": "code",
            "text": "GEThttps://public-api.rustore.ru/public/sandbox/subscription/{subscriptionToken}/state"
        },
        {
            "type": "table",
            "headers": [
                "Атрибут",
                "Тип",
                "Описание",
                "Обязательность",
                "Расположение",
                "Пример"
            ],
            "rows": [
                [
                    {
                        "text": "Public-Token",
                        "links": []
                    },
                    {
                        "text": "string",
                        "links": []
                    },
                    {
                        "text": "Jwe-токен авторизации в Public API Rustore. Как получить токен авторизации .",
                        "links": [
                            {
                                "text": "Как получить токен авторизации",
                                "url": "https://rustore.ru/help/work-with-rustore-api/api-authorization-token/"
                            }
                        ]
                    },
                    {
                        "text": "Да",
                        "links": []
                    },
                    {
                        "text": "header",
                        "links": []
                    },
                    {
                        "text": "N/A",
                        "links": []
                    }
                ],
                [
                    {
                        "text": "subscriptionToken",
                        "links": []
                    },
                    {
                        "text": "string",
                        "links": []
                    },
                    {
                        "text": "Как получить токен подписки, см. документацию по SDK платежей .",
                        "links": [
                            {
                                "text": "документацию по SDK платежей",
                                "url": "https://rustore.ru/help/sdk/payments"
                            }
                        ]
                    },
                    {
                        "text": "Да",
                        "links": []
                    },
                    {
                        "text": "path",
                        "links": []
                    },
                    {
                        "text": "111.123",
                        "links": []
                    }
                ]
            ]
        },
        {
            "type": "h2",
            "text": "Параметры ответа​",
            "content": []
        },
        {
            "type": "table",
            "headers": [
                "Атрибут",
                "Тип",
                "Описание",
                "Обязательность",
                "Расположение",
                "Пример"
            ],
            "rows": [
                [
                    {
                        "text": "code",
                        "links": []
                    },
                    {
                        "text": "string",
                        "links": []
                    },
                    {
                        "text": "Код ответа.",
                        "links": []
                    },
                    {
                        "text": "Да",
                        "links": []
                    },
                    {
                        "text": "body",
                        "links": []
                    },
                    {
                        "text": "• ОК ; • ERROR ; • BAD_REQUEST ; • NOT_FOUND .",
                        "links": []
                    }
                ],
                [
                    {
                        "text": "message",
                        "links": []
                    },
                    {
                        "text": "string",
                        "links": []
                    },
                    {
                        "text": "Расшифровка кода ответа.",
                        "links": []
                    },
                    {
                        "text": "Нет",
                        "links": []
                    },
                    {
                        "text": "body",
                        "links": []
                    },
                    {
                        "text": "Jwe token is expired",
                        "links": []
                    }
                ],
                [
                    {
                        "text": "body{}",
                        "links": [
                            {
                                "text": "body{}",
                                "url": "https://rustore.ru/help#body"
                            }
                        ]
                    },
                    {
                        "text": "object",
                        "links": []
                    },
                    {
                        "text": "Тело ответа",
                        "links": []
                    },
                    {
                        "text": "Нет",
                        "links": []
                    },
                    {
                        "text": "body",
                        "links": []
                    },
                    {
                        "text": "N/A",
                        "links": []
                    }
                ],
                [
                    {
                        "text": "timestamp",
                        "links": []
                    },
                    {
                        "text": "string",
                        "links": []
                    },
                    {
                        "text": "Время ответа.",
                        "links": []
                    },
                    {
                        "text": "Да",
                        "links": []
                    },
                    {
                        "text": "body",
                        "links": []
                    },
                    {
                        "text": "2023-08-02T10:11:04.655684723+03:00",
                        "links": []
                    }
                ]
            ]
        },
        {
            "type": "h3",
            "text": "body{}​",
            "content": []
        },
        {
            "type": "table",
            "headers": [
                "Атрибут",
                "Тип",
                "Описание",
                "Обязательность",
                "Расположение",
                "Пример"
            ],
            "rows": [
                [
                    {
                        "text": "is_active",
                        "links": []
                    },
                    {
                        "text": "boolean",
                        "links": []
                    },
                    {
                        "text": "Флаг активности подписки. Вычисляется по статусу подписки: • true — подписка активна, в одном из периодов: PROMO , START , STANDARD , GRACE ; • false — подписка неактивна: в HOLD -периоде или завершилась.",
                        "links": []
                    },
                    {
                        "text": "Да",
                        "links": []
                    },
                    {
                        "text": "body.body",
                        "links": []
                    },
                    {
                        "text": "true",
                        "links": []
                    }
                ]
            ]
        },
        {
            "type": "h2",
            "text": "Пример успешного ответа​",
            "content": []
        },
        {
            "type": "code",
            "text": "{\"code\": \"OK\",\"message\": null,\"body\":{\"is_active\": true},\"timestamp\": \"2024-01-21T14:08:33.548812228+03:00\"}"
        },
        {
            "type": "h2",
            "text": "Пример ответа с ошибкой​",
            "content": []
        },
        {
            "type": "code",
            "text": "{\"code\": \"ERROR\",\"message\": \"Jwe token is expired\",\"body\": null,\"timestamp\": \"2024-01-21T13:51:59.654427798+03:00\"}"
        },
        {
            "type": "h2",
            "text": "Валидация запроса​",
            "content": [
                {
                    "type": "paragraph",
                    "text": "При получении запроса проверяется токен авторизации, полученный методомполучения токена авторизации:\nвладелец и/или приложение не должны быть заблокированы;\nтокен должен быть действительным;\nподписка приобретена в приложении, владельцем которого является компания, получившая токен доступа к Public API."
                }
            ]
        }
    ]
}