{
    "meta": {
        "language": "ru",
        "parse_date": "2024-07-06T19:50:31.144570",
        "current_url": "https://www.rustore.ru/help/sdk/push-notifications/unreal/history/",
        "doc_section": "sdk",
        "h1_text": "История обновлений"
    },
    "content": [
        {
            "type": "h1",
            "text": "История обновлений",
            "content": []
        },
        {
            "type": "h2",
            "text": "Версия 2.0.0​",
            "content": [
                {
                    "type": "paragraph",
                    "text": "Версия SDK push 2.+."
                }
            ]
        },
        {
            "type": "h2",
            "text": "Версия 1.4.0​",
            "content": [
                {
                    "type": "paragraph",
                    "text": "Версия SDK push 1.+.\nВ репозитрий добавлен исходный код *.aar пакетов плагинов."
                }
            ]
        },
        {
            "type": "h2",
            "text": "Версия 1.2.0​",
            "content": [
                {
                    "type": "paragraph",
                    "text": "Версия SDK push 1.2.0.\nДобавлен функционал сегментов."
                }
            ]
        },
        {
            "type": "h2",
            "text": "Версия  1.0.0​",
            "content": [
                {
                    "type": "paragraph",
                    "text": "Версия SDK push 1.0.0."
                }
            ]
        }
    ]
}