{
    "meta": {
        "language": "ru",
        "parse_date": "2024-07-06T19:56:51.091333",
        "current_url": "https://www.rustore.ru/help/sdk/rustore-geo/general/access-services/",
        "doc_section": "sdk",
        "h1_text": "Доступ к сервисам"
    },
    "content": [
        {
            "type": "h1",
            "text": "Доступ к сервисам",
            "content": [
                {
                    "type": "paragraph",
                    "text": "Для использования продуктов RuStore Geo вы должны использовать действительный ключ доступа, который однозначно идентифицирует клиента. Ключ доступа используется в ваших веб и мобильных продуктах при обращении к геосервисам, а также используется для отслеживания запросов к продуктам RuStore Geo, которые связаны с вашим проектом.\nВсе продукты RuStore Geo доступны по адресуhttps://geo.rustore.ru/— для доступа к необходимому сервису необходимо указать в адресе его версию, имя, ваш ключ доступа и тело запроса."
                }
            ]
        },
        {
            "type": "admonition",
            "admonition_type": "info",
            "title": "к сведению",
            "content": [
                {
                    "type": "paragraph",
                    "text": "Запрос к сервисам осуществляется в следующем формате.\nhttps://geo.rustore.ru/api/[endpoint]?[api_key]&[query]\nЗдесь:\nДля получения ключа доступа выполните следующие действия.\nОткройте системуRuStore Консоль (https://console.rustore.ru/sign-in).\nПерейдите на вкладкуПриложения.\nВыберите приложение.\nНайдите разделКарты и геосервисы.\nНажмитеСоздать токен."
                }
            ]
        },
        {
            "type": "admonition",
            "admonition_type": "note",
            "title": "примечание",
            "content": [
                {
                    "type": "paragraph",
                    "text": "Для одного приложения можно запросить только один ключ для работы с картами.\n\nОтобразится созданный ключ. Вы можете скопировать его и вставить в свое приложение. Нажмите."
                }
            ]
        },
        {
            "type": "admonition",
            "admonition_type": "info",
            "title": "к сведению",
            "content": [
                {
                    "type": "paragraph",
                    "text": "Продление ключа происходит автоматически при выпуске обновления приложения. Срок действия ключа — 90 календарных дней."
                }
            ]
        },
        {
            "type": "admonition",
            "admonition_type": "info",
            "title": "к сведению",
            "content": [
                {
                    "type": "paragraph",
                    "text": "Срок действия и ограничения, применяемые для ключа, предусмотренысоглашением о распространении программных продуктов (https://rustore.ru/help/legal/developers-agreement).\nЕсли у вас возникли проблемы с получением ключа,напишите нам. Мы постараемся решить проблему."
                }
            ]
        }
    ]
}