{
    "meta": {
        "language": "ru",
        "parse_date": "2024-07-06T20:09:50.357810",
        "current_url": "https://www.rustore.ru/help/developers/publishing-and-verifying-apps/app-publication/app-publication-aurora/dev-certificate/",
        "doc_section": "developers",
        "h1_text": "Сертификат разработчика для ОС Аврора"
    },
    "content": [
        {
            "type": "h1",
            "text": "Сертификат разработчика для ОС Аврора",
            "content": [
                {
                    "type": "paragraph",
                    "text": "Установочные пакеты приложений для ОС Аврора должны быть подписаны сертификатами. Сертификаты идентифицируют поставщиков ПО и защищают мобильные устройства от попадания нежелательных приложений.\nСертификат разработчика может быть выдан в единственном экземпляре для одного верифицированного аккаунта разработчика в RuStore."
                }
            ]
        },
        {
            "type": "h2",
            "text": "Подача заявки на сертификат​",
            "content": [
                {
                    "type": "paragraph",
                    "text": "Чтобы подать заявку:\nОткройтеRuStore Консоль (https://console.rustore.ru/sign-in).\nПерейдите на вкладку «Компания».\nВыберите «Сертификат для ОС Аврора» в боковом меню.\nНажмите «Подать заявку».\nЗагрузить файл с csr-запросом на сертификат, сгенерированным согласноинструкции (https://rustore.ru/help/developers/publishing-and-verifying-apps/app-publication/app-publication-aurora/dev-certificate/generate-csr);"
                }
            ]
        },
        {
            "type": "admonition",
            "admonition_type": "note",
            "title": "примечание",
            "content": [
                {
                    "type": "paragraph",
                    "text": "Загружаемый csr-файл может быть форматов .pem, .csr или .p10 и размером не более 500 Кб.\nУказать e-mail адрес для получение сертификата и обратной связи;\nОзнакомиться и согласиться с условиями."
                }
            ]
        },
        {
            "type": "admonition",
            "admonition_type": "note",
            "title": "примечание",
            "content": [
                {
                    "type": "paragraph",
                    "text": "Если вы допустили ошибку при заполнении формы, вы можете отправить заявку повторно. Количество принимаемых заявок ограничено.\nПосле отправки заявки ожидайте ответа на указанный e-mail адрес. С вами могут связаться для уточнения информации. После обработки заявки вы получите файл-сертификат для подписи ваших приложений."
                }
            ]
        }
    ]
}