{
    "meta": {
        "language": "ru",
        "parse_date": "2024-07-06T20:07:47.749546",
        "current_url": "https://www.rustore.ru/help/developers/monetization/",
        "doc_section": "developers",
        "h1_text": "Гайд по монетизации в RuStore - подключение и настройка платежей"
    },
    "content": [
        {
            "type": "h1",
            "text": "Гайд по монетизации в RuStore - подключение и настройка платежей",
            "content": [
                {
                    "type": "paragraph",
                    "text": "Для подключения монетизации:\nЗаполните заявление намонетизацию (https://rustore.ru/help/developers/monetization/enable-monetization).\nНастройте в приложенииRuStoreSDK для подключения платежей (https://rustore.ru/help/sdk/payments).\nСоздайтеподписки (https://rustore.ru/help/developers/monetization/create-app-subscription)илиразовые покупки (https://rustore.ru/help/developers/monetization/create-paid-product-in-application)."
                }
            ]
        }
    ]
}