{
    "meta": {
        "language": "ru",
        "parse_date": "2024-07-06T20:02:10.895906",
        "current_url": "https://www.rustore.ru/help/sdk/updates/react/2-0-0/",
        "doc_section": "sdk",
        "h1_text": "2.0.0"
    },
    "content": [
        {
            "type": "h1",
            "text": "2.0.0",
            "content": []
        },
        {
            "type": "h2",
            "text": "Общие сведения​",
            "content": [
                {
                    "type": "paragraph",
                    "text": "RuStore In-app updates SDK поддерживает актуальную версию приложения на устройстве пользователя. Это помогает пользователю увидеть обновления, оценить улучшение производительности и результат исправления ошибок."
                }
            ]
        },
        {
            "type": "h2",
            "text": "Пример пользовательского сценария​",
            "content": [
                {
                    "type": "paragraph",
                    "text": "Используйте RuStore In-app updates SDK для реализации различных способов обновлений. В настоящий момент поддерживаются: отложенное, тихое (без UI от RuStore) и принудительное обновление.\nОзнакомьтесь сприложением-примеромчтобы узнать, как правильно интегрировать SDK обновлений."
                }
            ]
        },
        {
            "type": "h2",
            "text": "Условия корректной работы SDK​",
            "content": [
                {
                    "type": "paragraph",
                    "text": "Для работы RuStore In-app updates SDK необходимо соблюдение следующих условий.\nОС Android версии 7.0 или выше\nВерсия RuStore на устройстве пользователя актуальная\nПользователь авторизован в RuStore\nПриложению RuStore разрешена установка приложений"
                }
            ]
        },
        {
            "type": "h2",
            "text": "Подключение в проект​",
            "content": [
                {
                    "type": "paragraph",
                    "text": "Для подключения пакета к проекту выполните следующую команду."
                }
            ]
        },
        {
            "type": "code",
            "text": "// HTTPSnpm install git+https://git@gitflic.ru/project/rustore/react-native-rustore-update-sdk.git// SSHnpm install git+ssh://git@gitflic.ru/project/rustore/react-native-rustore-update-sdk.git"
        },
        {
            "type": "h2",
            "text": "Создание менеджера обновлений​",
            "content": [
                {
                    "type": "paragraph",
                    "text": "Для работы механизма обновлений необходимо выполнить инициализацию SDK"
                }
            ]
        },
        {
            "type": "code",
            "text": "RustoreUpdateClient.init();"
        },
        {
            "type": "h2",
            "text": "Проверка наличия обновлений​",
            "content": [
                {
                    "type": "paragraph",
                    "text": "\nНа устройстве пользователя установлена актуальная версия RuStore.\nПользователь и приложение не должны быть заблокированы в RuStore.\nПриложению RuStore разрешена установка приложений.\nПользователь авторизован в RuStore."
                }
            ]
        },
        {
            "type": "code",
            "text": "try{constappUpdateInfo=awaitRustoreUpdateClient.getAppUpdateInfo();console.log(appUpdateInfo);}catch(err){console.log(err);}",
            "content": [
                {
                    "type": "paragraph",
                    "text": "updateAvailability— доступность обновления:UNKNOWN (int == 0)— по умолчанию;UPDATE_NOT_AVAILABLE (int == 1)— обновление не нужно;UPDATE_AVAILABLE (int == 2)— обновление требуется загрузить или обновление уже загружено на устройство пользователя;DEVELOPER_TRIGGERED_UPDATE_IN_PROGRESS (int == 3)— обновление уже скачивается или установка уже запущена.\ninstallStatus— статус установки обновления, если пользователь уже устанавливает обновление в текущий момент времени:UNKNOWN (int == 0)— по умолчанию;DOWNLOADED (int == 1)— скачано;DOWNLOADING (int == 2)— скачивается;FAILED (int == 3)— ошибка;PENDING (int == 5)— в ожидании."
                }
            ]
        },
        {
            "type": "admonition",
            "admonition_type": "info",
            "title": "к сведению",
            "content": [
                {
                    "type": "paragraph",
                    "text": "Запуск скачивания обновления возможен только в том случае, если полеupdateAvailabilityсодержит значениеUPDATE_AVAILABLE."
                }
            ]
        },
        {
            "type": "h2",
            "text": "Скачивание и установка обновлений​",
            "content": []
        },
        {
            "type": "h3",
            "text": "Использование слушателя (listener)​",
            "content": [
                {
                    "type": "paragraph",
                    "text": "После подтверждения доступности обновления (AppUpdateInfo) вы можете запросить статус скачивания обновления — для этого запустите слушатель статуса скачивания обновления."
                }
            ]
        },
        {
            "type": "h3",
            "text": "Проверка статуса скачивания обновления​",
            "content": [
                {
                    "type": "paragraph",
                    "text": "Используйте методeventEmitter.addListener:"
                }
            ]
        },
        {
            "type": "code",
            "text": "constlistener=useRef<EmitterSubscription>();listener.current=eventEmitter.addListener(Events.INSTALL_STATE_UPDATE,async(state:InstallState)=>{switch(state.installStatus){caseInstallStatus.DOWNLOADED:{// Обновление готово к установкеbreak;}caseInstallStatus.DOWNLOADING:{// Здесь можно отобразить прогресс скачиванияbreak;}caseInstallStatus.FAILED:{console.log(`Ошибка при загрузке:${installState?.installErrorCode}`);break;}}});",
            "content": [
                {
                    "type": "paragraph",
                    "text": "installStatus— статус установки обновления, если пользователь уже устанавливает обновление в текущий момент времени:UNKNOWN (int == 0)— по умолчанию;DOWNLOADED (int == 1)— скачано;DOWNLOADING (int == 2)— скачивается;FAILED (int == 3)— ошибка;PENDING (int == 5)— в ожидании;\nbytesDownloaded— количество загруженных байт;\ntotalBytesToDownload— общее количество байт, которое необходимо скачать;\ninstallErrorCode— код ошибки во время скачивания. Коды ошибок описаны в разделеОбработка ошибок (https://rustore.ru/help#обработка-ошибок)."
                }
            ]
        },
        {
            "type": "h3",
            "text": "Удаление слушателя​",
            "content": [
                {
                    "type": "paragraph",
                    "text": "Если необходимости в слушателе больше нет, воспользуйтесь методом удаления слушателяremove()."
                }
            ]
        },
        {
            "type": "code",
            "text": "listener.current?.remove();"
        },
        {
            "type": "h2",
            "text": "Запуск скачивания обновления​",
            "content": []
        },
        {
            "type": "h3",
            "text": "Отложенное обновление​",
            "content": [
                {
                    "type": "paragraph",
                    "text": "Описание сценария отложенного обновления\nОбновление с UI от RuStore\nПользователю будет показан диалог с UI от RuStore для подтверждения обновления.\nПри нажатии на кнопку «Обновить» покажется диалоговое окно для подтверждения установки обновления.\nПосле завершения установки приложение закроется."
                }
            ]
        },
        {
            "type": "admonition",
            "admonition_type": "info",
            "title": "к сведению",
            "content": [
                {
                    "type": "paragraph",
                    "text": "ОбъектAppUpdateInfoпосле однократного использования становится невалидным. Для повторного вызова методаdownload()запроситеAppUpdateInfo, снова используя методgetAppUpdateInfo()."
                }
            ]
        },
        {
            "type": "code",
            "text": "try{constresultCode=awaitRustoreUpdateClient.download();console.log(resultCode);}catch(err){console.log(err);}"
        },
        {
            "type": "admonition",
            "admonition_type": "info",
            "title": "к сведению",
            "content": [
                {
                    "type": "paragraph",
                    "text": "Список возможных ошибок (https://rustore.ru/help#%D0%BE%D0%B1%D1%80%D0%B0%D0%B1%D0%BE%D1%82%D0%BA%D0%B0-%D0%BE%D1%88%D0%B8%D0%B1%D0%BE%D0%BA)"
                }
            ]
        },
        {
            "type": "h3",
            "text": "Принудительное обновление​",
            "content": [
                {
                    "type": "paragraph",
                    "text": "Описание сценария принудительного обновления\nОбновление с UI от RuStore\nПользователю будет показан полноэкранный диалог с UI от RuStore для подтверждения обновления. Использование приложения будет заблокировано до тех пор, пока обновление не будет установлено.\nПри нажатии на кнопку «Обновить» отобразится диалоговое окно для подтверждения установки обновления.\nДалее при нажатии на кнопку «Установить» появится полноэкранный диалог об установке новой версии приложения.\nПосле завершения установки приложение перезапустится."
                }
            ]
        },
        {
            "type": "admonition",
            "admonition_type": "caution",
            "title": "предупреждение",
            "content": [
                {
                    "type": "paragraph",
                    "text": "Приложение будет перезапущено, если версия Rustore больше, либо равна 1.37. Если версия Rustore ниже, то приложение закроется для установки обновления и не будет открыто заново, когда закончится обновление.\nЗапуск сценария обновления\nДля запуска скачивания принудительного обновления приложения вызовите методimmediate()."
                }
            ]
        },
        {
            "type": "code",
            "text": "try{constresultCode=awaitRustoreUpdateClient.immediate();console.log(resultCode);}catch(err){console.log(err);}",
            "content": [
                {
                    "type": "paragraph",
                    "text": "ResultCode.RESULT_OK (-1)— обновление выполнено, код может не быть получен, т. к. приложение в момент обновления завершается.\nResultCode.RESULT_CANCELED (0)— флоу прервано пользователем, или произошла ошибка. Предполагается, что при получении этого кода следует завершить работу приложения.\nResultCode.ACTIVITY_NOT_FOUND (2)— RuStore не установлен, либо установлена версия, которая не поддерживает принудительное обновление (RuStore versionCode<191)."
                }
            ]
        },
        {
            "type": "h3",
            "text": "Тихое обновление​",
            "content": [
                {
                    "type": "paragraph",
                    "text": "Описание сценария тихого обновления\nОбновление без UI от RuStore\nПользователю будет показано диалоговое окно для подтверждения установки обновления (обновление будет скачано в фоне).\nПосле завершения установки приложение закроется."
                }
            ]
        },
        {
            "type": "code",
            "text": "try{constresultCode=awaitRustoreUpdateClient.silent();console.log(resultCode);}catch(err){console.log(err);}"
        },
        {
            "type": "admonition",
            "admonition_type": "unknown",
            "title": "подсказка",
            "content": [
                {
                    "type": "paragraph",
                    "text": "Для тихого обновления рекомендуется реализовать свой интерфейс."
                }
            ]
        },
        {
            "type": "h2",
            "text": "Установка обновления​",
            "content": [
                {
                    "type": "paragraph",
                    "text": "После завершения скачивания APK-файла обновления вы можете запустить установку обновления. Для запуска установки обновления вызовите методcompleteUpdate()."
                }
            ]
        },
        {
            "type": "code",
            "text": "try{awaitRustoreUpdateClient.completeUpdate();}catch(err){console.log(err);}"
        },
        {
            "type": "h2",
            "text": "Обработка ошибок​",
            "content": []
        },
        {
            "type": "admonition",
            "admonition_type": "unknown",
            "title": "подсказка",
            "content": [
                {
                    "type": "paragraph",
                    "text": "Если вы получили в ответonFailure, не рекомендуется самостоятельно отображать ошибку пользователю. Отображение ошибки может негативно повлиять на пользовательский опыт."
                }
            ]
        },
        {
            "type": "h3",
            "text": "Возможные ошибки​",
            "content": [
                {
                    "type": "paragraph",
                    "text": "Все ошибки в плагине реализованы константами. Описание констант в файлеtypes.ts.\nСписок возможных ошибок.\nRuStoreNotInstalledException— на устройстве пользователя не установлен RuStore;\nRuStoreOutdatedException— версия RuStore, установленная на устройстве пользователя, не поддерживает платежи;\nRuStoreUserUnauthorizedException— пользователь не авторизован в RuStore;\nRuStoreException— базовая ошибка RuStore, от которой наследуются остальные ошибки;\nRuStoreInstallException(public val code: Int)— ошибка скачивания и установки.ERROR_UNKNOWN(Int = 4001)— неизвестная ошибка.ERROR_DOWNLOAD(Int = 4002)— ошибка при скачивании.ERROR_BLOCKED(Int = 4003)— установка заблокированна системой.ERROR_INVALID_APK(Int = 4004)— некорректный APK обновления.ERROR_CONFLICT(Int = 4005)— конфликт с текущей версией приложения.ERROR_STORAGE(Int = 4006)— недостаточно памяти на устройстве.ERROR_INCOMPATIBLE(Int = 4007)— несовместимо с устройством.ERROR_APP_NOT_OWNED(Int = 4008)— приложение не куплено.ERROR_INTERNAL_ERROR(Int = 4009)— внутренняя ошибка.ERROR_ABORTED(Int = 4010)— пользователь отказался от установки обновления.ERROR_APK_NOT_FOUND(Int = 4011)— APK для запуска установки не найден.ERROR_EXTERNAL_SOURCE_DENIED(Int = 4012)— запуск обновления запрещён. Например, в первом методе вернулся ответ о том, что обновление недоступно, но пользователь вызывает второй метод.ERROR_ACTIVITY_SEND_INTENT(Int = 9901)— ошибка отправки intent на открытие активити.ERROR_ACTIVITY_UNKNOWN(Int = 9902)— неизвестная ошибка отрытия активити."
                }
            ]
        }
    ]
}