{
    "meta": {
        "language": "ru",
        "parse_date": "2024-07-06T19:40:13.888056",
        "current_url": "https://www.rustore.ru/help/developers/tools/mytracker/quick-start/",
        "doc_section": "developers",
        "h1_text": "MyTracker в RuStore: подключение и настройка нового аккаунта"
    },
    "content": [
        {
            "type": "h1",
            "text": "MyTracker в RuStore: подключение и настройка нового аккаунта",
            "content": []
        },
        {
            "type": "admonition",
            "admonition_type": "note",
            "title": "примечание",
            "content": [
                {
                    "type": "paragraph",
                    "text": "Только владелец приложения может подключить инструмент и создать аккаунт."
                }
            ]
        },
        {
            "type": "h2",
            "text": "Подключение нового аккаунта MyTracker к приложению RuStore​",
            "content": [
                {
                    "type": "paragraph",
                    "text": "Если у вас нет аккаунта MyTracker, вы можете создать его прямо из RuStore. Для этого вам необходимо:\nПодключить инструмент в консоли разработчика.\nПри подключении, выберите «создать новый аккаунт». Если к вашему аккаунту разработчика RuStore не привязана электронная почта, мы попросим вас её добавить — это необходимо для функционирования MyTracker.\nПосле добавления сервиса в консоли RuStore вам необходимо перейти в MyTracker и заполнить необходимые для регистрации данные.\nПосле этого перейдите в раздел «Окружение» — «Аккаунты» (это можно сделать через меню навигации слева) и примите приглашение в аккаунт, нажав кнопку «принять».\nГотово! Ваш аккаунт создан и связан с RuStore. Теперь необходимо подключить SDK MyTracker к вашему приложению."
                }
            ]
        },
        {
            "type": "h2",
            "text": "Подключение существующего аккаунта MyTracker к приложению RuStore​",
            "content": [
                {
                    "type": "paragraph",
                    "text": "Если у вас уже есть аккаунт MyTracker и вы хотите подключить приложение из RuStore к нему, то вам необходимо:\nПодключить инструмент в RuStore Консоли;\nПри подключении, выберите «подключить существующий»;\nДля того, чтобы связать аккаунты, введите код интеграции из MyTracker. Вы можете найти его на странице «Магазины приложений» вашего приложения в MyTracker.\nОбратите внимание — к вашему приложению в MyTracker должна быть добавлена ссылка на RuStore. Если её нет — добавьте.\nГотово! Теперь ваши аккаунты MyTracker и RuStore связаны. Если вы этого еще не сделали, подключите SDK MyTracker к вашему приложению."
                }
            ]
        },
        {
            "type": "h2",
            "text": "Подключение SDK MyTracker​",
            "content": []
        },
        {
            "type": "admonition",
            "admonition_type": "note",
            "title": "примечание",
            "content": [
                {
                    "type": "paragraph",
                    "text": "Ознакомьтесь с инструкцией по подключению SDK на портале документации MyTracker."
                }
            ]
        }
    ]
}