{
    "meta": {
        "language": "ru",
        "parse_date": "2024-07-06T20:08:20.324634",
        "current_url": "https://www.rustore.ru/help/work-with-rustore-api/api-authorization-token/",
        "doc_section": "",
        "h1_text": "Метод получения токена авторизации"
    },
    "content": [
        {
            "type": "h1",
            "text": "Метод получения токена авторизации",
            "content": []
        },
        {
            "type": "h2",
            "text": "Общие сведения​",
            "content": [
                {
                    "type": "paragraph",
                    "text": "Метод позволяет сгенерировать JWE-токен с помощью приватного ключа, полученного в системеRuStore Консоль. Также метод проводит проверку активности владельца приложения."
                }
            ]
        },
        {
            "type": "admonition",
            "admonition_type": "unknown",
            "title": "подсказка",
            "content": [
                {
                    "type": "paragraph",
                    "text": "Для успешного выполнения запроса сгенерируйтеприватный ключ (https://rustore.ru/help/work-with-rustore-api/api-authorization-process)."
                }
            ]
        },
        {
            "type": "h2",
            "text": "Параметры взаимодействия​",
            "content": [
                {
                    "type": "paragraph",
                    "text": "POST /public/auth/"
                }
            ]
        },
        {
            "type": "admonition",
            "admonition_type": "warning",
            "title": "warning",
            "content": [
                {
                    "type": "paragraph",
                    "text": "C 30.07 авторизация с помощью параметраcompanyIdбудет невозможна. Используйте параметрkeyIdдля получения токена авторизации."
                }
            ]
        },
        {
            "type": "table",
            "headers": [
                "Атрибут",
                "Тип",
                "Обяз.",
                "Расположение",
                "Описание",
                "Пример"
            ],
            "rows": [
                [
                    {
                        "text": "companyId",
                        "links": []
                    },
                    {
                        "text": "string",
                        "links": []
                    },
                    {
                        "text": "Да, если не указан keyId",
                        "links": []
                    },
                    {
                        "text": "body",
                        "links": []
                    },
                    {
                        "text": "id компании. Параметр будет недоступен с 30.07.",
                        "links": []
                    },
                    {
                        "text": "123",
                        "links": []
                    }
                ],
                [
                    {
                        "text": "keyId",
                        "links": []
                    },
                    {
                        "text": "string",
                        "links": []
                    },
                    {
                        "text": "Да, если не указан companyId",
                        "links": []
                    },
                    {
                        "text": "body",
                        "links": []
                    },
                    {
                        "text": "id ключа",
                        "links": []
                    },
                    {
                        "text": "",
                        "links": []
                    }
                ],
                [
                    {
                        "text": "timestamp",
                        "links": []
                    },
                    {
                        "text": "string",
                        "links": []
                    },
                    {
                        "text": "Да",
                        "links": []
                    },
                    {
                        "text": "body",
                        "links": []
                    },
                    {
                        "text": "Время отправки запроса. Не должно отличаться от текущего серверного времени более, чем на 60 секунд.",
                        "links": []
                    },
                    {
                        "text": "2022-07-08T13:24:41.8328711+03:00",
                        "links": []
                    }
                ],
                [
                    {
                        "text": "signature",
                        "links": []
                    },
                    {
                        "text": "string",
                        "links": []
                    },
                    {
                        "text": "Да",
                        "links": []
                    },
                    {
                        "text": "body",
                        "links": []
                    },
                    {
                        "text": "RSA-подпись SHA-512 hash от строки, содержащей companyId и timestamp запроса. Алгоритм создания и проверки подписи: SHA512withRSA. Необходимые действия для формирования signature: 1. Cоздаём сообщение для подписи, конкатенируя идентификатор ключа keyId или идентификатор комапнии companyId и текущую дату timestamp . Пример: • keyId / companyId : 123 • timestamp : 2024-06-18T11:49:08.290+03:00 • Получившееся сообщение (итог конкатенации): 1232024-06-18T11:49:08.290+03:00 2. Вычисляем хэш сообщения из п.1 с использованием алгоритма SHA-512, получаем 9d864a0…………3d757f . 3. Полученный в RuStore Консоль приватный ключ, который представлен в формате Base64 декодируем, чтобы получить приватный ключ RSA. Используем его для создания цифровой подписи хэша из п.2. 4. Кодируем подпись из п.3 в Base64 для получения signature , получившийся итог AkLM0pQM……….xw== и есть параметр signature .",
                        "links": [
                            {
                                "text": "RuStore Консоль",
                                "url": "https://console.rustore.ru/sign-in"
                            }
                        ]
                    },
                    {
                        "text": "N/A",
                        "links": []
                    }
                ]
            ]
        },
        {
            "type": "admonition",
            "admonition_type": "note",
            "title": "примечание",
            "content": [
                {
                    "type": "paragraph",
                    "text": "Если у вас создано более 1 ключа, то необходимо использовать параметрkeyIdвместоcompanyId, для авторизации по всем приватным ключам и генерации параметраsignature."
                }
            ]
        },
        {
            "type": "h2",
            "text": "Пример получения токена авторизации​",
            "content": []
        },
        {
            "tab_label": "Python",
            "content": []
        },
        {
            "tab_label": "Java",
            "content": [
                {
                    "type": "paragraph",
                    "text": "В случае проблем с пониманием алгоритма генерации параметра signature используйте .jar файл для генерации данного параметра:\n.jar файлдля companyId;\n.jar файлдля keyId.\nПередайте ID компании или ID ключа и полученный приватный ключ. В ответ вы получите тело для запросаPOST /public/auth/с параметрамиcompanyId/keyId,timestampиsignature."
                }
            ]
        },
        {
            "type": "admonition",
            "admonition_type": "unknown",
            "title": "подсказка",
            "content": [
                {
                    "type": "paragraph",
                    "text": "Сформированный параметр параметра signature действует 1 минуту, так как напрямую зависит отtimestamp."
                }
            ]
        },
        {
            "type": "h2",
            "text": "Параметры ответа​",
            "content": []
        },
        {
            "type": "table",
            "headers": [
                "Атрибут",
                "Тип",
                "Обязателен",
                "Описание",
                "Пример"
            ],
            "rows": [
                [
                    {
                        "text": "code",
                        "links": []
                    },
                    {
                        "text": "string",
                        "links": []
                    },
                    {
                        "text": "Да",
                        "links": []
                    },
                    {
                        "text": "Код ответа.",
                        "links": []
                    },
                    {
                        "text": "error / OK",
                        "links": []
                    }
                ],
                [
                    {
                        "text": "message",
                        "links": []
                    },
                    {
                        "text": "string",
                        "links": []
                    },
                    {
                        "text": "Нет",
                        "links": []
                    },
                    {
                        "text": "Расшифровка кода ответа, в случае ошибки.",
                        "links": []
                    },
                    {
                        "text": "Range timestamp not valid",
                        "links": []
                    }
                ],
                [
                    {
                        "text": "body{}",
                        "links": [
                            {
                                "text": "body{}",
                                "url": "https://rustore.ru/help#body"
                            }
                        ]
                    },
                    {
                        "text": "object",
                        "links": []
                    },
                    {
                        "text": "Да",
                        "links": []
                    },
                    {
                        "text": "N/A",
                        "links": []
                    },
                    {
                        "text": "N/A",
                        "links": []
                    }
                ],
                [
                    {
                        "text": "timestamp",
                        "links": []
                    },
                    {
                        "text": "timestamptz",
                        "links": []
                    },
                    {
                        "text": "Да",
                        "links": []
                    },
                    {
                        "text": "Время ответа.",
                        "links": []
                    },
                    {
                        "text": "2022-07-08T13:24:41.8328711+03:00",
                        "links": []
                    }
                ]
            ]
        },
        {
            "type": "h3",
            "text": "body​",
            "content": []
        },
        {
            "type": "table",
            "headers": [
                "Атрибут",
                "Тип",
                "Обязателен",
                "Описание",
                "Пример"
            ],
            "rows": [
                [
                    {
                        "text": "jwe",
                        "links": []
                    },
                    {
                        "text": "string",
                        "links": []
                    },
                    {
                        "text": "Да",
                        "links": []
                    },
                    {
                        "text": "Токен доступа к RuStore API (содержимое payload ниже). Многоразового использования.",
                        "links": []
                    },
                    {
                        "text": "eyJjdHkiOiJK…sv16aBl8tTg.VkWuTw",
                        "links": []
                    }
                ],
                [
                    {
                        "text": "ttl",
                        "links": []
                    },
                    {
                        "text": "int",
                        "links": []
                    },
                    {
                        "text": "Да",
                        "links": []
                    },
                    {
                        "text": "Срок жизни токена в секундах. Срок жизни составляет 900 секунд.",
                        "links": []
                    },
                    {
                        "text": "900",
                        "links": []
                    }
                ]
            ]
        },
        {
            "type": "h3",
            "text": "Возможные ошибки​",
            "content": []
        },
        {
            "type": "table",
            "headers": [
                "code",
                "message",
                "Описание",
                "Возможные действия"
            ],
            "rows": [
                [
                    {
                        "text": "400",
                        "links": []
                    },
                    {
                        "text": "Range timestamp not valid",
                        "links": []
                    },
                    {
                        "text": "Параметр timestamp отличается более чем на 60 секунд.",
                        "links": []
                    },
                    {
                        "text": "Обновите timestamp и signature",
                        "links": []
                    }
                ],
                [
                    {
                        "text": "404",
                        "links": []
                    },
                    {
                        "text": "Company key not found",
                        "links": []
                    },
                    {
                        "text": "Не найден закрытый ключ по переданному companyId .",
                        "links": []
                    },
                    {
                        "text": "Проверьте создан ли закрытый ключ у данной companyId и его актуальность.",
                        "links": []
                    }
                ],
                [
                    {
                        "text": "400",
                        "links": []
                    },
                    {
                        "text": "Company key disabled",
                        "links": []
                    },
                    {
                        "text": "Приватный ключ по переданному companyId удален.",
                        "links": []
                    },
                    {
                        "text": "Проверьте создан ли приватный ключ у данной companyId и его актуальность.",
                        "links": []
                    }
                ],
                [
                    {
                        "text": "400",
                        "links": []
                    },
                    {
                        "text": "Signature encode error",
                        "links": []
                    },
                    {
                        "text": "Параметр signature сгенерирован некорректно",
                        "links": []
                    },
                    {
                        "text": "Необходимо заново сгенировать параметр signature .",
                        "links": []
                    }
                ],
                [
                    {
                        "text": "404",
                        "links": []
                    },
                    {
                        "text": "You cannot use this action because the company is not found",
                        "links": []
                    },
                    {
                        "text": "Компания с переданным companyId отсутвует или не активна.",
                        "links": []
                    },
                    {
                        "text": "Проверьте параметр companyId на его актуальность.",
                        "links": []
                    }
                ],
                [
                    {
                        "text": "400",
                        "links": []
                    },
                    {
                        "text": "You can't use this action because the company is banned",
                        "links": []
                    },
                    {
                        "text": "Компания с переданным companyId заблокирована.",
                        "links": []
                    },
                    {
                        "text": "Проверьте параметр companyId на его актуальность.",
                        "links": []
                    }
                ],
                [
                    {
                        "text": "400",
                        "links": []
                    },
                    {
                        "text": "KeyId or companyId must be not null",
                        "links": []
                    },
                    {
                        "text": "Обязательно использование одного из параметров keyId или companyId .",
                        "links": []
                    },
                    {
                        "text": "Проверьте, что указан параметр keyId или companyId .",
                        "links": []
                    }
                ],
                [
                    {
                        "text": "400",
                        "links": []
                    },
                    {
                        "text": "Incorrect usage of companyId. Please use keyId",
                        "links": []
                    },
                    {
                        "text": "У вас создано более одного приватного ключа, необходимо использовать параметр keyId .",
                        "links": []
                    },
                    {
                        "text": "Воспользуйтесь параметром keyId .",
                        "links": []
                    }
                ]
            ]
        },
        {
            "type": "h2",
            "text": "Пример запроса​",
            "content": []
        },
        {
            "type": "code",
            "text": "curl --location 'https://public-api.rustore.ru/public/auth' \\--header 'Content-Type: application/json' \\--data '{\"companyId\":\"1275328\",\"timestamp\":\"2023-08-11T13:31:17.580+03:00\",\"signature\":\"U4kh.......nFkbuw==\"}"
        },
        {
            "type": "h2",
            "text": "Пример успешного ответа​",
            "content": []
        },
        {
            "type": "code",
            "text": "{\"code\": \"OK\",\"message\": null,\"body\": {\"jwe\": \"eyJlbmMiOiJBM......nuuM227D_O1A\",\"ttl\": 900},\"timestamp\": \"2023-08-11T13:31:33.171847393+03:00\"}"
        }
    ]
}