{
    "meta": {
        "language": "ru",
        "parse_date": "2024-07-06T19:42:54.056916",
        "current_url": "https://www.rustore.ru/help/developers/publishing-and-verifying-apps/app-publication/testing/",
        "doc_section": "developers",
        "h1_text": "Тестирование приложений в RuStore Консоль: лучшие практики"
    },
    "content": [
        {
            "type": "h1",
            "text": "Тестирование приложений в RuStore Консоль: лучшие практики",
            "content": [
                {
                    "type": "paragraph",
                    "text": "В RuStore Консоли доступно закрытое тестирование новой версии приложения до публикации.\nТестирование поможет исправить технические недочёты до того, как их увидит большое количество пользователей. В результате версия приложения, которая появится в RuStore, будет удобнее изначальной.\nТестирование происходит в два этапа:\nЗапуск тестирования в RuStore Консоли и добавление тестировщиков.\nТестирование привлечёнными пользователями в приложении (на витрине) RuStore."
                }
            ]
        },
        {
            "type": "h2",
            "text": "Особенности и ограничения​",
            "content": [
                {
                    "type": "paragraph",
                    "text": "Тестировать можно только приложения в формате APK, загрузкаAAB-приложений (https://rustore.ru/help/developers/publishing-and-verifying-apps/app-publication/upload-aab)пока недоступна.\nАльфа-версию можно загрузить, только если есть хотя бы одна рабочая версия, опубликованная на всех пользователей.\nЗагрузка закрытой версии доступна для бесплатных приложений на мобильных устройствах.\nПеред добавлением файла убедитесь, что у приложения нет загруженных закрытых версий или они находятся в статусеНе опубликована."
                }
            ]
        },
        {
            "type": "h2",
            "text": "Запуск тестирования в RuStore Консоли​",
            "content": []
        },
        {
            "type": "h3",
            "text": "Загрузка версии приложения для тестирования​",
            "content": [
                {
                    "type": "paragraph",
                    "text": "Откройте системуRuStore Консоль (https://console.rustore.ru/sign-in).\nПерейдите на вкладкуПриложения.\nВыберите приложение, версию которого нужно протестировать.\nВыберите пунктТестирование.\nПерейдите вАльфа-тестирование.\nВыберитеАльфа-версии.\nВ открывшемся окне нажмитеЗагрузить версию.\nПроверьте информацию о версии — RuStore предзаполнит её автоматически из опубликованной публичной версии. Отредактируйте данные, если нужно.\nНажмитеОтправить на модерацию.\nОткроется окно добавления тестировщиков.Выполните одно из следующих действий:чтобы добавить тестировщика сейчас, нажмитеДобавить тестировщика— процедура аналогична представленной вследующем пункте (https://rustore.ru/help#%D0%B4%D0%BE%D0%B1%D0%B0%D0%B2%D0%BB%D0%B5%D0%BD%D0%B8%D0%B5-%D1%82%D0%B5%D1%81%D1%82%D0%B8%D1%80%D0%BE%D0%B2%D1%89%D0%B8%D0%BA%D0%BE%D0%B2);чтобы завершить процедуру, нажмитеЗакрыть— вы сможете добавить тестировщика позже через RuStore Консоль (см.Добавление тестировщиков (https://rustore.ru/help#%D0%B4%D0%BE%D0%B1%D0%B0%D0%B2%D0%BB%D0%B5%D0%BD%D0%B8%D0%B5-%D1%82%D0%B5%D1%81%D1%82%D0%B8%D1%80%D0%BE%D0%B2%D1%89%D0%B8%D0%BA%D0%BE%D0%B2)ниже)."
                }
            ]
        },
        {
            "type": "h3",
            "text": "Добавление тестировщиков​",
            "content": []
        },
        {
            "type": "admonition",
            "admonition_type": "note",
            "title": "примечание",
            "content": [
                {
                    "type": "paragraph",
                    "text": "Тестировщиками могут быть пользователи, зарегистрированные в RuStore и имеющие VK ID.\nВ левой панелиКонсоли RuStore (https://console.rustore.ru/sign-in)выберитеТестирование > Альфа-тестирование > Тестировщики.Страница Консоли примет следующий вид.\nНажмитеПригласить тестировщика.Отобразится окно, в котором нужно указать VK ID тестировщика или тестировщиков.\nВведите VK ID пользователя, который будет тестировщиком, или список таких VK ID через запятую."
                }
            ]
        },
        {
            "type": "admonition",
            "admonition_type": "caution",
            "title": "предупреждение",
            "content": [
                {
                    "type": "paragraph",
                    "text": "VK ID, под которым пользователь авторизуется в приложении RuStore, должен совпадать с его VK ID в качестве тестировщика.\nНажмитеПригласить."
                }
            ]
        },
        {
            "type": "admonition",
            "admonition_type": "note",
            "title": "примечание",
            "content": [
                {
                    "type": "paragraph",
                    "text": "Вы можете добавить не более 2000 тестировщиков.\nЧтобы удалить тестировщика:\nНайдите пользователя в списке.\nНажмитев строке с его именем.\nНажмитеУдалить.\nОткройте системуRuStore Консоль (https://console.rustore.ru/sign-in).\nПерейдите на вкладкуПриложения.\nВыберите приложение, тестирование которого нужно завершить.\nВыберите пунктТестирование.\nПерейдите вАльфа-тестирование.\nВыберитеАльфа-версии.\nНажмите на три точки с правой стороны.\nВ выпадающем списке нажмитеЗавершить тестирование."
                }
            ]
        },
        {
            "type": "admonition",
            "admonition_type": "note",
            "title": "примечание",
            "content": [
                {
                    "type": "paragraph",
                    "text": "После тестирования вы можете загрузить текущую версию или новую версию с правками в качестве основной. Убедитесь, чтоversion_codeвыбранной вами версии выше, чем у ранее опубликованной публичной версии и выше, чем у альфа-сборки."
                }
            ]
        },
        {
            "type": "h2",
            "text": "Тестирование приложений на витрине RuStore​",
            "content": [
                {
                    "type": "paragraph",
                    "text": "Для тестирования приложения пользователь, добавленный в качестве тестировщика, должен быть авторизован в RuStore. При этом:\nчтобы работать с закрытой версией в приложении RuStore, пользователь должен обновить его до последней версии;\nпользователь должен быть авторизован в RuStore;\nVK ID пользователя должно совпадать с VK ID, который был добавлен ранее в качестве идентификатора тестировщика."
                }
            ]
        },
        {
            "type": "admonition",
            "admonition_type": "note",
            "title": "примечание",
            "content": [
                {
                    "type": "paragraph",
                    "text": "По завершении тестирования тестовое приложение необходимо удалить и переустановить заново, чтобы у тестировщика восстановился доступ к рабочему приложению."
                }
            ]
        }
    ]
}