{
    "meta": {
        "language": "ru",
        "parse_date": "2024-07-06T19:53:54.350531",
        "current_url": "https://www.rustore.ru/help/sdk/updates/godot/3-0-0/",
        "doc_section": "sdk",
        "h1_text": "3.0.0"
    },
    "content": [
        {
            "type": "h1",
            "text": "3.0.0",
            "content": []
        },
        {
            "type": "h2",
            "text": "Общие сведения​",
            "content": [
                {
                    "type": "paragraph",
                    "text": "RuStore In-app updates SDK поддерживает актуальную версию приложения на устройстве пользователя. Это помогает пользователю увидеть обновления, оценить улучшение производительности и результат исправления ошибок."
                }
            ]
        },
        {
            "type": "h2",
            "text": "Пример пользовательского сценария​",
            "content": [
                {
                    "type": "paragraph",
                    "text": "Используйте RuStore In-app updates SDK для реализации различных способов обновлений. В настоящий момент поддерживаются: отложенное, тихое (без UI от RuStore) и принудительное обновление.\nОзнакомьтесь сприложением-примеромчтобы узнать, как правильно интегрировать SDK обновлений."
                }
            ]
        },
        {
            "type": "h2",
            "text": "Условия корректной работы SDK​",
            "content": [
                {
                    "type": "paragraph",
                    "text": "Для работы RuStore In-app updates SDK необходимо соблюдение следующих условий.\nОС Android версии 7.0 или выше.\nВерсия RuStore на устройстве пользователя актуальная.\nПользователь авторизован в RuStore.\nПриложению RuStore разрешена установка приложений."
                }
            ]
        },
        {
            "type": "h2",
            "text": "Подключение в проект​",
            "content": []
        },
        {
            "type": "admonition",
            "admonition_type": "caution",
            "title": "предупреждение",
            "content": [
                {
                    "type": "paragraph",
                    "text": "Библиотеки плагинов в репозитории собраны для Godot Engine 4.2.1. Если вы используете другую версию Godot Engine, выполните шаги разделаПересборка плагина (https://gitflic.ru/project/rustore/rustore-godot-appupdate-example/blob/?file=README.md&branch=master&mode=markdown).\nСкопируйте проекты плагина из официального репозитория RuStore наGitFlic (https://gitflic.ru/project/rustore/rustore-godot-appupdate-example).\nСкопируйте содержимое папкиgodot_example / android / pluginsв папкуyour_project / android / plugins.\nВ пресете сборки Android в списке «Плагины» отметьте строки «Ru Store Godot App Update» и «Ru Store Godot Core»."
                }
            ]
        },
        {
            "type": "h2",
            "text": "Создание менеджера обновлений​",
            "content": [
                {
                    "type": "paragraph",
                    "text": "Перед вызовом методов библиотеки необходимо создать менеджер обновлений."
                }
            ]
        },
        {
            "type": "code",
            "text": "Создание синглтона RuStoreGodotAppUpdateManagervar_appUpdate_client:RuStoreGodotAppUpdateManager=nullfunc_ready():_appUpdate_client=RuStoreGodotAppUpdateManager.get_instance();"
        },
        {
            "type": "h2",
            "text": "Проверка наличия обновлений​",
            "content": [
                {
                    "type": "paragraph",
                    "text": "На устройстве пользователя установлена актуальная версия RuStore.\nПользователь и приложение не должны быть заблокированы в RuStore.\nПриложению RuStore разрешена установка приложений.\nПользователь авторизован в RuStore.\non_get_app_update_info_success;\non_get_app_update_info_failure."
                }
            ]
        },
        {
            "type": "code",
            "text": "Подписка на событияfunc_ready():# Инициализация _appUpdate_client_appUpdate_client.on_get_app_update_info_success.connect(_on_get_app_update_info_success)_appUpdate_client.on_get_app_update_info_failure.connect(_on_get_app_update_info_failure)func_on_get_app_update_info_success(response:RuStoreAppUpdateInfo):passfunc_on_get_app_update_info_failure(error:RuStoreError):pass"
        },
        {
            "type": "code",
            "text": "Вызов метода get_app_update_info_appUpdate_client.get_app_update_info()"
        },
        {
            "type": "code",
            "text": "Класс RuStoreAppUpdateInfoclass_nameRuStoreAppUpdateInfoextendsObjectvarupdateAvailability:ERuStoreUpdateAvailability.ItemvarinstallStatus:ERuStoreInstallStatus.ItemvaravailableVersionCode:intfunc_init(json:String=\"\"):ifjson==\"\":updateAvailability=ERuStoreUpdateAvailability.Item.UNKNOWNinstallStatus=ERuStoreInstallStatus.Item.UNKNOWNavailableVersionCode=0else:varobj=JSON.parse_string(json)updateAvailability=int(obj[\"updateAvailability\"])installStatus=int(obj[\"installStatus\"])availableVersionCode=int(obj[\"availableVersionCode\"])",
            "content": [
                {
                    "type": "paragraph",
                    "text": "updateAvailability— доступность обновления:UNKNOWN (int ==0)— по умолчанию.UPDATE_NOT_AVAILABLE (int ==1)— обновление не нужно.UPDATE_AVAILABLE (int ==2)— обновление требуется загрузить или обновление уже загружено на устройство пользователя.DEVELOPER_TRIGGERED_UPDATE_IN_PROGRESS (int ==3)— обновление уже скачивается или установка уже запущена.\ninstallStatus— статус установки обновления, если пользователь уже устанавливает обновление в текущий момент времени:UNKNOWN (int ==0)— по умолчанию.DOWNLOADED (int ==1)— скачано.DOWNLOADING (int ==2)— скачивается.FAILED (int ==3)— ошибка.PENDING (int ==5)— в ожидании.\navailableVersionCode— код версии обновления."
                }
            ]
        },
        {
            "type": "admonition",
            "admonition_type": "info",
            "title": "к сведению",
            "content": [
                {
                    "type": "paragraph",
                    "text": "Запуск скачивания обновления возможен только в том случае, если полеupdateAvailabilityсодержит значениеUPDATE_AVAILABLE.\n"
                }
            ]
        },
        {
            "type": "h2",
            "text": "Скачивание и установка обновлений​",
            "content": []
        },
        {
            "type": "h3",
            "text": "Использование слушателя​",
            "content": [
                {
                    "type": "paragraph",
                    "text": "После подтверждения доступности обновления (RuStoreAppUpdateInfo) вы можете получать статус скачивания обновления. Для этого необходимо выполнить подписку на событиеon_state_updatedи вызовом методаregister_listenerзапустить слушатель статуса скачивания."
                }
            ]
        },
        {
            "type": "h3",
            "text": "Проверка статуса скачивания обновления​",
            "content": [
                {
                    "type": "paragraph",
                    "text": "Подписка на событиеon_state_updatedвыполняется единожды. Прослушивание процесса скачивания активируется с помощью методаregister_listener."
                }
            ]
        },
        {
            "type": "code",
            "text": "Запуск слушателяfunc_ready():# Инициализация _appUpdate_client_appUpdate_client.on_state_updated.connect(_on_state_updated)_appUpdate_client.register_listener()func_on_state_updated(installState:RuStoreInstallState):pass"
        },
        {
            "type": "code",
            "text": "Класс RuStoreInstallStateclass_nameRuStoreInstallStateextendsObjectvarbytesDownloaded:intvartotalBytesToDownload:intvarpercentDownloaded:floatvarinstallStatus:ERuStoreInstallStatus.ItemvarinstallErrorCode:ERuStoreInstallErrorCode.Itemfunc_init(json:String=\"\"):ifjson==\"\":bytesDownloaded=0totalBytesToDownload=0percentDownloaded=0installStatus=ERuStoreInstallStatus.Item.UNKNOWNinstallErrorCode=ERuStoreInstallErrorCode.Item.ERROR_UNKNOWNelse:varobj=JSON.parse_string(json)bytesDownloaded=int(obj[\"bytesDownloaded\"])totalBytesToDownload=int(obj[\"totalBytesToDownload\"])installStatus=int(obj[\"installStatus\"])installErrorCode=int(obj[\"installErrorCode\"])iftotalBytesToDownload>0:percentDownloaded=float(bytesDownloaded)/totalBytesToDownload*100else:percentDownloaded=0ifinstallStatus==ERuStoreInstallStatus.Item.DOWNLOADED:percentDownloaded=100",
            "content": [
                {
                    "type": "paragraph",
                    "text": "installStatus— статус установки обновления, если пользователь уже устанавливает обновление в текущий момент времени:UNKNOWN (Int =0)— по умолчанию;DOWNLOADED (Int =1)— скачано;DOWNLOADING (Int =2)— скачивается;FAILED (Int =3)— ошибка;PENDING (Int =5)— в ожидании;\nbytesDownloaded— количество загруженных байт;\ntotalBytesToDownload— общее количество байт, которое необходимо скачать;\npackageName— имя пакета обновления;\ninstallErrorCode— код ошибки во время скачивания. Коды ошибок описаны в разделеОбработка ошибок (https://rustore.ru/help#обработка-ошибок)."
                }
            ]
        },
        {
            "type": "h3",
            "text": "Удаление слушателя​",
            "content": [
                {
                    "type": "paragraph",
                    "text": "Если необходимости в слушателе больше нет, воспользуйтесь методом удаления слушателяunregisterListener."
                }
            ]
        },
        {
            "type": "code",
            "text": "Вызов метода unregister_listener_appUpdate_client.unregister_listener()"
        },
        {
            "type": "h2",
            "text": "Запуск скачивания обновления​",
            "content": []
        },
        {
            "type": "h3",
            "text": "Отложенное обновление​",
            "content": [
                {
                    "type": "paragraph",
                    "text": "Описание сценария отложенного обновления\nОбновление с UI от RuStore\nПользователю будет показан диалог с UI от RuStore для подтверждения обновления.\nПри нажатии на кнопку «Обновить» покажется диалоговое окно для подтверждения установки обновления.\non_start_update_flow_success.\non_start_update_flow_failure."
                }
            ]
        },
        {
            "type": "admonition",
            "admonition_type": "info",
            "title": "к сведению",
            "content": [
                {
                    "type": "paragraph",
                    "text": "ОбъектRuStoreAppUpdateInfoпосле однократного использования становится невалидным. Для повторного вызова методаstart_update_flow_delayedзапросите объектRuStoreAppUpdateInfoповторно, используя методget_app_update_info.\nСм. разделПроверка наличия обновлений (https://rustore.ru/help#%D0%BF%D1%80%D0%BE%D0%B2%D0%B5%D1%80%D0%BA%D0%B0-%D0%BD%D0%B0%D0%BB%D0%B8%D1%87%D0%B8%D1%8F-%D0%BE%D0%B1%D0%BD%D0%BE%D0%B2%D0%BB%D0%B5%D0%BD%D0%B8%D0%B9)."
                }
            ]
        },
        {
            "type": "code",
            "text": "Подписка на событияfunc_ready():# Инициализация _appUpdate_client_appUpdate_client.on_start_update_flow_success.connect(_on_start_update_flow_success)_appUpdate_client.on_start_update_flow_failure.connect(_on_start_update_flow_failure)func_on_start_update_flow_success(flowResult:ERuStoreUpdateFlowResult.Item):passfunc_on_start_update_flow_failure(error:RuStoreError):pass"
        },
        {
            "type": "code",
            "text": "Вызов метода start_update_flow_delayed_appUpdate_client.start_update_flow_delayed()",
            "content": [
                {
                    "type": "paragraph",
                    "text": "RESULT_OK (int = -1)— пользователь подтвердил скачивание обновления.\nRESULT_CANCELED (int = 0)— пользователь отказался от скачивания обновления."
                }
            ]
        },
        {
            "type": "h3",
            "text": "Принудительное обновление​",
            "content": [
                {
                    "type": "paragraph",
                    "text": "Описание сценария принудительного обновления\nОбновление с UI от RuStore\nПользователю будет показан полноэкранный диалог с UI от RuStore для подтверждения обновления. Использование приложения будет заблокировано до тех пор, пока обновление не будет установлено.\nПри нажатии на кнопку «Обновить» отобразится диалоговое окно для подтверждения установки обновления.\nДалее при нажатии на кнопку «Установить» появится полноэкранный диалог об установке новой версии приложения.\nПосле завершения установки приложение перезапустится."
                }
            ]
        },
        {
            "type": "admonition",
            "admonition_type": "caution",
            "title": "предупреждение",
            "content": [
                {
                    "type": "paragraph",
                    "text": "Приложение будет перезапущено, если версия Rustore больше, либо равна 1.37. Если версия Rustore ниже, то приложение закроется для установки обновления и не будет открыто заново, когда закончится обновление.\nЗапуск сценария обновления\n"
                }
            ]
        },
        {
            "type": "code",
            "text": "Вызов метода check_is_immediate_update_allowed# Инициализация _appUpdate_clientvarisAvailable:bool=_appUpdate_client.check_is_immediate_update_allowed()",
            "content": [
                {
                    "type": "paragraph",
                    "text": "true— принудительное обновление доступно.\nfalse— принудительное обновление недоступно.\non_start_update_flow_success.\non_start_update_flow_failure."
                }
            ]
        },
        {
            "type": "admonition",
            "admonition_type": "info",
            "title": "к сведению",
            "content": [
                {
                    "type": "paragraph",
                    "text": "ОбъектRuStoreAppUpdateInfoпосле однократного использования становится невалидным. Для повторного вызова методаstart_update_flow_immediateзапросите объектRuStoreAppUpdateInfoповторно, используя методget_app_update_info."
                }
            ]
        },
        {
            "type": "code",
            "text": "Подписка на событияfunc_ready():# Инициализация _appUpdate_client_appUpdate_client.on_start_update_flow_success.connect(_on_start_update_flow_success)_appUpdate_client.on_start_update_flow_failure.connect(_on_start_update_flow_failure)func_on_start_update_flow_success(flowResult:ERuStoreUpdateFlowResult.Item):passfunc_on_start_update_flow_failure(error:RuStoreError):pass"
        },
        {
            "type": "code",
            "text": "Вызов метода start_update_flow_immediate_appUpdate_client.start_update_flow_immediate()",
            "content": [
                {
                    "type": "paragraph",
                    "text": "RESULT_OK (int = -1)— обновление выполнено, код может быть не получен, т.к. приложение в момент обновления завершается.\nRESULT_CANCELED (int = 0)— флоу прервано пользователем или произошла ошибка. Предполагается, что при получении этого кода, следует завершить работу приложения.\nACTIVITY_NOT_FOUND (int = 2)— RuStore не установлен, либо установлена версия, которая не поддерживает принудительное обновление (RuStore versionCode<191)."
                }
            ]
        },
        {
            "type": "h3",
            "text": "Тихое обновление​",
            "content": [
                {
                    "type": "paragraph",
                    "text": "Описание сценария тихого обновления\nОбновление без UI от RuStore\nПользователю будет показано диалоговое окно для подтверждения установки обновления (обновление будет скачано в фоне).\nЗапуск сценария обновления\nПеред использованием методов запуска сценариев обновления необходимо единожды выполнить подписку на события:\non_start_update_flow_success.\non_start_update_flow_failure."
                }
            ]
        },
        {
            "type": "admonition",
            "admonition_type": "info",
            "title": "к сведению",
            "content": [
                {
                    "type": "paragraph",
                    "text": "ОбъектRuStoreAppUpdateInfoпосле однократного использования становится невалидным. Для повторного вызова методаstart_update_flow_silentзапросите объектRuStoreAppUpdateInfoповторно, используя методget_app_update_info.\nСм. разделПроверка наличия обновлений (https://rustore.ru/help#%D0%BF%D1%80%D0%BE%D0%B2%D0%B5%D1%80%D0%BA%D0%B0-%D0%BD%D0%B0%D0%BB%D0%B8%D1%87%D0%B8%D1%8F-%D0%BE%D0%B1%D0%BD%D0%BE%D0%B2%D0%BB%D0%B5%D0%BD%D0%B8%D0%B9)."
                }
            ]
        },
        {
            "type": "code",
            "text": "Подписка на событияfunc_ready():# Инициализация _appUpdate_client_appUpdate_client.on_start_update_flow_success.connect(_on_start_update_flow_success)_appUpdate_client.on_start_update_flow_failure.connect(_on_start_update_flow_failure)func_on_start_update_flow_success(flowResult:ERuStoreUpdateFlowResult.Item):passfunc_on_start_update_flow_failure(error:RuStoreError):pass"
        },
        {
            "type": "code",
            "text": "Вызов метода start_update_flow_silent_appUpdate_client.start_update_flow_silent()",
            "content": [
                {
                    "type": "paragraph",
                    "text": "RESULT_OK (int = -1)— задача на скачивание обновления зарегистрирована."
                }
            ]
        },
        {
            "type": "admonition",
            "admonition_type": "unknown",
            "title": "подсказка",
            "content": [
                {
                    "type": "paragraph",
                    "text": "Для тихого обновления рекомендуется реализовать свой интерфейс."
                }
            ]
        },
        {
            "type": "h2",
            "text": "Установка обновления​",
            "content": [
                {
                    "type": "paragraph",
                    "text": "После завершения скачивания файла обновления вы можете запустить установку обновления. Обновление происходит через нативный инструмент Android. Для запуска установки обновления используйте методы:\ncomplete_update_flexible— обновление и перезапуск приложения.\ncomplete_update_silent— обновление и закрытие приложения."
                }
            ]
        },
        {
            "type": "admonition",
            "admonition_type": "unknown",
            "title": "подсказка",
            "content": [
                {
                    "type": "paragraph",
                    "text": "Рекомендуется уведомить пользователя о готовности обновления к установке.\nПеред использованием методов необходимо единожды выполнить подписку на событие:\non_complete_update_failure."
                }
            ]
        },
        {
            "type": "code",
            "text": "Подписка на событиеfunc_ready():# Инициализация _appUpdate_client_appUpdate_client.on_complete_update_failure.connect(_on_complete_update_failure)func_on_complete_update_failure(error:RuStoreError):pass"
        },
        {
            "type": "h3",
            "text": "Гибкое завершение обновления​",
            "content": []
        },
        {
            "type": "code",
            "text": "Вызов метода complete_update_flexible_appUpdate_client.complete_update_flexible()",
            "content": [
                {
                    "type": "paragraph",
                    "text": "Пользователю будет показан UI-диалог завершения обновления.\nВ случае успешного обновления приложение будет перезапущено."
                }
            ]
        },
        {
            "type": "h3",
            "text": "Тихое завершение обновления​",
            "content": []
        },
        {
            "type": "code",
            "text": "Вызов метода complete_update_silent_appUpdate_client.complete_update_silent()",
            "content": [
                {
                    "type": "paragraph",
                    "text": "UI-диалог завершения обновления не будет показан.\nВ случае успешного обновления приложение будет закрыто."
                }
            ]
        },
        {
            "type": "h2",
            "text": "Обработка ошибок​",
            "content": []
        },
        {
            "type": "admonition",
            "admonition_type": "unknown",
            "title": "подсказка",
            "content": [
                {
                    "type": "paragraph",
                    "text": "При получении любого события*_failureне рекомендуется самостоятельно отображать ошибку пользователю. Отображение ошибки может негативно повлиять на пользовательский опыт."
                }
            ]
        },
        {
            "type": "code",
            "text": "Класс RuStoreErrorclass_nameRuStoreErrorextendsObjectvarname:String=\"\"vardescription:String=\"\"func_init(json:String=\"\"):ifjson!=\"\":varobj=JSON.parse_string(json)ifobj.has(\"simpleName\"):name=obj[\"simpleName\"]ifobj.has(\"detailMessage\"):description=obj[\"detailMessage\"]",
            "content": [
                {
                    "type": "paragraph",
                    "text": "name—simpleNameкласса ошибки.\ndescription– описание ошибки."
                }
            ]
        },
        {
            "type": "h3",
            "text": "Возможные ошибки​",
            "content": [
                {
                    "type": "paragraph",
                    "text": "RuStoreNotInstalledException— на устройстве пользователя не установлен RuStore;\nRuStoreOutdatedException— версия RuStore, установленная на устройстве пользователя, не поддерживает платежи;\nRuStoreUserUnauthorizedException— пользователь не авторизован в RuStore;\nRuStoreException— базовая ошибка RuStore, от которой наследуются остальные ошибки;\nRuStoreInstallException(public val code: Int)— ошибка скачивания и установки.ERROR_UNKNOWN(Int = 4001)— неизвестная ошибка.ERROR_DOWNLOAD(Int = 4002)— ошибка при скачивании.ERROR_BLOCKED(Int = 4003)— установка заблокированна системой.ERROR_INVALID_APK(Int = 4004)— некорректный APK обновления.ERROR_CONFLICT(Int = 4005)— конфликт с текущей версией приложения.ERROR_STORAGE(Int = 4006)— недостаточно памяти на устройстве.ERROR_INCOMPATIBLE(Int = 4007)— несовместимо с устройством.ERROR_APP_NOT_OWNED(Int = 4008)— приложение не куплено.ERROR_INTERNAL_ERROR(Int = 4009)— внутренняя ошибка.ERROR_ABORTED(Int = 4010)— пользователь отказался от установки обновления.ERROR_APK_NOT_FOUND(Int = 4011)— APK для запуска установки не найден.ERROR_EXTERNAL_SOURCE_DENIED(Int = 4012)— запуск обновления запрещён. Например, в первом методе вернулся ответ о том, что обновление недоступно, но пользователь вызывает второй метод.ERROR_ACTIVITY_SEND_INTENT(Int = 9901)— ошибка отправки intent на открытие активити.ERROR_ACTIVITY_UNKNOWN(Int = 9902)— неизвестная ошибка отрытия активити."
                }
            ]
        }
    ]
}