{
    "meta": {
        "language": "ru",
        "parse_date": "2024-07-06T19:29:22.240339",
        "current_url": "https://www.rustore.ru/help/work-with-rustore-api/api-upload-publication-app/manual-publishing/",
        "doc_section": "",
        "h1_text": "Ручная публикация"
    },
    "content": [
        {
            "type": "h1",
            "text": "Ручная публикация",
            "content": [
                {
                    "type": "paragraph",
                    "text": "Метод позволяет опубликовать версию, прошедшую модерацию вручную.\nОграничения:\nопубликовать версию можно только после прохождения модерации;\nопубликовать версию если тип публикации указан вручную."
                }
            ]
        },
        {
            "type": "h2",
            "text": "Параметры взаимодействия​",
            "content": [
                {
                    "type": "paragraph",
                    "text": "POST\nhttps://public-api.rustore.ru/public/v1/application/{packageName}/version/{versionId}/publish"
                }
            ]
        },
        {
            "type": "table",
            "headers": [
                "Атрибут",
                "Тип",
                "Обяз.",
                "Расположение",
                "Описание"
            ],
            "rows": [
                [
                    {
                        "text": "Public-Token",
                        "links": []
                    },
                    {
                        "text": "string",
                        "links": []
                    },
                    {
                        "text": "Да",
                        "links": []
                    },
                    {
                        "text": "header",
                        "links": []
                    },
                    {
                        "text": "Токен доступа к Public API Rustore .",
                        "links": [
                            {
                                "text": "Токен доступа к Public API Rustore",
                                "url": "https://rustore.ru/help/work-with-rustore-api/api-authorization-token"
                            }
                        ]
                    }
                ],
                [
                    {
                        "text": "packageName",
                        "links": []
                    },
                    {
                        "text": "string",
                        "links": []
                    },
                    {
                        "text": "Да",
                        "links": []
                    },
                    {
                        "text": "path",
                        "links": []
                    },
                    {
                        "text": "Имя пакета приложения.",
                        "links": []
                    }
                ],
                [
                    {
                        "text": "versionId",
                        "links": []
                    },
                    {
                        "text": "number",
                        "links": []
                    },
                    {
                        "text": "Да",
                        "links": []
                    },
                    {
                        "text": "path",
                        "links": []
                    },
                    {
                        "text": "Версия приложения.",
                        "links": []
                    }
                ]
            ]
        },
        {
            "type": "h2",
            "text": "Параметры ответа​",
            "content": []
        },
        {
            "type": "table",
            "headers": [
                "Атрибут",
                "Тип",
                "Обяз.",
                "Описание",
                "Пример"
            ],
            "rows": [
                [
                    {
                        "text": "code",
                        "links": []
                    },
                    {
                        "text": "string",
                        "links": []
                    },
                    {
                        "text": "Да",
                        "links": []
                    },
                    {
                        "text": "Код ответа.",
                        "links": []
                    },
                    {
                        "text": "error / OK",
                        "links": []
                    }
                ],
                [
                    {
                        "text": "message",
                        "links": []
                    },
                    {
                        "text": "string",
                        "links": []
                    },
                    {
                        "text": "Нет",
                        "links": []
                    },
                    {
                        "text": "Расшифровка кода ответа.",
                        "links": []
                    },
                    {
                        "text": "N/A",
                        "links": []
                    }
                ],
                [
                    {
                        "text": "timestamp",
                        "links": []
                    },
                    {
                        "text": "timestamptz",
                        "links": []
                    },
                    {
                        "text": "Да",
                        "links": []
                    },
                    {
                        "text": "Время ответа.",
                        "links": []
                    },
                    {
                        "text": "2022-07-08T13:24:41.8328711+03:00",
                        "links": []
                    }
                ]
            ]
        },
        {
            "type": "h2",
            "text": "Пример запроса​",
            "content": []
        },
        {
            "type": "code",
            "text": "curl --location --request POST 'https://public-api.rustore.ru/public/v1/application/com.example.pblsh_v2/version/704372/publish' \\--header 'accept: application/json' \\--header 'Public-Token: {YOURtoken}'"
        },
        {
            "type": "h2",
            "text": "Пример ответа​",
            "content": []
        },
        {
            "type": "code",
            "text": "{\"code\": \"OK\",\"message\": null,\"body\": null,\"timestamp\": \"2023-08-14T15:34:44.016339151+03:00\"}"
        }
    ]
}