{
    "meta": {
        "language": "ru",
        "parse_date": "2024-07-06T20:02:42.265454",
        "current_url": "https://www.rustore.ru/help/sdk/updates/kotlin-java/1-0-1/",
        "doc_section": "sdk",
        "h1_text": "1.0.1"
    },
    "content": [
        {
            "type": "h1",
            "text": "1.0.1",
            "content": []
        },
        {
            "type": "h2",
            "text": "Общие сведения​",
            "content": [
                {
                    "type": "paragraph",
                    "text": "RuStore In-app updates SDK поддерживает актуальную версию приложения на устройстве пользователя. Это помогает пользователю увидеть обновления, оценить улучшение производительности и результат исправления ошибок."
                }
            ]
        },
        {
            "type": "h2",
            "text": "Пример пользовательского сценария​",
            "content": [
                {
                    "type": "paragraph",
                    "text": "Используйте RuStore In-app updates SDK для реализации различных способов обновлений. В настоящий момент поддерживаются: отложенное, тихое (без UI от RuStore) и принудительное обновление."
                }
            ]
        },
        {
            "tab_label": "Kotlin",
            "content": []
        },
        {
            "tab_label": "Java",
            "content": []
        },
        {
            "type": "h2",
            "text": "Условия корректной работы SDK​",
            "content": [
                {
                    "type": "paragraph",
                    "text": "Для работы RuStore In-app updates SDK необходимо соблюдение следующих условий."
                }
            ]
        },
        {
            "tab_label": "Kotlin",
            "content": []
        },
        {
            "tab_label": "Java",
            "content": []
        },
        {
            "type": "h2",
            "text": "Подключение в проект​",
            "content": []
        },
        {
            "tab_label": "Kotlin",
            "content": []
        },
        {
            "tab_label": "Java",
            "content": []
        },
        {
            "type": "h2",
            "text": "Создание менеджера обновлений​",
            "content": []
        },
        {
            "tab_label": "Kotlin",
            "content": []
        },
        {
            "tab_label": "Java",
            "content": []
        },
        {
            "type": "h2",
            "text": "Проверка наличия обновлений​",
            "content": []
        },
        {
            "tab_label": "Kotlin",
            "content": [
                {
                    "type": "paragraph",
                    "text": "updateAvailability— доступность обновления:\ninstallStatus— статус установки обновления, если пользователь уже устанавливает обновление в текущий момент времени:"
                }
            ]
        },
        {
            "tab_label": "Java",
            "content": [
                {
                    "type": "paragraph",
                    "text": "updateAvailability— доступность обновления:\ninstallStatus— статус установки обновления, если пользователь уже устанавливает обновление в текущий момент времени:"
                }
            ]
        },
        {
            "type": "h2",
            "text": "Скачивание и установка обновлений​",
            "content": []
        },
        {
            "type": "h3",
            "text": "Использование слушателя (listener)​",
            "content": [
                {
                    "type": "paragraph",
                    "text": "После подтверждения доступности обновления (AppUpdateInfo) вы можете запросить статус скачивания обновления — для этого запустите слушатель статуса скачивания обновления."
                }
            ]
        },
        {
            "type": "h3",
            "text": "Проверка статуса скачивания обновления​",
            "content": []
        },
        {
            "tab_label": "Kotlin",
            "content": [
                {
                    "type": "paragraph",
                    "text": "installStatus— статус установки обновления, если пользователь уже устанавливает обновление в текущий момент времени:\nbytesDownloaded— количество загруженных байт;\ntotalBytesToDownload— общее количество байт, которое необходимо скачать;\ninstallErrorCode— код ошибки во время скачивания. Коды ошибок описаны в разделеОбработка ошибок (https://rustore.ru/help#обработка-ошибок)."
                }
            ]
        },
        {
            "tab_label": "Java",
            "content": [
                {
                    "type": "paragraph",
                    "text": "installStatus— статус установки обновления, если пользователь уже устанавливает обновление в текущий момент времени:\nbytesDownloaded— количество загруженных байт;\ntotalBytesToDownload— общее количество байт, которое необходимо скачать;\ninstallErrorCode— код ошибки во время скачивания. Коды ошибок описаны в разделеОбработка ошибок (https://rustore.ru/help#обработка-ошибок)."
                }
            ]
        },
        {
            "type": "h3",
            "text": "Удаление слушателя​",
            "content": []
        },
        {
            "tab_label": "Kotlin",
            "content": []
        },
        {
            "tab_label": "Java",
            "content": []
        },
        {
            "type": "h2",
            "text": "Запуск скачивания обновления​",
            "content": []
        },
        {
            "type": "h3",
            "text": "Отложенное обновление​",
            "content": [
                {
                    "type": "paragraph",
                    "text": "Описание сценария отложенного обновления\nОбновление с UI от RuStore\nПользователю будет показан диалог с UI от RuStore для подтверждения обновления.\nПри нажатии на кнопку «Обновить» покажется диалоговое окно для подтверждения установки обновления.\nПосле завершения установки приложение закроется."
                }
            ]
        },
        {
            "tab_label": "Kotlin",
            "content": []
        },
        {
            "tab_label": "Java",
            "content": []
        },
        {
            "type": "h3",
            "text": "Принудительное обновление​",
            "content": [
                {
                    "type": "paragraph",
                    "text": "Описание сценария принудительного обновления\nОбновление с UI от RuStore\nПользователю будет показан полноэкранный диалог с UI от RuStore для подтверждения обновления. Использование приложения будет заблокировано до тех пор, пока обновление не будет установлено.\nПри нажатии на кнопку «Обновить» отобразится диалоговое окно для подтверждения установки обновления.\nДалее при нажатии на кнопку «Установить» появится полноэкранный диалог об установке новой версии приложения.\nПосле завершения установки приложение перезапустится."
                }
            ]
        },
        {
            "type": "admonition",
            "admonition_type": "caution",
            "title": "предупреждение",
            "content": [
                {
                    "type": "paragraph",
                    "text": "Приложение будет перезапущено, если версия Rustore больше, либо равна 1.37. Если версия Rustore ниже, то приложение закроется для установки обновления и не будет открыто заново, когда закончится обновление."
                }
            ]
        },
        {
            "tab_label": "Kotlin",
            "content": []
        },
        {
            "tab_label": "Java",
            "content": []
        },
        {
            "type": "h3",
            "text": "Тихое обновление​",
            "content": [
                {
                    "type": "paragraph",
                    "text": "Описание сценария тихого обновления\nОбновление без UI от RuStore\nПользователю будет показано диалоговое окно для подтверждения установки обновления (обновление будет скачано в фоне).\nПосле завершения установки приложение закроется."
                }
            ]
        },
        {
            "tab_label": "Kotlin",
            "content": []
        },
        {
            "tab_label": "Java",
            "content": []
        },
        {
            "type": "h2",
            "text": "Установка обновления​",
            "content": []
        },
        {
            "tab_label": "Kotlin",
            "content": []
        },
        {
            "tab_label": "Java",
            "content": []
        },
        {
            "type": "h2",
            "text": "Обработка ошибок​",
            "content": []
        },
        {
            "type": "admonition",
            "admonition_type": "unknown",
            "title": "подсказка",
            "content": [
                {
                    "type": "paragraph",
                    "text": "Если вы получили в ответonFailure, не рекомендуется самостоятельно отображать ошибку пользователю. Отображение ошибки может негативно повлиять на пользовательский опыт."
                }
            ]
        },
        {
            "type": "h3",
            "text": "Возможные ошибки​",
            "content": [
                {
                    "type": "paragraph",
                    "text": "RuStoreNotInstalledException— на устройстве пользователя не установлен RuStore;\nRuStoreOutdatedException— версия RuStore, установленная на устройстве пользователя, не поддерживает платежи;\nRuStoreUserUnauthorizedException— пользователь не авторизован в RuStore;\nRuStoreException— базовая ошибка RuStore, от которой наследуются остальные ошибки;\nRuStoreInstallException(public val code: Int)— ошибка скачивания и установки.ERROR_UNKNOWN(Int = 4001)— неизвестная ошибка.ERROR_DOWNLOAD(Int = 4002)— ошибка при скачивании.ERROR_BLOCKED(Int = 4003)— установка заблокированна системой.ERROR_INVALID_APK(Int = 4004)— некорректный APK обновления.ERROR_CONFLICT(Int = 4005)— конфликт с текущей версией приложения.ERROR_STORAGE(Int = 4006)— недостаточно памяти на устройстве.ERROR_INCOMPATIBLE(Int = 4007)— несовместимо с устройством.ERROR_APP_NOT_OWNED(Int = 4008)— приложение не куплено.ERROR_INTERNAL_ERROR(Int = 4009)— внутренняя ошибка.ERROR_ABORTED(Int = 4010)— пользователь отказался от установки обновления.ERROR_APK_NOT_FOUND(Int = 4011)— APK для запуска установки не найден.ERROR_EXTERNAL_SOURCE_DENIED(Int = 4012)— запуск обновления запрещён. Например, в первом методе вернулся ответ о том, что обновление недоступно, но пользователь вызывает второй метод.ERROR_ACTIVITY_SEND_INTENT(Int = 9901)— ошибка отправки intent на открытие активити.ERROR_ACTIVITY_UNKNOWN(Int = 9902)— неизвестная ошибка отрытия активити."
                }
            ]
        }
    ]
}