{
    "meta": {
        "language": "ru",
        "parse_date": "2024-07-06T19:39:37.187445",
        "current_url": "https://www.rustore.ru/help/developers/tools/app-tracer/android/modules/disk-usage/",
        "doc_section": "developers",
        "h1_text": "Эффективный мониторинг Disk Usage с Tracer SDK"
    },
    "content": [
        {
            "type": "h1",
            "text": "Эффективный мониторинг Disk Usage с Tracer SDK",
            "content": []
        },
        {
            "type": "h2",
            "text": "Подключение зависимостей к проекту​",
            "content": [
                {
                    "type": "paragraph",
                    "text": "В вашем проекте:<project>/<app-module>/build.gradle."
                }
            ]
        },
        {
            "type": "code",
            "text": "dependencies{implementation\"ru.ok.tracer:tracer-disk-usage:0.2.7\"}"
        },
        {
            "type": "h2",
            "text": "ОписаниеDiskUsageConfiguration​",
            "content": [
                {
                    "type": "paragraph",
                    "text": "В вашемApplication.kt."
                }
            ]
        },
        {
            "type": "code",
            "text": "classMyApplication:Application(),HasTracerConfiguration{override val tracerConfiguration:List<TracerConfiguration>get()=listOf(DiskUsageConfiguration.build{// ваши опции},)}",
            "content": [
                {
                    "type": "paragraph",
                    "text": "setEnabled— включить/выключить плагин. По умолчанию включён.\nsetProbability— вероятность(1/n) того, что раз в день у этого пользователя в фоне будет произведена проверка использования дискового места. По умолчанию 0, что равноценно включению плагина.\nsetInterestingSize— лимит занимаемого места, при превышении которого SDK будет сигнализировать о проблеме и отправлять отчет в Tracer. Измеряется в байтах. По умолчанию 10 Гбайт.\nsetExcludePath— пути с заранее известными большими файлами которые должны быть исключены из проверки. Принимает только пути сформированные черезGlobalDirs.\nGlobalDirs.INTERNAL_DATA.excludePath(\"foo/bar\")— внутреннее хранилище приложения.\nGlobalDirs.EXTERNAL_DATA.excludePath(\"foo/bar\")— файлы приложения на SD-карте.\nGlobalDirs.SRC.excludePath(\"foo/bar\")— файлы самого приложения."
                }
            ]
        }
    ]
}