{
    "meta": {
        "language": "ru",
        "parse_date": "2024-07-06T19:34:41.124431",
        "current_url": "https://www.rustore.ru/help/developers/developer-account/registration-developer/registration-fl/",
        "doc_section": "developers",
        "h1_text": "Регистрация физических лиц в RuStore Консоль"
    },
    "content": [
        {
            "type": "h1",
            "text": "Регистрация физических лиц в RuStore Консоль",
            "content": []
        },
        {
            "type": "admonition",
            "admonition_type": "caution",
            "title": "предупреждение",
            "content": [
                {
                    "type": "paragraph",
                    "text": "Если в вашем аккаунте перестала работать авторизация через Google, войдите заново другим способом: по номеру телефона, VK, Яндекс или ГосУслуги.\nУкажите тот же номер телефона, который использовали для авторизации ранее.\nОткройте в браузере системуRuStore Консоль (https://dev.rustore.ru/).\nНажмите «В консоль».\nНажмите «Войти через VK ID».\nВведите номер телефона, привязанный к вашему аккаунтуVK ID (https://rustore.ru/help/users/authorization/why-vk-id), или создайте новый аккаунт.\nНажмите «Продолжить».\nНажмите «Создать аккаунт»."
                }
            ]
        },
        {
            "type": "admonition",
            "admonition_type": "info",
            "title": "к сведению",
            "content": [
                {
                    "type": "paragraph",
                    "text": "Вы можете перейти к форме создания аккаунта состраницы (https://dev.rustore.ru/)системыRuStore Консоль (https://dev.rustore.ru/). Нажмите «Зарегистрировать аккаунт».\nВыберите «Физическое лицо».\nНажмите «Продолжить».\nЗаполните все поля.\nНажмите «Верифицировать личность»."
                }
            ]
        },
        {
            "type": "admonition",
            "admonition_type": "note",
            "title": "примечание",
            "content": [
                {
                    "type": "paragraph",
                    "text": "Для разработчиков физических лиц необходимо пройти верификацию.\n\nЩёлкните на кнопке «Верифицировать личность».\nЧтобы пройти верификацию, понадобится действительный документ, удостоверяющий личность:\nУстановите флажок «Я даю согласие на обработку моих персональных данных в соответствии сПолитикой конфиденциальности (https://rustore.ru/help/legal/privacy-policy-developers/)».\nНажмите «Следующий шаг».\nЗагрузите фотографию паспорта в развернутом виде."
                }
            ]
        },
        {
            "type": "admonition",
            "admonition_type": "note",
            "title": "примечание",
            "content": [
                {
                    "type": "paragraph",
                    "text": "На следующем шаге вам понадобится доступ к камере. Если на ПК нет камеры, вы можете продолжить верификацию на мобильном устройстве. Нажмите «Продолжить на телефоне» и следуйте инструкциям.\nНажмите «Следующий шаг».\nНажмите «Начать».\nПосмотрите в камеру и сделайте вращательное движение головой по кругу."
                }
            ]
        }
    ]
}