{
    "meta": {
        "language": "ru",
        "parse_date": "2024-07-06T20:00:20.853733",
        "current_url": "https://www.rustore.ru/help/sdk/rustore-geo/maps-mobile-sdk/mobile-sdk-android/",
        "doc_section": "sdk",
        "h1_text": "Android"
    },
    "content": [
        {
            "type": "h1",
            "text": "Android",
            "content": [
                {
                    "type": "paragraph",
                    "text": "Maps SDK позволяет добавить карту в ваше Android приложение."
                }
            ]
        },
        {
            "type": "h2",
            "text": "Подключение​",
            "content": [
                {
                    "type": "paragraph",
                    "text": "Для подключения Maps SDK необходимо добавить в главныйgradle-файл проекта ссылку на maven репозиторий.\nПример кода gradle файла с ссылкой наmaven-репозиторий"
                }
            ]
        },
        {
            "type": "code",
            "text": "allprojects{repositories{maven{url'https://maven.pkg.github.com/geors/maps-sdk-android'credentials{username=\"your personal github account\"password=\"yor personal token\"}}}}"
        },
        {
            "type": "code",
            "text": "implementation('ru.rustore.geo:mapkit:x.x.x')"
        },
        {
            "type": "h2",
            "text": "Использование​",
            "content": [
                {
                    "type": "paragraph",
                    "text": "Необходимо инициализировать глобальные настройки карты до использования других компонентов SDK. Лучший вариант — в наследнике классаApplication."
                }
            ]
        },
        {
            "type": "h3",
            "text": "Пример объекта глобальных настроек​",
            "content": []
        },
        {
            "type": "code",
            "text": "MapViewConfig(val apiKey:String,// уникальный ключ для предоставления доступа кработе сSDK)"
        },
        {
            "type": "code",
            "text": "MapGlobalConfig.setMapGlobalConfig(MapViewConfig(apiKey=apiKey))"
        },
        {
            "type": "h3",
            "text": "Пример объектаMapStartOptions​",
            "content": []
        },
        {
            "type": "code",
            "text": "dataclassMapStartOptions(val center:LatLon,// точка начального расположения карты (учитываются только lat, lon)val zoomLevel:Float,// начальное значение уровня масштабирования (zoomLevel)val style:MapStyle,// стиль карты, может быть выбран из соответствующего enum или использован свойval compassLocationMode:CompassLocationMode,// настройка компаса, может быть выбран из соответствующего enumval logoConfig:LogoConfig// конфигурация логотипа)"
        },
        {
            "type": "code",
            "text": "MapGlobalConfig.setMapStartOptions(MapStartOptions(...))"
        },
        {
            "type": "h3",
            "text": "Пример объектаLogoConfig​",
            "content": []
        },
        {
            "type": "code",
            "text": "dataclassLogoConfig(val logoAlignment:Alignment,// выравнивание логотипа, может быть выбран из четырех возможных вариантов Alignment: BottomRight, BottomLeft, TopRight, TopLeftval logoAdditionalPaddings:AdditionalPaddings// дополнительные паддинги, с помощью которого можно задать горизонтальные и вертикальные отступы)",
            "content": [
                {
                    "type": "paragraph",
                    "text": "MapView— является основным представлением в SDK, которое отображает карту;\nZoomView— используется для отображения контролов + и -, которые можно использовать для приближения и отдаления карты;\nCurrentLocationView— кнопка для фокусировки карты на текущей позиции пользователя и следования за его положением;\nCompassView— компонент, отображающий направление физического устройства относительно севера."
                }
            ]
        },
        {
            "type": "h3",
            "text": "Пример отображения карты​",
            "content": []
        },
        {
            "type": "code",
            "text": "<FrameLayoutandroid:id=\"@+id/mainLayout\"android:layout_width=\"match_parent\"android:layout_height=\"match_parent\"...><ru.mail.maps.sdk.views.MapViewandroid:id=\"@+id/mapView\"android:layout_width=\"match_parent\"android:layout_height=\"match_parent\"/></FrameLayout>"
        },
        {
            "type": "h3",
            "text": "Пример с контролами​",
            "content": []
        },
        {
            "type": "code",
            "text": "<FrameLayoutxmlns:custom=\"http://schemas.android.com/apk/res-auto\"android:id=\"@+id/mainLayout\"android:layout_width=\"match_parent\"android:layout_height=\"match_parent\"...><ru.mail.maps.sdk.views.MapViewandroid:id=\"@+id/mapView\"android:layout_width=\"match_parent\"android:layout_height=\"match_parent\"/><ru.mail.maps.sdk.views.ZoomViewandroid:id=\"@+id/zoomView\"android:layout_width=\"wrap_content\"android:layout_height=\"wrap_content\"...custom:mapView=\"@+id/mapView\"/><ru.mail.maps.sdk.views.CompassViewandroid:layout_width=\"wrap_content\"android:layout_height=\"wrap_content\"...custom:mapView=\"@+id/mapView\"/><ru.mail.maps.sdk.views.CurrentLocationViewandroid:layout_width=\"wrap_content\"android:layout_height=\"wrap_content\"...custom:mapView=\"@+id/mapView\"/></FrameLayout>"
        },
        {
            "type": "h3",
            "text": "Пример прямого вызова метода карты​",
            "content": []
        },
        {
            "type": "code",
            "text": "mapView=findViewById(R.id.mapView)mapView.getMapAsync{map->// тот самый объект Map...}"
        },
        {
            "type": "h3",
            "text": "Пример передачи в объект Map реализации интерфейса LocationSource​",
            "content": []
        },
        {
            "type": "code",
            "text": "map.setLocationSource(locationSource)"
        },
        {
            "type": "h3",
            "text": "Методы интерфейсаLocationSource​",
            "content": []
        },
        {
            "type": "code",
            "text": "funactivate(listener:(mapLocation:MapLocation)->Unit)// используется для старта процесса получения gps фиксов от системыfundeactivate()// вызывается при необходимости остановить получение GPS-данных"
        },
        {
            "type": "code",
            "text": "dataclassMapLocation(val latitude:Double?=null,// широта [-90, 90]val longitude:Double?=null,// долгота [-180, 180]val speed:Float?=null,// скоростьval bearing:Float?=null,// направление [0, 360]val accuracy:Float?=null,// точностьval altitude:Double?=null// высота над уровнем моря в метрах)"
        },
        {
            "type": "h3",
            "text": "Примеры методов объектаMap​",
            "content": []
        },
        {
            "type": "table",
            "headers": [
                "// Изменить координаты центра карты// За анимацию изменений отвечает аргументanimated, за длительностьduration, а за кривую движения камерыcameraCurve// Указание длительности анимации и кривой движения камеры необязательноfun flyTo(mapLocation: MapLocation, animated: Boolean, durationMs: Int?, cameraCurve: CameraCurve = CameraCurve.Standard())// Увеличить карту,step— значение шага, на который будет увеличена картаfun zoomIn(step: Float = .5f, animated: Boolean = true )// Уменьшить карту,step— значение шага, на который будет уменьшена картаfun zoomOut(step: Float = .5f, animated: Boolean = true )// Выставляет направление карты, bearing лежит в полуинтервале[0, 360)fun setBearing(bearing: Float, animated: Boolean = true )// Выставляет уровень масштаба карты, zoom лежит в полуинтервале(0, 20]fun setZoom(zoom: Float, animated: Boolean = true )// Добавляет маркер на карту, гдеMarkerEntity— модель маркера,id— уникальный для каждого маркера идентификатор,coordinates— координаты точки, к которой будет привязан маркер (учитывается толькоlatitudeиlongitude, остальныеnull) иimage— одно из значенийenum MarkerImagefun addMarker(marker: MarkerEntity)// Добавить список маркеров на картуfun addMarker(markers: List<MarkerEntity>)// Удалить маркер с указанным идентификаторомfun removeMarker(id: String)// Удалить все маркеры с картыfun removeAllMarkers()// Показать PopUp окно над маркером,markerId— идентификатор маркера, к которому будет привязано окно;content— HTML-строка, текст которой будет отображен в окнеfun showPopUp(markerId: String, content: String)// Скрыть PopUp окно для соответствующего идентификатору маркераfun hidePopUp(markerId: String)// Добавить метод-callback, который будет вызван, когда пользователь сделает клик на один из маркеровid— идентификатор маркера, на который кликнул пользователь,location— координаты, которые соответствуют маркеру (учитывается толькоlatitudeиlongitude, остальныеnull)fun setOnMarkerClickListener(onCLickListener: (id: String, location: MapLocation) -> Unit)// Удалить метод-callback, отвечающий за клик по маркеруfun removeMarkerClickListener()// Задать перемещение маркеру с соответствующимidв позициюlocation. animated— необходима ли анимация перемещения маркераduration— длительность анимации перемещенияfun moveMarker(id: String, location: MapLocation, animated: Boolean, duration: Double)// Добавить callback, который будет вызываться в случае возникновения тех или иных ошибок в SDK. Все ошибки являются наследниками классаMapErrorfun addOnErrorListener(onErrorListener: (error: MapError) -> Unit)// Переместить карту, чтобы центр экрана совпадал с параметромcenter(учитывается толькоlatitudeиlongitude, остальныеnull)fun setCenter(center: MapLocation, animated: Boolean)// Изменить стиль карты без необходимости переинициализацииfun changeStyle(style: MapStyle)// Разрешить или запретить управление картой жестамиfun enableDragPan(enable: Boolean)// Разрешить или запретить изменение масштаба карты и вращение пользователемfun enableZoomRotate(enable: Boolean)// Установить метод-коллбэк, который будет вызван при изменении масштаба картыfun setOnZoomChangedListener(listener: (zoom: Double) -> Unit)// Удалить метод-коллбэк, отвечающий за изменение масштаба картыfun removeZoomChangedListener()// Установить метод-коллбэк, отвечающий за событие клика по картеfun setOnMapClickListener(onClickListener: (location: MapLocation, screenLocation: ScreenLocation) -> Unit)// Установить метод-callback, отвечающий за событие длительного клика по картеfun setOnMapLongClickListener(onClickListener: (location: MapLocation, screenLocation: ScreenLocation) -> Unit)// Добавить новый слой на картуfun addLayer(layer: Layer)// Добавить новый источник данных для картыfun addMapDataSource(source: MapDataSource)// Удалить источник данных поidfun removeSource(sourceId: String)// Удалить слой с карты поidfun removeLayer(layerId: String)// Добавить кластер на карту, где в объектеClusterсодержатся:id— идентификатор кластера, markers — список объектов маркеров,radius— радиус кластера в метрах,textColor— цвет текста в HEX (\"#ff0000\"),backgroundColor— цвет фона в HEX (\"#ffffff\")fun addCluster(cluster: Cluster)// Удалить кластер по идентификаторуfun removeCluster(id: String)"
            ],
            "rows": []
        },
        {
            "type": "code",
            "text": "classCircleSource(val id:String,// уникальный id источника данныхval center:LatLon,// центр кругаval radius:Double,// радиус в метрахval steps:Int// количество ребер в интерполяции круга)classGeojsonSource(val id:String,// уникальный id источника данныхval geojsonData:ByteArray// GeoJson строка в виде ByteArray)classPolylineSource(val id:String,// уникальный id источника данныхval polylineData:String// закодированная в строку информация о полилинии)"
        },
        {
            "type": "h2",
            "text": "Ограничения​",
            "content": [
                {
                    "type": "paragraph",
                    "text": "Минимально поддерживаемая версия Android: 7.0 (min sdk 24)."
                }
            ]
        }
    ]
}