{
    "meta": {
        "language": "ru",
        "parse_date": "2024-07-06T19:42:28.120105",
        "current_url": "https://www.rustore.ru/help/developers/publishing-and-verifying-apps/app-publication/adding-an-app-for-a-tv-device/",
        "doc_section": "developers",
        "h1_text": "Добавление приложения для устройства ТВ в RuStore: подробная инструкция"
    },
    "content": [
        {
            "type": "h1",
            "text": "Добавление приложения для устройства ТВ в RuStore: подробная инструкция",
            "content": [
                {
                    "type": "paragraph",
                    "text": "При публикации приложения необходимо указать тип устройства, на котором приложение будет использоваться.\nОткройте системуКонсоль RuStore (https://console.rustore.ru/sign-in).\nПерейдите на вкладку «Приложения» и нажмите «Добавить приложение».\nВ новом окне выберите тип приложения: «Универсальный» или «Только для ТВ».Выберите «Универсальный» тип, если APK вашего приложения подходит для телефона, планшета и ТВ.примечаниеДля ТВ доступны только бесплатные приложения: если загружен apk-файл для ТВ, создание платного универсального приложения невозможно.\nВведите название приложения и нажмите «Добавить».\nЕсли загружены разные версии,package_nameдля публикации на ТВ должен отличаться отpackage_nameприложения для мобильных устройств.\nAPK приложения можно загружать сразу для мобильной и ТВ-версии с одним названиемpackage_nameв рамках одной версии.\nОбъем файла APK: не более 2,5 ГБ;\nДопустимый формат:.apk;\nПодпись apk должна соответствовать подписи, используемой в других магазинах приложений (например, в Google Play).\nЭто позволит пользователям обновить установленные на устройстве приложения, для которых в RuStore доступна более новая версия.\nВы можете указать новый ключ подписи, но тогда его нужно заменить во всех магазинах.Как обновить подпись в Google Play? (https://support.google.com/googleplay/android-developer/answer/9842756?visit_id=638150905149654896-2147605919&rd=1#upgrade)\nИмя пакета должно быть уникальным.\nУкажите наименование приложения:не более 50 символов;наименование приложения должно быть уникальным.\nВыберите категорию из предложенного списка.Как это сделать? (https://rustore.ru/help/developers/publishing-and-verifying-apps/category)\nВыберите возрастное ограничение из предложенного списка.Как правильно выбрать возрастное ограничение? (https://rustore.ru/help/developers/publishing-and-verifying-apps/age-restrictions)\nВведите краткое описание приложения (до 80 символов).\nВведите подробное описание приложения (до 4000 символов).\nОбъем изображения: не более 3 МБ;\nДопустимый формат:.pngили.jpg;\nРазмер изображения: 512x512.\nФормат: JPEG или PNG (24-бит без альфа-канала);\nРекомендуемый размер: 1920 x 1080 пикселей (соотношение 16:9);\nРекомендуемый объем: не более 3 MB;\nРазрешение: от 320p до 4k."
                }
            ]
        },
        {
            "type": "admonition",
            "admonition_type": "note",
            "title": "примечание",
            "content": [
                {
                    "type": "paragraph",
                    "text": "Баннер для ТВ будетпервымскриншотом при публикации приложения на ТВ.\n\nНастройте публикацию приложения: «Автоматически после модерации» или «Вручную».\n\nПодробная информация о настройке публикации приложения приведена в разделеАвтоматическая и ручная публикация приложения.\nНажмите «Отправить на модерацию».примечаниеПеред отправкой приложения на модерацию обязательно проверьте приложение на соответствиетребованиям к приложениям (https://rustore.ru/help/developers/publishing-and-verifying-apps/requirement-apps).Приложение будет отправлено на модерацию. После прохождения модерации статус приложения изменится и появится кнопка «Опубликовать».\nНажмите «Опубликовать», и ваше приложение будет доступно на ТВ."
                }
            ]
        }
    ]
}