{
    "meta": {
        "language": "ru",
        "parse_date": "2024-07-06T19:53:26.159984",
        "current_url": "https://www.rustore.ru/help/sdk/updates/unity/2-0-0/",
        "doc_section": "sdk",
        "h1_text": "2.0.0"
    },
    "content": [
        {
            "type": "h1",
            "text": "2.0.0",
            "content": []
        },
        {
            "type": "h2",
            "text": "Общие сведения​",
            "content": [
                {
                    "type": "paragraph",
                    "text": "RuStore In-app updates SDK поддерживает актуальную версию приложения на устройстве пользователя. Это помогает пользователю увидеть обновления, оценить улучшение производительности и результат исправления ошибок."
                }
            ]
        },
        {
            "type": "h2",
            "text": "Пример пользовательского сценария​",
            "content": [
                {
                    "type": "paragraph",
                    "text": "Используйте RuStore In-app updates SDK для реализации различных способов обновлений. В настоящий момент поддерживаются: отложенное, тихое (без UI от RuStore) и принудительное обновление.\nИзучить код примера на Unity >>"
                }
            ]
        },
        {
            "type": "h2",
            "text": "Условия корректной работы SDK​",
            "content": [
                {
                    "type": "paragraph",
                    "text": "Для работы RuStore In-app updates SDK необходимо соблюдение следующих условий.\nОС Android версии 7.0 или выше\nВерсия RuStore на устройстве пользователя актуальная\nПользователь авторизован в RuStore\nПриложению RuStore разрешена установка приложений"
                }
            ]
        },
        {
            "type": "h2",
            "text": "Подключение в проект​",
            "content": [
                {
                    "type": "paragraph",
                    "text": "Для подключения скачайтеRuStore AppUpdate SDKи импортируйте его в проект (Assets > Import Package > Custom Package). Зависимости подключаются автоматически с помощью External Dependency Manager (включен в SDK).\nMinimum API levelдолжен быть установлен не ниже24. Минификация приложения (ProGuard/R8) в данный момент не поддерживается, её необходимо отключить в настройках проекта (File > Build Settings > Player Settings > Publishing Settings > Minify)."
                }
            ]
        },
        {
            "type": "h2",
            "text": "Создание менеджера обновлений​",
            "content": [
                {
                    "type": "paragraph",
                    "text": "Перед вызовом методов библиотеки необходимо создать менеджер обновлений."
                }
            ]
        },
        {
            "type": "code",
            "text": "RuStoreAppUpdateManager.Instance.Init();"
        },
        {
            "type": "h2",
            "text": "Проверка наличия обновлений​",
            "content": [
                {
                    "type": "paragraph",
                    "text": "\nНа устройстве пользователя установлена актуальная версия RuStore.\nПользователь и приложение не должны быть заблокированы в RuStore.\nПриложению RuStore разрешена установка приложений.\nПользователь авторизован в RuStore."
                }
            ]
        },
        {
            "type": "code",
            "text": "RuStoreAppUpdateManager.Instance.GetAppUpdateInfo(onFailure:(error)=>{// Handle error},onSuccess:(info)=>{// Process update info})",
            "content": [
                {
                    "type": "paragraph",
                    "text": "updateAvailability— доступность обновления:UNKNOWN (int == 0)— по умолчанию;UPDATE_NOT_AVAILABLE (int == 1)— обновление не нужно;UPDATE_AVAILABLE (int == 2)— обновление требуется загрузить или обновление уже загружено на устройство пользователя;DEVELOPER_TRIGGERED_UPDATE_IN_PROGRESS (int == 3)— обновление уже скачивается или установка уже запущена.\ninstallStatus— статус установки обновления, если пользователь уже устанавливает обновление в текущий момент времени:UNKNOWN (int == 0)— по умолчанию;DOWNLOADED (int == 1)— скачано;DOWNLOADING (int == 2)— скачивается;FAILED (int == 3)— ошибка;PENDING (int == 5)— в ожидании."
                }
            ]
        },
        {
            "type": "admonition",
            "admonition_type": "info",
            "title": "к сведению",
            "content": [
                {
                    "type": "paragraph",
                    "text": "Запуск скачивания обновления возможен только в том случае, если полеupdateAvailabilityсодержит значениеUPDATE_AVAILABLE."
                }
            ]
        },
        {
            "type": "h2",
            "text": "Скачивание и установка обновлений​",
            "content": []
        },
        {
            "type": "h3",
            "text": "Использование слушателя (listener)​",
            "content": [
                {
                    "type": "paragraph",
                    "text": "После подтверждения доступности обновления (AppUpdateInfo) вы можете запросить статус скачивания обновления — для этого запустите слушатель статуса скачивания обновления."
                }
            ]
        },
        {
            "type": "h3",
            "text": "Проверка статуса скачивания обновления​",
            "content": [
                {
                    "type": "paragraph",
                    "text": "Используйте методRegisterListener()."
                }
            ]
        },
        {
            "type": "code",
            "text": "RuStoreAppUpdateManager.Instance.RegisterListener(listener)"
        },
        {
            "type": "code",
            "text": "UpdateListenerpublicinterfaceIInstallStateUpdateListener{publicvoidOnStateUpdated(InstallStatestate);}",
            "content": [
                {
                    "type": "paragraph",
                    "text": "installStatus— статус установки обновления, если пользователь уже устанавливает обновление в текущий момент времени:UNKNOWN (int == 0)— по умолчанию;DOWNLOADED (int == 1)— скачано;DOWNLOADING (int == 2)— скачивается;FAILED (int == 3)— ошибка;PENDING (int == 5)— в ожидании;\nbytesDownloaded— количество загруженных байт;\ntotalBytesToDownload— общее количество байт, которое необходимо скачать;\ninstallErrorCode— код ошибки во время скачивания. Коды ошибок описаны в разделеОбработка ошибок (https://rustore.ru/help#обработка-ошибок)."
                }
            ]
        },
        {
            "type": "h3",
            "text": "Удаление слушателя​",
            "content": [
                {
                    "type": "paragraph",
                    "text": "Если необходимости в слушателе больше нет, воспользуйтесь методом удаления слушателяunregisterListener(), передав в метод ранее зарегистрированный слушатель."
                }
            ]
        },
        {
            "type": "code",
            "text": "RuStoreAppUpdateManager.Instance.UnregisterListener(listener);"
        },
        {
            "type": "h2",
            "text": "Запуск скачивания обновления​",
            "content": []
        },
        {
            "type": "h3",
            "text": "Отложенное обновление​",
            "content": [
                {
                    "type": "paragraph",
                    "text": "Описание сценария отложенного обновления\nОбновление с UI от RuStore\nПользователю будет показан диалог с UI от RuStore для подтверждения обновления.\nПри нажатии на кнопку «Обновить» покажется диалоговое окно для подтверждения установки обновления.\nПосле завершения установки приложение закроется."
                }
            ]
        },
        {
            "type": "admonition",
            "admonition_type": "info",
            "title": "к сведению",
            "content": [
                {
                    "type": "paragraph",
                    "text": "ОбъектAppUpdateInfoпосле однократного использования становится невалидным. Для повторного вызова методаStartUpdateFlow()запроситеAppUpdateInfo, снова используя методGetAppUpdateInfo()."
                }
            ]
        },
        {
            "type": "code",
            "text": "RuStoreAppUpdateManager.Instance.StartUpdateFlow(onFailure:(error)=>{// Handle error},onSuccess:(resultCode)=>{// Handle flow result});"
        },
        {
            "type": "admonition",
            "admonition_type": "info",
            "title": "к сведению",
            "content": [
                {
                    "type": "paragraph",
                    "text": "Список возможных ошибок (https://rustore.ru/help#%D0%BE%D0%B1%D1%80%D0%B0%D0%B1%D0%BE%D1%82%D0%BA%D0%B0-%D0%BE%D1%88%D0%B8%D0%B1%D0%BE%D0%BA)"
                }
            ]
        },
        {
            "type": "h3",
            "text": "Принудительное обновление​",
            "content": [
                {
                    "type": "paragraph",
                    "text": "Описание сценария принудительного обновления\nОбновление с UI от RuStore\nПользователю будет показан полноэкранный диалог с UI от RuStore для подтверждения обновления. Использование приложения будет заблокировано до тех пор, пока обновление не будет установлено.\nПри нажатии на кнопку «Обновить» отобразится диалоговое окно для подтверждения установки обновления.\nДалее при нажатии на кнопку «Установить» появится полноэкранный диалог об установке новой версии приложения.\nПосле завершения установки приложение перезапустится."
                }
            ]
        },
        {
            "type": "admonition",
            "admonition_type": "caution",
            "title": "предупреждение",
            "content": [
                {
                    "type": "paragraph",
                    "text": "Приложение будет перезапущено, если версия Rustore больше, либо равна 1.37. Если версия Rustore ниже, то приложение закроется для установки обновления и не будет открыто заново, когда закончится обновление.\nЗапуск сценария обновления\nПосле полученияAppUpdateInfoвы можете проверить доступность принудительного обновления."
                }
            ]
        },
        {
            "type": "code",
            "text": "varisImmediateUpdateAllowed=RuStoreAppUpdateManager.Instance.IsImmediateUpdateAllowed();"
        },
        {
            "type": "code",
            "text": "RuStoreAppUpdateManager.Instance.StartUpdateFlowImmediate(onFailure:(error)=>{// Handle error},onSuccess:(resultCode)=>{// Handle flow result});",
            "content": [
                {
                    "type": "paragraph",
                    "text": "UpdateFlowResult.RESULT_OK (-1)— обновление выполнено, код может не быть получен, т. к. приложение в момент обновления завершается.\nUpdateFlowResult.RESULT_CANCELED (0)— флоу прервано пользователем, или произошла ошибка. Предполагается, что при получении этого кода следует завершить работу приложения.\nUpdateFlowResult.RESULT_ACTIVITY_NOT_FOUND (2)— RuStore не установлен, либо установлена версия, которая не поддерживает принудительное обновление (RuStore versionCode<191)."
                }
            ]
        },
        {
            "type": "h3",
            "text": "Тихое обновление​",
            "content": [
                {
                    "type": "paragraph",
                    "text": "Описание сценария тихого обновления\nОбновление без UI от RuStore\nПользователю будет показано диалоговое окно для подтверждения установки обновления (обновление будет скачано в фоне).\nПосле завершения установки приложение закроется."
                }
            ]
        },
        {
            "type": "code",
            "text": "RuStoreAppUpdateManager.Instance.StartUpdateFlowSilent(onFailure:(error)=>{// Handle error},onSuccess:(resultCode)=>{// Handle flow result});"
        },
        {
            "type": "admonition",
            "admonition_type": "unknown",
            "title": "подсказка",
            "content": [
                {
                    "type": "paragraph",
                    "text": "Для тихого обновления рекомендуется реализовать свой интерфейс."
                }
            ]
        },
        {
            "type": "h2",
            "text": "Установка обновления​",
            "content": [
                {
                    "type": "paragraph",
                    "text": "После завершения скачивания APK-файла обновления вы можете запустить установку обновления. Для запуска установки обновления вызовите методCompleteUpdate()."
                }
            ]
        },
        {
            "type": "code",
            "text": "RuStoreAppUpdateManager.Instance.CompleteUpdate(onFailure:(error)=>{// Handle error});"
        },
        {
            "type": "h2",
            "text": "Обработка ошибок​",
            "content": []
        },
        {
            "type": "admonition",
            "admonition_type": "unknown",
            "title": "подсказка",
            "content": [
                {
                    "type": "paragraph",
                    "text": "Если вы получили в ответonFailure, не рекомендуется самостоятельно отображать ошибку пользователю. Отображение ошибки может негативно повлиять на пользовательский опыт.\nНиже представлена структура ошибки."
                }
            ]
        },
        {
            "type": "code",
            "text": "public class RuStoreError {public string name;public string description;}"
        },
        {
            "type": "h3",
            "text": "Возможные ошибки​",
            "content": [
                {
                    "type": "paragraph",
                    "text": "RuStoreNotInstalledException— на устройстве пользователя не установлен RuStore;\nRuStoreOutdatedException— версия RuStore, установленная на устройстве пользователя, не поддерживает платежи;\nRuStoreUserUnauthorizedException— пользователь не авторизован в RuStore;\nRuStoreException— базовая ошибка RuStore, от которой наследуются остальные ошибки;\nRuStoreInstallException(public val code: Int)— ошибка скачивания и установки.ERROR_UNKNOWN(Int = 4001)— неизвестная ошибка.ERROR_DOWNLOAD(Int = 4002)— ошибка при скачивании.ERROR_BLOCKED(Int = 4003)— установка заблокированна системой.ERROR_INVALID_APK(Int = 4004)— некорректный APK обновления.ERROR_CONFLICT(Int = 4005)— конфликт с текущей версией приложения.ERROR_STORAGE(Int = 4006)— недостаточно памяти на устройстве.ERROR_INCOMPATIBLE(Int = 4007)— несовместимо с устройством.ERROR_APP_NOT_OWNED(Int = 4008)— приложение не куплено.ERROR_INTERNAL_ERROR(Int = 4009)— внутренняя ошибка.ERROR_ABORTED(Int = 4010)— пользователь отказался от установки обновления.ERROR_APK_NOT_FOUND(Int = 4011)— APK для запуска установки не найден.ERROR_EXTERNAL_SOURCE_DENIED(Int = 4012)— запуск обновления запрещён. Например, в первом методе вернулся ответ о том, что обновление недоступно, но пользователь вызывает второй метод.ERROR_ACTIVITY_SEND_INTENT(Int = 9901)— ошибка отправки intent на открытие активити.ERROR_ACTIVITY_UNKNOWN(Int = 9902)— неизвестная ошибка отрытия активити."
                }
            ]
        },
        {
            "type": "h2",
            "text": "Список зависимостей для обновления приложения​",
            "content": [
                {
                    "type": "paragraph",
                    "text": "ru.rustore.sdk:core:0.1.10— GNU Lesser General Public License v3.0;\nru.rustore.sdk:analytics:0.1.5— GNU Lesser General Public License v3.0;\norg.jetbrains.kotlin:kotlin-stdlib-jdk8:1.7.20— The Apache Software License, Version 2.0;\norg.jetbrains.kotlinx:kotlinx-coroutines-android:1.6.4— The Apache Software License, Version 2.0;\nandroidx.core:core-ktx:1.9.0— The Apache Software License, Version 2.0;\nandroidx.appcompat:appcompat:1.5.1— The Apache Software License, Version 2.0;\nandroidx.activity:activity:1.5.1— The Apache Software License, Version 2.0."
                }
            ]
        }
    ]
}