{
    "meta": {
        "language": "ru",
        "parse_date": "2024-07-06T19:36:42.161252",
        "current_url": "https://www.rustore.ru/help/developers/advertising-and-promotion/events/",
        "doc_section": "developers",
        "h1_text": "Подача заявок на события в RuStore Консоль"
    },
    "content": [
        {
            "type": "h1",
            "text": "Подача заявок на события в RuStore Консоль",
            "content": [
                {
                    "type": "paragraph",
                    "text": "События (in-app events) — способ повысить мотивацию к установке приложения, например: распродажи (для интернет-магазинов), особые предложения и ивенты в играх и другие акции с ограниченным сроком действия или условиями использования.\nRuStore Консоль позволяет отправить заявку на событие, сведения о котором будут отображаться в вашем приложении. Заявку на событие можно создать для приложения, которое содержит опубликованную версию.\nДля управления заявками на события выполните вход вRuStore Консоль."
                }
            ]
        },
        {
            "type": "admonition",
            "admonition_type": "info",
            "title": "к сведению",
            "content": [
                {
                    "type": "paragraph",
                    "text": "Срок рассмотрения заявки на событие — до 14 дней. Если с вами не связались в течение 14 дней — это значит, что заявка не прошла одобрение редакцией RuStore."
                }
            ]
        },
        {
            "type": "admonition",
            "admonition_type": "note",
            "title": "примечание",
            "content": [
                {
                    "type": "paragraph",
                    "text": "Максимальное количество одновременно поданных заявок на предстоящие события в рамках одного приложения — 5."
                }
            ]
        },
        {
            "type": "h2",
            "text": "Создание заявки​",
            "content": [
                {
                    "type": "paragraph",
                    "text": "Чтобы создать заявку на событие, выполните следующие действия.\nВ навигационном меню слева выберитеПродвижение>Заявки на события.В зависимости от того, есть ли уже у вас созданные заявки, отобразится следующая страница."
                }
            ]
        },
        {
            "tab_label": "Заявок нет",
            "content": []
        },
        {
            "tab_label": "Есть созданные заявки",
            "content": [
                {
                    "type": "paragraph",
                    "text": "Нажмите.\nВнесите необходимые данные, руководствуясь приведённой ниже таблицей."
                }
            ]
        },
        {
            "type": "table",
            "headers": [
                "Параметр",
                "Описание"
            ],
            "rows": [
                [
                    {
                        "text": "Название события",
                        "links": []
                    },
                    {
                        "text": "Введите название события (до 34 символов). подсказка Название должно быть ёмким, максимально коротко передающим суть события.",
                        "links": []
                    }
                ],
                [
                    {
                        "text": "Тип заявки на события",
                        "links": []
                    },
                    {
                        "text": "Выберите из списка тип события: Новый сезон ; Акция ; Турнир ; Распродажа ; Большое обновление ; Специальное событие ; Премьера ; Прямой эфир .",
                        "links": []
                    }
                ],
                [
                    {
                        "text": "Deep-link",
                        "links": []
                    },
                    {
                        "text": "В этом поле вы можете указать deeplink приложения. При этом: deeplink может вести на конкретный экран приложения; deeplink не может превышать 4096 символов; deeplink должен быть формата appname:// – ссылки вида http:// , https:// и прочие веблинки не поддерживаются. Необязательное поле.",
                        "links": []
                    }
                ],
                [
                    {
                        "text": "Дата начала / Время",
                        "links": []
                    },
                    {
                        "text": "Дата и время начала события. подсказка Сделайте так, чтобы пользователь сразу мог воспользоваться особыми условиями.",
                        "links": []
                    }
                ],
                [
                    {
                        "text": "Дата окончания / Время",
                        "links": []
                    },
                    {
                        "text": "Дата и время окончания события. Должно быть больше текущей даты и времени. Максимальная продолжительность события — 90 дней. Минимальная продолжительность события — 24 часа. подсказка Завершение события не должно быть с большой отсрочкой, чтобы пользователь не откладывал эту возможность на потом.",
                        "links": []
                    }
                ],
                [
                    {
                        "text": "Краткое описание",
                        "links": []
                    },
                    {
                        "text": "Введите краткое описание события — до 32 символов. подсказка В кратком описании рекомендуется указать призыв к действию или другую полезную информацию о событии (напр., «Покупайте со скидкой до 90%»/«Эксклюзивно в  RuStore» и пр.). Обращайтесь к пользователям на «вы» — так вы выдержите общий тон RuStore. Если в рамках события пользователь получает особые условия использования, отличные от типовых, отобразите это на креативе — это должно стать призывом к действию.",
                        "links": []
                    }
                ],
                [
                    {
                        "text": "Описание",
                        "links": []
                    },
                    {
                        "text": "Введите развёрнутое описание события — до 448 символов. подсказка Описание должно содержать не только подробности о вашем приложении, но и контекст соответствующего события. Описание должно быть ёмким и содержать основные преимущества события или условия участия в нём (как активировать промокод/в каком разделе искать подарочный бокс/где забрать подарок при регистрации и пр.).",
                        "links": []
                    }
                ],
                [
                    {
                        "text": "Обложка",
                        "links": []
                    },
                    {
                        "text": "Воспользуйтесь ссылкой, чтобы указать путь к файлу обложки или перетащите его в выделенную область: формат файла: JPG или PNG; размер файла: не более 3 Мбайт; соотношение сторон: 4:3; разрешение — 2880x2160 px. подсказка Изображение должно быть хорошего качества. подсказка Инструкция по оформлению событий для дизайнеров .",
                        "links": [
                            {
                                "text": "Инструкция по оформлению событий для дизайнеров",
                                "url": "https://www.figma.com/proto/rO8mVvh8HWpGjqDa1a5xZM/Events-instruction?page-id=0%3A1&type=design&node-id=7-4088&viewport=435%2C331%2C0.06&t=KKnZkXfZJ4LeQGlU-8&scaling=min-zoom&starting-point-node-id=7%3A4088&disable-default-keyboard-nav=1&hotspot-hints=0&hide-ui=1"
                            }
                        ]
                    }
                ],
                [
                    {
                        "text": "Цвет подложки",
                        "links": []
                    },
                    {
                        "text": "Введите цветовой HEX-код для автоматического градиента на обложке. Цвет, соответствующий введённому коду, отобразится в квадрате ниже. подсказка Лучше указать код в цвет вашего изображения.",
                        "links": []
                    }
                ],
                [
                    {
                        "text": "Цвет текста",
                        "links": []
                    },
                    {
                        "text": "Выберите цвет текста — белый или чёрный. подсказка Обратите внимание, что текст должен быть хорошо виден на подложке: если подложка тёмная, выбирайте белый цвет текста, если подложка светлая — текст должен быть чёрным.",
                        "links": []
                    }
                ],
                [
                    {
                        "text": "Приоритет рассмотрения заявки",
                        "links": []
                    },
                    {
                        "text": "Выберите приоритет рассмотрения своей заявки: Стандартный — устанавливается по умолчанию, заявки рассматриваются в общем порядке; Высокий — заявки рассматриваются с повышенным приоритетом. примечание Высокий приоритет рассмотрения можно установить только для 1 из заявок на предстоящее событие.",
                        "links": []
                    }
                ],
                [
                    {
                        "text": "Телефон",
                        "links": []
                    },
                    {
                        "text": "Укажите контактный номер телефона в формате +79876543210 .",
                        "links": []
                    }
                ],
                [
                    {
                        "text": "E-mail",
                        "links": []
                    },
                    {
                        "text": "Введите адрес электронной почты для связи с вами в случае одобрения заявки или уточнения вопросов.",
                        "links": []
                    }
                ],
                [
                    {
                        "text": "Комментарий для модератора",
                        "links": []
                    },
                    {
                        "text": "Если есть дополнительная информация, которую необходимо учесть в рамках события, введите её в этом поле.",
                        "links": []
                    }
                ]
            ],
            "content": [
                {
                    "type": "paragraph",
                    "text": "Нажмите."
                }
            ]
        },
        {
            "type": "h2",
            "text": "Просмотр заявки​",
            "content": [
                {
                    "type": "paragraph",
                    "text": "Чтобы просмотреть созданную заявку на событие, выполните следующие действия.\nВ навигационном меню слева выберитеПродвижение>Заявки на события.Отобразится страница со списком созданных заявок.\nВыберите нужную заявку из списка.Отобразится страница с подробной информацией о заявке."
                }
            ]
        }
    ]
}