{
    "meta": {
        "language": "ru",
        "parse_date": "2024-07-06T19:29:59.930440",
        "current_url": "https://www.rustore.ru/help/users/start/notification/",
        "doc_section": "users",
        "h1_text": "Уведомления в RuStore: Как разрешить обновления приложений"
    },
    "content": [
        {
            "type": "h1",
            "text": "Уведомления в RuStore: Как разрешить обновления приложений",
            "content": [
                {
                    "type": "paragraph",
                    "text": "Разрешите RuStore отправлять уведомления об обновлениях. Вам будут приходить уведомления о новых версиях приложений, установленных на вашем устройстве."
                }
            ]
        },
        {
            "type": "admonition",
            "admonition_type": "unknown",
            "title": "подсказка",
            "content": [
                {
                    "type": "paragraph",
                    "text": "В Android 13 и выше вы можете разрешить отправку уведомлений сразу после входа в аккаунт RuStore."
                }
            ]
        },
        {
            "type": "h2",
            "text": "Как настроить уведомления​",
            "content": [
                {
                    "type": "paragraph",
                    "text": "Откройте приложение RuStore.\nНайдите сообщение об уведомлениях на главном экране с приложениями.\nНажмите «Разрешить».\nКак обновить RuStore (https://rustore.ru/help/users/start/update-rustore-app)\nКак настроить родительский контроль в RuStore (https://rustore.ru/help/users/start/change-theme)\nКак изменить тему в приложении RuStore (https://rustore.ru/help/users/start/parental-control)\nКак оставить отзыв на приложение (https://rustore.ru/help/users/app-management/app-review)"
                }
            ]
        }
    ]
}