{
    "meta": {
        "language": "ru",
        "parse_date": "2024-07-06T19:37:41.602689",
        "current_url": "https://www.rustore.ru/help/developers/tools/remote-config/ab-testing/experiment-create/",
        "doc_section": "developers",
        "h1_text": "Как создать эксперимент"
    },
    "content": [
        {
            "type": "h1",
            "text": "Как создать эксперимент",
            "content": [
                {
                    "type": "paragraph",
                    "text": "Чтобы создать эксперимент:\nОткройтеRemote Config (https://remote-config.rustore.ru).\nВыберите приложение.\nПерейдите во вкладку «A/B эксперименты».\nНажмите «Добавить эксперимент». Откроется страница создания эксперимента."
                }
            ]
        },
        {
            "type": "h2",
            "text": "Основная информация​",
            "content": [
                {
                    "type": "paragraph",
                    "text": "Укажите название эксперимента.\nЗаполните цель эксперимента.\nУкажите информацию об изменениях в тестовых группах.\nЗаполните поле «Описание»."
                }
            ]
        },
        {
            "type": "admonition",
            "admonition_type": "caution",
            "title": "предупреждение",
            "content": [
                {
                    "type": "paragraph",
                    "text": "Поля «Название» и «Описание» обязательны для заполнения."
                }
            ]
        },
        {
            "type": "h2",
            "text": "Целевые метрики​",
            "content": [
                {
                    "type": "paragraph",
                    "text": "Нажмите, чтобы добавить метрики."
                }
            ]
        },
        {
            "type": "admonition",
            "admonition_type": "note",
            "title": "примечание",
            "content": [
                {
                    "type": "paragraph",
                    "text": "Вы можете добавить неограниченное количестов метрик, на которые вы хотите повлиять в эксперименте.\n\nНачните вводить название в поисковом поле и выберите нужную метрику из выпадающего списка.\nЗадайте целевое значение метрики в %."
                }
            ]
        },
        {
            "type": "admonition",
            "admonition_type": "warning",
            "title": "warning",
            "content": [
                {
                    "type": "paragraph",
                    "text": "При добавлении метрики обязательно укажите целевое изменение.\nЧтобы уменьшить значение, установите процент со знаком \"-\".\nПри добавлении целевого значения минимальная продолжительность эксперимента будет пересчитана.\n"
                }
            ]
        },
        {
            "type": "h2",
            "text": "Процент​",
            "content": [
                {
                    "type": "paragraph",
                    "text": "Укажите сегмент пользователей. Вы можете выбрать один из следующих способов сегментирования:\nСегментируйте пользователей по модели устройств или по аккаунтам, если в вашем приложении предусмотрено несколько способов регистрации (например, по номеру телефона и по VK ID).\nИспользуйте параметрSalt, чтобы раскатить изменения на разные не пересекающиеся группы пользователей:\nзначение параметра закрепляется за указанными персентилями пользователей. Это происходит даже в том случае, если значение остаётся пустым.\nпараметр должен быть заложен в коде приложения, чтобы его можно было использовать в ходе эксперимента.\nесли значениеSaltбудет общим для разных экспериментов, их аудитории могут пересекаться. Вы можете проверить, какие настройки уже используются в других экспериментах. Для этого нужно ввести значениеSaltи система подсветит персентили из других экспериментов."
                }
            ]
        },
        {
            "type": "h2",
            "text": "Варианты​",
            "content": []
        },
        {
            "type": "h3",
            "text": "Создание нового параметра​",
            "content": [
                {
                    "type": "paragraph",
                    "text": "Нажмите, чтобы добавить параметр.\nНачните вводить название в поисковом поле и нажмите «Добавить параметрtest», гдеtest— имя параметра."
                }
            ]
        },
        {
            "type": "h3",
            "text": "Добавление параметра​",
            "content": [
                {
                    "type": "paragraph",
                    "text": "Начните вводить название в поисковом поле и выберите параметр из выпадающего списка."
                }
            ]
        },
        {
            "type": "h2",
            "text": "Дополнительные условия​",
            "content": [
                {
                    "type": "paragraph",
                    "text": "Нажмите «Добавить» и выберите тип таргетирования из выпадающего списка."
                }
            ]
        },
        {
            "type": "h2",
            "text": "Даты эксперимента и расчет длительности​",
            "content": [
                {
                    "type": "paragraph",
                    "text": "Выберите дату начала эксперимента, окончания вовлечения пользователей в эксперимент и завершения эксперимента.  Продолжительность эксперимента пересчитывается при добавлении целевого значения."
                }
            ]
        },
        {
            "type": "admonition",
            "admonition_type": "note",
            "title": "примечание",
            "content": [
                {
                    "type": "paragraph",
                    "text": "Дата, которую вы укажете в поле «Вовлекать до», нужна для обозначения границ расширения аудитории эксперимента. После её наступления новые пользователи не будут видеть изменения в рамках эксперимента.\nНажмите «Создать»."
                }
            ]
        },
        {
            "type": "admonition",
            "admonition_type": "unknown",
            "title": "подсказка",
            "content": [
                {
                    "type": "paragraph",
                    "text": "Эксперимент сохранится со статусом «Pending»."
                }
            ]
        }
    ]
}