{
    "meta": {
        "language": "ru",
        "parse_date": "2024-07-06T19:59:21.000385",
        "current_url": "https://www.rustore.ru/help/sdk/rustore-geo/map-display-services/map-styles/",
        "doc_section": "sdk",
        "h1_text": "Стили карт"
    },
    "content": [
        {
            "type": "h1",
            "text": "Стили карт",
            "content": [
                {
                    "type": "paragraph",
                    "text": "На текущий момент для использования с сервисами доступны несколько стилей карт, список постоянно пополняется. Если ни один из стилей не удовлетворяет вашим потребностям, то мы можем разработать стиль индивидуально под ваш проект."
                }
            ]
        },
        {
            "type": "table",
            "headers": [
                "Стиль",
                "zoom level = 5",
                "zoom level = 10",
                "zoom level = 15"
            ],
            "rows": [
                [
                    {
                        "text": "light",
                        "links": []
                    },
                    {
                        "text": "",
                        "links": []
                    },
                    {
                        "text": "",
                        "links": []
                    },
                    {
                        "text": "",
                        "links": []
                    }
                ],
                [
                    {
                        "text": "main",
                        "links": []
                    },
                    {
                        "text": "",
                        "links": []
                    },
                    {
                        "text": "",
                        "links": []
                    },
                    {
                        "text": "",
                        "links": []
                    }
                ],
                [
                    {
                        "text": "dark",
                        "links": []
                    },
                    {
                        "text": "",
                        "links": []
                    },
                    {
                        "text": "",
                        "links": []
                    },
                    {
                        "text": "",
                        "links": []
                    }
                ]
            ]
        }
    ]
}