{
    "meta": {
        "language": "ru",
        "parse_date": "2024-07-06T19:34:09.116819",
        "current_url": "https://www.rustore.ru/help/users/start/parental-control/",
        "doc_section": "users",
        "h1_text": "Детский режим в RuStore: Включение, настройка и безопасность для ваших детей"
    },
    "content": [
        {
            "type": "h1",
            "text": "Детский режим в RuStore: Включение, настройка и безопасность для ваших детей",
            "content": [
                {
                    "type": "paragraph",
                    "text": "«Детский режим» это функция родительского контроля по использованию RuStore на смартфоне ребёнка."
                }
            ]
        },
        {
            "type": "h2",
            "text": "Как включить «Детский режим»​",
            "content": [
                {
                    "type": "paragraph",
                    "text": "Откройте приложение RuStore.\nНажмите на значок профиля в правом верхнем углу.\nВыберите пункт «Детский режим».\nЗадайтевозрастную категорию (https://rustore.ru/help#categories).\nСоздайте пин-код.\nВведите повторно созданный пин-код.\nУкажите электронную почту — если забудете созданный вами пин-код, сможете получить на неё новый.\nПроверьте введённый адрес почты.\nВ случае ошибки нажмите кнопку «Изменить почту».\nЕсли всё верно, нажмите кнопку «Добавить»."
                }
            ]
        },
        {
            "type": "admonition",
            "admonition_type": "note",
            "title": "примечание",
            "content": [
                {
                    "type": "paragraph",
                    "text": "Включить и отключить «Детский режим», а также изменить возрастную категорию могут только авторизованные пользователи. Если вы не авторизованы, войдите в аккаунт, чтобы продолжить работу.Авторизация в RuStore (https://rustore.ru/help/users/authorization/)"
                }
            ]
        },
        {
            "type": "h2",
            "text": "Как изменить пин-код:​",
            "content": [
                {
                    "type": "paragraph",
                    "text": "Перейдите в раздел «Профиль».\nВыберите пункт «Детский режим».\nВведите созданный ранее пин-код.\nНажмите кнопку «Изменить пин-код».\nВведите новый пин-код.\nПовторите новый пин-код."
                }
            ]
        },
        {
            "type": "admonition",
            "admonition_type": "caution",
            "title": "предупреждение",
            "content": [
                {
                    "type": "paragraph",
                    "text": "В RuStore действует ограничение на ошибки при вводе пин-кода. Если в течение трёх минут вы неверно наберёте пин-код пять раз, то продолжить попытки вы сможете только спустя один час."
                }
            ]
        },
        {
            "type": "h2",
            "text": "Как восстановить пин-код​",
            "content": [
                {
                    "type": "paragraph",
                    "text": "Если вы забыли пин-код, его можно сбросить. Для этого:\nНажмите на сообщение «Забыли пин-код?», которое появляется при ошибке ввода.\nДождитесь сообщения с новым пин-кодом на почту.\nИспользуйте новый пин-код, чтобы управлять «Детским режимом»."
                }
            ]
        },
        {
            "type": "admonition",
            "admonition_type": "note",
            "title": "примечание",
            "content": [
                {
                    "type": "paragraph",
                    "text": "Рекомендуемизменить (https://rustore.ru/help#change)восстановленный пин-код из почты на новый."
                }
            ]
        },
        {
            "type": "h2",
            "text": "Возрастные категории​",
            "content": [
                {
                    "type": "paragraph",
                    "text": "В «Детском режиме» доступны четыре возрастных категории:\nдля дошкольников (до 6 лет) — отображаются приложения и игры 0+;\nдля школьников (до 12 лет) — отображаются приложения и игры 0+ и 6+;\nдля подростков (до 16 лет) — отображаются приложения и игры 0+, 6+ и 12+;\nбез ограничений — отображаются приложения и игры 0+, 6+ и 12+, 16+, 18+."
                }
            ]
        },
        {
            "type": "admonition",
            "admonition_type": "unknown",
            "title": "подсказка",
            "content": [
                {
                    "type": "paragraph",
                    "text": "Используйте категорию «без ограничений», чтобы отключить «Детский режим».\nВыбор категории влияет на отображение контента в разделах «Интересное», «Игры» и «Приложения». С включением «Детского режима» также изменится отображение контента:\nна странице приложений разработчика;\nпри установке и обновлении приложения;\nпри использовании поиска и поисковых подсказок;\nв карточке приложения с блоком «Возможно вам понравится»;\nв персональных рекомендациях приложений."
                }
            ]
        },
        {
            "type": "h3",
            "text": "Изменить категорию​",
            "content": [
                {
                    "type": "paragraph",
                    "text": "Перейдите в раздел «Профиль».\nВыберите пункт «Детский режим».\nВведите установленный пин-код.\nЗадайте новую возрастную категорию."
                }
            ]
        },
        {
            "type": "h3",
            "text": "Отключить «Детский режим»​",
            "content": [
                {
                    "type": "paragraph",
                    "text": "Перейдите в раздел «Профиль».\nВыберите пункт «Детский режим».\nВведите установленный пин-код.\nВыберите пункт «Без ограничений»."
                }
            ]
        },
        {
            "type": "h2",
            "text": "Ограничения​",
            "content": [
                {
                    "type": "paragraph",
                    "text": "При работающем «Детском режиме» ребёнок не сможет самостоятельно совершить покупку в RuStore или установить не подходящее по возрасту приложение по внешней ссылке.\n\nКроме того, без ввода пин-кода ребёнок не сможет изменить возрастную категорию.\nЕсли вы забыли пин-код, его можно сбросить. Для этого:\nНажмите на сообщение «Забыли пин-код?», которое появляется при ошибке ввода.\nДождитесь сообщения с новым пин-кодом на почту.\nИспользуйте новый пин-код, чтобы управлять «Детским режимом»."
                }
            ]
        },
        {
            "type": "admonition",
            "admonition_type": "note",
            "title": "примечание",
            "content": [
                {
                    "type": "paragraph",
                    "text": "Рекомендуемизменить (https://rustore.ru/help#change)восстановленный пин-код из почты на новый.\nЧитайте также:\nКак обновить RuStore (https://rustore.ru/help/users/start/update-rustore-app)\nКак изменить тему в приложении RuStore (https://rustore.ru/help/users/start/parental-control)\nКак настроить уведомления в RuStore (https://rustore.ru/help/users/start/notification)"
                }
            ]
        }
    ]
}