{
    "meta": {
        "language": "ru",
        "parse_date": "2024-07-06T20:01:41.838931",
        "current_url": "https://www.rustore.ru/help/sdk/releases/",
        "doc_section": "sdk",
        "h1_text": "История изменений SDK"
    },
    "content": [
        {
            "type": "h1",
            "text": "История изменений SDK",
            "content": [
                {
                    "type": "paragraph",
                    "text": "На этой странице представлены альфа-релизы SDK, которые позволяют разработчикам одними из первых опробовать обновления RuStore SDK."
                }
            ]
        },
        {
            "type": "admonition",
            "admonition_type": "caution",
            "title": "предупреждение",
            "content": [
                {
                    "type": "paragraph",
                    "text": "Во время альфа-сборок может меняться внешний интерфейс."
                }
            ]
        },
        {
            "type": "h2",
            "text": "Версия SDK 6.0.0​",
            "content": [
                {
                    "type": "paragraph",
                    "text": "SDK обновлений\nДобавили блок «Что нового» в обновлении, которое предлагается установить пользователям.\nДобавили в ответ метода покупки продукта признак «тестовый платёж»."
                }
            ]
        }
    ]
}