{
    "meta": {
        "language": "ru",
        "parse_date": "2024-07-06T19:28:37.299200",
        "current_url": "https://www.rustore.ru/help/work-with-rustore-api/api-upload-publication-app/apk-file-upload/",
        "doc_section": "",
        "h1_text": "Загрузка APK/AAB-файлов"
    },
    "content": [
        {
            "type": "h1",
            "text": "Загрузка APK/AAB-файлов",
            "content": [
                {
                    "type": "paragraph",
                    "text": "Методы позволяют загрузить файл для публикации с расширением.apkили.aab."
                }
            ]
        },
        {
            "type": "table",
            "headers": [
                "Загрузка APK-файла",
                "Загрузка AAB-файла"
            ],
            "rows": [
                []
            ]
        },
        {
            "type": "admonition",
            "admonition_type": "caution",
            "title": "предупреждение",
            "content": [
                {
                    "type": "paragraph",
                    "text": "Убедитесь, что в загружаемых вами файлах нет запрещённых или новых чувствительных разрешений. Если в загружаемых файлах есть чувствительные разрешения, которые уже были в предыдущих версиях, RuStore сам предзаполнит их описание.\nПри загрузке с помощью API все файлы с расширением.apkили.aabпроходят проверку на используемые в них разрешения. (См.Типы разрешений)"
                }
            ]
        },
        {
            "type": "h2",
            "text": "Возможные ошибки при обработке разрешений​",
            "content": []
        },
        {
            "type": "table",
            "headers": [
                "code",
                "Текст",
                "Описание",
                "Действия"
            ],
            "rows": [
                [
                    {
                        "text": "400",
                        "links": []
                    },
                    {
                        "text": "APK/AAB contains new sensitive permissions: [перечесление разрешений]. Please, upload APK/AAB via the development console and declare permissions.",
                        "links": []
                    },
                    {
                        "text": "В загруженном APK/AAB-файле найдены новые чувствительные разрешения.",
                        "links": []
                    },
                    {
                        "text": "Загрузите файл через RuStore Консоль и заполните Декларацию разрешений . После перехода в консоль, откройте созданный в ней черновик и загрузите файл. Заполните описание разрешений, сохраните изменения и отправьте черновик на модерацию.",
                        "links": [
                            {
                                "text": "RuStore Консоль",
                                "url": "https://dev.rustore.ru/"
                            },
                            {
                                "text": "Декларацию разрешений",
                                "url": "https://www.rustore.ru/help/developers/publishing-and-verifying-apps/declare-app-permissions/how-to-declare-permissions"
                            }
                        ]
                    }
                ],
                [
                    {
                        "text": "400",
                        "links": []
                    },
                    {
                        "text": "APK/AAB contains illegal permissions:  [перечесление разрешений]. Please, remove these permissions and reupload.",
                        "links": []
                    },
                    {
                        "text": "В загруженном APK/AAB-файле найдены запрещённые разрешения.",
                        "links": []
                    },
                    {
                        "text": "Удалите запрещённые разрешения и повторите загрузку файла.",
                        "links": []
                    }
                ]
            ]
        }
    ]
}