{
    "meta": {
        "language": "ru",
        "parse_date": "2024-07-06T20:08:15.664109",
        "current_url": "https://www.rustore.ru/help/work-with-rustore-api/api-subscription-payment/api-token-subget-approve/",
        "doc_section": "",
        "h1_text": "Подтверждение получения подписки"
    },
    "content": [
        {
            "type": "h1",
            "text": "Подтверждение получения подписки",
            "content": [
                {
                    "type": "paragraph",
                    "text": "Метод позволяет подтвердить выдачу пользователю контента по подписке по токену подписки.\nПодтверждение получения подписки не является обязательным для работы подписок."
                }
            ]
        },
        {
            "type": "admonition",
            "admonition_type": "unknown",
            "title": "подсказка",
            "content": [
                {
                    "type": "paragraph",
                    "text": "Сценарий работы с платежами описан вгайде (https://rustore.ru/help/guides/payments). Изучите его перед началом работы."
                }
            ]
        },
        {
            "type": "h2",
            "text": "Параметры взаимодействия​",
            "content": [
                {
                    "type": "paragraph",
                    "text": "Для реальных подписок:"
                }
            ]
        },
        {
            "type": "code",
            "text": "POSThttps://public-api.rustore.ru/public/glike/subscription/{packageName}/{subscriptionId}/{subscriptionToken}:acknowledge"
        },
        {
            "type": "code",
            "text": "POSThttps://public-api.rustore.ru/public/sandbox/glike/subscription/{packageName}/{subscriptionId}/{subscriptionToken}:acknowledge"
        },
        {
            "type": "table",
            "headers": [
                "Атрибут",
                "Тип",
                "Описание",
                "Обязательность",
                "Расположение",
                "Пример"
            ],
            "rows": [
                [
                    {
                        "text": "Public-Token",
                        "links": []
                    },
                    {
                        "text": "string",
                        "links": []
                    },
                    {
                        "text": "Jwe-токен авторизации в Public API Rustore. Как получить токен авторизации .",
                        "links": [
                            {
                                "text": "Как получить токен авторизации",
                                "url": "https://rustore.ru/help/work-with-rustore-api/api-authorization-token/"
                            }
                        ]
                    },
                    {
                        "text": "Да",
                        "links": []
                    },
                    {
                        "text": "header",
                        "links": []
                    },
                    {
                        "text": "N/A",
                        "links": []
                    }
                ],
                [
                    {
                        "text": "packageName",
                        "links": []
                    },
                    {
                        "text": "string",
                        "links": []
                    },
                    {
                        "text": "Наименование пакета приложения.",
                        "links": []
                    },
                    {
                        "text": "Да",
                        "links": []
                    },
                    {
                        "text": "path",
                        "links": []
                    },
                    {
                        "text": "com.MashaAndTheBear.HairSalon",
                        "links": []
                    }
                ],
                [
                    {
                        "text": "subscriptionId",
                        "links": []
                    },
                    {
                        "text": "string",
                        "links": []
                    },
                    {
                        "text": "Код продукта-подписки. Указывается разработчиком при создании продукта в RuStore Консоли . Как создать подписку на приложение .",
                        "links": [
                            {
                                "text": "RuStore Консоли",
                                "url": "https://console.rustore.ru/sign-in"
                            },
                            {
                                "text": "Как создать подписку на приложение",
                                "url": "https://rustore.ru/help/developers/monetization/create-app-subscription"
                            }
                        ]
                    },
                    {
                        "text": "Да",
                        "links": []
                    },
                    {
                        "text": "path",
                        "links": []
                    },
                    {
                        "text": "daily_sub",
                        "links": []
                    }
                ],
                [
                    {
                        "text": "subscriptionToken",
                        "links": []
                    },
                    {
                        "text": "string",
                        "links": []
                    },
                    {
                        "text": "Как получить токен подписки, см. документацию по SDK платежей .",
                        "links": [
                            {
                                "text": "документацию по SDK платежей",
                                "url": "https://rustore.ru/help/sdk/payments"
                            }
                        ]
                    },
                    {
                        "text": "Да",
                        "links": []
                    },
                    {
                        "text": "path",
                        "links": []
                    },
                    {
                        "text": "111.123",
                        "links": []
                    }
                ]
            ]
        },
        {
            "type": "h2",
            "text": "Параметры успешного ответа​",
            "content": [
                {
                    "type": "paragraph",
                    "text": "При успешном ответеresponse bodyпустой."
                }
            ]
        },
        {
            "type": "h2",
            "text": "Параметры ошибки​",
            "content": []
        },
        {
            "type": "table",
            "headers": [
                "Атрибут",
                "Тип",
                "Описание",
                "Обязательность",
                "Пример"
            ],
            "rows": [
                [
                    {
                        "text": "code",
                        "links": []
                    },
                    {
                        "text": "string",
                        "links": []
                    },
                    {
                        "text": "Код ответа.",
                        "links": []
                    },
                    {
                        "text": "Да",
                        "links": []
                    },
                    {
                        "text": "ERROR",
                        "links": []
                    }
                ],
                [
                    {
                        "text": "message",
                        "links": []
                    },
                    {
                        "text": "string",
                        "links": []
                    },
                    {
                        "text": "Расшифровка кода ответа.",
                        "links": []
                    },
                    {
                        "text": "Нет",
                        "links": []
                    },
                    {
                        "text": "Jwe token is expired",
                        "links": []
                    }
                ],
                [
                    {
                        "text": "body{}",
                        "links": []
                    },
                    {
                        "text": "object",
                        "links": []
                    },
                    {
                        "text": "Тело ответа.",
                        "links": []
                    },
                    {
                        "text": "Нет",
                        "links": []
                    },
                    {
                        "text": "N/A",
                        "links": []
                    }
                ],
                [
                    {
                        "text": "timestamp",
                        "links": []
                    },
                    {
                        "text": "string",
                        "links": []
                    },
                    {
                        "text": "Время ответа.",
                        "links": []
                    },
                    {
                        "text": "Да",
                        "links": []
                    },
                    {
                        "text": "2024-01-21T13:34:31.067240345+03:00",
                        "links": []
                    }
                ]
            ]
        },
        {
            "type": "h2",
            "text": "Пример ответа с ошибкой​",
            "content": []
        },
        {
            "type": "code",
            "text": "{\"code\": \"ERROR\",\"message\": \"Jwe token is expired\",\"body\": null,\"timestamp\": \"2024-01-21T13:51:59.654427798+03:00\"}"
        },
        {
            "type": "h2",
            "text": "Валидация запроса​",
            "content": [
                {
                    "type": "paragraph",
                    "text": "При получении запроса проверяется токен авторизации, полученный методомполучения токена авторизации:\nвладелец и/или приложение не должны быть заблокированы;\nтокен должен быть действительным;\nподписка приобретена в приложении, владельцем которого является компания, получившая токен доступа к Public API."
                }
            ]
        }
    ]
}