{
    "meta": {
        "language": "ru",
        "parse_date": "2024-07-06T19:43:32.810522",
        "current_url": "https://www.rustore.ru/help/developers/publishing-and-verifying-apps/collect-har-logs/google-chrome/",
        "doc_section": "developers",
        "h1_text": "Сбор логов в Google Chrome: HAR и RuStore Консоль - подробное руководство по использованию"
    },
    "content": [
        {
            "type": "h1",
            "text": "Сбор логов в Google Chrome: HAR и RuStore Консоль - подробное руководство по использованию",
            "content": []
        },
        {
            "type": "h2",
            "text": "Чтобы собрать HAR-логи​",
            "content": [
                {
                    "type": "paragraph",
                    "text": "Нажмите F12 на клавиатуре. Откроется окно инструментов разработчика.\nВыберите вкладку «Сеть»/«Network».\nНажмите, чтобы очистить сетевой журнал.\nУстановите «флажки» в полях «Сохранять журнал»/«Preserve log» и «Отключить кеш»/«Disable cache».\nПовторите действия, которые привели к возникновению проблемы.\nНажмите, чтобы сохранить HAR-логи.\nВыберите папку для сохранения в открывшемся окне.\nНажмите «Сохранить».\nВ указанную папку будут собраны и сохранены HAR-логи."
                }
            ]
        },
        {
            "type": "h2",
            "text": "Чтобы собрать консольные логи​",
            "content": [
                {
                    "type": "paragraph",
                    "text": "Нажмите F12 на клавиатуре, чтобы открыть окно инструментов разработчика.\nПерейдите на вкладку «Console».\nНажмите правой кнопкой мыши в любой области окна и выберите в контекстном меню «Save as».\nВыберите папку для сохранения логов и нажмите «Сохранить».Консольные логи будут собраны и сохранены в указанной папке."
                }
            ]
        }
    ]
}