{
    "meta": {
        "language": "ru",
        "parse_date": "2024-07-06T19:31:11.328985",
        "current_url": "https://www.rustore.ru/help/users/authorization/login-tinkoff-id/",
        "doc_section": "users",
        "h1_text": "Как авторизоваться через Тинькофф ID в RuStore"
    },
    "content": [
        {
            "type": "h1",
            "text": "Как авторизоваться через Тинькофф ID в RuStore",
            "content": [
                {
                    "type": "paragraph",
                    "text": "Вы можете авторизоваться в RuStore через Тинькофф ID:\nНажмитена домашнем экране вашего устройства.\nНажмите «Войти».\nНажмите, чтобы авторизоваться через приложение Тинькофф.\nВойдите в приложение Тинькофф, чтобы авторизоваться в RuStore.\nПроверьте актуальность номера телефона.\nНажмите «Подтвердить».\nВведите код.\nНажмите «Продолжить».\nВведите пароль от своего VK ID.\nНажмите «Продолжить как»."
                }
            ]
        }
    ]
}