{
    "meta": {
        "language": "ru",
        "parse_date": "2024-07-06T20:11:59.577330",
        "current_url": "https://www.rustore.ru/help/developers/tools/remote-config/sdk/kotlin/6-0-0/",
        "doc_section": "developers",
        "h1_text": "SDK Remote Config для Kotlin (версия 6.0.0)"
    },
    "content": [
        {
            "type": "h1",
            "text": "SDK Remote Config для Kotlin (версия 6.0.0)",
            "content": [
                {
                    "type": "paragraph",
                    "text": "SDK Remote Config – это облачный сервис, который позволяет изменять поведение и внешний вид вашего приложения, не требуя от пользователей загрузки обновления приложения.\nПлагин инкапсулирует в себе запрос конфигурации с сервера, кэширование, фоновое обновление.\nИмеет удобное API для получения данных."
                }
            ]
        },
        {
            "type": "h2",
            "text": "Пример реализации​",
            "content": [
                {
                    "type": "paragraph",
                    "text": "Ознакомьтесь сприложением-примером, чтобы узнать, как правильно интегрировать SDK Remote Config."
                }
            ]
        },
        {
            "type": "h2",
            "text": "Ключевые особенности​",
            "content": [
                {
                    "type": "paragraph",
                    "text": "Выбор наиболее удобногомеханизма обновления конфигурации (https://rustore.ru/help#updatebehaviour).\nВозможность указывать процент распространения конфигурации на аудиторию.\nВозможность передаватьдополнительную информацию (https://rustore.ru/help#optional-params)для построения воронки конкретной конфигурации.\nФормировать конфигурацию можно даже для конкретных пользователей.\nНабор callback (https://rustore.ru/help#callbacks), который можно использовать для аналитики.\nМинимальное количество внешних зависимостей."
                }
            ]
        },
        {
            "type": "h2",
            "text": "Подключение в проект​",
            "content": [
                {
                    "type": "paragraph",
                    "text": "Подключите репозиторий:build.gradlerepositories{maven{url=uri(\"https://artifactory-external.vkpartner.ru/artifactory/maven\")}}\nПодключите зависимости:"
                }
            ]
        },
        {
            "tab_label": "Подключение BOM",
            "content": [
                {
                    "type": "paragraph",
                    "text": "Единое управление версиями:\nУпрощение обновлений:\nПовышение совместимости:"
                }
            ]
        },
        {
            "tab_label": "Подключение версии напрямую",
            "content": []
        },
        {
            "type": "h2",
            "text": "Инициализация​",
            "content": []
        },
        {
            "type": "h3",
            "text": "Создание RemoteConfigClient​",
            "content": []
        },
        {
            "type": "code",
            "text": "val remoteConfigClient=RemoteConfigClientBuilder(appId=AppId(\"your_app_id\"),context=applicationContext).build()"
        },
        {
            "type": "admonition",
            "admonition_type": "caution",
            "title": "предупреждение",
            "content": [
                {
                    "type": "paragraph",
                    "text": "Повторный вызовRemoteConfigClientBuilder.build()вызовет ошибкуRemoteConfigClientAlreadyExist (https://rustore.ru/help#errors).\nПосле вызова методаRemoteConfigClientBuilder.build()создается экземплярRemoteConfigClientи записывается синглтон.\nПолучить созданный экземпляр можно следующим образом:"
                }
            ]
        },
        {
            "type": "code",
            "text": "RemoteConfigClient.instance"
        },
        {
            "type": "h3",
            "text": "Опциональные параметры RemoteConfigClientBuilder​",
            "content": []
        },
        {
            "type": "table",
            "headers": [
                "Параметр",
                "Описание"
            ],
            "rows": [
                [
                    {
                        "text": "OsVersion",
                        "links": []
                    },
                    {
                        "text": "Условие в конфигураторе: Os Version Позволят сравнивать OsVersion со значением, установленным в интерфейсе. По умолчанию OsVersion не передается, в этом случае возвращается конфиг по умолчанию.",
                        "links": []
                    }
                ],
                [
                    {
                        "text": "DeviceModel",
                        "links": []
                    },
                    {
                        "text": "Условие в конфигураторе: Device Model Позволят сравнивать DeviceModel со значением, установленным в интерфейсе. По умолчанию DeviceModel не передается, у этом случае возвращается конфиг по умолчанию.",
                        "links": []
                    }
                ],
                [
                    {
                        "text": "Language",
                        "links": []
                    },
                    {
                        "text": "Условие в конфигураторе: Language Позволят сравнивать Language со значением, установленным в интерфейсе. По умолчанию Language не передается, у этом случае возвращается конфиг по умолчанию. Для передачи Language необходимо реализовать ConfigRequestParameterProvider .",
                        "links": []
                    }
                ],
                [
                    {
                        "text": "Account",
                        "links": []
                    },
                    {
                        "text": "Условие в конфигураторе: Account Позволят сравнивать account со значением, установленным в интерфейсе. Условие в конфигураторе: Account Percentile Позволят раздавать конфиг по значению account на определенный процент. Условие в конфигураторе: Interval Account Percentile Позволят раздавать конфиг по значению account на определенный процент и в определенный день. Для передачи Account необходимо реализовать ConfigRequestParameterProvider .",
                        "links": []
                    }
                ],
                [
                    {
                        "text": "DeviceId",
                        "links": []
                    },
                    {
                        "text": "Условие в конфигураторе: DeviceID Позволят сравнивать DeviceId со значением, установленным в интерфейсе. Условие в конфигураторе: DeviceID Percentile Позволят раздавать конфиг по значению DeviceId на определенный процент. Условие в конфигураторе: Interval DeviceID Percentile Позволят раздавать конфиг по значению DeviceId на определенный процент и в определенный день.",
                        "links": []
                    }
                ],
                [
                    {
                        "text": "AppVersion",
                        "links": []
                    },
                    {
                        "text": "Условие в конфигураторе: App Version Позволят сравнивать AppVersion со значением, установленным в интерфейсе.",
                        "links": []
                    }
                ],
                [
                    {
                        "text": "Environment",
                        "links": []
                    },
                    {
                        "text": "Условие в конфигураторе: App Environment Позволят сравнивать Environment со значением, установленным в интерфейсе Environment может принимать значения: Alpha , Beta , Release . Этот параметр удобно использовать для тестирования конфигурации на различных сборках приложения.",
                        "links": []
                    }
                ],
                [
                    {
                        "text": "AppBuild",
                        "links": []
                    },
                    {
                        "text": "Условие в конфигураторе: App Build Позволят сравнивать AppBuild со значением, установленным в интерфейсе.",
                        "links": []
                    }
                ]
            ]
        },
        {
            "type": "h3",
            "text": "UpdateBehaviour​",
            "content": [
                {
                    "type": "paragraph",
                    "text": "UpdateBehaviour— это параметр, определяющий поведение SDK.\nПри создании экземпляраRemoteConfigClientBuilder, по умолчанию используется значениеUpdateBehaviour.Defaultс интервалом синхронизации 15 минут.\nУстановить другое поведение SDK можно следующим образом:"
                }
            ]
        },
        {
            "type": "code",
            "text": "remoteConfigClientBuilder.setUpdateBehaviour(UpdateBehaviour.Actual)"
        },
        {
            "type": "table",
            "headers": [
                "UpdateBehaviour",
                "Описание"
            ],
            "rows": [
                [
                    {
                        "text": "Actual",
                        "links": []
                    },
                    {
                        "text": "При инициализации каждый запрос конфигурации выполняется через запрос к серверу. Значение Actual гарантирует получение самой актуальной конфигурации, но скорость выполнения запроса зависит от скорости сети. Этот тип инициализации отменяет процесс фонового обновления.",
                        "links": [
                            {
                                "text": "запрос конфигурации",
                                "url": "https://rustore.ru/help#getconfig"
                            }
                        ]
                    }
                ],
                [
                    {
                        "text": "Default",
                        "links": []
                    },
                    {
                        "text": "При инициализации запрос конфигурации выполняется из локального постоянного хранилища, которое обновляется в указанный интервал. Если инициализация выполняется первый раз и локальное постоянное хранилище пустое, запрос отправляется на сервер.\nСкорость выполнения запроса зависит от объема данных и скорости сети.\nДоступ к конфигурации будет ожидать завершения инициализации. Значение Default не гарантирует, что в рамках жизни процесса запрос конфигурации будет отдавать одинаковый результат, так как синхронизация данных может выполниться в фоне. Этот тип инициализации запускает процесс фонового обновления.",
                        "links": []
                    }
                ],
                [
                    {
                        "text": "Snapshot",
                        "links": []
                    },
                    {
                        "text": "При инициализации запрос конфигурации выполняется из локального inMemory-хранилища.\ninMemory-хранилище заполняется результатом первого запроса из постоянного хранилища и сохраняется в таком виде до конца жизни процесса. Если инициализация выполняется первый раз и локальное постоянное хранилище пустое, запрос отправляется на сервер.\nСкорость выполнения запроса зависит от объема данных и скорости сети.\nДоступ к конфигурации будет ожидать завершения инициализации. Значение Snapshot гарантирует, что в рамках жизни процесса запросы конфигурации будут отдавать одинаковый результат. Этот тип инициализации запускает процесс фонового обновления.",
                        "links": []
                    }
                ]
            ]
        },
        {
            "type": "h3",
            "text": "ConfigRequestParameterProvider​",
            "content": [
                {
                    "type": "paragraph",
                    "text": "РеализацияConfigRequestParameterProviderдает возможность динамически передавать параметры на сервер для синхронизации конфигурации.\nПоддерживаемый список параметров:LanguageиAccount."
                }
            ]
        },
        {
            "type": "code",
            "text": "classConfigRequestParameterProviderImpl:ConfigRequestParameterProvider{override fungetConfigRequestParameter():ConfigRequestParameter=ConfigRequestParameter(language=Language(Locale.getDefault().language),account=Session.id,)}"
        },
        {
            "type": "admonition",
            "admonition_type": "caution",
            "title": "предупреждение",
            "content": [
                {
                    "type": "paragraph",
                    "text": "Вызов метода будет происходить на потоках RemoteConfig SDK.\nДобавить реализациюConfigRequestParameterProviderможно следующим образом:"
                }
            ]
        },
        {
            "type": "code",
            "text": "val provider=ConfigRequestParameterProviderImpl()remoteConfigClientBuilder.setConfigRequestParameterProvider(provider)"
        },
        {
            "type": "h3",
            "text": "RemoteConfigClientEventListener​",
            "content": [
                {
                    "type": "paragraph",
                    "text": "РеализацияRemoteConfigClientEventListenerдает возможность получать callback о работе SDK, такие как завершение инициализации и обновление постоянного хранилища.\nCallback слушателя вызываются наMainThread.\nДобавить реализациюRemoteConfigClientEventListenerможно следующим образом:"
                }
            ]
        },
        {
            "type": "code",
            "text": "val listener=RemoteConfigClientEventListenerImpl()remoteConfigClientBuilder.setRemoteConfigClientEventListener(listener)"
        },
        {
            "type": "code",
            "text": "classRemoteConfigListenerImpl:RemoteConfigClientEventListener{override funbackgroundJobErrors(exception:RemoteConfigException.BackgroundConfigUpdateError){//Возвращает ошибку фоновой работы}override funfirstLoadComplete(){//Вызывается при окончании первой загрузки}override funinitComplete(){//Вызывается при окончании инциализации}override funmemoryCacheUpdated(){//Вызывается при измененияя кэша в памяти}override funpersistentStorageUpdated(){//Вызывается при изменении постоянного хранилища}override funremoteConfigNetworkRequestFailure(throwable:Throwable){//Вызывается при ошибке сетевого запроса Remote Сonfig}}"
        },
        {
            "type": "h3",
            "text": "Инициализация RemoteConfigClient​",
            "content": [
                {
                    "type": "paragraph",
                    "text": "ИнициализацияRemoteConfigClientвыполняется асинхронно, результат инициализации можно отслеживать через классTask, который возвращает методinit()или черезслушатель."
                }
            ]
        },
        {
            "type": "code",
            "text": "remoteConfigClient.init()"
        },
        {
            "type": "h2",
            "text": "Получение конфигурации​",
            "content": []
        },
        {
            "type": "code",
            "text": "remoteConfigClient.getRemoteConfig()"
        },
        {
            "type": "h2",
            "text": "Класс RemoteConfig​",
            "content": [
                {
                    "type": "paragraph",
                    "text": "ЭкземплярRemoteConfig— это текущий набор всех данных, полученных в зависимости от выбраннойполитики обновленияпри инициализации, экземпляр имеет весь набор ключей, которые были переданы с сервера в зависимости отпараметров, указанных при инициализации."
                }
            ]
        },
        {
            "type": "h3",
            "text": "Проверка доступности ключа​",
            "content": []
        },
        {
            "type": "code",
            "text": "remoteConfig.containsKey(\"my-key\")"
        },
        {
            "type": "h3",
            "text": "Получение типизированных данных​",
            "content": [
                {
                    "type": "paragraph",
                    "text": "КлассRemoteConfigимеет методы получения данных и приведения его к определенным типам.\ngetBoolean(key: String): Boolean\ngetInt(key: String): Int\ngetLong(key: String): Long\ngetString(key: String): String\ngetDouble(key: String): Double\ngetFloat(key: String): Float"
                }
            ]
        },
        {
            "type": "h2",
            "text": "Фоновая синхронизация конфигурации​",
            "content": [
                {
                    "type": "paragraph",
                    "text": "Фоновая синхронизация конфигурации используется при некоторых типахполитики обновления.\nРезультатом фоновой синхронизации конфигурации является обновление постоянного хранилища конфигураций актуальными данными для последующего использования в зависимости от выбранной политики обновления.\nМинимальный допустимый интервал между фоновыми синхронизациями составляет 15 минут."
                }
            ]
        },
        {
            "type": "admonition",
            "admonition_type": "caution",
            "title": "предупреждение",
            "content": [
                {
                    "type": "paragraph",
                    "text": "Для корректной работы фоновой синхронизации, инициализация SDK Remote Config должна происходить в методеApplication.onCreate()."
                }
            ]
        },
        {
            "type": "h2",
            "text": "Возможные ошибки​",
            "content": [
                {
                    "type": "paragraph",
                    "text": "Все ошибки SDK Remote Config наследуются от суперклассаRemoteConfigException."
                }
            ]
        },
        {
            "type": "table",
            "headers": [
                "Ошибка",
                "Описание"
            ],
            "rows": [
                [
                    {
                        "text": "BackgroundConfigUpdateError",
                        "links": []
                    },
                    {
                        "text": "Появляется при ошибке в работе фоновой синхронизации.",
                        "links": []
                    }
                ],
                [
                    {
                        "text": "FailedToReceiveRemoteConfig",
                        "links": []
                    },
                    {
                        "text": "Появляется в случае ошибки при вызове метода получения конфигурации.",
                        "links": []
                    }
                ],
                [
                    {
                        "text": "RemoteConfigCastException",
                        "links": []
                    },
                    {
                        "text": "Появляется в случае некорректного получения данных по ключу из класса RemoteConfig . Ошибка может быть связана с невозможностью приведения к типу, либо значение по передаваемому ключу отсутствует.",
                        "links": []
                    }
                ],
                [
                    {
                        "text": "RemoteConfigClientAlreadyExist",
                        "links": []
                    },
                    {
                        "text": "Появляется в случае повторного создания RemoteConfigClient в рамках жизни процесса.",
                        "links": []
                    }
                ],
                [
                    {
                        "text": "RemoteConfigClientNotCreated",
                        "links": []
                    },
                    {
                        "text": "Появляется в случае доступа к RemoteConfigClient через статическое поле instance до создания RemoteConfigClient .",
                        "links": []
                    }
                ],
                [
                    {
                        "text": "RemoteConfigCommonException",
                        "links": []
                    },
                    {
                        "text": "Общая непредвиденная ошибка.",
                        "links": []
                    }
                ],
                [
                    {
                        "text": "RemoteConfigNetworkException",
                        "links": []
                    },
                    {
                        "text": "Появляется при сетевой ошибке.",
                        "links": []
                    }
                ]
            ]
        }
    ]
}