{
    "meta": {
        "language": "ru",
        "parse_date": "2024-07-06T20:13:05.525122",
        "current_url": "https://www.rustore.ru/help/developers/tools/remote-config/sdk/defold/1-1-0/",
        "doc_section": "developers",
        "h1_text": "SDK Remote Config для Defold (версия 1.1.0)"
    },
    "content": [
        {
            "type": "h1",
            "text": "SDK Remote Config для Defold (версия 1.1.0)",
            "content": [
                {
                    "type": "paragraph",
                    "text": "SDK Remote Config – это облачный сервис, который позволяет изменять поведение и внешний вид вашего приложения, не требуя от пользователей загрузки обновления приложения.\nПлагин инкапсулирует в себе запрос конфигурации с сервера, кэширование, фоновое обновление.\nИмеет удобное API для получения данных."
                }
            ]
        },
        {
            "type": "h2",
            "text": "Пример реализации​",
            "content": [
                {
                    "type": "paragraph",
                    "text": "Ознакомьтесь сприложением-примером, чтобы узнать, как правильно интегрировать SDK Remote Config."
                }
            ]
        },
        {
            "type": "h2",
            "text": "Подключение в проект​",
            "content": [
                {
                    "type": "paragraph",
                    "text": "Соберите плагин и установите его в свой проект:\nСкопируйте проекты плагина и приложения-примера из официального репозитория RuStore наGitFlic (https://gitflic.ru/project/rustore/rustore-defold-remoteconfig).\nОткройте в вашей IDE проект Android из папкиextension_libraries.\nВыполните сборку проекта командойgradle assemble.При успешном выполнении сборки в папкахremoteconfig_example / extension_rustore_remoteconfig / lib / androidиremoteconfig_example / extension_rustore_core / lib / androidбудут созданы файлы:RuStoreDefoldRemoteConfig.jar;RuStoreDefoldCore.jar.\nСкопируйте папкиremoteconfig_example / extension_rustore_remoteconfig,remoteconfig_example / extension_rustore_core,remoteconfig_example / extension_rustore_applicationв корень вашего проекта.\nВ файле манифеста вашего проекта замените классandroid.support.multidex.MultiDexApplicationнаru.rustore.defold.remoteconfig.DefoldRemoteConfigApplication."
                }
            ]
        },
        {
            "type": "code",
            "text": "Модификация манифеста<application{{#has-icons?}}android:icon=\"@drawable/icon\"{{/has-icons?}}android:label=\"{{project.title}}\" android:hasCode=\"true\"android:name=\"ru.rustore.defold.remoteconfig.DefoldRemoteConfigApplication\"android:enableOnBackInvokedCallback=\"true\"android:debuggable=\"{{android.debuggable}}\"></application>"
        },
        {
            "type": "h2",
            "text": "Ключевые особенности​",
            "content": [
                {
                    "type": "paragraph",
                    "text": "Выбор наиболее удобногомеханизма обновления конфигурации (https://rustore.ru/help#updatebehaviour).\nВозможность указывать процент распространения конфигурации на аудиторию.\nВозможность передаватьдополнительную информацию (https://rustore.ru/help#optional-params)для построения воронки конкретной конфигурации.\nФормировать конфигурацию можно даже для конкретных пользователей.\nНабор callback (https://rustore.ru/help#callbacks), который можно использовать для аналитики.\nМинимальное количество внешних зависимостей."
                }
            ]
        },
        {
            "type": "h2",
            "text": "Инициализация​",
            "content": []
        },
        {
            "type": "h3",
            "text": "Создание RemoteConfigClient​",
            "content": [
                {
                    "type": "paragraph",
                    "text": ""
                }
            ]
        },
        {
            "type": "code",
            "text": "Пример DefoldRemoteConfigApplication.javapackageru.rustore.defold.remoteconfig;importandroid.app.Application;importandroid.content.Context;importru.rustore.defold.remoteconfig.model.DefoldUpdateBehaviour;importru.rustore.defold.remoteconfig.RuStoreDefolRemoteConfigBuilder;publicclassDefoldRemoteConfigApplicationextendsApplication{publicfinalStringAPP_ID=\"a83c91d3-21b4-4891-841e-0ed0fc39a562\";publicfinalintUPDATE_TIME=15;publicfinalDefoldUpdateBehaviourUPDATE_BEHAVIOUR=DefoldUpdateBehaviour.Actual;@OverridepublicvoidonCreate(){super.onCreate();RuStoreDefoldRemoteConfigBuilder.INSTANCE.init(APP_ID,UPDATE_BEHAVIOUR,UPDATE_TIME,null,null,getApplicationContext());}}",
            "content": [
                {
                    "type": "paragraph",
                    "text": "APP_ID— уникальный идентификатор инструмента remote config. Доступен в консоли разработчика RuStore на странице создания параметров remote config;\nUPDATE_TIME— интервал таймера обновления в минутах;\nUPDATE_BEHAVIOUR— параметр, определяющий поведение SDK. См. такжеРазличия в значениях UpdateBehaviour (https://rustore.ru/help#updatebehaviour)."
                }
            ]
        },
        {
            "type": "code",
            "text": "Модификация манифеста<application{{#has-icons?}}android:icon=\"@drawable/icon\"{{/has-icons?}}android:label=\"{{project.title}}\" android:hasCode=\"true\"android:name=\"ru.rustore.defold.remoteconfig.DefoldRemoteConfigApplication\"android:enableOnBackInvokedCallback=\"true\"android:debuggable=\"{{android.debuggable}}\"></application>"
        },
        {
            "type": "h3",
            "text": "UpdateBehaviour​",
            "content": [
                {
                    "type": "paragraph",
                    "text": "UpdateBehaviour— это параметр, определяющий поведение SDK.\nПри создании экземпляраRemoteConfigClientBuilder, по умолчанию используется значениеUpdateBehaviour.Defaultс интервалом синхронизации 15 минут.\nРазличия в значенияхUpdateBehaviour"
                }
            ]
        },
        {
            "type": "table",
            "headers": [
                "UpdateBehaviour",
                "Описание"
            ],
            "rows": [
                [
                    {
                        "text": "Actual",
                        "links": []
                    },
                    {
                        "text": "При инициализации каждый запрос конфигурации выполняется через запрос к серверу. Значение Actual гарантирует получение самой актуальной конфигурации, но скорость выполнения запроса зависит от скорости сети. Этот тип инициализации отменяет процесс фонового обновления.",
                        "links": [
                            {
                                "text": "запрос конфигурации",
                                "url": "https://rustore.ru/help#getconfig"
                            }
                        ]
                    }
                ],
                [
                    {
                        "text": "Default",
                        "links": []
                    },
                    {
                        "text": "При инициализации запрос конфигурации выполняется из локального постоянного хранилища, которое обновляется в указанный интервал. Если инициализация выполняется первый раз и локальное постоянное хранилище пустое, запрос отправляется на сервер.\nСкорость выполнения запроса зависит от объема данных и скорости сети.\nДоступ к конфигурации будет ожидать завершения инициализации. Значение Default не гарантирует, что в рамках жизни процесса запрос конфигурации будет отдавать одинаковый результат, так как синхронизация данных может выполниться в фоне. Этот тип инициализации запускает процесс фонового обновления.",
                        "links": []
                    }
                ],
                [
                    {
                        "text": "Snapshot",
                        "links": []
                    },
                    {
                        "text": "При инициализации запрос конфигурации выполняется из локального inMemory-хранилища.\ninMemory-хранилище заполняется результатом первого запроса из постоянного хранилища и сохраняется в таком виде до конца жизни процесса. Если инициализация выполняется первый раз и локальное постоянное хранилище пустое, запрос отправляется на сервер.\nСкорость выполнения запроса зависит от объема данных и скорости сети.\nДоступ к конфигурации будет ожидать завершения инициализации. Значение Snapshot гарантирует, что в рамках жизни процесса запросы конфигурации будут отдавать одинаковый результат. Этот тип инициализации запускает процесс фонового обновления.",
                        "links": []
                    }
                ]
            ]
        },
        {
            "type": "h3",
            "text": "Опциональные параметры RemoteConfigClientBuilder​",
            "content": [
                {
                    "type": "paragraph",
                    "text": "Установить опциональные параметры инициализации можно через интерфейсRemoteConfigParameters."
                }
            ]
        },
        {
            "type": "code",
            "text": "Интерфейс RemoteConfigParameterspackageru.rustore.defold.remoteconfig.model;publicinterfaceRemoteConfigParameters{StringgetAppBuild();StringgetAppVersion();StringgetDeviceId();StringgetDeviceModel();StringgetEnvironment();StringgetOsVersion();}"
        },
        {
            "type": "code",
            "text": "Инициализация с опциональными параметрамиimportru.rustore.defold.remoteconfig.model.DefoldUpdateBehaviour;importru.rustore.defold.remoteconfig.RuStoreDefoldRemoteConfigBuilder;publicfinalStringAPP_ID=\"a83c91d3-21b4-4891-841e-0ed0fc39a562\";publicfinalintUPDATE_TIME=15;publicfinalDefoldUpdateBehaviourUPDATE_BEHAVIOUR=DefoldUpdateBehaviour.Actual;publicfinalStringACCOUNT=\"MyAccount\";publicfinalStringLANGUAGE=\"ru\";RemoteConfigClientParametersImplparameters;/* Ваша инициализация parameters */RuStoreDefoldRemoteConfigBuilder.INSTANCE.setAccount(ACCOUNT);RuStoreDefoldRemoteConfigBuilder.INSTANCE.setLanguage(LANGUAGE);RuStoreDefoldRemoteConfigBuilder.INSTANCE.init(APP_ID,UPDATE_BEHAVIOUR,UPDATE_TIME,parameters,null,getApplicationContext());"
        },
        {
            "type": "code",
            "text": "Вызов методов getАccount и getLanguageStringaccount=RuStoreDefoldRemoteConfigBuilder.INSTANCE.getAccount();Stringlanguage=RuStoreDefoldRemoteConfigBuilder.INSTANCE.getLanguage();"
        },
        {
            "type": "table",
            "headers": [
                "Параметр",
                "Описание"
            ],
            "rows": [
                [
                    {
                        "text": "OsVersion",
                        "links": []
                    },
                    {
                        "text": "Условие в конфигураторе: Os Version Позволят сравнивать OsVersion со значением, установленным в интерфейсе. По умолчанию OsVersion не передается, в этом случае возвращается конфиг по умолчанию.",
                        "links": []
                    }
                ],
                [
                    {
                        "text": "DeviceModel",
                        "links": []
                    },
                    {
                        "text": "Условие в конфигураторе: Device Model Позволят сравнивать DeviceModel со значением, установленным в интерфейсе. По умолчанию DeviceModel не передается, у этом случае возвращается конфиг по умолчанию.",
                        "links": []
                    }
                ],
                [
                    {
                        "text": "Language",
                        "links": []
                    },
                    {
                        "text": "Условие в конфигураторе: Language Позволят сравнивать Language со значением, установленным в интерфейсе. По умолчанию Language не передается, у этом случае возвращается конфиг по умолчанию. Для передачи Language необходимо реализовать ConfigRequestParameterProvider .",
                        "links": []
                    }
                ],
                [
                    {
                        "text": "Account",
                        "links": []
                    },
                    {
                        "text": "Условие в конфигураторе: Account Позволят сравнивать account со значением, установленным в интерфейсе. Условие в конфигураторе: Account Percentile Позволят раздавать конфиг по значению account на определенный процент. Условие в конфигураторе: Interval Account Percentile Позволят раздавать конфиг по значению account на определенный процент и в определенный день. Для передачи Account необходимо реализовать ConfigRequestParameterProvider .",
                        "links": []
                    }
                ],
                [
                    {
                        "text": "DeviceId",
                        "links": []
                    },
                    {
                        "text": "Условие в конфигураторе: DeviceID Позволят сравнивать DeviceId со значением, установленным в интерфейсе. Условие в конфигураторе: DeviceID Percentile Позволят раздавать конфиг по значению DeviceId на определенный процент. Условие в конфигураторе: Interval DeviceID Percentile Позволят раздавать конфиг по значению DeviceId на определенный процент и в определенный день.",
                        "links": []
                    }
                ],
                [
                    {
                        "text": "AppVersion",
                        "links": []
                    },
                    {
                        "text": "Условие в конфигураторе: App Version Позволят сравнивать AppVersion со значением, установленным в интерфейсе.",
                        "links": []
                    }
                ],
                [
                    {
                        "text": "Environment",
                        "links": []
                    },
                    {
                        "text": "Условие в конфигураторе: App Environment Позволят сравнивать Environment со значением, установленным в интерфейсе Environment может принимать значения: Alpha , Beta , Release . Этот параметр удобно использовать для тестирования конфигурации на различных сборках приложения.",
                        "links": []
                    }
                ],
                [
                    {
                        "text": "AppBuild",
                        "links": []
                    },
                    {
                        "text": "Условие в конфигураторе: App Build Позволят сравнивать AppBuild со значением, установленным в интерфейсе.",
                        "links": []
                    }
                ]
            ]
        },
        {
            "type": "h2",
            "text": "Инициализация в Lua​",
            "content": [
                {
                    "type": "paragraph",
                    "text": "Инициализация плагина выполняется автоматически при запуске системы плагинов Defold. Дополнительных вызов инициализирующих методов не требуется."
                }
            ]
        },
        {
            "type": "h2",
            "text": "Динамически передаваемые параметры​",
            "content": [
                {
                    "type": "paragraph",
                    "text": "Поддерживается возможность динамически передавать параметры на сервер для синхронизации конфигурации.\nДля динамической передачи доступны параметрыAccountиLanguageс помощью методовsetAccountиsetLanguageсоответственно:"
                }
            ]
        },
        {
            "type": "code",
            "text": "rustoreremoteconfig.set_account(\"MyAccount\")rustoreremoteconfig.set_language(\"ru\")"
        },
        {
            "type": "code",
            "text": "local account=rustoreremoteconfig.get_account()local language=rustoreremoteconfig.get_language()"
        },
        {
            "type": "h2",
            "text": "Обратные вызовы о работе SDK​",
            "content": [
                {
                    "type": "paragraph",
                    "text": "Подписка на следующие события дает возможность получать обратные вызовы о работе SDK, такие как завершение инициализации и обновление постоянного хранилища.\nrustore_background_job_errors– возвращает ошибку фоновой работы.\nrustore_first_load_complete– вызывается при окончании первой загрузки.\nrustore_init_complete– вызывается при окончании инициализации.\nrustore_memory_cache_updated– вызывается при изменении кэша в памяти.\nrustore_persistent_storage_updated– вызывается при изменении постоянного хранилища.\nrustore_remote_config_network_request_failure– вызывается при ошибке сетевого запроса Remote Config."
                }
            ]
        },
        {
            "type": "code",
            "text": "Подписка на событияfunctioninit(self)rustorecore.connect(\"rustore_get_remote_config_success\",_on_get_remote_config_success)rustorecore.connect(\"rustore_get_remote_config_failure\",_on_get_remote_config_failure)rustorecore.connect(\"rustore_rustore_background_job_errors\",_on_rustore_background_job_errors)rustorecore.connect(\"rustore_first_load_complete\",_on_rustore_first_load_complete)rustorecore.connect(\"rustore_init_complete\",_on_rustore_init_complete)rustorecore.connect(\"rustore_memory_cache_updated\",_on_rustore_memory_cache_updated)rustorecore.connect(\"rustore_persistent_storage_updated\",_on_rustore_persistent_storage_updated)rustorecore.connect(\"rustore_remote_config_network_request_failure\",_on_rustore_remote_config_network_request_failure)rustoreremoteconfig.init_event_listener()endfunction_on_rustore_background_job_errors(self,channel,value)local data=json.decode(value)endfunction_on_rustore_first_load_complete(self,channel,value)endfunction_on_rustore_init_complete(self,channel,value)endfunction_on_rustore_memory_cache_updated(self,channel,value)endfunction_on_rustore_persistent_storage_updated(self,channel,value)endfunction_on_rustore_remote_config_network_request_failure(self,channel,value)local data=json.decode(value)end"
        },
        {
            "type": "h2",
            "text": "Получение конфигурации​",
            "content": [
                {
                    "type": "paragraph",
                    "text": "Получение конфигурации происходит через вызов методаget_remote_config.Перед вызовом метода необходимо единожды выполнить полдписку на события:\non_get_remote_config_success;\non_get_remote_config_success."
                }
            ]
        },
        {
            "type": "code",
            "text": "Подписка на событияfunctioninit(self)rustorecore.connect(\"rustore_get_remote_config_success\",_on_get_remote_config_success)rustorecore.connect(\"rustore_get_remote_config_failure\",_on_get_remote_config_failure)endfunction_on_get_remote_config_success(self,channel,value)local collection=json.decode(value)forkey,valueinpairs(collection.data)dolocal pair=key..\": \"..valueendendfunction_on_get_remote_config_failure(self,channel,value)local data=json.decode(value)end"
        },
        {
            "type": "code",
            "text": "Вызов метода get_remote_configrustoreremoteconfig.get_remote_config()"
        },
        {
            "type": "h2",
            "text": "Возможные ошибки​",
            "content": [
                {
                    "type": "paragraph",
                    "text": "При получении любого события*_failureне рекомендуется самостоятельно отображать ошибку пользователю. Отображение ошибки может негативно повлиять на пользовательский опыт."
                }
            ]
        },
        {
            "type": "code",
            "text": "Обработка json ошибкиfunction_on_failure(self,channel,value)local data=json.decode(value)local name=data.simpleNamelocal message=data.detailMessageend",
            "content": [
                {
                    "type": "paragraph",
                    "text": "simpleName– имя ошибки.\ndetailMessage– описание ошибки."
                }
            ]
        },
        {
            "type": "table",
            "headers": [
                "Ошибка",
                "Описание"
            ],
            "rows": [
                [
                    {
                        "text": "BackgroundConfigUpdateError",
                        "links": []
                    },
                    {
                        "text": "Появляется при ошибке в работе фоновой синхронизации.",
                        "links": []
                    }
                ],
                [
                    {
                        "text": "FailedToReceiveRemoteConfig",
                        "links": []
                    },
                    {
                        "text": "Появляется в случае ошибки при вызове метода получения конфигурации.",
                        "links": []
                    }
                ],
                [
                    {
                        "text": "RemoteConfigCastException",
                        "links": []
                    },
                    {
                        "text": "Появляется в случае некорректного получения данных по ключу из класса RemoteConfig . Ошибка может быть связана с невозможностью приведения к типу, либо значение по передаваемому ключу отсутствует.",
                        "links": []
                    }
                ],
                [
                    {
                        "text": "RemoteConfigClientAlreadyExist",
                        "links": []
                    },
                    {
                        "text": "Появляется в случае повторного создания RemoteConfigClient в рамках жизни процесса.",
                        "links": []
                    }
                ],
                [
                    {
                        "text": "RemoteConfigClientNotCreated",
                        "links": []
                    },
                    {
                        "text": "Появляется в случае доступа к RemoteConfigClient через статическое поле instance до создания RemoteConfigClient .",
                        "links": []
                    }
                ],
                [
                    {
                        "text": "RemoteConfigCommonException",
                        "links": []
                    },
                    {
                        "text": "Общая непредвиденная ошибка.",
                        "links": []
                    }
                ],
                [
                    {
                        "text": "RemoteConfigNetworkException",
                        "links": []
                    },
                    {
                        "text": "Появляется при сетевой ошибке.",
                        "links": []
                    }
                ]
            ]
        }
    ]
}