{
    "meta": {
        "language": "ru",
        "parse_date": "2024-07-06T19:58:10.494050",
        "current_url": "https://www.rustore.ru/help/sdk/rustore-geo/map-display-services/interactive-map/labels-controls/",
        "doc_section": "sdk",
        "h1_text": "3. Метки и элементы управления"
    },
    "content": [
        {
            "type": "h1",
            "text": "3. Метки и элементы управления",
            "content": []
        },
        {
            "type": "h2",
            "text": "marker​",
            "content": [
                {
                    "type": "paragraph",
                    "text": "Создание маркера.\nsrc/ui/marker.js"
                }
            ]
        },
        {
            "type": "h3",
            "text": "Параметры​",
            "content": []
        },
        {
            "type": "table",
            "headers": [
                "Название",
                "Тип",
                "Описание"
            ],
            "rows": [
                [
                    {
                        "text": "element",
                        "links": []
                    },
                    {
                        "text": "HTMLElement",
                        "links": []
                    },
                    {
                        "text": "Использовать DOM-элемент в качестве маркера. По умолчанию используется голубой, каплевидный SVG-маркер (light blue, droplet-shaped).",
                        "links": []
                    }
                ],
                [
                    {
                        "text": "anchor",
                        "links": []
                    },
                    {
                        "text": "string default: center",
                        "links": []
                    },
                    {
                        "text": "Определяет позицию иконки относительно ее центра. Доступные значения: center , top , bottom , left , right , top-left , top-right , bottom-left и bottom-right .",
                        "links": []
                    }
                ],
                [
                    {
                        "text": "offset",
                        "links": []
                    },
                    {
                        "text": "PointLike",
                        "links": []
                    },
                    {
                        "text": "Смещение применяемое относительно центра элемента. Отрицательные значения указывают влево и вверх.",
                        "links": []
                    }
                ],
                [
                    {
                        "text": "color",
                        "links": []
                    },
                    {
                        "text": "string default: #3FB1CE",
                        "links": []
                    },
                    {
                        "text": "Если options.element не указан, то будет использоваться этот цвет. По умолчанию используется светло-синий цвет.",
                        "links": []
                    }
                ],
                [
                    {
                        "text": "scale",
                        "links": []
                    },
                    {
                        "text": "number default: 1",
                        "links": []
                    },
                    {
                        "text": "Если options.element не указан, то будет использоваться этот масштаб. По умолчанию шкала соответствует высоте 41px и ширине 27px.",
                        "links": []
                    }
                ],
                [
                    {
                        "text": "draggable",
                        "links": []
                    },
                    {
                        "text": "boolean default: false",
                        "links": []
                    },
                    {
                        "text": "Если true , то можно перетаскивать маркеры на новое место (drag and drop)",
                        "links": []
                    }
                ],
                [
                    {
                        "text": "clickTolerance",
                        "links": []
                    },
                    {
                        "text": "number default: 0",
                        "links": []
                    },
                    {
                        "text": "Максимальное количество пикселей, на которое пользователь может переместить указатель мыши во время щелчка по маркеру, чтобы он считался допустимым щелчком (в отличие от перетаскивания маркера). По умолчанию используется наследование clickTolerance карты.",
                        "links": []
                    }
                ],
                [
                    {
                        "text": "rotation",
                        "links": []
                    },
                    {
                        "text": "number default: 0",
                        "links": []
                    },
                    {
                        "text": "Угол поворота маркера относительно его соответствующей rotationAlignment . Положительное значение будет вращать маркер по часовой стрелке.",
                        "links": []
                    }
                ],
                [
                    {
                        "text": "pitchAlignment",
                        "links": []
                    },
                    {
                        "text": "string default: auto",
                        "links": []
                    },
                    {
                        "text": "map выравнивает маркер по плоскости карты (map). viewport выравнивает маркер по плоскости экрана (viewport). auto автоматически соответствует значению rotationAlignment .",
                        "links": []
                    }
                ],
                [
                    {
                        "text": "rotationAlignment",
                        "links": []
                    },
                    {
                        "text": "string default: auto",
                        "links": []
                    },
                    {
                        "text": "map выравнивает поворот маркера относительно карты (map), сохраняя пеленг при вращении карты. viewport выравнивает поворот маркера относительно экрана ( viewport ), не зависящего от поворотов карты. auto эквивалентно экрану ( viewport ).",
                        "links": []
                    }
                ]
            ]
        },
        {
            "type": "code",
            "text": "varmarker=newmmrgl.Marker().setLngLat([30.5,50.5]).addTo(map);// Set optionsvarmarker=newmmrgl.Marker({color:\"#FFFFFF\",draggable:true}).setLngLat([30.5,50.5]).addTo(map);"
        },
        {
            "type": "h3",
            "text": "Методы​",
            "content": []
        },
        {
            "type": "table",
            "headers": [
                "Название",
                "Описание"
            ],
            "rows": [
                [
                    {
                        "text": "addTo(map)",
                        "links": []
                    },
                    {
                        "text": "Прикрепляет маркер к объекту карты. См. пример ниже. var marker = new mmrgl . Marker ( ) . setLngLat ( [ 30.5 , 50.5 ] ) . addTo ( map ) ; // add the marker to the map",
                        "links": []
                    }
                ],
                [
                    {
                        "text": "getElement()",
                        "links": []
                    },
                    {
                        "text": "Возвращает HTML-элемент маркера.",
                        "links": []
                    }
                ],
                [
                    {
                        "text": "getLngLat()",
                        "links": []
                    },
                    {
                        "text": "",
                        "links": []
                    }
                ],
                [
                    {
                        "text": "",
                        "links": []
                    },
                    {
                        "text": "Получите географическое местоположение маркера. Долгота результата может отличаться кратно 360 градусам от долготы, ранее установленной setLngLat , потому что Маркер обертывает якорную долготу по копиям мира, чтобы сохранить маркер на экране.",
                        "links": []
                    }
                ],
                [
                    {
                        "text": "getOffset()",
                        "links": []
                    },
                    {
                        "text": "Возвращает смещение маркера.",
                        "links": []
                    }
                ],
                [
                    {
                        "text": "getPitchAlignment()",
                        "links": []
                    },
                    {
                        "text": "Возвращает текущее свойство маркера pitchAlignment .",
                        "links": []
                    }
                ],
                [
                    {
                        "text": "getPopup()",
                        "links": []
                    },
                    {
                        "text": "Возвращает экземпляр всплывающего окна, привязанный к маркеру. См. пример ниже. var marker = new mmrgl . Marker ( ) . setLngLat ( [ 0 , 0 ] ) . setPopup ( new mmrgl . Popup ( ) . setHTML ( \"<h1>Hello World!</h1>\" ) ) . addTo ( map ) ; console . log ( marker . getPopup ( ) ) ; // return the popup instance",
                        "links": []
                    }
                ],
                [
                    {
                        "text": "getRotation()",
                        "links": []
                    },
                    {
                        "text": "Возвращает текущий угол поворота маркера (в градусах).",
                        "links": []
                    }
                ],
                [
                    {
                        "text": "getRotationAlignment()",
                        "links": []
                    },
                    {
                        "text": "Возвращает текущее свойство rotationAlignment маркера.",
                        "links": []
                    }
                ],
                [
                    {
                        "text": "isDraggable()",
                        "links": []
                    },
                    {
                        "text": "Возвращает true , если маркер можно перетащить.",
                        "links": []
                    }
                ],
                [
                    {
                        "text": "remove()",
                        "links": []
                    },
                    {
                        "text": "Удаляет маркер с карты См. пример ниже. var marker = new mmrgl . Marker ( ) . addTo ( map ) ; marker . remove ( ) ;",
                        "links": []
                    }
                ],
                [
                    {
                        "text": "setDraggable(shouldBeDraggable)",
                        "links": []
                    },
                    {
                        "text": "Задает перетаскиваемое свойство и функциональность маркера. Используется параметр shouldBeDraggable:boolean (по умолчанию false ). Включает/выключает функцию перетаскивания.",
                        "links": []
                    }
                ],
                [],
                [
                    {
                        "text": "setLngLat(lnglat)",
                        "links": []
                    },
                    {
                        "text": "Устанавливает географическое положение маркера и перемещает его. Используется параметр lnglat:LngLat где должен быть расположен маркер. См. пример ниже. // Create a new marker, set the longitude and latitude, and add it to the map new mmrgl . Marker ( ) . setLngLat ( [ - 65.017 , - 16.457 ] ) . addTo ( map ) ;",
                        "links": []
                    }
                ],
                [
                    {
                        "text": "setOffset(offset)",
                        "links": []
                    },
                    {
                        "text": "Устанавливает смещение маркера Используется параметр offset:PointLike смещение в пикселях, применяемый относительно центра элемента. Отрицательные значения указывают влево и вверх.",
                        "links": []
                    }
                ],
                [
                    {
                        "text": "setPitchAlignment(alignment?)",
                        "links": []
                    },
                    {
                        "text": "Задает свойство pitchAlignment маркера. Используется параметр alignment:string , задает свойство pitchAlignment маркера. Если auto , оно автоматически будет соответствовать поворотному rotationAlignment .",
                        "links": []
                    }
                ],
                [
                    {
                        "text": "setPopup(popup)",
                        "links": []
                    },
                    {
                        "text": "Привязывает всплывающее окно к маркеру. Используется параметр popup:Popup , экземпляр всплывающего класса. Если значение undefined или null , то любое всплывающее окно, установленное в этом экземпляре маркера, будет снято. См. пример ниже. var marker = new mmrgl . Marker ( ) . setLngLat ( [ 0 , 0 ] ) . setPopup ( new mmrgl . Popup ( ) . setHTML ( \"<h1>Hello World!</h1>\" ) ) // add popup . addTo ( map ) ;",
                        "links": []
                    }
                ],
                [
                    {
                        "text": "setRotation(rotation)",
                        "links": []
                    },
                    {
                        "text": "Задает свойство поворота маркера. Используется параметр rotation:number (по умолчанию 0 ), угол поворота маркера (по часовой стрелке, в градусах) относительно соответствующего Marker#setRotationAlignment setting .",
                        "links": []
                    }
                ],
                [
                    {
                        "text": "setRotationAlignment(alignment)",
                        "links": []
                    },
                    {
                        "text": "Задает свойство rotationAlignment маркера. Используется параметр alignment:string\t (по умолчанию auto ), устанавливает свойство rotationAlignment` маркера.",
                        "links": []
                    }
                ],
                [
                    {
                        "text": "togglePopup()",
                        "links": []
                    },
                    {
                        "text": "Открывает или закрывает экземпляр всплывающего окна, привязанный к маркеру, в зависимости от текущего состояния всплывающего окна. См. пример ниже. var marker = new mmrgl . Marker ( ) . setLngLat ( [ 0 , 0 ] ) . setPopup ( new mmrgl . Popup ( ) . setHTML ( \"<h1>Hello World!</h1>\" ) ) . addTo ( map ) ; marker . togglePopup ( ) ; // toggle popup open or closed",
                        "links": []
                    }
                ]
            ]
        },
        {
            "type": "h3",
            "text": "События​",
            "content": []
        },
        {
            "type": "table",
            "headers": [
                "Название",
                "Описание"
            ],
            "rows": [
                [
                    {
                        "text": "drag",
                        "links": []
                    },
                    {
                        "text": "Срабатывает во время перетаскивания.",
                        "links": []
                    }
                ],
                [
                    {
                        "text": "dragend",
                        "links": []
                    },
                    {
                        "text": "Срабатывает, когда перетаскивание заканчивается.",
                        "links": []
                    }
                ],
                [
                    {
                        "text": "dragstart",
                        "links": []
                    },
                    {
                        "text": "Срабатывает при начале перетаскивания.",
                        "links": []
                    }
                ]
            ]
        },
        {
            "type": "h2",
            "text": "popup​",
            "content": [
                {
                    "type": "paragraph",
                    "text": "Создание всплывающего блока.\nsrc/ui/popup.js"
                }
            ]
        },
        {
            "type": "h3",
            "text": "Параметры​",
            "content": []
        },
        {
            "type": "table",
            "headers": [
                "Название",
                "Тип",
                "Описание"
            ],
            "rows": [
                [
                    {
                        "text": "maxWidth",
                        "links": []
                    },
                    {
                        "text": "string default: 240px",
                        "links": []
                    },
                    {
                        "text": "Строка, которая задает CSS-свойство максимальной ширины всплывающего окна, например 300px . Чтобы убедиться, что размер всплывающего окна соответствует его содержимому, установите для этого свойства значение none . Доступные значения можно найти здесь: https://developer.mozilla.org/en-US/docs/Web/CSS/max-width .",
                        "links": [
                            {
                                "text": "https://developer.mozilla.org/en-US/docs/Web/CSS/max-width",
                                "url": "https://developer.mozilla.org/en-US/docs/Web/CSS/max-width"
                            }
                        ]
                    }
                ],
                [
                    {
                        "text": "anchor",
                        "links": []
                    },
                    {
                        "text": "string default: bottom",
                        "links": []
                    },
                    {
                        "text": "Определяет позицию иконки относительно ее центра. Доступные значения: center , top , bottom , left , right , top-left , top-right , bottom-left и bottom-right .",
                        "links": []
                    }
                ],
                [
                    {
                        "text": "offset",
                        "links": []
                    },
                    {
                        "text": "number | PointLike | Object",
                        "links": []
                    },
                    {
                        "text": "Смещение пикселя, примененное к местоположению всплывающего окна, указанному как: число (number), указывает расстояние от местоположения всплывающего окна; PointLike указание постоянного смещение (constant offset); объект из точек вида {'center': PointLike, 'top': PointLike...} , указывает смещение для каждой позиции anchor . Отрицательные смещения указывают влево и вверх.",
                        "links": []
                    }
                ],
                [
                    {
                        "text": "className",
                        "links": []
                    },
                    {
                        "text": "string",
                        "links": []
                    },
                    {
                        "text": "Имя класса для контейнера.",
                        "links": []
                    }
                ],
                [
                    {
                        "text": "focusAfterOpen",
                        "links": []
                    },
                    {
                        "text": "boolean default: true",
                        "links": []
                    },
                    {
                        "text": "Если true , то после открытия окна, будет произведена попытка установить фокус (курсор) в первый элемент внутри окна, который это поддерживает, например <input/> .",
                        "links": []
                    }
                ],
                [
                    {
                        "text": "closeOnMove",
                        "links": []
                    },
                    {
                        "text": "boolean default: false",
                        "links": []
                    },
                    {
                        "text": "Если true , то всплывающее окно будет закрыто при перемещении карты.",
                        "links": []
                    }
                ],
                [
                    {
                        "text": "closeOnClick",
                        "links": []
                    },
                    {
                        "text": "boolean default: true",
                        "links": []
                    },
                    {
                        "text": "Если true , то всплывающее окно будет закрыто при нажатии на карту.",
                        "links": []
                    }
                ],
                [
                    {
                        "text": "closeButton",
                        "links": []
                    },
                    {
                        "text": "boolean default: true",
                        "links": []
                    },
                    {
                        "text": "Если true , то в правом верхнем углу всплывающего окна появится кнопка закрытия.",
                        "links": []
                    }
                ]
            ]
        },
        {
            "type": "code",
            "text": "varmarkerHeight=50,markerRadius=10,linearOffset=25;varpopupOffsets={'top':[0,0],'top-left':[0,0],'top-right':[0,0],'bottom':[0,-markerHeight],'bottom-left':[linearOffset,(markerHeight-markerRadius+linearOffset)*-1],'bottom-right':[-linearOffset,(markerHeight-markerRadius+linearOffset)*-1],'left':[markerRadius,(markerHeight-markerRadius)*-1],'right':[-markerRadius,(markerHeight-markerRadius)*-1]};varpopup=newmmrgl.Popup({offset:popupOffsets,className:'my-class'}).setLngLat(e.lngLat).setHTML(\"<h1>Hello World!</h1>\").setMaxWidth(\"300px\").addTo(map);"
        },
        {
            "type": "h3",
            "text": "Методы​",
            "content": []
        },
        {
            "type": "table",
            "headers": [
                "Название",
                "Описание"
            ],
            "rows": [
                [
                    {
                        "text": "addClassName(className)",
                        "links": []
                    },
                    {
                        "text": "Добавляет CSS класс к элементу всплывающего контейнера. Используется параметр className:string не пустая строка с именем класса для добавления к всплывающему контейнеру. См. пример ниже. let popup = new mmrgl . Popup ( ) popup . addClassName ( 'some-class' )",
                        "links": []
                    }
                ],
                [
                    {
                        "text": "addTo(map)",
                        "links": []
                    },
                    {
                        "text": "Добавляет всплывающее окно на карту. См. пример ниже. new mmrgl . Popup ( ) . setLngLat ( [ 0 , 0 ] ) . setHTML ( \"<h1>Null Island</h1>\" ) . addTo ( map ) ;",
                        "links": []
                    }
                ],
                [
                    {
                        "text": "getElement()",
                        "links": []
                    },
                    {
                        "text": "Возвращает HTML-элемент всплывающего окна. См. пример ниже. // Change the Popup element's font size var popup = new mmrgl . Popup ( ) . setLngLat ( [ - 96 , 37.8 ] ) . setHTML ( \"<p>Hello World!</p>\" ) . addTo ( map ) ; var popupElem = popup . getElement ( ) ; popupElem . style . fontSize = \"25px\" ;",
                        "links": []
                    }
                ],
                [
                    {
                        "text": "getLngLat()",
                        "links": []
                    },
                    {
                        "text": "Возвращает географическое местоположение якоря всплывающего окна.\nДолгота результата может отличаться кратно 360 градусам от долготы, ранее установленной setLngLat, потому что Popup обертывает якорную долготу по копиям мира, чтобы сохранить всплывающее окно на экране.",
                        "links": []
                    }
                ],
                [
                    {
                        "text": "getMaxWidth()",
                        "links": []
                    },
                    {
                        "text": "Возвращает максимальную ширину всплывающего окна.",
                        "links": []
                    }
                ],
                [
                    {
                        "text": "isOpen()",
                        "links": []
                    },
                    {
                        "text": "Возвращает true , если всплывающее окно открыто, false , если оно закрыто.",
                        "links": []
                    }
                ],
                [
                    {
                        "text": "remove()",
                        "links": []
                    },
                    {
                        "text": "Удаляет всплывающее окно с карты, на которую оно было добавлено. См. пример ниже. var popup = new mmrgl . Popup ( ) . addTo ( map ) ; popup . remove ( ) ;",
                        "links": []
                    }
                ],
                [
                    {
                        "text": "removeClassName(className)",
                        "links": []
                    },
                    {
                        "text": "Удаляет CSS класс из всплывающего элемента контейнера. Параметры: className:string — не пустая строка с именем класса CSS для удаления из всплывающего контейнера. См. пример ниже. let popup = new mmrgl . Popup ( ) popup . removeClassName ( 'some-class' )",
                        "links": []
                    }
                ],
                [
                    {
                        "text": "setDOMContent(htmlNode)",
                        "links": []
                    },
                    {
                        "text": "Устанавливает содержимое всплывающего окна на элемент, предоставленный в качестве узла DOM. Параметры: htmlNode:Node — узел DOM, который будет использоваться в качестве содержимого для всплывающего окна. См. пример ниже. // create an element with the popup content var div = window . document . createElement ( 'div' ) ; div . innerHTML = 'Hello, world!' ; var popup = new mmrgl . Popup ( ) . setLngLat ( e . lngLat ) . setDOMContent ( div ) . addTo ( map ) ;",
                        "links": []
                    }
                ],
                [
                    {
                        "text": "setHTML(html)",
                        "links": []
                    },
                    {
                        "text": "Устанавливает содержимое всплывающего окна в HTML-код, предоставленный в виде строки. Этот метод не выполняет фильтрацию HTML или дезинфекцию и должен использоваться только с доверенным контентом. Рассмотрим Popup#setText , если содержимое является ненадежной текстовой строкой. Параметры: html:string — строка, представляющая HTML-содержимое всплывающего окна. См. пример ниже. | var popup = new mmrgl . Popup ( ) . setLngLat ( e . lngLat ) . setHTML ( \"<h1>Hello World!</h1>\" ) . addTo ( map ) ;",
                        "links": []
                    }
                ],
                [
                    {
                        "text": "setLngLat(lnglat)",
                        "links": []
                    },
                    {
                        "text": "Устанавливает географическое местоположение якоря всплывающего окна и перемещает его к нему. Заменяет поведение trackPointer() . Параметры: lnglat:LngLatLike — географическое положение, которое нужно установить в качестве якоря всплывающего окна.",
                        "links": []
                    }
                ],
                [
                    {
                        "text": "setMaxWidth(maxWidth)",
                        "links": []
                    },
                    {
                        "text": "Устанавливает максимальную ширину всплывающего окна. Это установка свойства CSS max-width . Доступные значения можно найти здесь: https://developer.mozilla.org/en-US/docs/Web/CSS/max-width Параметры: maxWidth:string строка, представляющая значение максимальной ширины.",
                        "links": [
                            {
                                "text": "https://developer.mozilla.org/en-US/docs/Web/CSS/max-width",
                                "url": "https://developer.mozilla.org/en-US/docs/Web/CSS/max-width"
                            }
                        ]
                    }
                ],
                [
                    {
                        "text": "setOffset(offset?)",
                        "links": []
                    },
                    {
                        "text": "Устанавливает смещение всплывающего окна. Параметры: offset:Offset — смещение попапа.",
                        "links": []
                    }
                ],
                [
                    {
                        "text": "setText(text)",
                        "links": []
                    },
                    {
                        "text": "Устанавливает содержимое всплывающего окна в виде строки текста. Эта функция создает текстовый узел в DOM, поэтому она не может вставлять необработанный HTML. Используйте этот метод для защиты от XSS, если всплывающее содержимое предоставлено пользователем. Параметры: text:string текстовое содержимое для всплывающего окна. См. пример ниже. var popup = new mmrgl . Popup ( ) . setLngLat ( e . lngLat ) . setText ( 'Hello, world!' ) . addTo ( map ) ;",
                        "links": []
                    }
                ],
                [
                    {
                        "text": "toggleClassName(className)",
                        "links": []
                    },
                    {
                        "text": "Добавьте или удалите данный класс CSS во всплывающем контейнере, в зависимости от того, есть ли в контейнере в данный момент этот класс. Параметры: className:string не пустая строка с именем класса CSS для добавления/удаления См. пример ниже. let popup = new mmrgl . Popup ( ) popup . toggleClassName ( 'toggleClass' )",
                        "links": []
                    }
                ],
                [
                    {
                        "text": "",
                        "links": []
                    },
                    {
                        "text": "",
                        "links": []
                    }
                ],
                [
                    {
                        "text": "trackPointer()",
                        "links": []
                    },
                    {
                        "text": "Отслеживает всплывающий якорь до положения курсора на экранах с помощью указателя (он будет скрыт на сенсорных экранах). Заменяет поведение setLngLat . Для большинства случаев использования установите closeOnClick и closeButton в false . См. пример ниже. var popup = new mmrgl . Popup ( { closeOnClick : false , closeButton : false } ) . setHTML ( \"<h1>Hello World!</h1>\" ) . trackPointer ( ) . addTo ( map ) ;",
                        "links": []
                    }
                ]
            ]
        },
        {
            "type": "h3",
            "text": "События​",
            "content": []
        },
        {
            "type": "table",
            "headers": [
                "Название",
                "Описание"
            ],
            "rows": [
                [
                    {
                        "text": "close",
                        "links": []
                    },
                    {
                        "text": "Срабатывает, когда всплывающее окно закрывается вручную или программно. См. пример ниже. // Create a popup var popup = new mmrgl . Popup ( ) ; // Set an event listener that will fire // any time the popup is closed popup . on ( 'close' , function ( ) { console . log ( 'popup was closed' ) ; } ) ;",
                        "links": []
                    }
                ],
                [
                    {
                        "text": "open",
                        "links": []
                    },
                    {
                        "text": "Срабатывает, когда всплывающее окно открывается вручную или программно. См. пример ниже. // Create a popup var popup = new mmrgl . Popup ( ) ; // Set an event listener that will fire // any time the popup is opened popup . on ( 'open' , function ( ) { console . log ( 'popup was opened' ) ; } ) ;",
                        "links": []
                    }
                ]
            ]
        },
        {
            "type": "h2",
            "text": "IControl(Спецификация для разработчика)​",
            "content": [
                {
                    "type": "paragraph",
                    "text": "Интерфейс для элементов интерактивного управления, добавленных на карту. Это спецификация для разработчиков: это не метод или класс.\nЭлементы управления должны реализовыватьonAddиonRemoveтак же это должен быть<div>. Чтобы использовать стиль элемента управления MMR GL JS, добавьте классmmrgl-ctrl.\nsrc/ui/map.js\nСм. пример ниже."
                }
            ]
        },
        {
            "type": "code",
            "text": "// Control implemented as ES6 classclassHelloWorldControl{onAdd(map){this._map=map;this._container=document.createElement('div');this._container.className='mmrgl-ctrl';this._container.textContent='Hello, world';returnthis._container;}onRemove(){this._container.parentNode.removeChild(this._container);this._map=undefined;}}// Control implemented as ES5 prototypical classfunctionHelloWorldControl(){}HelloWorldControl.prototype.onAdd=function(map){this._map=map;this._container=document.createElement('div');this._container.className='mmrgl-ctrl';this._container.textContent='Hello, world';returnthis._container;};HelloWorldControl.prototype.onRemove=function(){this._container.parentNode.removeChild(this._container);this._map=undefined;};"
        },
        {
            "type": "h3",
            "text": "Методы​",
            "content": []
        },
        {
            "type": "table",
            "headers": [
                "Название",
                "Описание"
            ],
            "rows": [
                [
                    {
                        "text": "getDefaultPosition()",
                        "links": []
                    },
                    {
                        "text": "При необходимости укажите положение по умолчанию для этого элемента управления. Если этот метод реализован и Map#addControl вызывается без параметра position , то в качестве позиции элемента управления будет использоваться значение, возвращаемое getDefaultPosition .",
                        "links": []
                    }
                ],
                [
                    {
                        "text": "onAdd(map)",
                        "links": []
                    },
                    {
                        "text": "Зарегистрируйте элемент управления на карте и дайте ему возможность зарегистрировать слушатель событий и ресурсы. Этот метод вызывается Map#addControl внутренне.",
                        "links": []
                    }
                ],
                [
                    {
                        "text": "onRemove(map)",
                        "links": []
                    },
                    {
                        "text": "Отмените регистрацию элемента управления на карте и дайте ему возможность отсоединить слушатель событий и ресурсы. Этот метод вызывается Map#removeControl внутренне.",
                        "links": []
                    }
                ]
            ]
        },
        {
            "type": "h2",
            "text": "NavigationControl​",
            "content": [
                {
                    "type": "paragraph",
                    "text": "Элемент управленияNavigationControlсодержит кнопки масштабирования (zoom) и компас (compass).\nsrc/ui/control/navigation_control.js"
                }
            ]
        },
        {
            "type": "h3",
            "text": "Параметры​",
            "content": []
        },
        {
            "type": "table",
            "headers": [
                "Название",
                "Тип",
                "Описание"
            ],
            "rows": [
                [
                    {
                        "text": "showCompass",
                        "links": []
                    },
                    {
                        "text": "boolean default: true",
                        "links": []
                    },
                    {
                        "text": "Если true , то кнопка компаса отображает.",
                        "links": []
                    }
                ],
                [
                    {
                        "text": "showZoom",
                        "links": []
                    },
                    {
                        "text": "boolean default: true",
                        "links": []
                    },
                    {
                        "text": "Если true , то кнопки увеличения и уменьшения масштаба отображаются.",
                        "links": []
                    }
                ],
                [
                    {
                        "text": "visualizePitch",
                        "links": []
                    },
                    {
                        "text": "boolean default: false",
                        "links": []
                    },
                    {
                        "text": "Если true , то шаг визуализируется вращением оси X.",
                        "links": []
                    }
                ]
            ]
        },
        {
            "type": "code",
            "text": "|varnav=newmmrgl.NavigationControl();map.addControl(nav,'top-left');"
        },
        {
            "type": "h2",
            "text": "GeolocateControl​",
            "content": [
                {
                    "type": "paragraph",
                    "text": "Элемент управленияGeolocateControlпредоставляет кнопку, которая использует API геолокации браузера для определения местоположения пользователя на карте.\nНе все браузеры поддерживают геолокацию, и некоторые пользователи могут отключить эту функцию. Поддержка геолокации для современных браузеров, включая Chrome, требует, чтобы сайты обслуживались по протоколу HTTPS. Если поддержка геолокации недоступна, тоGeolocateControlбудет отображаться как отключенный.\nУровень масштабирования будет зависеть от точности геолокации, обеспечиваемой устройством.\nGeolocateControlимеет два режима. ЕслиtrackUserLocationимеет значениеfalse(по умолчанию), то элемент управления действует как кнопка, которая при нажатии настраивает камеру карты на местоположение пользователя. Если пользователь перемещается, карта не обновляется. Это больше всего подходит для рабочего стола. ЕслиtrackUserLocationимеет значениеtrue, то элемент управления действует как кнопка переключения, которая отслеживает передвижение пользователя. В этом режимеGeolocateControlимеет три состояния взаимодействия:\nactive— камера карты автоматически обновляется по мере изменения местоположения пользователя, сохраняя точку местоположения в центре;\npassive— точка местоположения пользователя автоматически обновляется, но камера карты-нет. Происходит при инициировании пользователем перемещения карты;\ndisabled— происходит, если Геолокация недоступна, отключена или запрещена."
                }
            ]
        },
        {
            "type": "h3",
            "text": "Параметры​",
            "content": []
        },
        {
            "type": "table",
            "headers": [
                "Название",
                "Тип",
                "Описание"
            ],
            "rows": [
                [
                    {
                        "text": "positionOptions",
                        "links": []
                    },
                    {
                        "text": "Object default : { enableHighAccuracy : false , timeout : 6000 }",
                        "links": []
                    },
                    {
                        "text": "Объект PositionOptions API геолокации.",
                        "links": []
                    }
                ],
                [
                    {
                        "text": "fitBoundsOptions",
                        "links": []
                    },
                    {
                        "text": "Object default : { maxZoom : 15 }",
                        "links": []
                    },
                    {
                        "text": "Map#fitBounds объект Options , который используется, когда карта перемещается и масштабируется до местоположения пользователя. По умолчанию используется maxZoom 15 , чтобы ограничить масштаб карты для очень точных местоположений.",
                        "links": []
                    }
                ],
                [
                    {
                        "text": "trackUserLocation",
                        "links": []
                    },
                    {
                        "text": "boolean default: false",
                        "links": []
                    },
                    {
                        "text": "Если true, то элемент управления Geolocate становится переключателем и когда он активен карта будет получать обновления о местоположении пользователя по мере его изменений.",
                        "links": []
                    }
                ],
                [
                    {
                        "text": "showAccuracyCircle",
                        "links": []
                    },
                    {
                        "text": "boolean default: true",
                        "links": []
                    },
                    {
                        "text": "По умолчанию, если showUserLocation имеет значение true , вокруг местоположения пользователя будет нарисован прозрачный круг, указывающий точность местоположения пользователя (точность 95%). Установите значение false для отключения. Всегда отключается, когда showUserLocation имеет значение false .",
                        "links": []
                    }
                ],
                [
                    {
                        "text": "showUserLocation",
                        "links": []
                    },
                    {
                        "text": "boolean default: true",
                        "links": []
                    },
                    {
                        "text": "По умолчанию точка будет отображаться на карте в месте расположения пользователя. Установите значение false для отключения. | См. пример ниже. map . addControl ( new mmrgl . GeolocateControl ( { positionOptions : { enableHighAccuracy : true } , trackUserLocation : true } ) ) ;",
                        "links": []
                    }
                ]
            ]
        },
        {
            "type": "h3",
            "text": "Методы​",
            "content": []
        },
        {
            "type": "table",
            "headers": [
                "Название",
                "Описание"
            ],
            "rows": [
                [
                    {
                        "text": "trigger",
                        "links": []
                    },
                    {
                        "text": "Программно запросите и переместите карту в местоположение пользователя. См. пример ниже. // Initialize the geolocate control. var geolocate = new mmrgl . GeolocateControl ( { positionOptions : { enableHighAccuracy : true } , trackUserLocation : true } ) ; // Add the control to the map. map . addControl ( geolocate ) ; map . on ( 'load' , function ( ) { geolocate . trigger ( ) ; } ) ;",
                        "links": []
                    }
                ]
            ]
        },
        {
            "type": "h3",
            "text": "События​",
            "content": []
        },
        {
            "type": "table",
            "headers": [
                "Название",
                "Описание"
            ],
            "rows": [
                [
                    {
                        "text": "error",
                        "links": []
                    },
                    {
                        "text": "Запускался при каждом обновлении позиции API геолокации, которое возвращалось как ошибка. Параметры: data:PositionError возвращаемый объект PositionError из обратного вызова в Geolocation.getCurrentPosition() или Geolocation.watchPosition() . См. пример ниже. // Initialize the geolocate control. var geolocate = new mmrgl . GeolocateControl ( { positionOptions : { enableHighAccuracy : true } , trackUserLocation : true } ) ; // Add the control to the map. map . addControl ( geolocate ) ; // Set an event listener that fires // when an error event occurs. geolocate . on ( 'error' , function ( ) { console . log ( 'An error event has occurred.' ) } ) ;",
                        "links": []
                    }
                ],
                [
                    {
                        "text": "geolocate",
                        "links": []
                    },
                    {
                        "text": "Запускался при каждом обновлении позиции API геолокации, которое возвращалось как успешное. Параметры: data:Position возвращаемый объект Position из вызова в Geolocation.getCurrentPosition() или Geolocation.watchPosition() . См. пример ниже. // Initialize the geolocate control. var geolocate = new mmrgl . GeolocateControl ( { positionOptions : { enableHighAccuracy : true } , trackUserLocation : true } ) ; // Add the control to the map. map . addControl ( geolocate ) ; // Set an event listener that fires // when a geolocate event occurs. geolocate . on ( 'geolocate' , function ( ) { console . log ( 'A geolocate event has occurred.' ) } ) ;",
                        "links": []
                    }
                ],
                [
                    {
                        "text": "outofmaxbounds",
                        "links": []
                    },
                    {
                        "text": "Срабатывает при каждом обновлении позиции API геолокации, которое возвращается как успешное, но позиция пользователя находится вне maxBounds карты. Параметры: data:Position возвращаемый объект Position из вызова в Geolocation.getCurrentPosition() или Geolocation.watchPosition() . См. пример ниже. // Initialize the geolocate control. var geolocate = new mmrgl . GeolocateControl ( { positionOptions : { enableHighAccuracy : true } , trackUserLocation : true } ) ; // Add the control to the map. map . addControl ( geolocate ) ; // Set an event listener that fires // when an outofmaxbounds event occurs. geolocate . on ( 'outofmaxbounds' , function ( ) { console . log ( 'An outofmaxbounds event has occurred.' ) } ) ;",
                        "links": []
                    }
                ],
                [
                    {
                        "text": "trackuserlocationend",
                        "links": []
                    },
                    {
                        "text": "Срабатывает, когда элемент управления Geolocate переходит в фоновое состояние, это происходит, когда пользователь меняет камеру во время активной позиции. Это применимо только в том случае, если trackUserLocation имеет значение true . В фоновом режиме точка на карте будет обновляться с обновлениями местоположения, но камера - нет. См. пример ниже. // Initialize the geolocate control. var geolocate = new mmrgl . GeolocateControl ( { positionOptions : { enableHighAccuracy : true } , trackUserLocation : true } ) ; // Add the control to the map. map . addControl ( geolocate ) ; // Set an event listener that fires // when a trackuserlocationend event occurs. geolocate . on ( 'trackuserlocationend' , function ( ) { console . log ( 'A trackuserlocationend event has occurred.' ) } ) ;",
                        "links": []
                    }
                ],
                [
                    {
                        "text": "trackuserlocationstart",
                        "links": []
                    },
                    {
                        "text": "Срабатывает, когда элемент управления Geolocate переходит в активное состояние, это происходит либо при первом получении успешной позиции API геолокации для пользователя (за этим последует событие geolocate), либо пользователь нажимает кнопку geolocate , находясь в фоновом состоянии, которое использует последнюю известную позицию для повторного центрирования карты и входа в активное состояние (событие geolocate не последует, если местоположение пользователя не изменится). См. пример ниже. // Initialize the geolocate control. var geolocate = new mmrgl . GeolocateControl ( { positionOptions : { enableHighAccuracy : true } , trackUserLocation : true } ) ; // Add the control to the map. map . addControl ( geolocate ) ; // Set an event listener that fires // when a trackuserlocationstart event occurs. geolocate . on ( 'trackuserlocationstart' , function ( ) { console . log ( 'A trackuserlocationstart event has occurred.' ) } ) ;",
                        "links": []
                    }
                ]
            ]
        },
        {
            "type": "h2",
            "text": "ScaleControl​",
            "content": [
                {
                    "type": "paragraph",
                    "text": "Элемент управленияScaleControlотображает отношение расстояния на карте к соответствующему расстоянию на земле.\nsrc/ui/control/scale_control.js"
                }
            ]
        },
        {
            "type": "h3",
            "text": "Параметры​",
            "content": []
        },
        {
            "type": "table",
            "headers": [
                "Название",
                "Тип",
                "Описание"
            ],
            "rows": [
                [
                    {
                        "text": "maxWidth",
                        "links": []
                    },
                    {
                        "text": "number default: 100",
                        "links": []
                    },
                    {
                        "text": "Максимальная длина элемента управления масштабом в пикселях.",
                        "links": []
                    }
                ],
                [
                    {
                        "text": "unit",
                        "links": []
                    },
                    {
                        "text": "string default: metric",
                        "links": []
                    },
                    {
                        "text": "Единица измерения расстояния ( imperial , metric или nautical ).",
                        "links": []
                    }
                ]
            ]
        },
        {
            "type": "code",
            "text": "|varscale=newmmrgl.ScaleControl({maxWidth:80,unit:'imperial'});map.addControl(scale);scale.setUnit('metric');"
        },
        {
            "type": "h3",
            "text": "Методы​",
            "content": []
        },
        {
            "type": "table",
            "headers": [
                "Название",
                "Описание"
            ],
            "rows": [
                [
                    {
                        "text": "setUnit(unit)",
                        "links": []
                    },
                    {
                        "text": "Установите единицу измерения расстояния на шкале Параметры: unit:Unit — единица измерения расстояния ( imperial , metric или nautical ).",
                        "links": []
                    }
                ]
            ]
        },
        {
            "type": "h2",
            "text": "FullscreenControl​",
            "content": [
                {
                    "type": "paragraph",
                    "text": "Элемент управленияFullscreenControlсодержит кнопку для переключения карты в полноэкранный режим и обратно.\nsrc/ui/control/fullscreen_control.js"
                }
            ]
        },
        {
            "type": "h3",
            "text": "Параметры​",
            "content": []
        },
        {
            "type": "table",
            "headers": [
                "Название",
                "Тип",
                "Описание"
            ],
            "rows": [
                [
                    {
                        "text": "container",
                        "links": []
                    },
                    {
                        "text": "HTMLElement",
                        "links": []
                    },
                    {
                        "text": "container — это элемент DOM, который нужно открывать в полноэкранном режиме. По умолчанию контейнер карты будет использоваться для полноэкранного режиме.",
                        "links": []
                    }
                ]
            ]
        },
        {
            "type": "code",
            "text": "map.addControl(newmmrgl.FullscreenControl({container:document.querySelector('body')}));"
        }
    ]
}