{
    "meta": {
        "language": "ru",
        "parse_date": "2024-07-06T20:05:39.272026",
        "current_url": "https://www.rustore.ru/help/sdk/task-api/",
        "doc_section": "sdk",
        "h1_text": "Task API"
    },
    "content": [
        {
            "type": "h1",
            "text": "Task API",
            "content": [
                {
                    "type": "paragraph",
                    "text": "Task — это асинхронная задача, возвращающая ошибку или значение в соответствующих callback-уведомлениях (onFailure,onSuccess).\nВ качестве примера реализации используется метод SDK-оплатыgetProducts()."
                }
            ]
        },
        {
            "type": "h2",
            "text": "Обработка результата выполненияTask​",
            "content": [
                {
                    "type": "paragraph",
                    "text": "Методы, выполняемые асинхронно, возвращаютTask<T>. К примеру,RuStoreBillingClient.getProducts()возвращаетTask<ProductsResponse>. Это означает, чтоTaskвернетProductsResponse, если выполнение метода было успешно (см. ниже)."
                }
            ]
        },
        {
            "type": "code",
            "text": "val task:Task<ProductsResponse>=RuStoreBillingClient.products.getProducts()"
        },
        {
            "type": "code",
            "text": "val task:Task<ProductsResponse>=RuStoreBillingClient.products.getProducts()task.addOnSuccessListener{// Process success}"
        },
        {
            "type": "code",
            "text": "val task:Task<ProductsResponse>=RuStoreBillingClient.products.getProducts()task.addOnFailureListener{// Process error}"
        },
        {
            "type": "code",
            "text": "val task:Task<ProductsResponse>=RuStoreBillingClient.products.getProducts()task.addOnCompletionListener{cause->// Process}"
        },
        {
            "type": "h2",
            "text": "Многопоточность​",
            "content": [
                {
                    "type": "paragraph",
                    "text": "Callback, добавленные кTask, выполняются на главном потоке приложения. Если callback необходимо выполнить в другом потоке, передайте свойExecutorв метод добавленияcallback.\nДобавлениеexecutorчерез сопроцесс (см. ниже)."
                }
            ]
        },
        {
            "type": "code",
            "text": "val task:Task<ProductsResponse>=RuStoreBillingClient.products.getProducts()task.addOnSuccessListener(Dispatchers.IO.asExecutor()){// Process success}"
        },
        {
            "type": "h2",
            "text": "Синхронное выполнение​",
            "content": [
                {
                    "type": "paragraph",
                    "text": "Если ваш код уже выполняется в бэкграунд потоке и вам необходимо получить результат синхронно, вы можете использоватьtask.await()(см. ниже)."
                }
            ]
        },
        {
            "type": "code",
            "text": "try{val task:Task<ProductsResponse>=RuStoreBillingClient.products.getProducts()task.await()}catch(e:CancellationException){// Process error}"
        },
        {
            "type": "admonition",
            "admonition_type": "caution",
            "title": "предупреждение",
            "content": [
                {
                    "type": "paragraph",
                    "text": "Методawait()блокирует поток, в котором выполняется. Во избежаниe ANR вызовите метод await() в фоновом потоке."
                }
            ]
        },
        {
            "type": "admonition",
            "admonition_type": "caution",
            "title": "предупреждение",
            "content": [
                {
                    "type": "paragraph",
                    "text": "Использовать методawait()рекомендуется только после следующих версий SDK:\nSDK для платежей in-app и подписок -billingclient:1.1.1SDK для подключения push-уведомлений -pushclient:0.1.8SDK для подключения отзывов и оценок -review:0.1.6SDK для обновления приложения -appupdate:0.1.1\nВызов методаawait()для SDK более ранних версий может приводить к увеличенному потреблению батареи!"
                }
            ]
        },
        {
            "type": "h2",
            "text": "Обработка Task API через сопроцессы​",
            "content": [
                {
                    "type": "paragraph",
                    "text": "Для обработки Task в сопроцессе можно использовать следующий код."
                }
            ]
        },
        {
            "type": "code",
            "text": "suspend fun<T>Task<T>.wrapInCoroutine():Result<T>=suspendCancellableCoroutine{cont->cont.invokeOnCancellation{cancel()}addOnSuccessListener{value->if(cont.isActive){cont.resume(Result.success(value))}}addOnFailureListener{error->if(cont.isActive){cont.resume(Result.failure(error))}}}"
        }
    ]
}