{
    "meta": {
        "language": "ru",
        "parse_date": "2024-07-06T20:13:10.288532",
        "current_url": "https://www.rustore.ru/help/developers/tools/remote-config/sdk/defold/history/",
        "doc_section": "developers",
        "h1_text": "История обновлений"
    },
    "content": [
        {
            "type": "h1",
            "text": "История обновлений",
            "content": []
        },
        {
            "type": "h2",
            "text": "Версия 1.1.1​",
            "content": [
                {
                    "type": "paragraph",
                    "text": "Версия SDK remoteconfig 1.1.1."
                }
            ]
        },
        {
            "type": "h2",
            "text": "Версия 1.1.0​",
            "content": [
                {
                    "type": "paragraph",
                    "text": "Версия SDK remoteconfig 1.1.0.\nДобавлено полеsimpleNameв JSON ошибок."
                }
            ]
        },
        {
            "type": "h2",
            "text": "Версия 1.0.0​",
            "content": [
                {
                    "type": "paragraph",
                    "text": "Релизная версия.\nВерсия SDK remoteconfig 1.0.0."
                }
            ]
        }
    ]
}