{
    "meta": {
        "language": "ru",
        "parse_date": "2024-07-06T19:45:03.369508",
        "current_url": "https://www.rustore.ru/help/sdk/payments/payment-issues-faq/",
        "doc_section": "sdk"
    },
    "content": [
        {
            "type": "admonition",
            "admonition_type": "info",
            "title": "к сведению",
            "content": [
                {
                    "type": "paragraph",
                    "text": "Настоящий раздел содержит примеры кода для Kotlin.\nQ: Как исправить ошибку «Application is not verified yet»?\nА: Ошибка возникает в следующих случаях:\nприложение не прошло модерацию вКонсоли RuStore (https://console.rustore.ru/sign-in);\nтестируемая разработчиком APK не совпадает с APK, загруженной вКонсоль RuStore (https://console.rustore.ru/sign-in).\napplicationId, указанный вbuild.gradle, должен совпадать сapplicationIdAPK-файла, который вы публиковали вКонсоли RuStore (https://console.rustore.ru/sign-in).\nподписьkeystoreдолжна совпадать с подписью, которой было подписано приложение, опубликованное вКонсоли RuStore (https://console.rustore.ru/sign-in). Убедитесь, что используемыйbuildType(например,debug) использует такую же подпись, что и опубликованное приложение (например,release)."
                }
            ]
        },
        {
            "type": "code",
            "text": "val purchasesUseCase=billingClient.purchasesval purchases=purchasesUseCase.getPurchases().await().purchases.orEmpty()purchases.forEach{purchase->val purchaseId=purchase.purchaseIdif(purchaseId!=null){when(purchase.purchaseState){PurchaseState.CREATED,PurchaseState.INVOICE_CREATED->{purchasesUseCase.deletePurchase(purchaseId).await()}PurchaseState.PAID->{purchasesUseCase.confirmPurchase(purchaseId).await()}else->Unit}}}"
        },
        {
            "type": "code",
            "text": "privatefunpurchaseProduct(product:Product){val purchasesUseCase=billingClient.purchasespurchasesUseCase.purchaseProduct(product.productId).addOnSuccessListener{paymentResult->handlePaymentResult(paymentResult,product)}.addOnFailureListener{// Handle error}}privatefunhandlePaymentResult(paymentResult:PaymentResult,product:Product){when(paymentResult){isPaymentResult.InvalidPurchase->{paymentResult.purchaseId?.let{deletePurchase(it)}}isPaymentResult.PurchaseResult->{when(paymentResult.finishCode){PaymentFinishCode.SUCCESSFUL_PAYMENT->{if(product.productType==ProductType.CONSUMABLE){confirmPurchase(paymentResult.purchaseId)}}PaymentFinishCode.CLOSED_BY_USER,PaymentFinishCode.UNHANDLED_FORM_ERROR,PaymentFinishCode.PAYMENT_TIMEOUT,PaymentFinishCode.DECLINED_BY_SERVER,PaymentFinishCode.RESULT_UNKNOWN->{deletePurchase(paymentResult.purchaseId)}}}else->Unit}}"
        },
        {
            "type": "code",
            "text": "val purchasesUseCase=billingClient.purchasesval purchases=purchasesUseCase.getPurchases().await().purchases.orEmpty()purchases.forEach{purchase->val purchaseId=purchase.purchaseIdif(purchaseId!=null){when(purchase.purchaseState){PurchaseState.CREATED,PurchaseState.INVOICE_CREATED->{// purchasesUseCase.deletePurchase(purchaseId = purchase.productId).await() WRONGpurchasesUseCase.deletePurchase(purchaseId=purchaseId).await()// CORRECT}PurchaseState.PAID->{// purchasesUseCase.confirmPurchase(purchaseId = purchase.productId).await() WRONGpurchasesUseCase.confirmPurchase(purchaseId=purchaseId).await()// CORRECT}else->Unit}}}"
        },
        {
            "type": "code",
            "text": "startActivity(Intent(Intent.ACTION_VIEW,Uri.parse(\"rustore://profile/subscriptions\")))"
        },
        {
            "type": "code",
            "text": "val installerPackage=packageManager.getInstallerPackageName(applicationInfo.packageName)",
            "content": [
                {
                    "type": "paragraph",
                    "text": "Этот способ будет работать только для приложений, изначально установленных из RuStore. Если изначально приложение было установлено из Google Play или иными способами, то источником будет стандартный установщик пакетов.\nЕсли для установки был использован режим совместимости (как на некоторых моделях Xiaomi), то источником установки будет системный установщик Xiaomi.\nЕсли удалить RuStore, то источник установки будет полностью удалён. Переустановка не вернёт источник установки."
                }
            ]
        },
        {
            "type": "code",
            "text": "RuStoreReviewManagerFactory.create(context)"
        },
        {
            "type": "code",
            "text": "RuStoreReviewManagerFactory.INSTANCE.create(getContext());"
        }
    ]
}