{
    "meta": {
        "language": "ru",
        "parse_date": "2024-07-06T19:46:11.932329",
        "current_url": "https://www.rustore.ru/help/sdk/payments/godot/5-0-0/",
        "doc_section": "sdk"
    },
    "content": [
        {
            "type": "admonition",
            "admonition_type": "unknown",
            "title": "подсказка",
            "content": [
                {
                    "type": "paragraph",
                    "text": "Сценарий работы с платежами описан вгайде (https://rustore.ru/help/guides/payments). Изучите его перед началом работы."
                }
            ]
        },
        {
            "type": "h2",
            "text": "Пример реализации​",
            "content": [
                {
                    "type": "paragraph",
                    "text": "Ознакомьтесь сприложением-примеромчтобы узнать, как правильно интегрировать SDK платежей."
                }
            ]
        },
        {
            "type": "h2",
            "text": "Условия работы платежей​",
            "content": [
                {
                    "type": "paragraph",
                    "text": "На устройстве пользователя установлена актуальная версия RuStore.\nПользователь авторизован в RuStore.\nПользователь и приложение не должны быть заблокированы в RuStore.\nДля приложения включена возможность покупок вКонсоли RuStore (https://console.rustore.ru/)."
                }
            ]
        },
        {
            "type": "admonition",
            "admonition_type": "caution",
            "title": "предупреждение",
            "content": [
                {
                    "type": "paragraph",
                    "text": "Сервис имеет некоторые ограничения на работу за пределами России."
                }
            ]
        },
        {
            "type": "h2",
            "text": "Подготовка к работе​",
            "content": []
        },
        {
            "type": "admonition",
            "admonition_type": "caution",
            "title": "предупреждение",
            "content": [
                {
                    "type": "paragraph",
                    "text": "Библиотеки плагинов в репозитории собраны для Godot Engine 4.2.1. Если вы используете другую версию Godot Engine, выполните шаги разделаПересборка плагина (https://gitflic.ru/project/rustore/godot-rustore-billing/blob/?file=README.md&branch=master&mode=markdown).\nСкопируйте проекты плагина и приложения-примера из официального репозитория RuStore наGitFlic (https://gitflic.ru/project/rustore/godot-rustore-billing).\nСкопируйте содержимое папкиgodot_example/android/pluginsв папкуyour_project/android/plugins.\nВ пресете сборки Android в спискеПлагиныотметьте плагиныRu Store Godot BillingиRu Store Godot Core."
                }
            ]
        },
        {
            "type": "h2",
            "text": "Обработка deeplink​",
            "content": [
                {
                    "type": "paragraph",
                    "text": "Для корректной работы оплаты через сторонние приложения (СБП, SberPay и др.) необходимо правильно реализовать обработку deeplink. Укажите вAndroidManifest.xmlintent-filterсschemeвашего проекта (см. ниже)."
                }
            ]
        },
        {
            "type": "code",
            "text": "<activityandroid:name=\".GodotApp\"android:label=\"@string/godot_project_name_string\"android:theme=\"@style/GodotAppSplashTheme\"android:excludeFromRecents=\"false\"android:exported=\"true\"android:screenOrientation=\"landscape\"android:configChanges=\"orientation|keyboardHidden|screenSize|smallestScreenSize|density|keyboard|navigation|screenLayout|uiMode\"android:resizeableActivity=\"false\"tools:ignore=\"UnusedAttribute\"><intent-filter><actionandroid:name=\"android.intent.action.MAIN\"/><categoryandroid:name=\"android.intent.category.LAUNCHER\"/></intent-filter><!-- your app scheme --><intent-filter><actionandroid:name=\"android.intent.action.VIEW\"/><categoryandroid:name=\"android.intent.category.DEFAULT\"/><categoryandroid:name=\"android.intent.category.BROWSABLE\"/><dataandroid:scheme=\"yourappscheme\"/></intent-filter></activity>"
        },
        {
            "type": "h2",
            "text": "Инициализация​",
            "content": [
                {
                    "type": "paragraph",
                    "text": "Перед вызовом методов библиотеки необходимо выполнить её инициализацию."
                }
            ]
        },
        {
            "type": "code",
            "text": "constAPPLICATION_ID=\"123456\"constDEEPLINK_SCHEME=\"yourappscheme\"constDEBUG_LOGS=falsevar_billing_client:RuStoreGodotBillingClient=nullfunc_ready():_billing_client=RuStoreGodotBillingClient.get_instance()_billing_client.init(APPLICATION_ID,DEEPLINK_SCHEME,DEBUG_LOGS)",
            "content": [
                {
                    "type": "paragraph",
                    "text": "APPLICATION_ID— код приложения из RuStore Консоли (пример:https://console.rustore.ru/apps/123456).\nDEEPLINK_SCHEME— схема deeplink, необходимая для возврата в ваше приложение после оплаты через стороннее приложение (например, SberPay или СБП). SDK генерирует свой хост к данной схеме.\nDEBUG_LOGS— флаг, регулирующий ведение журнала событий (логи будут автоматически отключены для Release-сборок)."
                }
            ]
        },
        {
            "type": "admonition",
            "admonition_type": "note",
            "title": "примечание",
            "content": [
                {
                    "type": "paragraph",
                    "text": "После инициализации плагина выполняется подключение ко всем доступным сигналам."
                }
            ]
        },
        {
            "type": "h2",
            "text": "Как работают платежи​",
            "content": []
        },
        {
            "type": "h2",
            "text": "Проверка доступности работы с платежами​",
            "content": [
                {
                    "type": "paragraph",
                    "text": "Во время проверки доступности платежей проверяются следующие условия.\nНа устройстве пользователя установлена актуальная версия RuStore.\nПриложение RuStore поддерживает функциональность платежей.\nПользователь авторизован в RuStore.\nПользователь и приложение не должны быть заблокированы в RuStore.\nДля приложения включена возможность покупок вКонсоли RuStore (https://console.rustore.ru/).\non_check_purchases_availability_success;\non_check_purchases_availability_failure."
                }
            ]
        },
        {
            "type": "code",
            "text": "Подписка на событияfunc_ready():# Инициализация _billing_client_billing_client.on_check_purchases_availability_success(_on_check_purchases_availability_success)_billing_client.on_check_purchases_availability_failure(_on_check_purchases_availability_failure)func_on_check_purchases_availability_success(result:RuStoreFeatureAvailabilityResult):passfunc_on_check_purchases_availability_failure(error:RuStoreError):pass"
        },
        {
            "type": "code",
            "text": "Вызов метода check_purchases_availability_billing_client.check_purchases_availability()"
        },
        {
            "type": "code",
            "text": "class_nameRuStoreFeatureAvailabilityResultextendsObjectvarisAvailable:boolvarcause:RuStoreErrorfunc_init(json:String=\"\"):ifjson==\"\":isAvailable=falsecause=RuStoreError.new()else:varobj=JSON.parse_string(json)isAvailable=obj[\"isAvailable\"]cause=RuStoreError.new(json)",
            "content": [
                {
                    "type": "paragraph",
                    "text": "isAvailable— выполнение условий выполнения платежей (true/false).\ncause— информация об ошибке."
                }
            ]
        },
        {
            "type": "h2",
            "text": "Работа с SDK​",
            "content": []
        },
        {
            "type": "h3",
            "text": "Получение списка продуктов​",
            "content": [
                {
                    "type": "paragraph",
                    "text": "\nПеред использованием метода необходимо единожды выполнить подписку на события:\non_get_products_success;\non_get_products_failure."
                }
            ]
        },
        {
            "type": "code",
            "text": "Подписка на событияfunc_ready():# Инициализация _billing_client_billing_client.on_get_products_success(_on_get_products_success)_billing_client.on_get_products_failure(_on_get_products_failure)func_on_get_products_success(products:Array):passfunc_on_get_products_failure(error:RuStoreError):pass"
        },
        {
            "type": "code",
            "text": "Вызов метода get_productsconstPRODUCT_IDS=[\"123\",\"non_con\",\"con\",\"sub\"]_billing_client.get_products(PRODUCT_IDS)"
        },
        {
            "type": "code",
            "text": "class_nameRuStoreProductextendsObjectvarproductId:String=\"\"varproductStatus:ERuStoreProductStatus.Item=0varproductType:ERuStoreProductType.Item=0varpriceLabel:String=\"\"varprice:int=0varcurrency:String=\"\"varlanguage:String=\"\"vartitle:String=\"\"vardescription:String=\"\"varimageUrl:String=\"\"varpromoImageUrl:String=\"\"varsubscription:RuStoreProductSubscription=nullfunc_init(json:String=\"\"):ifjson!=\"\":varobj=JSON.parse_string(json)productId=obj[\"productId\"]productStatus=ERuStoreProductStatus.Item.get(obj[\"productStatus\"])ifobj.has(\"productType\"):productType=ERuStoreProductType.Item.get(obj[\"productType\"])ifobj.has(\"priceLabel\"):priceLabel=obj.get(\"priceLabel\")ifobj.has(\"price\"):price=int(obj[\"price\"])ifobj.has(\"currency\"):currency=obj.get(\"currency\")ifobj.has(\"language\"):language=obj.get(\"language\")ifobj.has(\"title\"):title=obj.get(\"title\")ifobj.has(\"description\"):description=obj.get(\"description\")ifobj.has(\"imageUrl\"):imageUrl=\"\"#obj[\"imageUrl\"]ifobj.has(\"promoImageUrl\"):promoImageUrl=\"\"#obj[\"promoImageUrl\"]ifobj.has(\"subscription\"):subscription=RuStoreProductSubscription.new(str(obj[\"subscription\"]))",
            "content": [
                {
                    "type": "paragraph",
                    "text": "productId— идентификатор продукта.\nproductType— тип продукта:NON_CONSUMABLE— непотребляемый (можно купить один раз, например: отключение рекламы в приложении);CONSUMABLE— потребляемый (можно купить много раз, например: кристаллы в приложении);SUBSCRIPTION— подписка (можно купить на период времени, например: подписка в стриминговом сервисе).\nproductStatus— статус продукта:ACTIVE— продукт доступен для покупки;INACTIVE— продукт недоступен для покупки.\npriceLable— отформатированная цена товара, включая валютный знак на языкеlanguage.\nprice— цена в минимальных единицах (в копейках).\ncurrency— код валюты ISO 4217.\nlanguage— язык, указанный с помощью BCP 47 кодирования.\ntitle— название продукта на языкеlanguage.\ndescription— описание на языкеlanguage.\nimageUrl— ссылка на картинку.\npromoImageUrl— ссылка на промокартинку.\nsubscription— описание подписки, возвращается только для продуктов с типомsubscription."
                }
            ]
        },
        {
            "type": "code",
            "text": "class_nameRuStoreProductSubscriptionextendsObjectvarsubscriptionPeriod:RuStoreSubscriptionPeriod=nullvarfreeTrialPeriod:RuStoreSubscriptionPeriod=nullvargracePeriod:RuStoreSubscriptionPeriod=nullvarintroductoryPrice:String=\"\"varintroductoryPriceAmount:String=\"\"varintroductoryPricePeriod:RuStoreSubscriptionPeriod=nullfunc_init(json:String=\"\"):ifjson!=\"\":varobj=JSON.parse_string(json)ifobj.has(\"subscriptionPeriod\"):subscriptionPeriod=RuStoreSubscriptionPeriod.new(str(obj[\"subscriptionPeriod\"]))ifobj.has(\"freeTrialPeriod\"):freeTrialPeriod=RuStoreSubscriptionPeriod.new(obj[\"freeTrialPeriod\"])ifobj.has(\"gracePeriod\"):gracePeriod=RuStoreSubscriptionPeriod.new(obj[\"gracePeriod\"])ifobj.has(\"introductoryPrice\"):introductoryPrice=obj[\"introductoryPrice\"]ifobj.has(\"introductoryPriceAmount\"):introductoryPriceAmount=obj[\"introductoryPriceAmount\"]ifobj.has(\"introductoryPricePeriod\"):introductoryPricePeriod=RuStoreSubscriptionPeriod.new(obj[\"introductoryPricePeriod\"])",
            "content": [
                {
                    "type": "paragraph",
                    "text": "subscriptionPeriod— период подписки.\nfreeTrialPeriod— пробный период подписки.\ngracePeriod— льготный период подписки.\nintroductoryPrice— отформатированная вступительная цена подписки, включая знак валюты, на языкеproduct:language.\nintroductoryPriceAmount— вступительная цена в минимальных единицах валюты (в копейках).\nintroductoryPricePeriod— расчётный период вступительной цены."
                }
            ]
        },
        {
            "type": "code",
            "text": "class_nameRuStoreSubscriptionPeriodextendsObjectvardays:int=0varmonths:int=0varyears:int=0func_init(json:String=\"\"):ifjson!=\"\":varobj=JSON.parse_string(json)days=int(obj[\"days\"])months=int(obj[\"months\"])years=int(obj[\"years\"])",
            "content": [
                {
                    "type": "paragraph",
                    "text": "days— количество дней.\nmonths— количество месяцев.\nyears— количество лет."
                }
            ]
        },
        {
            "type": "h3",
            "text": "Покупка продукта​",
            "content": [
                {
                    "type": "paragraph",
                    "text": "\nПеред использованием метода необходимо единожды выполнить подписку на события:\non_purchase_product_success;\non_purchase_product_failure"
                }
            ]
        },
        {
            "type": "code",
            "text": "Подписка на событияfunc_ready():# Инициализация _billing_client_billing_client.on_purchase_product_success(_on_purchase_product_success)_billing_client.on_purchase_product_failure(_on_purchase_product_failure)func_on_purchase_product_success(result:RuStorePaymentResult):passfunc_on_purchase_product_failure(error:RuStoreError):pass"
        },
        {
            "type": "code",
            "text": "Вызов метода purchase_productconstPRODUCT_ID=\"123\"constPARAMS={\"order_id\":\"example_id\",\"quantity\":1,\"payload\":\"Some payload\"}_billing_client.purchase_product(PRODUCT_ID,PARAMS)",
            "content": [
                {
                    "type": "paragraph",
                    "text": "PRODUCT_ID— идентификатор продукта;\nPARAMS— опциональные параметры:orderId— идентификатор заказа, создаётся на стороне AnyApp. (необязательно — если не указан, то генерируется автоматически);quantity— количество продукта(необязательно);developerPayload— указанная разработчиком строка, содержащая дополнительную информацию о заказе.\nSuccess- результат успешного завершения покупки цифрового товара.\nFailure- при отправке запроса на оплату или получения статуса оплаты возникла проблема, невозможно установить статус покупки.\nCancelled— запрос на покупку отправлен, при этом пользователь закрыл «платёжную шторку» на своём устройстве, и результат оплаты неизвестен.\nInvalidPaymentState— ошибка работы SDK платежей. Может возникнуть, в случае некорректного обратного deeplink."
                }
            ]
        },
        {
            "type": "code",
            "text": "class_nameRuStorePaymentResultextendsObject"
        },
        {
            "type": "code",
            "text": "classSuccessextendsRuStorePaymentResult:varorderId:String=\"\"varpurchaseId:String=\"\"varproductId:String=\"\"varinvoiceId:String=\"\"varsubscriptionToken:String=\"\"func_init(json:String=\"\"):ifjson!=\"\":varobj=JSON.parse_string(json)ifobj.has(\"orderId\"):purchaseId=obj[\"orderId\"]purchaseId=obj[\"purchaseId\"]productId=obj[\"productId\"]invoiceId=obj[\"invoiceId\"]ifobj.has(\"subscriptionToken\"):purchaseId=obj[\"subscriptionToken\"]",
            "content": [
                {
                    "type": "paragraph",
                    "text": "orderId— уникальный идентификатор оплаты, сформированный приложением (UUID)(необязательно — если не указан, то генерируется автоматически);\npurchaseId— идентификатор покупки;\nproductId— идентификатор продукта;\ninvoiceId— идентификатор счёта;\nsubscriptionToken— токен подписки. Состоит изinvoiceIdпокупки иuserIdRuStore, записанных через точку:invoiceId.userId."
                }
            ]
        },
        {
            "type": "code",
            "text": "classCancelledextendsRuStorePaymentResult:varpurchaseId:Stringfunc_init(json:String=\"\"):ifjson!=\"\":varobj=JSON.parse_string(json)purchaseId=obj[\"purchaseId\"]"
        },
        {
            "type": "code",
            "text": "classFailureextendsRuStorePaymentResult:varpurchaseId:String=\"\"varinvoiceId:String=\"\"varorderId:String=\"\"varquantity:int=0varproductId:String=\"\"varerrorCode:int=0func_init(json:String=\"\"):ifjson!=\"\":varobj=JSON.parse_string(json)ifobj.has(\"purchaseId\"):purchaseId=obj[\"purchaseId\"]ifobj.has(\"invoiceId\"):invoiceId=obj[\"invoiceId\"]ifobj.has(\"orderId\"):orderId=obj[\"orderId\"]ifobj.has(\"quantity\"):quantity=int(obj[\"quantity\"])ifobj.has(\"productId\"):productId=obj[\"productId\"]ifobj.has(\"errorCode\"):errorCode=int(obj[\"errorCode\"])",
            "content": [
                {
                    "type": "paragraph",
                    "text": "purchaseId— идентификатор покупки.\ninvoiceId— идентификатор счёта.\norderId— уникальный идентификатор оплаты, сформированный приложением (UUID).\nquantity— количество продукта.\nproductId— идентификатор продукта.\nerrorCode— код ошибки."
                }
            ]
        },
        {
            "type": "code",
            "text": "classInvalidPaymentStateextendsRuStorePaymentResult:pass"
        },
        {
            "type": "h3",
            "text": "Получение сведений о покупке​",
            "content": [
                {
                    "type": "paragraph",
                    "text": "Перед использованием метода необходимо единожды выполнить подписку на события:\non_get_purchase_info_success;\non_get_purchase_info_failure."
                }
            ]
        },
        {
            "type": "code",
            "text": "Подписка на событияfunc _ready:# Инициализация _billing_client_billing_client.on_get_purchase_info_success(_on_get_purchase_info_success)_billing_client.on_get_purchase_info_failure(_on_get_purchase_info_failure)func_on_get_purchase_info_success(purchase:RuStorePurchase):passfunc_on_get_purchase_info_failure(error:RuStoreError):pass"
        },
        {
            "type": "code",
            "text": "Вызов метода get_purchase_info# Ваша реализацияUIзапроса информации о покупкеfunc_on_confirm_purchase_pressed(purchase:RuStorePurchase):_billing_client.get_purchase_info(purchase.purchaseId)"
        },
        {
            "type": "code",
            "text": "class_nameRuStorePurchaseextendsNodevarpurchaseId:String=\"\"varproductId:String=\"\"varproductType:ERuStoreProductType.Item=ERuStoreProductType.Item.NON_CONSUMABLEvarinvoiceId:String=\"\"vardescription:String=\"\"varlanguage:String=\"\"varpurchaseTime:String=\"\"varorderId:String=\"\"varamountLabel:String=\"\"varamount:int=0varcurrency:String=\"\"varquantity:int=0varpurchaseState:ERuStorePurchaseState.Item=ERuStorePurchaseState.Item.CANCELLEDvardeveloperPayload:String=\"\"varsubscriptionToken:String=\"\"func_init(json:String=\"\"):ifjson!=\"\":varobj=JSON.parse_string(json)ifobj.has(\"purchaseId\"):purchaseId=obj[\"purchaseId\"]productId=obj[\"productId\"]ifobj.has(\"productType\"):productType=ERuStoreProductType.Item.get(obj[\"productType\"])ifobj.has(\"invoiceId\"):invoiceId=obj[\"invoiceId\"]ifobj.has(\"description\"):description=obj[\"description\"]ifobj.has(\"language\"):language=obj[\"language\"]ifobj.has(\"purchaseTime\"):purchaseTime=obj[\"purchaseTime\"]#RuStoreDateTimeifobj.has(\"orderId\"):orderId=obj[\"orderId\"]ifobj.has(\"amountLabel\"):amountLabel=obj[\"amountLabel\"]ifobj.has(\"amount\"):amount=int(obj[\"amount\"])ifobj.has(\"currency\"):currency=obj[\"currency\"]ifobj.has(\"quantity\"):quantity=int(obj[\"quantity\"])ifobj.has(\"purchaseState\"):purchaseState=ERuStorePurchaseState.Item.get(obj[\"purchaseState\"])ifobj.has(\"developerPayload\"):developerPayload=obj[\"developerPayload\"]ifobj.has(\"subscriptionToken\"):subscriptionToken=obj[\"subscriptionToken\"]",
            "content": [
                {
                    "type": "paragraph",
                    "text": "purchaseId— идентификатор покупки.\nproductId— идентификатор продукта.\nproductType— тип продукта:NON_CONSUMABLE— непотребляемый (можно купить один раз, например: отключение рекламы в приложении);CONSUMABLE— потребляемый (можно купить много раз, например: кристаллы в приложении);SUBSCRIPTION— подписка (можно купить на период времени, например: подписка в стриминговом сервисе).\ninvoiceId— идентификатор счёта.\ndescription— описание на языкеlanguage.\nlanguage— язык, указанный с помощью BCP 47 кодирования.\npurchaseTime— время покупки:MMM— сокращенное название месяца (январь — Jan);dd— день месяца;yyyy— год;h— час в 12-часовом формате;mm— минуты;ss— секунды;a— AM/PM индикатор времени.\norderId— уникальный идентификатор оплаты, сформированный приложением (UUID).\namountLable— отформатированная цена покупки, включая валютный знак на языкеlanguage.\namount— цена в минимальных единицах валюты.\ncurrency— код валюты ISO 4217.\nquantity— количество продукта.\npurchaseState— состояние покупки:CREATED— покупка создана;INVOICE_CREATED— по покупке создан счёт, ожидает оплаты;PAID— только покупки потребляемого товара — промежуточный статус, средства на счёте покупателя зарезервированы. Покупка ожидает подтверждения от разработчика;CONFIRMED— финальный статус, покупка подтверждена (для подписок и непотребляемых товаров). Средства отправлены разработчику. Повторная покупка товара блокируется магазином;CONSUMED— для потребляемых товаров — конечный статус, потребление покупки подтверждено. Можно производить повторную покупку товара;CANCELLED— покупка отменена — оплата не была произведена или был совершен возврат средств покупателю (для подписок после возврата средств покупка не переходит вCANCELLED);PAUSED— для подписок — подписка перешла в HOLD период;TERMINATED— подписка закрылась.\ndeveloperPayload— указанная разработчиком строка, содержащая дополнительную информацию о заказе.\nsubscriptionToken— токен для валидации покупки на сервере."
                }
            ]
        },
        {
            "type": "h3",
            "text": "Получение списка покупок​",
            "content": [
                {
                    "type": "paragraph",
                    "text": "Метод возвращает только покупки со статусами из таблицы ниже. Подробнее о других возможных состояниях покупки смотрите в разделеПолучение сведений о покупке."
                }
            ]
        },
        {
            "type": "table",
            "headers": [
                "Тип/Статус",
                "INVOICE_CREATED",
                "CONFIRMED",
                "PAID",
                "PAUSED"
            ],
            "rows": [
                [
                    {
                        "text": "consumable",
                        "links": []
                    },
                    {
                        "text": "+",
                        "links": []
                    },
                    {
                        "text": "",
                        "links": []
                    },
                    {
                        "text": "+",
                        "links": []
                    },
                    {
                        "text": "",
                        "links": []
                    }
                ],
                [
                    {
                        "text": "non-consumable",
                        "links": []
                    },
                    {
                        "text": "+",
                        "links": []
                    },
                    {
                        "text": "+",
                        "links": []
                    },
                    {
                        "text": "",
                        "links": []
                    },
                    {
                        "text": "",
                        "links": []
                    }
                ],
                [
                    {
                        "text": "subscription",
                        "links": []
                    },
                    {
                        "text": "+",
                        "links": []
                    },
                    {
                        "text": "+",
                        "links": []
                    },
                    {
                        "text": "",
                        "links": []
                    },
                    {
                        "text": "+",
                        "links": []
                    }
                ]
            ]
        },
        {
            "type": "admonition",
            "admonition_type": "note",
            "title": "примечание",
            "content": [
                {
                    "type": "paragraph",
                    "text": "Метод возвращает незавершённые состояния покупки и покупки потребляемых товаров, требующих обработки. Помимо этого, он показывает подтверждённые покупки для подписок и непотребляемых товаров — тех, которые нельзя купить повторно.\n\nПеред использованием метода необходимо единожды выполнить подписку на события:\non_get_purchases_success;\non_get_purchases_failure."
                }
            ]
        },
        {
            "type": "code",
            "text": "Подписка на событияfunc _ready:# Инициализация _billing_client_billing_client.on_get_purchases_success(_on_get_purchases_success)_billing_client.on_get_purchases_failure(_on_get_purchases_failure)func_on_get_purchases_success(purchases:Array):passfunc_on_get_purchases_failure(error:RuStoreError):pass"
        },
        {
            "type": "code",
            "text": "Вызов метода get_purchases_billing_client.get_purchases()"
        },
        {
            "type": "code",
            "text": "class_nameRuStorePurchaseextendsNodevarpurchaseId:String=\"\"varproductId:String=\"\"varproductType:ERuStoreProductType.Item=ERuStoreProductType.Item.NON_CONSUMABLEvarinvoiceId:String=\"\"vardescription:String=\"\"varlanguage:String=\"\"varpurchaseTime:String=\"\"varorderId:String=\"\"varamountLabel:String=\"\"varamount:int=0varcurrency:String=\"\"varquantity:int=0varpurchaseState:ERuStorePurchaseState.Item=ERuStorePurchaseState.Item.CANCELLEDvardeveloperPayload:String=\"\"varsubscriptionToken:String=\"\"func_init(json:String=\"\"):ifjson!=\"\":varobj=JSON.parse_string(json)ifobj.has(\"purchaseId\"):purchaseId=obj[\"purchaseId\"]productId=obj[\"productId\"]ifobj.has(\"productType\"):productType=ERuStoreProductType.Item.get(obj[\"productType\"])ifobj.has(\"invoiceId\"):invoiceId=obj[\"invoiceId\"]ifobj.has(\"description\"):description=obj[\"description\"]ifobj.has(\"language\"):language=obj[\"language\"]ifobj.has(\"purchaseTime\"):purchaseTime=obj[\"purchaseTime\"]#RuStoreDateTimeifobj.has(\"orderId\"):orderId=obj[\"orderId\"]ifobj.has(\"amountLabel\"):amountLabel=obj[\"amountLabel\"]ifobj.has(\"amount\"):amount=int(obj[\"amount\"])ifobj.has(\"currency\"):currency=obj[\"currency\"]ifobj.has(\"quantity\"):quantity=int(obj[\"quantity\"])ifobj.has(\"purchaseState\"):purchaseState=ERuStorePurchaseState.Item.get(obj[\"purchaseState\"])ifobj.has(\"developerPayload\"):developerPayload=obj[\"developerPayload\"]ifobj.has(\"subscriptionToken\"):subscriptionToken=obj[\"subscriptionToken\"]",
            "content": [
                {
                    "type": "paragraph",
                    "text": "purchaseId— идентификатор покупки.\nproductId— идентификатор продукта.\nproductType— тип продукта:NON_CONSUMABLE— непотребляемый (можно купить один раз, например: отключение рекламы в приложении);CONSUMABLE— потребляемый (можно купить много раз, например: кристаллы в приложении);SUBSCRIPTION— подписка (можно купить на период времени, например: подписка в стриминговом сервисе).\ninvoiceId— идентификатор счёта.\ndescription— описание на языкеlanguage.\nlanguage— язык, указанный с помощью BCP 47 кодирования.\npurchase_time— время покупки.MMM— сокращенное название месяца (январь — Jan);dd— день месяца;yyyy— год;h— час в 12-часовом формате;mm— минуты;ss— секунды;a— AM/PM индикатор времени.\norderId— уникальный идентификатор оплаты, сформированный приложением (UUID).\namountLable— отформатированная цена покупки, включая валютный знак на языкеlanguage.\namount— цена в минимальных единицах валюты.\ncurrency— код валюты ISO 4217.\nquantity— количество продукта.\npurchaseState— состояние покупки:CREATED— покупка создана;INVOICE_CREATED— по покупке создан счёт, ожидает оплаты;PAID— только покупки потребляемого товара — промежуточный статус, средства на счёте покупателя зарезервированы. Покупка ожидает подтверждения от разработчика;CONFIRMED— финальный статус, покупка подтверждена (для подписок и непотребляемых товаров). Средства отправлены разработчику. Повторная покупка товара блокируется магазином;CONSUMED— для потребляемых товаров — конечный статус, потребление покупки подтверждено. Можно производить повторную покупку товара;CANCELLED— покупка отменена — оплата не была произведена или был совершен возврат средств покупателю (для подписок после возврата средств покупка не переходит вCANCELLED);PAUSED— для подписок — подписка перешла в HOLD период;TERMINATED— подписка закрылась.\ndeveloperPayload— указанная разработчиком строка, содержащая дополнительную информацию о заказе.\nsubscriptionToken— токен для валидации покупки на сервере."
                }
            ]
        },
        {
            "type": "h3",
            "text": "Подтверждение покупки​",
            "content": []
        },
        {
            "type": "h4",
            "text": "Продукты, требующие подтверждения​",
            "content": [
                {
                    "type": "paragraph",
                    "text": "RuStore содержит продукты следующих типов.\nSUBSCRIPTION— подписка (можно купить на период времени, например: подписка в стриминговом сервисе).\nNON_CONSUMABLE— непотребляемый (можно купить один раз, например: отключение рекламы в приложении).\nCONSUMABLE— потребляемый (можно купить много раз, например: кристаллы в приложении)."
                }
            ]
        },
        {
            "type": "h4",
            "text": "Вызов метода подтверждения​",
            "content": [
                {
                    "type": "paragraph",
                    "text": "\nПеред использованием метода необходимо единожды выполнить подписку на события:\non_confirm_purchase_success;\non_confirm_purchase_failure."
                }
            ]
        },
        {
            "type": "code",
            "text": "Подписка на событияfunc _ready:# Инициализация _billing_client_billing_client.on_confirm_purchase_success(_on_confirm_purchase_success)_billing_client.on_confirm_purchase_failure(_on_confirm_purchase_failure)func_on_confirm_purchase_success(purchase_id:String):passfunc_on_confirm_purchase_failure(purchase_id:String,error:RuStoreError):pass"
        },
        {
            "type": "code",
            "text": "Вызов метода confirm_purchase# Ваша реализацияUIподтверждения покупкиfunc_on_confirm_purchase_pressed(purchase:RuStorePurchase):_billing_client.confirm_purchase(purchase.purchaseId)"
        },
        {
            "type": "h3",
            "text": "Отмена покупки​",
            "content": [
                {
                    "type": "paragraph",
                    "text": "\nПеред использованием метода необходимо единожды выполнить подписку на события:\non_delete_purchase_success;\non_delete_purchase_failure."
                }
            ]
        },
        {
            "type": "code",
            "text": "Подписка на событияfunc _ready:# Инициализация _billing_client_billing_client.on_delete_purchase_success(_on_delete_purchase_success)_billing_client.on_delete_purchase_failure(_on_delete_purchase_failure)func_on_delete_purchase_success(purchase_id:String):passfunc_on_delete_purchase_failure(purchase_id:String,error:RuStoreError):_core_client.show_toast(purchase_id+\" \"+error.description)"
        },
        {
            "type": "code",
            "text": "Вызов метода delete_purchase# Ваша реализацияUIотмены покупкиfunc_on_delete_purchase_pressed(purchase:RuStorePurchase):_billing_client.delete_purchase(purchase.purchaseId)",
            "content": [
                {
                    "type": "paragraph",
                    "text": "Обратный вызов (callback)on_delete_purchase_info_successвозвращает идентификатор покупки.\nОбратный вызов (callback)on_delete_purchase_info_failureвозвращает идентификатор покупки типаStringи объектRuStoreErrorс информацией об ошибке. Структура ошибки описана в разделеОбработка ошибок (https://rustore.ru/help#%D0%BE%D0%B1%D1%80%D0%B0%D0%B1%D0%BE%D1%82%D0%BA%D0%B0-%D0%BE%D1%88%D0%B8%D0%B1%D0%BE%D0%BA)."
                }
            ]
        },
        {
            "type": "h2",
            "text": "Логирование​",
            "content": [
                {
                    "type": "paragraph",
                    "text": "Если необходимо логировать события библиотеки платежей, добавьте необязательный параметрdebugLogsв вызовinitи единожды выполните подписку на события:\non_payment_logger_debug;\non_payment_logger_error;\non_payment_logger_info;\non_payment_logger_verbose;\non_payment_logger_warning."
                }
            ]
        },
        {
            "type": "code",
            "text": "func_ready():_billing_client=RuStoreGodotBillingClient.get_instance()_billing_client.on_payment_logger_debug.connect(_on_payment_logger_debug)_billing_client.on_payment_logger_error.connect(_on_payment_logger_error)_billing_client.on_payment_logger_info.connect(_on_payment_logger_info)_billing_client.on_payment_logger_verbose.connect(_on_payment_logger_verbose)_billing_client.on_payment_logger_warning.connect(_on_payment_logger_warning)# Вызов метода initfunc_on_payment_logger_debug(error:RuStoreError,message:String,tag:String):_core_client.show_toast(tag+\": \"+message)func_on_payment_logger_error(error:RuStoreError,message:String,tag:String):_core_client.show_toast(tag+\": \"+message)func_on_payment_logger_info(error:RuStoreError,message:String,tag:String):_core_client.show_toast(tag+\": \"+message)func_on_payment_logger_verbose(error:RuStoreError,message:String,tag:String):_core_client.show_toast(tag+\": \"+message)func_on_payment_logger_warning(error:RuStoreError,message:String,tag:String):_core_client.show_toast(tag+\": \"+message)",
            "content": [
                {
                    "type": "paragraph",
                    "text": "error— информация об ошибке. Структура ошибки описана в разделеОбработка ошибок (https://rustore.ru/help#%D0%BE%D0%B1%D1%80%D0%B0%D0%B1%D0%BE%D1%82%D0%BA%D0%B0-%D0%BE%D1%88%D0%B8%D0%B1%D0%BE%D0%BA).\nmessage— сообщение для логирования.\ntag— тэг лога."
                }
            ]
        },
        {
            "type": "h2",
            "text": "Динамическая смена темы интерфейса​",
            "content": [
                {
                    "type": "paragraph",
                    "text": "Вызов метода установки темы"
                }
            ]
        },
        {
            "type": "code",
            "text": "func_ready():_billing_client=RuStoreGodotBillingClient.get_instance()vartheme=ERuStoreTheme.Item.DARK",
            "content": [
                {
                    "type": "paragraph",
                    "text": "DARK— тёмная тема;\nLIGHT— светлая тема."
                }
            ]
        },
        {
            "type": "h2",
            "text": "Обработка ошибок​",
            "content": [
                {
                    "type": "paragraph",
                    "text": "Возможные ошибки\nRuStoreNotInstalledException— на устройстве пользователя не установлен RuStore;\nRuStoreOutdatedException— версия RuStore, установленная на устройстве пользователя, не поддерживает платежи;\nRuStoreUserUnauthorizedException— пользователь не авторизован в RuStore;\nRuStoreRequestLimitReached— с момента последнего отображения процесса прошло слишком мало времени;\nRuStoreReviewExists— этот пользователь уже оценил ваше приложение;\nRuStoreInvalidReviewInfo— проблемы сReviewInfo;\nRuStoreException— базовая ошибка RuStore, от которой наследуются остальные ошибки."
                }
            ]
        },
        {
            "type": "code",
            "text": "class_nameRuStoreErrorextendsObjectvarname:String=\"\"vardescription:String=\"\"func_init(json:String=\"\"):ifjson!=\"\":varobj=JSON.parse_string(json)ifobj.has(\"simpleName\"):name=obj[\"simpleName\"]ifobj.has(\"detailMessage\"):description=obj[\"detailMessage\"]",
            "content": [
                {
                    "type": "paragraph",
                    "text": "name– имя ошибки.\ndescription– описание ошибки."
                }
            ]
        },
        {
            "type": "code",
            "text": "func_ready():_billing_client=RuStoreGodotBillingClient.get_instance()_billing_client.set_error_handling(true)",
            "content": [
                {
                    "type": "paragraph",
                    "text": "true— показывать диалог;\nfalse— не показывать диалог."
                }
            ]
        }
    ]
}