{
    "meta": {
        "language": "ru",
        "parse_date": "2024-07-06T20:09:43.531067",
        "current_url": "https://www.rustore.ru/help/developers/publishing-and-verifying-apps/app-publication/app-publication-aurora/dev-certificate/generate-csr/",
        "doc_section": "developers",
        "h1_text": "Генерация файла-запроса на сертификат"
    },
    "content": [
        {
            "type": "h1",
            "text": "Генерация файла-запроса на сертификат",
            "content": []
        },
        {
            "type": "h2",
            "text": "Генерация ключа​",
            "content": [
                {
                    "type": "paragraph",
                    "text": "Для подписывания пакетов рекомендуется использовать ГОСТ 34.10-2012.\nСгенерировать ключ можно как на сборочном окружении, так и из Aurora IDE в процессе создания файла запроса, который описан вдокументации ОС Аврора.\nЧтобы сгенерировать ключ на сборочном окружении, выполните команду:"
                }
            ]
        },
        {
            "type": "code",
            "text": "$ openssl genpkey-engine gost-algorithm gost2012_256-pkeyopt paramset:A-aes256-out{key}.pem"
        },
        {
            "type": "h2",
            "text": "Генерация запроса​",
            "content": [
                {
                    "type": "paragraph",
                    "text": "Сертификат можно получить как на сборочном окружении, так и из Aurora IDE. Процесс создания сертификата описан в вдокументации ОС Аврора.\nЧтобы получить сертификат на сборочном окружении, сгенерируйте CSR — запрос на сертификат для подписывания пакетов.\nЧтобы создать запрос на получение сертификата, подготовьте файл настроек запроса csr.conf, который имеет следующий вид:"
                }
            ]
        },
        {
            "type": "code",
            "text": "[req]distinguished_name=req_distinguished_nameprompt=nostring_mask=utf8onlyx509_extensions=v3_usr[req_distinguished_name]CN={COMMON_NAME}[v3_usr]basicConstraints=critical,CA:FALSEkeyUsage=digitalSignaturesubjectKeyIdentifier=hashauthorityKeyIdentifier=keyid",
            "content": [
                {
                    "type": "paragraph",
                    "text": "доменное имя сайта компании;\nФИО разработчика, зарегистрировавшего аккаунт как физическое лицо в RuStore;\nуникальный никнейм или название, позволяющее определить разработчика;\nне более 64 символов;\nне должна содержаться информация оскорбительного характера, нарушающая законы РФ или вводящая в заблуждение;"
                }
            ]
        },
        {
            "type": "code",
            "text": "openssl req-new-utf8-batch-config csr.conf-key{key}.pem-out{csr}.pem"
        }
    ]
}