{
    "meta": {
        "language": "ru",
        "parse_date": "2024-07-06T19:43:30.611155",
        "current_url": "https://www.rustore.ru/help/developers/publishing-and-verifying-apps/collect-har-logs/safari/",
        "doc_section": "developers",
        "h1_text": "Сбор Логов в Safari: HAR и RuStore Консоль - подробное руководство для пользователей"
    },
    "content": [
        {
            "type": "h1",
            "text": "Сбор Логов в Safari: HAR и RuStore Консоль - подробное руководство для пользователей",
            "content": []
        },
        {
            "type": "h2",
            "text": "Чтобы собрать HAR-логи​",
            "content": [
                {
                    "type": "paragraph",
                    "text": "В строке меню выберите «Разработка».предупреждениеЕсли в строке нет «Разработки», нажмите «Safari», перейдите в «Настройки», нажмите «Дополнения» установите флажок «Показывать меню “Разработка” в строке меню».\nНажмите «Подключить веб-инспектор».\nОткройте вкладку «Сеть».\nУстановите флажок в поле «Сохранить журнал».\nНажмите «Импортировать».\nВыберите папку для сохранения в открывшемся окне.\nНажмите «Сохранить».HAR-логи будут собраны и сохранены в указанной папке."
                }
            ]
        },
        {
            "type": "h2",
            "text": "Чтобы собрать консольные логи​",
            "content": [
                {
                    "type": "paragraph",
                    "text": "В строке меню выберите «Разработка».\nНажмите «Подключить веб-инспектор».\nОткройте вкладку «Консоль».\nНажмите правой кнопкой мыши в любой области окна и выберите в контекстном меню «Сохранить выбранные».\nВыберите папку для сохранения логов и нажмите «Сохранить».Консольные логи будут собраны и сохранены в указанной папке."
                }
            ]
        }
    ]
}