{
    "meta": {
        "language": "ru",
        "parse_date": "2024-07-06T20:13:52.550132",
        "current_url": "https://www.rustore.ru/help/legal/privacy-policy-developers/",
        "doc_section": "",
        "h1_text": "Политика конфиденциальности RuStore для Разработчиков"
    },
    "content": [
        {
            "type": "h1",
            "text": "Политика конфиденциальности RuStore для Разработчиков",
            "content": [
                {
                    "type": "paragraph",
                    "text": "1. Общие положения\n1.1.      Настоящая Политика конфиденциальности (далее - «Политика») являются неотъемлемой частью Пользовательского соглашения сервиса RuStore (https://rustore.ru/help/legal/terms-of-use), Соглашения RuStore о распространении программных продуктов (https://rustore.ru/help/legal/developers-agreement) (далее «Соглашение с Разработчиком») и регулирует отношения между ООО «ВК» (ОГРН 1027739850962, Российская Федерация, 125167, г. Москва, Ленинградский проспект д.39, строение 79), именуемым далее «ВК» или «Компания», являющимся правообладателем сервиса RuStore (далее – «RuStore», «Сервис»), доступного в сети Интернет на сайте по адресуhttp://rustore.ru(далее – «Сайт»), а также через мобильное приложение, и Вами (физическим лицом – пользователем сети Интернет, которое предоставляет Продукты для распространения через Сервис в соответствии с условиями Соглашения с Разработчиком), далее «Разработчик», по поводу обработки информации о Разработчике, включая его персональные данные, в процессе использования таким лицом Сервиса (далее – «Информация»). Настоящая Политика размещена по адресу:https://rustore.ru/help/legal/privacy-policy-developers.\n1.2.      Отношения, связанные с обработкой информации, включая, но не ограничивая сбор, использование, хранение, распространение и защиту информации о Разработчиках, регулируются настоящей Политикой и иными правилами, размещёнными в рамках Сервиса, а также действующим законодательством Российской Федерации. Перед тем как начать использование Сервиса Компании Разработчик обязан ознакомиться с настоящей Политикой, а также со всеми применимыми правилами.\n1.3.      При регистрации, каждом доступе и/или фактическом использовании Сервиса Разработчик соглашается с условиями настоящей Политики, а также с условиями соглашений и правил Сервиса, которые размещены на страницах (в разделах) Сервиса, в редакциях, которые действовали на момент фактического использования Сервиса.\n1.4.      При использовании Сервиса и его функциональных возможностей Разработчик выражает своё согласие с условиями настоящей Политики. В случае несогласия Разработчика с условиями настоящей Политики использование Сервиса должно быть немедленно прекращено.\n2. Состав Информации\n2.1.      В таблице ниже подробно изложена Информация, которую Компания собирает и обрабатывает при использовании Разработчиком Сервиса, причины, цели обработки Информации и юридические основания:"
                }
            ]
        },
        {
            "type": "table",
            "headers": [
                "Собираемая Информация",
                "Цель обработки"
            ],
            "rows": [
                [
                    {
                        "text": "Учетные данные , а именно: 1) Данные о Разработчике, предоставляемые Разработчиком (в том числе путем регистрации/авторизации в Сервисе с использованием VKID) для создания учетной записи в процессе регистрации в Сервисе, включая: номер VK ID, имя, фамилию, номер мобильного телефона, адрес электронной почты, номер и серию паспорта, дату рождения, номер ИНН. 2) Данные, дополнительно предоставляемые Разработчиком по запросу Компании (сведения, указанные Разработчиком в учетной записи, как например, имя и фамилия, адрес электронной почты, номер телефона).",
                        "links": []
                    },
                    {
                        "text": "Заключение и исполнение Соглашения с Разработчиком по предоставлению функционала Сервиса, а именно, для управления и администрирования Сервисом, включая предоставление Разработчику доступа к Сервису и функционалу Сервиса, а также осуществление верификации. Компания получает данные от сторонних сервисов в случае авторизации Разработчиком в Сервисе с помощью учетных записей в данных сервисах. Компания использует эти данные, чтобы она могла выполнить условия Соглашения с Разработчиком, в частности, свои обязательства перед Разработчиком при использовании им Сервиса (например, в тех случаях, когда Разработчику необходимо пройти процедуру авторизации в Сервисе). Исполнение Соглашения с Разработчиком по предоставлению функционала Сервиса, а именно Компания использует эти данные, чтобы проверить его учетную запись и предотвратить злоупотребления и нарушения прав Разработчика или прав третьих лиц. Например, Компания может использовать эту информацию для подтверждения принадлежности аккаунта Разработчику, если он потерял свои учетные данные и хочет получить доступ к своей учетной записи. Компания вправе, но не обязана, предпринять дополнительные меры проверки, которые Компания сочтет разумными для проверки учетной записи Разработчика.",
                        "links": []
                    }
                ],
                [
                    {
                        "text": "Иные данные , а именно: 3) Данные, которые становятся доступными Компании в процессе использования Разработчиком Сервиса: данные об устройстве (тип, имя, модель, производитель и пр.), ip-адрес, сведения о браузере Разработчика (в том числе язык интерфейса, размеры экрана и пр.), часовой пояс, геопозиция, язык системы, сведения об операционной системе (имя ОС, версия ОС, версия Сервиса, тип интернет соединения, название оператора сотовой связи. 4) информация, автоматически получаемая при доступе к Сервису с использованием cookies. 5) информация об активности Разработчика во время использования Сервиса, в том числе клики и переходы в рамках интерфейса Сервиса. 6) информация, полученная о Разработчике в результате действий Пользователей на Сервисе (в частности, отзывы Пользователей, рейтинг, который определяется на основании оценок Пользователей).",
                        "links": []
                    },
                    {
                        "text": "Исполнение Соглашения с Разработчиком по предоставлению функционала Сервиса, а именно, для внутреннего контроля, чтобы постоянно улучшать содержание и работу Сервиса, для осуществления коммуникации, для управления и администрирования Сервисом, чтобы предотвращать и пресекать любые ошибки, которые могут возникнуть при использовании Сервиса, уведомлять Разработчика об изменениях в Сервисе и персонализировать использование Сервиса, а также для показа рекламы, анализа и оптимизации рекламных кампаний.",
                        "links": []
                    }
                ]
            ]
        }
    ]
}