{
    "meta": {
        "language": "ru",
        "parse_date": "2024-07-06T19:56:46.564979",
        "current_url": "https://www.rustore.ru/help/sdk/rustore-geo/general/terms/",
        "doc_section": "sdk",
        "h1_text": "Условия использования"
    },
    "content": [
        {
            "type": "h1",
            "text": "Условия использования",
            "content": [
                {
                    "type": "paragraph",
                    "text": "Следующие Условия использования функционала RuStore Geo на RuStore (далее «Условия») регламентируют общие условия использования Вами (далее «Вы», «Разработчик») услуг и инструментов функционала RuStore Geo, включая программное обеспечение для мобильных или других платформ, которое может быть предоставлено ООО «ВК» (далее «Компания»), инструментами и любыми другими приложениями, услугами, программным обеспечением, компонентами, функциями RuStore Geo, предоставляемыми Компанией, (совместно именуемые «RuStore Geo»).\nПодключая и используя функционал RuStore Geo, Вы прямо соглашаетесь с настоящими Условиями.\n1. Компания осуществляет оперирование RuStore Geo на основании открытой лицензии базы данных «OpenStreetMap». Условия использования лицензии OpenStreetMap доступны по адресуhttp://www.openstreetmap.org/copyright/en.\n2. Компания не принимает решений о принадлежности территории (названия объектов, местоположение границы, иное описание) на картах в базе данных OpenStreetMap, и, в случае возникновения у Пользователя каких-либо вопросов относительно принадлежности той или иной территории, информация об этом представлена по следующей ссылке:https://wiki.osmfoundation.org/w/images/d/d8/DisputedTerritoriesInformation.pdf.\n3. Настоящим Компания предоставляет Разработчику доступ к использованию программного обеспечения (включая любые мобильные приложения), предоставленного Вам от Компании (далее «Программное обеспечение»), на основании настоящих Условий.\n4. Компания гарантирует, услуги по предоставлению доступа к RuStore Geo оказываются 24 часа в сутки (24/7) в неделю и уровень доступности составит не менее на 99,9%.\n5. Компания оставляет за собой право прерывать работу RuStore Geo для проведения необходимых профилактических работ, в том числе, в рабочие дни. Такие случаи не будут считаться перерывами в оказании услуг и/или доступности RuStore Geo.\n6. Компания не несёт ответственность за недоступность RuStore Geo, если она возникла: 1) в результате нарушения Разработчиком настоящих Условий; 2) в результате иных действий Разработчика; 3) в результате обстоятельств непреодолимой силы (форс-мажорные обстоятельства); 4) по причине приостановки работы RuStore Geo по требованию государственных или муниципальных органов в случаях и порядке, определенном действующим законодательством РФ.\n7. Техническая поддержка RuStore Geo осуществляется путем отправки Разработчиком сообщения/запроса в службу поддержки RuStore.\n8. Компания и ее лицензиары владеют всей интеллектуальной собственностью в отношении RuStore Geo и проприетарными базами данных Компании, включая, но не ограничиваясь, компоненты и алгоритмы RuStore Geo, а также доступ к серверному комплексу RuStore Geo, кроме интеллектуальной собственности, предоставленной Компании по лицензии OpenStreetMap.\n9. Разработчик не имеет права изменять, публиковать, передавать, демонстрировать, участвовать в передаче или продаже, создавать производные работы или каким-либо образом использовать контент RuStore Geo или любую его часть. Если иное прямо не разрешено законом об авторском праве, Разработчик не может копировать, распространять, публиковать, демонстрировать или использовать в коммерческих целях любые материалы, принадлежащие Компании, без явного разрешения Компании.\n10. Настоящие Условия не предоставляются Разработчику никаких прав, ни прямо, ни косвенно, на использование каких-либо товарных знаков, знаков обслуживания, названий или логотипов Компании, за исключением случаев, когда Разработчик размещает и использует RuStore Geo или часть его функционала внутри своего Продукта, и тогда указание логотипа Компании/RuStore Geo, информации о правообладателе RuStore Geo и ссылкиhttps://www.rustore.ruявляется обязательным.\n11. Ограничиваясь целью размещения контента Разработчика, чтобы Компания могла предоставлять Разработчику возможность использования RuStore Geo, Разработчик настоящим предоставляет Компании неисключительное, всемирное, бесплатное, полностью оплаченное, передаваемое и сублицензируемое право и лицензию на использование, копирование, кэширование, публикацию, отображение, распространение, изменение, создание производных работ и хранение контента Разработчика в рамках RuStore Geo. Это право и лицензия позволяют Компании размещать и копировать контент Разработчика исключительно внутри функционала RuStore Geo. Пользователь настоящим гарантирует, подтверждает и соглашается с тем, что имеет право предоставлять Компании эти права.\n12. За исключением собственного контента Разработчика, весь контент, отображаемый на RuStore Geo или доступный через RuStore Geo, включая текст, изображения, карты, программное обеспечение или исходный код, является собственностью Компании и/или третьих лиц и защищен нормами действующего законодательства РФ и международными законами об интеллектуальной собственности. Логотипы и названия продуктов, появляющиеся на RuStore Geo или в связи с ним, являются собственностью Компании или наших лицензиаров. Разработчик не может удалять какие-либо уведомления о правах собственности или идентификационные этикетки продуктов из RuStore Geo.\n13. За исключением случаев, когда Компания предоставляет информацию, доступ к которой Разработчик получает, используя функционал RuStore Geo, она предоставляется другими разработчиками, вводится или публикуется ими и не контролируется, не проверяется и не подтверждается Компанией в любом случае. Компания имеет право, но не обязанность, проверять и отслеживать контент, размещаемый посредством функционала RuStore Geo, определять его соответствие настоящим Условиям и любым другим правилам Сервиса RuStore, которые время от времени могут устанавливаться Компанией. Что касается пользовательского контента/информации, Компания не контролирует такой контент/информацию, но Компания может использовать определенные автоматические компьютерные системы и фильтры для сканирования такого контента/сообщений с целью ограничения отправки спама или другого нежелательного коммерческого контента через функционал RuStore Geo. За содержание такого контента/сообщений полную ответственность несут лица, его разместившие или отправившие.\n14. Функционал RuStore Geo предоставляется Компанией и функционирует «как есть» и без любых явных или подразумеваемых гарантий, включая, но не ограничиваясь: подразумеваемой гарантии коммерческой ценности и пригодности для определенной цели.\n15. Компания не гарантирует, что RuStore Geo и его функциональные возможности будут бесперебойными или безошибочными, или что дефекты в работе RuStore Geo будут исправлены.\n16. Компания не гарантирует и не даёт никаких заявлений относительно использования или результатов использования услуг или любых сайтов третьих сторон, называемых на RuStore Geo, в отношении их правильности, точности, надежности или какого-либо другого свойства.\n17. Если функционал RuStore Geo используется в Продукте Разработчика для проезда или вождения любых транспортных средств, такое использование RuStore Geo осуществляется исключительно на собственный риск пользователя. Информация, предоставляемая RuStore Geo, не предназначена для замены информации, представленной на дороге (например, светофорами, дорожными знаками или сотрудниками ГАИ/полиции), отличается от информации, предоставленной на RuStore Geo, пользователь не должен руководствоваться данными RuStore Geo. Пользователь должен соблюдать все законы и правила дорожного движения при использовании RuStore Geo.\n18. Разработчик самостоятельно несет ответственность перед третьими лицами за свои действия, связанные с использованием функционала RuStore Geo, в том числе, если такие действия приведут к нарушению прав и законных интересов третьих лиц, а также за соблюдение законодательства при использовании RuStore Geo.\n19. При использовании функционала RuStore Geo Разработчик не вправе:\nа) Загружать, посылать, передавать или любым другим способом размещать и/или распространять контент, который является незаконным, вредоносным, клеветническим, оскорбляет нравственность, демонстрирует (или является пропагандой) насилия и жестокости, нарушает права интеллектуальной собственности, пропагандирует ненависть и/или дискриминацию людей по расовому, этническому, половому, религиозному, социальному признакам, содержит оскорбления в адрес каких-либо лиц или организаций, содержит элементы (или является пропагандой) порнографии, детской эротики, представляет собой рекламу (или является пропагандой) услуг сексуального характера (в том числе под видом иных услуг), разъясняет порядок изготовления, применения или иного использования наркотических веществ или их аналогов, взрывчатых веществ или иного оружия;\nб) Нарушать права третьих лиц, в том числе несовершеннолетних лиц и/или причинять им вред в любой форме;\nв) Выдавать себя за другого человека или представителя организации и/или сообщества без достаточных на то прав, в том числе за сотрудников Компании, за модераторов форумов, за владельца сайта, а также применять любые другие формы и способы незаконного представительства других лиц в сети, а также вводить пользователей или Компанию в заблуждение относительно свойств и характеристик каких-либо субъектов или объектов;\nг) Загружать, посылать, передавать или любым другим способом размещать и/или распространять контент, при отсутствии прав на такие действия согласно законодательству или каким-либо договорным отношениям;\nд) Загружать, посылать, передавать или любым другим способом размещать и/или распространять не разрешенную специальным образом рекламную информацию, спам (в том числе и поисковый), списки чужих адресов электронной почты, схемы «пирамид», многоуровневого (сетевого) маркетинга (MLM), системы интернет-заработка и e-mail-бизнесов, «письма счастья», а также использовать сервисы Компании для участия в этих мероприятиях, или использовать сервисы Компании, исключительно для перенаправления пользователей на страницы других доменов;\nе) Загружать, посылать, передавать или любым другим способом размещать и/или распространять какие-либо материалы, содержащие вирусы или другие компьютерные коды, файлы или программы, предназначенные для нарушения, уничтожения либо ограничения функциональности любого компьютерного или телекоммуникационного оборудования или программ, для осуществления несанкционированного доступа, а также серийные номера к коммерческим программным продуктам и программы для их генерации, логины, пароли и прочие средства для получения несанкционированного доступа к платным ресурсам в Интернете, а также размещения ссылок на вышеуказанную информацию;\nж) Несанкционированно собирать и хранить персональные данные других лиц;\nз) Нарушать нормальную работу веб-сайтов, сервиса RuStore и функционала RuStore Geo;\nи) Содействовать действиям, направленным на нарушение ограничений и запретов, налагаемых настоящими Условиями;\nк) Другим образом нарушать нормы законодательства РФ, в том числе нормы международного права.\n20. Разработчик не вправе временно хранить (кэшировать) любые результаты работы RuStore Geo и/или полученную из них информацию, а также изменять содержание результатов запросов к RuStore Geo, предоставленных ему в ответ на поступивший запрос.\n21. Разработчик обязан отображать всю атрибуцию, которую Компания предоставляет Разработчику для работы с функционалом RuStore Geo (включая брендинг, логотипы, а также уведомления об авторских правах и торговых марках).\n22. Компания может время от времени изменять настоящие Условия с уведомлением Разработчика, в том числе путём размещения новой редакции изменяемых Условий поссылке, и Разработчик несет ответственность за самостоятельную проверку Условий на предмет любых изменений. Изменения в Условия, внесенные Компанией, вступают в силу в день, следующий за днем опубликования на указанном сайте новой редакции Условий. Продолжение использования функционала RuStore Geo после внесения изменений в Условия означает принятие и согласие Разработчика с такими изменениями. Если Разработчик не согласен с изменениями в Условиях, он должен прекратить использование (отключить) функционала RuStore Geo.\n23. По всем вопросам, связанным с настоящими Условиями, Разработчик вправе использовать адрес электронной почтыsupport@rustore.ru.\nРедакция от 20 декабря 2022 г."
                }
            ]
        }
    ]
}