{
    "meta": {
        "language": "ru",
        "parse_date": "2024-07-06T19:30:52.761423",
        "current_url": "https://www.rustore.ru/help/users/authorization/login-gosuslugi-id/",
        "doc_section": "users",
        "h1_text": "Как авторизоваться через Госуслуги в RuStore"
    },
    "content": [
        {
            "type": "h1",
            "text": "Как авторизоваться через Госуслуги в RuStore",
            "content": [
                {
                    "type": "paragraph",
                    "text": "Вы можете авторизоваться в RuStore через Госуслуги:\nНажмитена домашнем экране вашего устройства.\nНажмите «Войти в аккаунт».\nНажмитеи выберитеГосуслуги.\nВведите учётные данные и проверьте их актуальность.\nНажмите «Войти».\nВведите код.\nНажмите «Продолжить».\nВведите пароль от своего VK ID или введите код push-уведомления.\nНажмите «Продолжить»."
                }
            ]
        }
    ]
}