{
    "meta": {
        "language": "ru",
        "parse_date": "2024-07-06T20:05:50.995297",
        "current_url": "https://www.rustore.ru/help/sdk/general-push-notifications/kotlin/2-0-0/",
        "doc_section": "sdk",
        "h1_text": "SDK универсальных push-уведомлений для Kotlin (версия 2.0.0)"
    },
    "content": [
        {
            "type": "h1",
            "text": "SDK универсальных push-уведомлений для Kotlin (версия 2.0.0)",
            "content": [
                {
                    "type": "paragraph",
                    "text": "SDK универсальных push-уведомлений от RuStore — это набор пакетов для работы с несколькими провайдерами одновременно.\nВы можете настроить отправку и получение push-уведомлений через:\nRuStore\nFirebase Cloud Messaging(FCM)\nHuawei Mobile Services (HMS)"
                }
            ]
        },
        {
            "type": "h2",
            "text": "Пример реализации​",
            "content": [
                {
                    "type": "paragraph",
                    "text": "Ознакомьтесь сприложением-примером, чтобы узнать, как правильно интегрировать SDK универсальных push-уведомлений."
                }
            ]
        },
        {
            "type": "h2",
            "text": "Настройки для провайдера RuStore​",
            "content": []
        },
        {
            "type": "h3",
            "text": "Условия работы​",
            "content": [
                {
                    "type": "paragraph",
                    "text": "Чтобы push-уведомления передавались через провайдер RuStore, необходимо соблюдение следующих условий:\nНа устройстве пользователя установлена актуальная версия RuStore.\nПриложение RuStore должно поддерживать функциональность push-уведомлений.\nПриложению RuStore разрешен доступ к работе в фоновом режиме.\nПользователь авторизован в RuStore.\nОтпечаток подписи приложения должен совпадать с отпечатком, добавленным вКонсоль RuStore (https://dev.rustore.ru/)."
                }
            ]
        },
        {
            "type": "h3",
            "text": "Подключение в проект​",
            "content": [
                {
                    "type": "paragraph",
                    "text": "Подключите репозитории в файлеsettings.gradle."
                }
            ]
        },
        {
            "type": "code",
            "text": "settings.gradledependencyResolutionManagement{repositories{google()mavenCentral()//  нужно для работы HMSmaven{url=uri(\"https://developer.huawei.com/repo/\")}//  нужно для работы RuStoremaven{url=uri(\"https://artifactory-external.vkpartner.ru/artifactory/maven\")}}}"
        },
        {
            "type": "h3",
            "text": "Подключение зависимостей​",
            "content": [
                {
                    "type": "paragraph",
                    "text": "Чтобы подключить зависимости, добавьте следующий код вbuild.gradleна уровнеapp."
                }
            ]
        },
        {
            "type": "code",
            "text": "build.gradledependencies{implementation'ru.rustore.sdk:universalpush:2.0.0'implementation'ru.rustore.sdk:universalrustore:2.0.0'implementation'ru.rustore.sdk:universalhms:2.0.0'implementation'ru.rustore.sdk:universalfcm:2.0.0'}",
            "content": [
                {
                    "type": "paragraph",
                    "text": "Добавьте следующий код вbuild.gradleна уровнеapp.build.gradleplugins{// ...// нужно для FCMid'com.google.gms.google-services'// нужно для HMSid'com.huawei.agconnect'}\nДобавьте следующий код вbuild.gradleна корневом уровне.build.gradledependencies{// нужно для FCMclasspath'com.google.gms:google-services:4.3.15'// нужно для HMSclasspath'com.huawei.agconnect:agcp:1.6.0.300'classpath'com.android.tools.build:gradle:7.4.0'\nДобавьте следующий код вsettings.gradleна корневом уровне.settings.gradlepluginManagement{repositories{google()mavenCentral()gradlePluginPortal()//  нужно для работы HMSmaven{url=uri(\"https://developer.huawei.com/repo/\")}}}"
                }
            ]
        },
        {
            "type": "h2",
            "text": "Настройки для провайдера FCM​",
            "content": []
        },
        {
            "type": "h3",
            "text": "Настройка приложения​",
            "content": [
                {
                    "type": "paragraph",
                    "text": "Чтобы push-уведомления передавались через провайдер FCM, настройте проект в сервисе Firebase Console.\nСоздайте новый проект вconsole.firebase.google.com (https://console.firebase.google.com/u/0/).\nВыберите проект, для которого планируете подключить push-уведомления.\nНажмите значок шестеренки в меню слева рядом с названием проекта.\nПерейдите в раздел Project Settings — Your apps и скачайте файлgoogle-services.json.\nПоместите файлgoogle-services.jsonвapp/google-services.json."
                }
            ]
        },
        {
            "type": "h3",
            "text": "Подключение в проект​",
            "content": [
                {
                    "type": "paragraph",
                    "text": "Подключите репозиторий вsettings.gradleна корневом уровне."
                }
            ]
        },
        {
            "type": "code",
            "text": "settings.gradledependencyResolutionManagement{repositories{google()mavenCentral()//  нужно для работы RuStoremaven{url=uri(\"https://artifactory-external.vkpartner.ru/artifactory/maven\")}}}"
        },
        {
            "type": "h3",
            "text": "Подключение зависимостей​",
            "content": [
                {
                    "type": "paragraph",
                    "text": "Для публикации приложения в Google Play добавьте зависимости для работы push-уведомлений только через FCM и RuStore.\nНужно использовать только пакетыuniversalfcm,universalrustoreиuniversalpush.\nДобавьте следующий код вbuild.gradleна уровнеapp.build.gradledependencies{implementation'ru.rustore.sdk:universalpush:2.0.0'implementation'ru.rustore.sdk:universalrustore:2.0.0'implementation'ru.rustore.sdk:universalfcm:2.0.0'}\nДобавьте следующий код вbuild.gradleна уровнеapp.build.gradleplugins{// ...// нужно для FCMid'com.google.gms.google-services'}\nДобавьте следующий код вbuild.gradleна корневом уровне.build.gradlebuildscript{dependencies{// нужно для FCMclasspath'com.google.gms:google-services:4.3.15'}}"
                }
            ]
        },
        {
            "type": "h2",
            "text": "Настройки для провайдера HMS​",
            "content": []
        },
        {
            "type": "h3",
            "text": "Настройка приложения​",
            "content": [
                {
                    "type": "paragraph",
                    "text": "Чтобы push-уведомления передавались через провайдер HMS, настройте проект в сервисе developer.huawei.com.\nСоздайте новый проект вdeveloper.huawei.com (https://developer.huawei.com/consumer/ru/console).\nВыберите проект, для которого планируете подключить push-уведомления.\nПерейдите на страницу «Настройки» проекта, затем на вкладку «Основная информация».\nПерейдите в раздел «Данные приложения» и скачайте файлagconnect-services.json.\nПоместите файлagconnect-services.jsonвapp/agconnect-services.json."
                }
            ]
        },
        {
            "type": "h3",
            "text": "Подключение в проект​",
            "content": [
                {
                    "type": "paragraph",
                    "text": "Подключите репозиторий вsettings.gradle."
                }
            ]
        },
        {
            "type": "code",
            "text": "settings.gradledependencyResolutionManagement{repositoriesMode.set(RepositoriesMode.FAIL_ON_PROJECT_REPOS)repositories{google()mavenCentral()//  нужно для работы HMSmaven{url=uri(\"https://developer.huawei.com/repo/\")}//  нужно для работы RuStoremaven{url=uri(\"https://artifactory-external.vkpartner.ru/artifactory/maven\")}}}"
        },
        {
            "type": "h3",
            "text": "Подключение зависимостей​",
            "content": [
                {
                    "type": "paragraph",
                    "text": "Для публикации приложения в AppGallery добавьте зависимости для работы push-уведомлений только через HMS и RuStore.\nНужно использовать только пакетыuniversalhms,universalrustoreиuniversalpush.\nДобавьте следующий код вbuild.gradleна уровнеapp.build.gradledependencies{implementation'ru.rustore.sdk:universalpush:2.0.0'implementation'ru.rustore.sdk:universalrustore:2.0.0'implementation'ru.rustore.sdk:universalhms:2.0.0'}\nДобавьте следующий код вbuild.gradleна уровнеapp.build.gradleplugins{// ...// нужно для HMSid'com.huawei.agconnect'}\nДобавьте следующий код вbuild.gradleна корневом уровне.build.gradlebuildscript{dependencies{// нужно для HMSclasspath'com.huawei.agconnect:agcp:1.6.0.300'classpath'com.android.tools.build:gradle:7.4.0'}}\nДобавьте следующий код вsettings.gradleна корневом уровне.settings.gradlepluginManagement{repositories{google()mavenCentral()gradlePluginPortal()//  нужно для работы HMSmaven{url=uri(\"https://developer.huawei.com/repo/\")}}}"
                }
            ]
        },
        {
            "type": "h2",
            "text": "Инициализация​",
            "content": [
                {
                    "type": "paragraph",
                    "text": "Для инициализации понадобитсяидентификатор проекта изRuStore Консоль. Чтобы получить его, на странице приложения перейдите в раздел «Push-уведомления» — «Проекты» и скопируйте значение в поле «ID проекта».\nЧтобы инициализировать провайдеры push-уведомлений, добавьте следующий код вApp.kt."
                }
            ]
        },
        {
            "type": "code",
            "text": "App.ktimportandroid.app.Applicationimportru.rustore.sdk.universalpush.RuStoreUniversalPushClientimportru.rustore.sdk.universalpush.firebase.provides.FirebasePushProviderimportru.rustore.sdk.universalpush.hms.providers.HmsPushProviderimportru.rustore.sdk.universalpush.rustore.logger.DefaultLoggerimportru.rustore.sdk.universalpush.rustore.providers.RuStorePushProviderclassApp:Application(){privateval tag=\"UniversalPushExampleApp\"override funonCreate(){super.onCreate()RuStoreUniversalPushClient.init(context=this,rustore=RuStorePushProvider(application=this,projectId=\"m3Id6aPeXq36mp...\",logger=DefaultLogger(tag=tag),),firebase=FirebasePushProvider(context=this,),hms=HmsPushProvider(context=this,appid=\"108003365\",),)}}"
        },
        {
            "type": "code",
            "text": "App.ktRuStoreUniversalPushClient.init(context=this,rustore=RuStorePushProvider(application=this,projectId=\"m3Id6aPeXq36mp...\",logger=DefaultLogger(tag=tag),),hms=HmsPushProvider(context=this,appid=\"108003365\",),)"
        },
        {
            "type": "h2",
            "text": "Проверка работоспособности провайдеров​",
            "content": [
                {
                    "type": "paragraph",
                    "text": "Чтобы проверить доступность провайдеров push-уведомлений, вызовите методcheckAvailability (context)."
                }
            ]
        },
        {
            "type": "code",
            "text": "RuStoreUniversalPushClient.checkAvailability(this).addOnSuccessListener{result->Log.w(tag,\"get availability success $result\")}.addOnFailureListener{throwable->Log.e(tag,\"get availability error: $throwable\")}"
        },
        {
            "type": "code",
            "text": "publicconstvalUNIVERSAL_FCM_PROVIDER:String=\"firebase\"publicconstvalUNIVERSAL_HMS_PROVIDER:String=\"hms\"publicconstvalUNIVERSAL_RUSTORE_PROVIDER:String=\"rustore\""
        },
        {
            "type": "code",
            "text": "if(result[UNIVERSAL_HMS_PROVIDER]?:false){// провайдер HMS доступен}"
        },
        {
            "type": "h2",
            "text": "Методы для работы с push-токеном​",
            "content": []
        },
        {
            "type": "h3",
            "text": "Получение push-токена пользователя​",
            "content": [
                {
                    "type": "paragraph",
                    "text": "Чтобы получить список токенов по всем провайдерам, вызовите методgetTokens()."
                }
            ]
        },
        {
            "type": "code",
            "text": "RuStoreUniversalPushClient.getTokens().addOnSuccessListener{result->Log.w(tag,\"get tokens success $result\")}.addOnFailureListener{throwable->Log.e(tag,\"get tokens error: $throwable\")}"
        },
        {
            "type": "code",
            "text": "publicconstvalUNIVERSAL_FCM_PROVIDER:String=\"firebase\"publicconstvalUNIVERSAL_HMS_PROVIDER:String=\"hms\"publicconstvalUNIVERSAL_RUSTORE_PROVIDER:String=\"rustore\""
        },
        {
            "type": "code",
            "text": "result[UNIVERSAL_FCM_PROVIDER].orEmpty()"
        },
        {
            "type": "h3",
            "text": "Удаление push-токена пользователя​",
            "content": [
                {
                    "type": "paragraph",
                    "text": "Чтобы удалить токены, вызовите методdeleteTokens(token)и передайте словарь со списком токенов."
                }
            ]
        },
        {
            "type": "code",
            "text": "RuStoreUniversalPushClient.deleteTokens(mapOf(UNIVERSAL_RUSTORE_PROVIDERto\"xxx\",UNIVERSAL_FCM_PROVIDERto\"yyy\",UNIVERSAL_HMS_PROVIDERto\"zzz\"))"
        },
        {
            "type": "h2",
            "text": "Методы для работы с push-топиком​",
            "content": []
        },
        {
            "type": "h3",
            "text": "Подписка на push-уведомления по топику​",
            "content": [
                {
                    "type": "paragraph",
                    "text": "Чтобы подписаться на топик, вызовите методsubscribeToTopic (\"some_topic\")."
                }
            ]
        },
        {
            "type": "code",
            "text": "RuStoreUniversalPushClient.subscribeToTopic(\"some_topic\")"
        },
        {
            "type": "h3",
            "text": "Отписка от push-уведомлений по топику​",
            "content": [
                {
                    "type": "paragraph",
                    "text": "Чтобы отписаться от топика, вызовите методunsubscribeToTopic (\"some_topic\")."
                }
            ]
        },
        {
            "type": "code",
            "text": "RuStoreUniversalPushClient.unsubscribeFromTopic(\"some_topic\")"
        },
        {
            "type": "h2",
            "text": "Обработка уведомлений​",
            "content": [
                {
                    "type": "paragraph",
                    "text": "Для получения уведомлений добавьте callbackOnMessageReceiveListenerвApp-классе после инициализацииRuStoreUniversalPushClient.\nЕсли уведомления отправляются черезuniversal api, они дедублицируются на клиенте и callback получения уведомлений вызывается один раз.\nЕсли в объектеnotificationесть данные, RuStore SDK самостоятельно отображает уведомление.\nЕсли вы не хотите этого, используйте объектdata, аnotificationоставьте пустым.\nCallbackOnMessageReceiveListenerвызывается в любом случае.\nПолучитьpayloadpush-уведомления (Map<String, String>) можно из поляremoteMessage.data."
                }
            ]
        },
        {
            "type": "code",
            "text": "RuStoreUniversalPushClient.setOnMessageReceiveListener{remoteMessage->// process message}"
        },
        {
            "type": "h2",
            "text": "Обработка события onDeletedMessages​",
            "content": [
                {
                    "type": "paragraph",
                    "text": "Для обработки событияonDeletedMessagesдобавьте callbackOnDeletedMessagesListenerвApp-классе после инициализацииRuStoreUniversalPushClient.\nПри событииonDeletedMessagesвызывается callback с параметромproviderType— провайдер push-уведомлений, который вызвал событие."
                }
            ]
        },
        {
            "type": "code",
            "text": "RuStoreUniversalPushClient.setOnDeletedMessagesListener{providerType->// process event}"
        },
        {
            "type": "h2",
            "text": "Обработка события onNewToken​",
            "content": [
                {
                    "type": "paragraph",
                    "text": "Для обработки событияonNewTokenдобавьте callbackOnNewTokenListenerвApp-классе после инициализацииRuStoreUniversalPushClient.\nПри событииonNewTokenвызывается callback с параметрами:\nproviderType— провайдер push-уведомлений, который вызвал событие.\ntoken— новый push-токен."
                }
            ]
        },
        {
            "type": "code",
            "text": "RuStoreUniversalPushClient.setOnNewTokenListener{providerType,token->// process event}"
        },
        {
            "type": "h2",
            "text": "Обработка ошибок провайдеров​",
            "content": [
                {
                    "type": "paragraph",
                    "text": "Для обработки ошибок добавьте callbackOnPushClientErrorListenerвApp-классе после инициализацииRuStoreUniversalPushClient.\nПри появлении ошибок вызывается callback с параметрами:\nproviderType— провайдер push-уведомлений, который вызвал событие.\nerrors— список ошибок."
                }
            ]
        },
        {
            "type": "code",
            "text": "RuStoreUniversalPushClient.setOnPushClientErrorListener{providerType,error->// process error}"
        },
        {
            "type": "h2",
            "text": "Если push-уведомления уже передаются через HMS или FCM​",
            "content": [
                {
                    "type": "paragraph",
                    "text": "Если вы хотите подключить SDK универсальных push-уведомлений, но в приложении уже используются сервисы FCM или HMS, добавьте дополнительный код:\nКод для сервиса FCMimportru.rustore.sdk.universalpush.rustore.messaging.toUniversalRemoteMessageimportru.rustore.sdk.universalpush.UNIVERSAL_FCM_PROVIDERclassMyFirebaseMessagingService:FirebaseMessagingService(){override funonMessageReceived(message:RemoteMessage){super.onMessageReceived(message)RuStoreUniversalPushManager.processMessage(message.toUniversalRemoteMessage())}override funonNewToken(token:String){super.onNewToken(token)RuStoreUniversalPushManager.processToken(UNIVERSAL_FCM_PROVIDER,token)}override funonDeletedMessages(){super.onDeletedMessages()RuStoreUniversalPushManager.processDeletedMessages(UNIVERSAL_FCM_PROVIDER)}}\nКод для сервиса HMSimportru.rustore.sdk.universalpush.rustore.messaging.toUniversalRemoteMessageimportru.rustore.sdk.universalpush.UNIVERSAL_HMS_PROVIDERclassMyMessagePushService:HmsMessageService(){override funonMessageReceived(msg:RemoteMessage?){super.onMessageReceived(msg)RuStoreUniversalPushManager.processMessage(UNIVERSAL_HMS_PROVIDER,msg.toUniversalRemoteMessage())}override funonNewToken(token:String?){super.onNewToken(token)RuStoreUniversalPushManager.processToken(token)}override funonDeletedMessages(){super.onDeletedMessages()RuStoreUniversalPushManager.processDeletedMessages(UNIVERSAL_HMS_PROVIDER)}}"
                }
            ]
        },
        {
            "type": "h2",
            "text": "См. также​",
            "content": [
                {
                    "type": "paragraph",
                    "text": "Отправка универсальных push-уведомлений (API) (https://rustore.ru/help/sdk/general-push-notifications/send-push-notifications)\nОтправка универсальных push-уведомлений по топикам (API) (https://rustore.ru/help/sdk/general-push-notifications/push-notifications-topics)"
                }
            ]
        }
    ]
}