{
    "meta": {
        "language": "ru",
        "parse_date": "2024-07-06T19:47:31.535514",
        "current_url": "https://www.rustore.ru/help/sdk/payments/unreal/history/",
        "doc_section": "sdk",
        "h1_text": "История обновлений"
    },
    "content": [
        {
            "type": "h1",
            "text": "История обновлений",
            "content": []
        },
        {
            "type": "h2",
            "text": "Версия плагина 5.0.0​",
            "content": [
                {
                    "type": "paragraph",
                    "text": "Версия SDK billing 5.+\nНовый статус покупок PAUSED для подписок"
                }
            ]
        },
        {
            "type": "h2",
            "text": "Версия плагина 3.0.0​",
            "content": [
                {
                    "type": "paragraph",
                    "text": "Добавлены асинхронные варианты Blueprint-методов вместо подписок на события.\nДобавлена функциональность изменения темы (тёмная/светлая).\nВ структуреFURuStoreProductзначение по умолчанию для поляproductTypeизменено сCONSUMABLEнаNON_CONSUMABLE.\nRuStoreBilling_UPL_Android.xmlбольше не добавляет атрибутandroid:exportedкGameActivityиSplashActivity.\nБагфиксы."
                }
            ]
        },
        {
            "type": "h2",
            "text": "Версия плагина 2.2.1​",
            "content": [
                {
                    "type": "paragraph",
                    "text": "Исправления багов."
                }
            ]
        },
        {
            "type": "h2",
            "text": "Версия плагина 2.2.0​",
            "content": [
                {
                    "type": "paragraph",
                    "text": "Внутреннее обновление плагина."
                }
            ]
        },
        {
            "type": "h2",
            "text": "Версия плагина 2.1.1​",
            "content": [
                {
                    "type": "paragraph",
                    "text": "Изменён формат возвращаемого значения в методе получения списка продуктовGetProducts().\nИзменён формат возвращаемого значения в методе получения списка покупокGetPurchases().\nИзменён формат возвращаемого значения в методе получения информации о покупкеGetPurchaseInfo().\nИзменён формат возвращаемого значения в методе потребления покупкиConfirmPurchase().\nИзменён формат возвращаемого значения в методе удаления покупкиDeletePurchase().\nИзменён формат возвращаемого значения в методе покупки продуктаPurchaseProduct()."
                }
            ]
        },
        {
            "type": "h2",
            "text": "Версия плагина 1.1.1​",
            "content": [
                {
                    "type": "paragraph",
                    "text": "Добавлена возможность настройки параметров SDK в редакторе Unity.\nПараметрorderIdв функцииPurchaseProduct()сделан необязательным.\nВ классыPurchaseиPurchaseResultдобавлено полеinvoiceId, идентификатор счёта.\nИсправлена инициализация SDK изActivity."
                }
            ]
        },
        {
            "type": "h2",
            "text": "Версия плагина 0.3​",
            "content": [
                {
                    "type": "paragraph",
                    "text": "Внутреннее обновление плагина."
                }
            ]
        },
        {
            "type": "h2",
            "text": "Версия плагина 0.1.9​",
            "content": [
                {
                    "type": "paragraph",
                    "text": "Добавлен флагRuStoreBillingClientConfig.enableLogs, позволяющий включить ведение журнала событий.\nИсправлена ошибка инициализацииCallbackHandler."
                }
            ]
        },
        {
            "type": "h2",
            "text": "Версия плагина 0.1.8​",
            "content": [
                {
                    "type": "paragraph",
                    "text": "Добавлено полеsubscriptionTokenв сущностиPurchaseдля серверной валидации покупки."
                }
            ]
        },
        {
            "type": "h2",
            "text": "Версия плагина 0.1.7​",
            "content": [
                {
                    "type": "paragraph",
                    "text": "Внутреннее обновление плагина."
                }
            ]
        }
    ]
}