{
    "meta": {
        "language": "ru",
        "parse_date": "2024-07-06T20:05:07.138352",
        "current_url": "https://www.rustore.ru/help/sdk/reviews-ratings/unreal/history/",
        "doc_section": "sdk",
        "h1_text": "История обновлений"
    },
    "content": [
        {
            "type": "h1",
            "text": "История обновлений",
            "content": []
        },
        {
            "type": "h2",
            "text": "Версия SDK 2.0.0​",
            "content": [
                {
                    "type": "paragraph",
                    "text": "Версия SDK review 2.+."
                }
            ]
        },
        {
            "type": "h2",
            "text": "Версия SDK 1.0.1​",
            "content": [
                {
                    "type": "paragraph",
                    "text": "Внутреннее обновление SDK."
                }
            ]
        },
        {
            "type": "h2",
            "text": "Версия SDK 1.0​",
            "content": [
                {
                    "type": "paragraph",
                    "text": "Добавлены асинхронные варианты Blueprint-методов вместо подписок на события.\nБагфиксы."
                }
            ]
        }
    ]
}