{
    "meta": {
        "language": "ru",
        "parse_date": "2024-07-06T19:40:29.724524",
        "current_url": "https://www.rustore.ru/help/developers/developer-statistics/monetization-stat/",
        "doc_section": "developers",
        "h1_text": "Как использовать статистику по платежам для эффективного управления приложением"
    },
    "content": [
        {
            "type": "h1",
            "text": "Как использовать статистику по платежам для эффективного управления приложением",
            "content": [
                {
                    "type": "paragraph",
                    "text": "В Консоли RuStore можно просматривать финансовые данные, что позволяет оценить динамику продаж, в то числе конкретного контента или подписок. Данные о доходах основаны на сведениях об объемах транзакций."
                }
            ]
        },
        {
            "type": "h2",
            "text": "Общие требования​",
            "content": [
                {
                    "type": "paragraph",
                    "text": "Для просмотра статистики по монетизации необходимо соблюдение следующих условий:\nдля приложения подключен один из видов монетизации и ранее были совершены транзакции. Подробнее в разделеМонетизация (https://rustore.ru/help/developers/monetization).\nу пользователя есть права на просмотр статистики;\nпользователь должен быть авторизован вRuStore Консоль (https://console.rustore.ru/sign-in)."
                }
            ]
        },
        {
            "type": "h2",
            "text": "Как просмотреть статистику по платежам?​",
            "content": [
                {
                    "type": "paragraph",
                    "text": "ОткройтеКонсоль RuStore (https://console.rustore.ru/sign-in).\nВыберите «Приложения» в верхнем меню.\nПерейдите на вкладку «Монетизация → Статистика по платежам».\nПлатные приложения: доход от платной загрузки приложения из витрины RuStore;\ninn-app продукты: доход от транзакций с inn-app продуктами в приложении;\nПодписки: доход от регулярных платежей за использование подписки.\nсумма, с указанием валюты;\nколичество транзакций;\nпроцент от дохода;подсказкаВыводится в случае, если компания подключила более одного типа продукта (например, подписки + inn_app платежи)\nпроцент возврата\nпериод — отрезок времени, за который можно посмотреть статистику. Доступные значения:\nпоследние сутки с 00:00 до 00:00;\nпоследние 7 дней до текущего дня включительно;\nпоследние 30 дней до текущего дня включительно;\nвсё время — с момента получения первой транзакции до текущего дня включительно."
                }
            ]
        }
    ]
}