{
    "meta": {
        "language": "ru",
        "parse_date": "2024-07-06T19:30:28.102147",
        "current_url": "https://www.rustore.ru/help/users/authorization/without-authorization/",
        "doc_section": "users",
        "h1_text": "RuStore: Возможности без авторизации и безопасность"
    },
    "content": [
        {
            "type": "h1",
            "text": "RuStore: Возможности без авторизации и безопасность",
            "content": [
                {
                    "type": "paragraph",
                    "text": "Вы можете использовать RuStore без авторизации. Например, чтобы скачивать и обновлять бесплатные игры и приложения.\n"
                }
            ]
        },
        {
            "type": "admonition",
            "admonition_type": "unknown",
            "title": "подсказка",
            "content": [
                {
                    "type": "paragraph",
                    "text": "Авторизуйтесь в RuStore, чтобы устанавливать платные приложения.Как это сделать? (https://rustore.ru/help/users/authorization/login-vk-id)"
                }
            ]
        },
        {
            "type": "h2",
            "text": "Просмотр оценок и отзывов​",
            "content": [
                {
                    "type": "paragraph",
                    "text": "Вы можете видеть оценки и отзывы к приложениям в RuStore. Чтобы поставить свою оценку или написать отзыв, нужно авторизоваться.Как написать отзыв?"
                }
            ]
        },
        {
            "type": "h2",
            "text": "Проверка безопасности​",
            "content": [
                {
                    "type": "paragraph",
                    "text": "Вы также можете бесплатно проверить все установленные приложения на вашем устройстве через антивирусный сканер от Kaspersky. Для неавторизованных пользователей доступен запуск проверки вручную.Как запустить автоматическую проверку?"
                }
            ]
        }
    ]
}