{
    "meta": {
        "language": "ru",
        "parse_date": "2024-07-06T19:58:39.982614",
        "current_url": "https://www.rustore.ru/help/sdk/rustore-geo/map-display-services/interactive-map/sources/",
        "doc_section": "sdk",
        "h1_text": "6. Sources (источники)"
    },
    "content": [
        {
            "type": "h1",
            "text": "6. Sources (источники)",
            "content": []
        },
        {
            "type": "h2",
            "text": "GeoJSONSource​",
            "content": [
                {
                    "type": "paragraph",
                    "text": "Источник (source), содержащий GeoJSON.\nsrc/source/geojson_source.js\nПример:"
                }
            ]
        },
        {
            "type": "code",
            "text": "map.addSource('some id',{type:'geojson',data:'https://d2ad6b4ur7yvpq.cloudfront.net/naturalearth-3.3.0/ne_10m_ports.geojson'});"
        },
        {
            "type": "code",
            "text": "map.addSource('some id',{type:'geojson',data:{\"type\":\"FeatureCollection\",\"features\":[{\"type\":\"Feature\",\"properties\":{},\"geometry\":{\"type\":\"Point\",\"coordinates\":[-76.53063297271729,39.18174077994108]}}]}});"
        },
        {
            "type": "code",
            "text": "map.getSource('some id').setData({\"type\":\"FeatureCollection\",\"features\":[{\"type\":\"Feature\",\"properties\":{\"name\":\"Null Island\"},\"geometry\":{\"type\":\"Point\",\"coordinates\":[0,0]}}]});"
        },
        {
            "type": "table",
            "headers": [
                "Название",
                "Описание"
            ],
            "rows": [
                [
                    {
                        "text": "getClusterChildren(clusterId, callback)",
                        "links": []
                    },
                    {
                        "text": "Для кластеризованных источников (sources) извлекает дочерние элементы данного кластера на следующем уровне масштабирования (в виде массива объектов GeoJSON). Параметры: • clusterId:number — кластер ID; • callback :function<Array<GeoJSONFeature>> — функция (callback), которая будет вызвана при извлечении объектов ( (error, features) => { ... } ) .",
                        "links": []
                    }
                ],
                [
                    {
                        "text": "getClusterExpansionZoom(clusterId, callback)",
                        "links": []
                    },
                    {
                        "text": "Для кластеризованных источников (source) выбирается масштаб, при котором данный кластер расширяется. Параметры: • clusterId:number — кластер ID; • callback:function&#60;number&#62; — функция (callback), которая будет вызвана при получении масштаба (zoom) ( (error, features) => { ... } )",
                        "links": []
                    }
                ],
                [
                    {
                        "text": "getClusterLeaves(clusterId, limit, offset, callback)",
                        "links": []
                    },
                    {
                        "text": "Для кластеризованных источников (source) извлекает исходные точки, принадлежащие кластеру (в виде массива объектов GeoJSON). Параметры: • clusterId:number — кластер ID; • limit:number — максимальное количество фич (features); • offset:number — количество фич (features), которые нужно пропустить (например, для разбиения на страницы - pagination); • callback :function<Array<GeoJSONFeature>> — функция (callback), которая будет вызвана при извлечении объектов ( (error, features) => { ... } ) . Пример: // Retrieve cluster leaves on click map . on ( 'click' , 'clusters' , function ( e ) { var features = map . queryRenderedFeatures ( e . point , { layers : [ 'clusters' ] } ) ; var clusterId = features [ 0 ] . properties . cluster_id ; var pointCount = features [ 0 ] . properties . point_count ; var clusterSource = map . getSource ( 'clusters' ) ; clusterSource . getClusterLeaves ( clusterId , pointCount , 0 , function ( error , features ) { // Print cluster leaves in the console console . log ( 'Cluster leaves:' , error , features ) ; } ) } ) ;",
                        "links": []
                    }
                ],
                [
                    {
                        "text": "setData(data)",
                        "links": []
                    },
                    {
                        "text": "Устанавливает данные GeoJSON и перерисовывает (re-renders) карту. Параметры: data:(Object|string) — GeoJSON или URL-адрес к нему. Последнее предпочтительнее если файл большой.",
                        "links": []
                    }
                ]
            ]
        },
        {
            "type": "h2",
            "text": "VideoSource​",
            "content": [
                {
                    "type": "paragraph",
                    "text": "Источник данных, содержащий видео.\nsrc/source/video_source.js\nПример:"
                }
            ]
        },
        {
            "type": "code",
            "text": "// add to mapmap.addSource('some id',{type:'video',url:['path-to-video.mp4','path-to-video.webm'],coordinates:[[-76.54,39.18],[-76.52,39.18],[-76.52,39.17],[-76.54,39.17]]});// updatevarmySource=map.getSource('some id');mySource.setCoordinates([[-76.54335737228394,39.18579907229748],[-76.52803659439087,39.1838364847587],[-76.5295386314392,39.17683392507606],[-76.54520273208618,39.17876344106642]]);map.removeSource('some id');// remove"
        },
        {
            "type": "h3",
            "text": "Методы​",
            "content": []
        },
        {
            "type": "table",
            "headers": [
                "Название",
                "Описание"
            ],
            "rows": [
                [
                    {
                        "text": "getVideo()",
                        "links": []
                    },
                    {
                        "text": "Возвращает HTML-видео.",
                        "links": []
                    }
                ],
                [
                    {
                        "text": "pause()",
                        "links": []
                    },
                    {
                        "text": "Установить на видео паузу.",
                        "links": []
                    }
                ],
                [
                    {
                        "text": "play()",
                        "links": []
                    },
                    {
                        "text": "Продолжить воспроизведение видео.",
                        "links": []
                    }
                ],
                [
                    {
                        "text": "setCoordinates()",
                        "links": []
                    },
                    {
                        "text": "Устанавливает координаты видео и перерисовывает (re-render) карту.",
                        "links": []
                    }
                ]
            ]
        },
        {
            "type": "h2",
            "text": "ImageSource​",
            "content": [
                {
                    "type": "paragraph",
                    "text": "Источник данных изображения.\nsrc/source/image_source.js\nПример:"
                }
            ]
        },
        {
            "type": "code",
            "text": "// add to mapmap.addSource('some id',{type:'image',url:'foo.png',coordinates:[[-76.54,39.18],[-76.52,39.18],[-76.52,39.17],[-76.54,39.17]]});// update coordinatesvarmySource=map.getSource('some id');mySource.setCoordinates([[-76.54335737228394,39.18579907229748],[-76.52803659439087,39.1838364847587],[-76.5295386314392,39.17683392507606],[-76.54520273208618,39.17876344106642]]);// update url and coordinates simultaneouslymySource.updateImage({url:'bar.png',coordinates:[[-76.54335737228394,39.18579907229748],[-76.52803659439087,39.1838364847587],[-76.5295386314392,39.17683392507606],[-76.54520273208618,39.17876344106642]]})map.removeSource('some id');// remove"
        },
        {
            "type": "h3",
            "text": "Методы​",
            "content": []
        },
        {
            "type": "table",
            "headers": [
                "Название",
                "Описание"
            ],
            "rows": [
                [
                    {
                        "text": "setCoordinates(coordinates)",
                        "links": []
                    },
                    {
                        "text": "Устанавливает координаты изображения и перерисовывает (re-render) карту.",
                        "links": []
                    }
                ],
                [
                    {
                        "text": "updateImage(options)",
                        "links": []
                    },
                    {
                        "text": "Обновляет URL — адрес изображения и при необходимости координаты. Чтобы избежать мерцания изображения, установите свойство raster-fade-duration равным 0 . Параметры: • url:string — URL-адрес изображения; • coordinates :Array<Array<number>> — четыре координаты, представленные в виде массивов чисел долготы и широты, определяющие углы изображения. Координаты начинаются в верхнем левом углу изображения и идут по часовой стрелке.",
                        "links": []
                    }
                ]
            ]
        },
        {
            "type": "h2",
            "text": "CanvasSource​",
            "content": [
                {
                    "type": "paragraph",
                    "text": "Источник данных, содержит контент HTML-холста (HTML canvas).\nsrc/source/canvas_source.js\nПример:"
                }
            ]
        },
        {
            "type": "code",
            "text": "// add to mapmap.addSource('some id',{type:'canvas',canvas:'idOfMyHTMLCanvas',animate:true,coordinates:[[-76.54,39.18],[-76.52,39.18],[-76.52,39.17],[-76.54,39.17]]});// updatevarmySource=map.getSource('some id');mySource.setCoordinates([[-76.54335737228394,39.18579907229748],[-76.52803659439087,39.1838364847587],[-76.5295386314392,39.17683392507606],[-76.54520273208618,39.17876344106642]]);map.removeSource('some id');// remove"
        },
        {
            "type": "h3",
            "text": "Методы​",
            "content": []
        },
        {
            "type": "table",
            "headers": [
                "Название",
                "Описание"
            ],
            "rows": [
                [
                    {
                        "text": "getCanvas()",
                        "links": []
                    },
                    {
                        "text": "Возвращает HTML канвас.",
                        "links": []
                    }
                ],
                [
                    {
                        "text": "pause()",
                        "links": []
                    },
                    {
                        "text": "Отключает анимацию. Карта будет отображать статическую копию изображения холста.",
                        "links": []
                    }
                ],
                [
                    {
                        "text": "play()",
                        "links": []
                    },
                    {
                        "text": "Включает анимацию. Карта будет интерактивная.",
                        "links": []
                    }
                ],
                [
                    {
                        "text": "setCoordinates(coordinates)",
                        "links": []
                    },
                    {
                        "text": "Устанавливает координаты канваса и перерисовывает (re-render) карту. Параметры: coordinates :Array<Array<number>> — четыре координаты, представленные в виде массивов чисел долготы и широты, определяющие углы канваса. Координаты начинаются в верхнем левом углу канваса и идут по часовой стрелке.",
                        "links": []
                    }
                ]
            ]
        },
        {
            "type": "h2",
            "text": "CanvasSourceOptions​",
            "content": [
                {
                    "type": "paragraph",
                    "text": "Параметры добавления типа источника канваса на карту.\nsrc/source/canvas_source.js"
                }
            ]
        },
        {
            "type": "h3",
            "text": "Параметры​",
            "content": [
                {
                    "type": "paragraph",
                    "text": "type:string— тип источника, должен быть равенcanvas.\ncanvas:(string | HTMLCanvasElement)— источник холста, из которого можно считывать пиксели. Это может быть строка, представляющая идентификатор элементаcanvas, или самHTMLCanvasElement.\ncoordinates:Array<Array<number>> — четыре координаты, обозначающие, где разместить углы канваса, задаются в парах [долгота, широта].\nanimate:boolean— является ли источник канваса анимированным. Если канвас статичен (то есть пиксели не нужно перечитывать на каждом кадре),animateследует установить вfalseдля повышения производительности."
                }
            ]
        }
    ]
}