{
    "meta": {
        "language": "ru",
        "parse_date": "2024-07-06T20:11:01.558353",
        "current_url": "https://www.rustore.ru/help/sdk/payments/kotlin-java/migration/3-2-0-migration/",
        "doc_section": "sdk",
        "h1_text": "Обновление RuStore SDK до версии 3.2.0: Изменения в платежах и миграция для Kotlin и Java"
    },
    "content": [
        {
            "type": "h1",
            "text": "Обновление RuStore SDK до версии 3.2.0: Изменения в платежах и миграция для Kotlin и Java",
            "content": []
        },
        {
            "type": "admonition",
            "admonition_type": "note",
            "title": "примечание",
            "content": [
                {
                    "type": "paragraph",
                    "text": "Примеры кода представлены для Kotlin.\nЧтобы быстро перейти на новую версию SDK, используйте настоящую инструкцию по миграции."
                }
            ]
        },
        {
            "type": "h2",
            "text": "Обновление зависимости​",
            "content": [
                {
                    "type": "paragraph",
                    "text": "Для обновления зависимости, поднимите версию уbillingclientв блокеdependenciesвашегоbuild.gradle."
                }
            ]
        },
        {
            "type": "code",
            "text": "dependencies{implementation(\"ru.rustore.sdk:billingclient:3.2.0\")}"
        },
        {
            "type": "h2",
            "text": "Получение списка продуктов​",
            "content": [
                {
                    "type": "paragraph",
                    "text": "Изменилась модель результата получения списка продуктов. Теперь методgetProducts()сразу возвращается список продуктов."
                }
            ]
        },
        {
            "type": "code",
            "text": "val productsUseCase:ProductsUseCase=billingClient.productsproductsUseCase.getProducts(productIds=listOf(\"id1\",\"id2\")).addOnSuccessListener{products:List<Product>->// Process success}.addOnFailureListener{throwable:Throwable->// Process error}"
        },
        {
            "type": "h2",
            "text": "Получение списка покупок​",
            "content": [
                {
                    "type": "paragraph",
                    "text": "Изменилась модель результата получения информации о покупке. Теперь методgetPurchasecaution()сразу возвращается модель покупки.\nВызов метода получения списка покупок пользователя"
                }
            ]
        },
        {
            "type": "code",
            "text": "val purchasesUseCase: PurchasesUseCase = billingClient.purchasespurchasesUseCase.getPurchasecaution(\"purchaseId\").addOnSuccessListener { purchase: Purchase ->// Process success}.addOnFailureListener { throwable: Throwable ->// Process error}"
        },
        {
            "type": "h2",
            "text": "Покупка продукта​",
            "content": [
                {
                    "type": "paragraph",
                    "text": "Изменилась модель результата покупки продукта. Обновленная модель представлена ниже."
                }
            ]
        },
        {
            "type": "code",
            "text": "publicsealedinterfacePaymentResult{publicdataclassSuccess(val orderId:String?,val purchaseId:String,val productId:String,val invoiceId:String,val subscriptionToken:String?=null,):PaymentResultpublicdataclassCancelled(val purchaseId:String,):PaymentResultpublicdataclassFailure(val purchaseId:String?,val invoiceId:String?,val orderId:String?,val quantity:Int?,val productId:String?,val errorCode:Int?,):PaymentResultpublicobjectInvalidPaymentState:PaymentResult()}",
            "content": [
                {
                    "type": "paragraph",
                    "text": "Success- результат успешного завершения покупки цифрового товара.\nFailure- при отправке запроса на оплату или получения статуса оплаты возникла проблема, невозможно установить статус покупки.\nCancelled— запрос на покупку отправлен, при этом пользователь закрыл «платёжную шторку» на своём устройстве, и результат оплаты неизвестен.\nInvalidPaymentState— ошибка работы SDK платежей. Может возникнуть, в случае некорректного обратного deeplink."
                }
            ]
        },
        {
            "type": "admonition",
            "admonition_type": "info",
            "title": "к сведению",
            "content": [
                {
                    "type": "paragraph",
                    "text": "Обратите особое внимание на сценарии потребления и отмены покупки."
                }
            ]
        },
        {
            "type": "h2",
            "text": "Подтверждение покупки​",
            "content": [
                {
                    "type": "paragraph",
                    "text": "Изменилась модель результата потребления покупки. Теперь потребление может завершиться либо успехом, либо ошибкой."
                }
            ]
        },
        {
            "type": "code",
            "text": "val purchasesUseCase:PurchasesUseCase=billingClient.purchasespurchasesUseCase.confirmPurchase(purchaseId=\"purchaseId\",developerPayload=null).addOnSuccessListener{// Process success}.addOnFailureListener{throwable:Throwable->// Process error}"
        },
        {
            "type": "h2",
            "text": "Отмена покупки​",
            "content": [
                {
                    "type": "paragraph",
                    "text": "Изменилась модель результата отмены покупки. Теперь отмена покупки может завершиться либо успехом, либо ошибкой."
                }
            ]
        },
        {
            "type": "code",
            "text": "val purchasesUseCase:PurchasesUseCase=billingClient.purchasespurchasesUseCase.deletePurchase(purchaseId=\"purchaseId\").addOnSuccessListener{// Process success}.addOnFailureListener{throwable:Throwable->// Process error}"
        },
        {
            "type": "h2",
            "text": "Сценарий подтверждения и отмены покупки​",
            "content": [
                {
                    "type": "paragraph",
                    "text": "В связи с тем, что изменилась модель результата покупки продукта, изменилась и логика потребления и отмены покупки.\nМетод отмены покупкиdeletePurchaseнеобходимо использовать при следующих условиях.\nМетод получения списка покупок getPurchases вернул покупку со статусамиPurchaseState.CREATEDилиPurchaseState.INVOICE_CREATED."
                }
            ]
        },
        {
            "type": "admonition",
            "admonition_type": "info",
            "title": "к сведению",
            "content": [
                {
                    "type": "paragraph",
                    "text": "В некоторых случаях, после оплаты через приложение банка (СБП, СберPay, TinkoffPay и т. д.), при последующем возврате обратно в приложение AnyApp, статус покупки может быть всё ещёPurchaseState.INVOICE_CREATED. Это связано с временем обработки покупки на стороне банка. Поэтому разработчику необходимо правильно связать логику получения списка покупок с жизненным циклом экрана. Альтернативным вариантом решения данной проблемы является отмена покупки в статусеPurchaseState.INVOICE_CREATEDтолько через взаимодействие пользователя с приложением. Например, вынести эту логику в отдельную кнопку.\nМетод покупкиpurchaseProductвернулPaymentResult.Cancelled.\nМетод покупкиpurchaseProductвернулPaymentResult.Failure."
                }
            ]
        }
    ]
}