{
    "meta": {
        "language": "ru",
        "parse_date": "2024-07-06T20:11:13.177813",
        "current_url": "https://www.rustore.ru/help/developers/publishing-and-verifying-apps/paid-app/?utm_source=direct_none",
        "doc_section": "developers",
        "h1_text": "Руководство по платным приложениям в RuStore"
    },
    "content": [
        {
            "type": "h1",
            "text": "Руководство по платным приложениям в RuStore",
            "content": [
                {
                    "type": "paragraph",
                    "text": "При добавлении нового приложения систему RuStore Консоль выберите тип приложения: бесплатное или платное."
                }
            ]
        },
        {
            "type": "admonition",
            "admonition_type": "info",
            "title": "к сведению",
            "content": [
                {
                    "type": "paragraph",
                    "text": "Подключите монетизацию, чтобы загружать платные приложения.Как это сделать? (https://rustore.ru/help/developers/monetization/enable-monetization)\nОткройте системуКонсоль RuStore (https://console.rustore.ru/sign-in).\nПерейдите на вкладку «Приложения» и нажмите «Добавить приложение».\nВ новом окне выберите тип приложения: «Универсальный» или «Только для ТВ».Выберите «Универсальный» тип, если APK вашего приложения подходит для телефона, планшета и ТВ."
                }
            ]
        },
        {
            "type": "admonition",
            "admonition_type": "note",
            "title": "примечание",
            "content": [
                {
                    "type": "paragraph",
                    "text": "Для ТВ доступны только бесплатные приложения: если загружен apk-файл для ТВ, создание платного универсального приложения невозможно.\nВыберите параметр «Платное».предупреждениеИзменение параметра будет недоступно для этой версии приложения.\nВведите название приложения и нажмите «Добавить»."
                }
            ]
        },
        {
            "type": "h2",
            "text": "Как изменить цену приложения​",
            "content": [
                {
                    "type": "paragraph",
                    "text": "ОткройтеКонсоль RuStore (https://console.rustore.ru/sign-in).\nПерейдите на вкладку «Приложения».\nВыберите приложение.\nНажмите «Редактировать».\nВведите новую стоимость приложения.\nНажмите «Отправить на модерацию»."
                }
            ]
        },
        {
            "type": "h2",
            "text": "Комиссия в платных приложениях​",
            "content": [
                {
                    "type": "paragraph",
                    "text": "Комиссия RuStore составляет 15% от дохода разработчика.\nАктуальные условия по размеру комиссии можно посмотреть в разделе «Соглашение RuStore о распространении программных продуктов»."
                }
            ]
        }
    ]
}