{
    "meta": {
        "language": "ru",
        "parse_date": "2024-07-06T19:33:28.189613",
        "current_url": "https://www.rustore.ru/help/users/app-management/auto-update/",
        "doc_section": "users",
        "h1_text": "Как настроить автообновление приложений в RuStore"
    },
    "content": [
        {
            "type": "h1",
            "text": "Как настроить автообновление приложений в RuStore",
            "content": [
                {
                    "type": "paragraph",
                    "text": "В RuStore доступно автоматическое обновление приложений, установленных на устройстве."
                }
            ]
        },
        {
            "type": "admonition",
            "admonition_type": "caution",
            "title": "предупреждение",
            "content": [
                {
                    "type": "paragraph",
                    "text": "Порядок включения автообновления зависит от версии RuStore и от разрешений на устройстве. Если вы уже использовали RuStore ранее, затем обновили его до последней версии и при этом на вашем устройстве подключены уведомления и работа в фоновом режиме, автообновления появятся без дополнительных настроек. В ином случае включите работу автообновления по инструкции на этой странице."
                }
            ]
        },
        {
            "type": "h2",
            "text": "Как включить автообновление​",
            "content": [
                {
                    "type": "paragraph",
                    "text": "Откройте приложение RuStore.\nПерейдите в раздел «Профиль».\nВыберите пункт «Автообновление».\nВ открывшемся окне нажмите «Включить».\nРазрешите уведомления и работу в фоновом режиме на своём устройстве."
                }
            ]
        },
        {
            "type": "admonition",
            "admonition_type": "note",
            "title": "примечание",
            "content": [
                {
                    "type": "paragraph",
                    "text": "Чтобы автообновления работали без сбоев, разрешите RuStoreустановку приложений (https://rustore.ru/help/users/app-management/app-from-rustore)из внешних источников."
                }
            ]
        },
        {
            "type": "h2",
            "text": "Выбор сети​",
            "content": [
                {
                    "type": "paragraph",
                    "text": "По умолчанию автообновление работает с сетью Wi-Fi. Чтобы настроить загрузку обновлений по Wi-Fi и мобильному интернету:\nОткройте приложение RuStore.\nПерейдите в раздел «Профиль».\nВыберите пункт «Автообновление».\nВыберите пункт «Мобильный интернет и Wi-Fi»."
                }
            ]
        },
        {
            "type": "h2",
            "text": "Автообновления для Xiaomi, Redmi, Vivo, Asus и Honor​",
            "content": [
                {
                    "type": "paragraph",
                    "text": "Способ, описанный выше, подходит для всех устройств, кроме Xiaomi, Redmi, Vivo, Asus и Honor. Чтобы настроить на них автоматическую загрузку обновлений:\nПовторите шаги с 1 по 5.\nДля корректной работы автообновлений проверьте, что RuStore добавлен в списке приложений для «Автозапуска» в разделе настроек на устройстве."
                }
            ]
        },
        {
            "type": "admonition",
            "admonition_type": "caution",
            "title": "предупреждение",
            "content": [
                {
                    "type": "paragraph",
                    "text": "Обновления будут автоматически загружаться при заряде аккумулятора не менее 15%. Для некоторых устройств может понадобиться подтверждение установки обновлений."
                }
            ]
        },
        {
            "type": "h2",
            "text": "Как отключить автообновление​",
            "content": [
                {
                    "type": "paragraph",
                    "text": "Откройте приложение RuStore.\nПерейдите в раздел «Профиль».\nВыберите пункт «Автообновление».\nПередвиньте слайдер справа налево, чтобы отключить автообновление."
                }
            ]
        }
    ]
}