{
    "meta": {
        "language": "ru",
        "parse_date": "2024-07-06T19:27:38.773589",
        "current_url": "https://www.rustore.ru/help/developers/",
        "doc_section": "developers",
        "h1_text": "Помощь разработчикам в RuStore: создание и управление приложениями, руководства, инструкции и советы"
    },
    "content": [
        {
            "type": "h1",
            "text": "Помощь разработчикам в RuStore: создание и управление приложениями, руководства, инструкции и советы",
            "content": [
                {
                    "type": "paragraph",
                    "text": "Для управления приложениями предусмотрена система управления контентом –RuStore Консоль.\nВход в систему осуществляется с помощью единого аккаунтаVK ID.\nДоступ разработчика к системеRuStore Консольосуществляется через web-интерфейс."
                }
            ]
        }
    ]
}