{
    "meta": {
        "language": "ru",
        "parse_date": "2024-07-06T19:35:57.016869",
        "current_url": "https://www.rustore.ru/help/developers/monetization/payment-callback/disable-notifications/",
        "doc_section": "developers",
        "h1_text": "Как отключить отправку уведомлений"
    },
    "content": [
        {
            "type": "h1",
            "text": "Как отключить отправку уведомлений",
            "content": [
                {
                    "type": "paragraph",
                    "text": "Вы в любой момент можете отключить отправку уведомлений для вашего приложения.\nОткройтеRuStore Консоль (https://console.rustore.ru/sign-in)и перейдите в ваше приложение.\nВыберите в меню слева «Монетизация» — «Уведомления на сервер».\nДеактивируйте переключатель «Отправлять уведомления»."
                }
            ]
        },
        {
            "type": "admonition",
            "admonition_type": "caution",
            "title": "предупреждение",
            "content": [
                {
                    "type": "paragraph",
                    "text": "Пока сервис отключён, уведомления не копятся.\nЕсли заново включить отправку, вам начнут поступать только уведомления об изменениях в режиме реального времени.\nПри необходимости вы сможете запросить недостающую информацию о статусах платежей с помощьюRuStore API (https://rustore.ru/help/work-with-rustore-api/api-subscription-payment/api-token-payment-method)."
                }
            ]
        }
    ]
}