{
    "meta": {
        "language": "ru",
        "parse_date": "2024-07-06T20:06:31.109614",
        "current_url": "https://www.rustore.ru/help/sdk/payments/defold/5-0-0/",
        "doc_section": "sdk"
    },
    "content": [
        {
            "type": "admonition",
            "admonition_type": "unknown",
            "title": "подсказка",
            "content": [
                {
                    "type": "paragraph",
                    "text": "Сценарий работы с платежами описан вгайде (https://rustore.ru/help/guides/payments). Изучите его перед началом работы."
                }
            ]
        },
        {
            "type": "h2",
            "text": "Пример реализации​",
            "content": [
                {
                    "type": "paragraph",
                    "text": "Ознакомьтесь сприложением-примеромчтобы узнать, как правильно интегрировать SDK платежей."
                }
            ]
        },
        {
            "type": "h2",
            "text": "Условия работы платежей​",
            "content": [
                {
                    "type": "paragraph",
                    "text": "На устройстве пользователя установлена актуальная версия RuStore.\nПользователь авторизован в RuStore.\nПользователь и приложение не должны быть заблокированы в RuStore.\nДля приложения включена возможность покупок вКонсоли RuStore (https://console.rustore.ru/).\nВерсия Defold 1.6.2 или выше."
                }
            ]
        },
        {
            "type": "admonition",
            "admonition_type": "caution",
            "title": "предупреждение",
            "content": [
                {
                    "type": "paragraph",
                    "text": "Сервис имеет некоторые ограничения на работу за пределами России."
                }
            ]
        },
        {
            "type": "h2",
            "text": "Подключение в проект​",
            "content": [
                {
                    "type": "paragraph",
                    "text": "Подключение в проект\nСкопируйте проекты плагина и приложения-примера из официального репозитория RuStore наGitFlic (https://gitflic.ru/project/rustore/rustore-defold-billing).\nОткройте в вашей IDE проект Android из папкиextension_libraries.\nВыполните сборку проекта командойgradle assemble.\nПри успешном выполнении сборки в папкахbilling_example/extension_rustore_billing/lib/androidиbilling_example/extension_rustore_core/lib/androidбудут созданы файлы:RuStoreDefoldBilling.jar;RuStoreDefoldCore.jar.\nСкопируйте папкиbilling_example/extension_rustore_billingиbilling_example/extension_rustore_coreв корень вашего проекта."
                }
            ]
        },
        {
            "type": "h2",
            "text": "Обработка deeplink​",
            "content": [
                {
                    "type": "paragraph",
                    "text": "Для корректной работы оплаты через сторонние приложения (СБП, SberPay и др.) необходимо правильно реализовать обработку deeplink. Укажите вAndroidManifest.xmlintent-filterсschemeвашего проекта (см. ниже)."
                }
            ]
        },
        {
            "type": "code",
            "text": "AndroidManifest.xml<activity><!-- RUSTORE BILLING INTENT FILTER --><activityandroid:name=\"ru.rustore.defold.billing.RuStoreIntentFilterActivity\"android:exported=\"true\"android:launchMode=\"singleTask\"><intent-filter><actionandroid:name=\"android.intent.action.VIEW\"/><categoryandroid:name=\"android.intent.category.DEFAULT\"/><categoryandroid:name=\"android.intent.category.BROWSABLE\"/><!-- Set your appscheme --><dataandroid:scheme=\"yourappscheme\"/></intent-filter></activity>"
        },
        {
            "type": "h2",
            "text": "Инициализация​",
            "content": [
                {
                    "type": "paragraph",
                    "text": "Перед вызовом методов библиотеки необходимо выполнить её инициализацию."
                }
            ]
        },
        {
            "type": "code",
            "text": "Вызов метода initlocalAPPLICATION_ID=\"123456\"localDEEPLINK_SCHEME=\"yourappscheme\"localDEBUG_LOGS=truerustorebilling.init(APPLICATION_ID,DEEPLINK_SCHEME,DEBUG_LOGS)",
            "content": [
                {
                    "type": "paragraph",
                    "text": "123456— код приложения из консоли разработчика RuStore (пример:https://console.rustore.ru/apps/123456 (https://console.rustore.ru/apps/123456)).Чтобы получить ID приложения, скопируйте цифры из URL-адреса страницы приложения в RuStore Консоли послеapps/.\nyourappscheme— схема deeplink, необходимая для возврата в ваше приложение после оплаты через стороннее приложение (например, SberPay или СБП). SDK генерирует свой хост к данной схеме.\ndebugLogs— флаг регулирующий ведение журнала событий (логи будут автоматически отключены для Release-сборок)."
                }
            ]
        },
        {
            "type": "admonition",
            "admonition_type": "note",
            "title": "примечание",
            "content": []
        },
        {
            "type": "h2",
            "text": "Как работают платежи​",
            "content": []
        },
        {
            "type": "h2",
            "text": "Проверка доступности работы с платежами​",
            "content": [
                {
                    "type": "paragraph",
                    "text": "На устройстве пользователя установлена актуальная версия RuStore.\nПриложение RuStore поддерживает функциональность платежей.\nПользователь авторизован в RuStore.\nПользователь и приложение не должны быть заблокированы в RuStore.\nДля приложения включена возможность покупок вКонсоли RuStore (https://console.rustore.ru/).\nrustore_check_purchases_available_success;\nrustore_check_purchases_available_failure."
                }
            ]
        },
        {
            "type": "code",
            "text": "Подписка на событияfunctioninit(self)# Инициализация rustorebillingrustorecore.connect(\"rustore_check_purchases_available_success\",_check_purchases_available_success)rustorecore.connect(\"rustore_check_purchases_available_failure\",_check_purchases_available_failure)endfunction_check_purchases_availability_success(self,channel,value)local data=json.decode(value)endfunction_check_purchases_availability_failure(self,channel,value)local data=json.decode(value)end"
        },
        {
            "type": "code",
            "text": "Вызов метода check_purchases_availabilityrustorebilling.check_purchases_availability()",
            "content": [
                {
                    "type": "paragraph",
                    "text": "isAvailable— выполнение условий выполнения платежей (true/false).\ncause— информация об ошибке."
                }
            ]
        },
        {
            "type": "h2",
            "text": "Работа с SDK​",
            "content": []
        },
        {
            "type": "h3",
            "text": "Получение списка продуктов​",
            "content": [
                {
                    "type": "paragraph",
                    "text": "Для получения списка продуктов используйте методget_products().\nПеред использованием метода необходимо единожды выполнить подписку на события:\nrustore_on_get_products_success;\nrustore_on_get_products_failure."
                }
            ]
        },
        {
            "type": "code",
            "text": "Подписка на событияfunctioninit(self)# Инициализация rustorebillingrustorecore.connect(\"rustore_on_get_products_success\",_on_get_products_success)rustorecore.connect(\"rustore_on_get_products_failure\",_on_get_products_failure)endfunction_on_get_products_success(self,channel,value)local data=json.decode(value)endfunc_on_get_products_failure(self,channel,value)local data=json.decode(value)end"
        },
        {
            "type": "code",
            "text": "Вызов метода get_productslocalPRODUCT_IDS={\"non_con2\",\"non_con1\",\"con2\",\"con1\",\"sub2\",\"sub1\"}rustorebilling.get_products(PRODUCT_IDS)",
            "content": [
                {
                    "type": "paragraph",
                    "text": "currency— код валюты ISO 4217.\ndescription— описание на языкеlanguage.\nimageUrl— ссылка на картинку.\nlanguage— язык, указанный с помощью BCP 47 кодирования.\nprice— цена в минимальных единицах (в копейках).\npriceLable— отформатированная цена товара, включая валютный знак на языкеlanguage.\nproductId— идентификатор продукта.\nproductStatus— тип продукта.\nproductType— статус продукта.\npromoImageUrl— ссылка на промокартинку.\ntitle— название продукта на языкеlanguage.\nsubscription— описание подписки, возвращается только для продуктов с типомsubscription.\nsubscriptionPeriod— период подписки.\nfreeTrialPeriod— пробный период подписки.\ngracePeriod— льготный период подписки.\nintroductoryPrice— отформатированная вступительная цена подписки, включая знак валюты, на языкеproduct:language.\nintroductoryPriceAmount— вступительная цена в минимальных единицах валюты (в копейках).\nintroductoryPricePeriod— расчётный период вступительной цены.\nyears— количество лет.\nmonths— количество месяцев.\ndays— количество дней."
                }
            ]
        },
        {
            "type": "h3",
            "text": "Покупка продукта​",
            "content": [
                {
                    "type": "paragraph",
                    "text": "Для вызова покупки продукта используйте методpurchase_product().\nПеред использованием метода необходимо единожды выполнить подписку на события:\nrustore_on_purchase_product_success;\nrustore_on_purchase_product_failure."
                }
            ]
        },
        {
            "type": "code",
            "text": "Подписка на событияfunctioninit(self)# Инициализация rustorebillingrustorecore.connect(\"rustore_on_purchase_product_success\",_on_purchase_product_success)rustorecore.connect(\"rustore_on_purchase_product_failure\",_on_purchase_product_failure)endfunction_on_purchase_product_success(self,channel,value)local data=json.decode(value)endfunction_on_purchase_product_failure(self,channel,value)local data=json.decode(value)end"
        },
        {
            "type": "code",
            "text": "Вызов метода purchase_productlocalPRODUCT_ID=\"example_id\"localPARAMS=\"{\"..\"\\\"orderId\\\":\\\"example\\\",\"..\"\\\"quantity\\\":1,\"..\"\\\"payload\\\":\\\"example\\\"\"..\"}\"rustorebilling.purchase_product(PRODUCT_ID,PARAMS)",
            "content": [
                {
                    "type": "paragraph",
                    "text": "PRODUCT_ID— идентификатор продукта;\nPARAMS— опциональные параметры:orderId— уникальный идентификатор оплаты, сформированный приложением (UUID);quantity— количество продукта;payload— указанная разработчиком строка, содержащая дополнительную информацию о заказе.\ntype— тип результата запроса:Success- результат успешного завершения покупки цифрового товара;Failure- при отправке запроса на оплату или получения статуса оплаты возникла проблема, невозможно установить статус покупки;Cancelled— запрос на покупку отправлен, при этом пользователь закрыл «платёжную шторку» на своём устройстве, и результат оплаты неизвестен;InvalidPaymentState— ошибка работы SDK платежей. Может возникнуть, в случае некорректного обратного deeplink.\ndata— строка JSON с опциональными полями.\norderId— уникальный идентификатор оплаты, сформированный приложением (UUID).\npurchaseId— идентификатор покупки.\nproductId— идентификатор продукта.\ninvoiceId— идентификатор счёта.\nsubscriptionToken— токен для валидации покупки на сервере.\npurchaseId— идентификатор покупки.\ninvoiceId— идентификатор счёта.\norderId— уникальный идентификатор оплаты, сформированный приложением (UUID).\nquantity— количество продукта.\nproductId— идентификатор продукта.\nerrorCode— код ошибки.\npurchaseId— идентификатор покупки."
                }
            ]
        },
        {
            "type": "h3",
            "text": "Получение списка покупок​",
            "content": [
                {
                    "type": "paragraph",
                    "text": "Метод возвращает только покупки со статусами из таблицы ниже. Подробнее о других возможных состояниях покупки смотрите в разделеПолучение сведений о покупке."
                }
            ]
        },
        {
            "type": "table",
            "headers": [
                "Тип/Статус",
                "INVOICE_CREATED",
                "CONFIRMED",
                "PAID"
            ],
            "rows": [
                [
                    {
                        "text": "CONSUMABLE",
                        "links": []
                    },
                    {
                        "text": "+",
                        "links": []
                    },
                    {
                        "text": "",
                        "links": []
                    },
                    {
                        "text": "+",
                        "links": []
                    }
                ],
                [
                    {
                        "text": "NON-CONSUMABLE",
                        "links": []
                    },
                    {
                        "text": "+",
                        "links": []
                    },
                    {
                        "text": "+",
                        "links": []
                    },
                    {
                        "text": "",
                        "links": []
                    }
                ],
                [
                    {
                        "text": "SUBSCRIPTION",
                        "links": []
                    },
                    {
                        "text": "+",
                        "links": []
                    },
                    {
                        "text": "+",
                        "links": []
                    },
                    {
                        "text": "",
                        "links": []
                    }
                ]
            ]
        },
        {
            "type": "admonition",
            "admonition_type": "note",
            "title": "примечание",
            "content": [
                {
                    "type": "paragraph",
                    "text": "Метод возвращает незавершённые состояния покупки и покупки потребляемых товаров, требующих обработки. Помимо этого, он показывает подтверждённые покупки для подписок и непотребляемых товаров — тех, которые нельзя купить повторно.\nДля получения списка покупок пользователя используйте методget_purchases().\nПеред использованием метода необходимо единожды выполнить подписку на события:\nrustore_on_get_purchases_success;\nrustore_on_get_purchases_failure."
                }
            ]
        },
        {
            "type": "code",
            "text": "Подписка на событияfunctioninit(self)# Инициализация rustorebillingrustorecore.connect(\"rustore_on_get_purchases_success\",_on_get_purchases_success)rustorecore.connect(\"rustore_on_get_purchases_failure\",_on_get_purchases_failure)endfunction_on_get_purchases_success(self,channel,value)local data=json.decode(value)forkey,valueinpairs(data)do--value.amountendendfunction_on_get_purchases_failure(self,channel,value)local data=json.decode(value)end"
        },
        {
            "type": "code",
            "text": "Вызов метода get_purchasesrustorebilling.get_purchases()",
            "content": [
                {
                    "type": "paragraph",
                    "text": "amount— цена в минимальных единицах валюты.\namountLable— отформатированная цена покупки, включая валютный знак на языкеlanguage.\ncurrency— код валюты ISO 4217.\ndescription— описание на языкеlanguage.\ndeveloperPayload— указанная разработчиком строка, содержащая дополнительную информацию о заказе.\ninvoiceId— идентификатор счёта.\nlanguage— язык, указанный с помощью BCP 47 кодирования.\norderId— уникальный идентификатор оплаты, сформированный приложением (UUID).\nproductId— идентификатор продукта.\nproductType— тип продукта.\npurchaseId— идентификатор покупки.\npurchaseState— состояние покупки:\npurchaseTime— время покупки.\nquantity— количество продукта.\nsubscriptionToken— токен для валидации покупки на сервере."
                }
            ]
        },
        {
            "type": "h3",
            "text": "Получение сведений о покупке​",
            "content": [
                {
                    "type": "paragraph",
                    "text": "Перед использованием метода необходимо единожды выполнить подписку на события:\nrustore_on_get_purchase_info_success;\nrustore_on_get_purchase_info_failure."
                }
            ]
        },
        {
            "type": "code",
            "text": "Подписка на событияfunctioninit(self)# Инициализация rustorebillingrustorecore.connect(\"rustore_on_get_purchase_info_success\",_on_get_purchase_info_success)rustorecore.connect(\"rustore_on_get_purchase_info_failure\",_on_get_purchase_info_failure)endfunction_on_get_purchase_info_success(self,channel,value)local data=json.decode(value)endfunction_on_get_purchase_info_failure(self,channel,value)local data=json.decode(value)end"
        },
        {
            "type": "code",
            "text": "Вызов метода get_purchase_info# Ваша реализацияUIзапроса информации о покупкеfunction_on_get_purchase_info_pressed(purchaseId):rustorebilling.get_purchase_info(purchaseId)end",
            "content": [
                {
                    "type": "paragraph",
                    "text": "amount— цена в минимальных единицах валюты.\namountLable— отформатированная цена покупки, включая валютный знак на языкеlanguage.\ncurrency— код валюты ISO 4217.\ndescription— описание на языкеlanguage.\ndeveloperPayload— указанная разработчиком строка, содержащая дополнительную информацию о заказе.\ninvoiceId— идентификатор счёта.\nlanguage— язык, указанный с помощью BCP 47 кодирования.\norderId— уникальный идентификатор оплаты, сформированный приложением (UUID).\nproductId— идентификатор продукта.\nproductType— тип продукта.\npurchaseId— идентификатор покупки.\npurchaseState— состояние покупки:\npurchaseTime— время покупки.\nquantity— количество продукта.\nsubscriptionToken— токен для валидации покупки на сервере."
                }
            ]
        },
        {
            "type": "h3",
            "text": "Подтверждение покупки​",
            "content": []
        },
        {
            "type": "h4",
            "text": "Продукты, требующие подтверждения​",
            "content": [
                {
                    "type": "paragraph",
                    "text": "RuStore содержит продукты следующих типов.\nSUBSCRIPTION— подписка (можно купить на период времени, например: подписка в стриминговом сервисе).\nNON_CONSUMABLE— непотребляемый (можно купить один раз, например: отключение рекламы в приложении).\nCONSUMABLE— потребляемый (можно купить много раз, например: кристаллы в приложении)."
                }
            ]
        },
        {
            "type": "h4",
            "text": "Вызов метода подтверждения​",
            "content": [
                {
                    "type": "paragraph",
                    "text": "\nПеред использованием метода необходимо единожды выполнить подписку на события:\nrustore_on_confirm_purchase_success;\nrustore_on_confirm_purchase_failure."
                }
            ]
        },
        {
            "type": "code",
            "text": "Подписка на событияfunctioninit(self)# Инициализация rustorebillingrustorecore.connect(\"rustore_on_confirm_purchase_success\",_on_confirm_purchase_success)rustorecore.connect(\"rustore_on_confirm_purchase_failure\",_on_confirm_purchase_failure)endfunction_on_confirm_purchase_success(self,channel,value)local data=json.decode(value)endfunction_on_confirm_purchase_failure(self,channel,value)local data=json.decode(value)end"
        },
        {
            "type": "code",
            "text": "Вызов метода confirm_purchase# Ваша реализацияUIподтверждения покупкиfunction_on_confirm_purchase_pressed(purchaseId):rustorebilling.confirm_purchase(purchaseId)end",
            "content": [
                {
                    "type": "paragraph",
                    "text": "purchaseId— идентификатор покупки."
                }
            ]
        },
        {
            "type": "h3",
            "text": "Валидация покупки на сервере​",
            "content": [
                {
                    "type": "paragraph",
                    "text": "Если вам необходимо произвести валидацию успешной покупки на сервере методамиAPI RuStore, вы можете использовать значение поляsubscriptionToken, возвращаемого в строкеjsonпри успешной покупке продукта.\nSubscriptionTokenсостоит изinvoiceIdпокупки иuserId, записанных через точку:$invoiceId.$userId.\nПолучениеsubscriptionTokenиз результата покупки"
                }
            ]
        },
        {
            "type": "code",
            "text": "function_on_purchase_product_success(self,channel,value)local data=json.decode(value)ifdata.type==\"Success\"thenlocal subscriptionToken=data.data.subscriptionTokenyourApi.validate(subscriptionToken)endend"
        },
        {
            "type": "code",
            "text": "function_on_get_purchases_success(self,channel,value)local data=json.decode(value)forkey,valueinpairs(data)doyourApi.validate(value.subscriptionToken)endend"
        },
        {
            "type": "h3",
            "text": "Отмена покупки​",
            "content": [
                {
                    "type": "paragraph",
                    "text": "Для отмены покупки используйте методdelete_purchase.\nПеред использованием метода необходимо единожды выполнить подписку на события:\nrustore_on_delete_purchase_success;\nrustore_on_delete_purchase_failure."
                }
            ]
        },
        {
            "type": "code",
            "text": "Подписка на событияfunctioninit(self)# Инициализация rustorebillingrustorecore.connect(\"rustore_on_delete_purchase_success\",_on_delete_purchase_success)rustorecore.connect(\"rustore_on_delete_purchase_failure\",_on_delete_purchase_failure)endfunction_on_delete_purchase_success(self,channel,value)local data=json.decode(value)endfunction_on_delete_purchase_failure(self,channel,value)local data=json.decode(value)end"
        },
        {
            "type": "code",
            "text": "Вызов метода delete_purchase# Ваша реализацияUIотмены покупкиfunction_on_delete_purchase_pressed(purchaseId):rustorebilling.delete_purchase(purchaseId)end",
            "content": [
                {
                    "type": "paragraph",
                    "text": "purchaseId— идентификатор покупки.\npurchaseId— идентификатор покупки.\npurchaseId— идентификатор покупки.\ncause— информация об ошибке."
                }
            ]
        },
        {
            "type": "admonition",
            "admonition_type": "info",
            "title": "к сведению",
            "content": [
                {
                    "type": "paragraph",
                    "text": "Используйте этот метод, если у вас есть логика, завязанная на удалении покупки. Покупка отменяется автоматически через таймаут в 20 минут, либо при повторной покупке от того же клиента."
                }
            ]
        },
        {
            "type": "h3",
            "text": "Обработка незавершённых платежей​",
            "content": [
                {
                    "type": "paragraph",
                    "text": "Обработка незавершённых платежей производится разработчиком.\nЧтобы подтвердить покупку типаCONSUMABLEи в статусеPAIDвызовите методподтверждения покупки(см.Получение сведений о покупке).\nВ случае с отменой покупки при использовании методов обработки платежей учитывайте свой внутренний процесс. У некоторых разработчиков он предусматривает проверки перед потреблением или отменой покупки. В этом случае запросите отдельно статус такой покупки."
                }
            ]
        },
        {
            "type": "admonition",
            "admonition_type": "unknown",
            "title": "подсказка",
            "content": [
                {
                    "type": "paragraph",
                    "text": "Например, если пользователь оплатил товар, который вы по каким-то причинам не можете ему поставить, вызовите методотмены покупки (https://rustore.ru/help#%D0%BE%D1%82%D0%BC%D0%B5%D0%BD%D0%B0-%D0%BF%D0%BE%D0%BA%D1%83%D0%BF%D0%BA%D0%B8)в статусеPAID, чтобы отменить покупку.\nВ случаях, когда методполучения списка покупоквозвращает покупку со статусомINVOICE_CREATEDвы можете использовать методотмены покупки. Например, если не хотите видеть покупку с такими статусами в списке покупок. Делать это самим не обязательно, поскольку RuStore обрабатывает отмену таких покупок на своей стороне."
                }
            ]
        },
        {
            "type": "admonition",
            "admonition_type": "info",
            "title": "к сведению",
            "content": [
                {
                    "type": "paragraph",
                    "text": "Иногда после оплаты через приложение банка (СБП, SberPay, Tinkoff Pay и др.) и при последующем возврате обратно в приложение статус покупки остаётсяINVOICE_CREATED, при этом статус платежа — неуспешная покупка. Это связано с временем обработки покупки на стороне банка. Поэтому разработчику необходимо правильно связать логику получения списка покупок с жизненным циклом экрана.\nАльтернативное решение — отмена покупки в статусеINVOICE_CREATEDтолько через взаимодействие пользователя с приложением. Например, вы можете вынести эту логику в отдельную кнопку."
                }
            ]
        },
        {
            "type": "h2",
            "text": "Ведение журнала событий​",
            "content": [
                {
                    "type": "paragraph",
                    "text": "Если необходимо логировать события библиотеки платежей, добавьте необязательный параметрdebugLogsв вызовinitи единожды выполните подписку на события:\nrustore_on_payment_logger_debug;\nrustore_on_payment_logger_error;\nrustore_on_payment_logger_info;\nrustore_on_payment_logger_verbose;\nrustore_on_payment_logger_warning."
                }
            ]
        },
        {
            "type": "code",
            "text": "localAPPLICATION_ID=\"123456\"localDEEPLINK_SCHEME=\"yourappscheme\"localDEBUG_LOGS=truelocalLOG_TAG=\"yourtag\"functioninit(self)rustorecore.connect(\"rustore_on_payment_logger_debug\",_on_payment_logger_debug)rustorecore.connect(\"rustore_on_payment_logger_error\",_on_payment_logger_error)rustorecore.connect(\"rustore_on_payment_logger_info\",_on_payment_logger_info)rustorecore.connect(\"rustore_on_payment_logger_verbose\",_on_payment_logger_verbose)rustorecore.connect(\"rustore_on_payment_logger_warning\",_on_payment_logger_warning)rustorebilling.init(APPLICATION_ID,DEEPLINK_SCHEME,DEBUG_LOGS)endfunction_on_payment_logger_debug(self,channel,value)rustorecore.log_debug(LOG_TAG,value)endfunction_on_payment_logger_error(self,channel,value)rustorecore.log_error(LOG_TAG,value)endfunction_on_payment_logger_info(self,channel,value)rustorecore.log_info(LOG_TAG,value)endfunction_on_payment_logger_verbose(self,channel,value)rustorecore.log_verbose(LOG_TAG,value)endfunction_on_payment_logger_warning(self,channel,value)rustorecore.log_warning(LOG_TAG,value)end",
            "content": [
                {
                    "type": "paragraph",
                    "text": "DEBUG_LOGS— включить логи (логи будут автоматически отключены для Release-сборок).\ne— информация об ошибке или \"null\". Структура ошибки описана в разделеОбработка ошибок (https://rustore.ru/help#%D0%BE%D0%B1%D1%80%D0%B0%D0%B1%D0%BE%D1%82%D0%BA%D0%B0-%D0%BE%D1%88%D0%B8%D0%B1%D0%BE%D0%BA).\nmessage– описание ошибки."
                }
            ]
        },
        {
            "type": "h2",
            "text": "Смена темы интерфейса​",
            "content": [
                {
                    "type": "paragraph",
                    "text": "Пример использования setTheme"
                }
            ]
        },
        {
            "type": "code",
            "text": "rustorebilling.set_theme(0)",
            "content": [
                {
                    "type": "paragraph",
                    "text": "0- тёмная тема;\n1- светлая тема."
                }
            ]
        },
        {
            "type": "h2",
            "text": "Обработка ошибок​",
            "content": [
                {
                    "type": "paragraph",
                    "text": "Структура ошибки"
                }
            ]
        },
        {
            "type": "code",
            "text": "Обработка json ошибкиfunction_on_failure(self,channel,value)local data=json.decode(value)local message=data.detailMessageend",
            "content": [
                {
                    "type": "paragraph",
                    "text": "detailMessage– описание ошибки.\nRuStoreNotInstalledException— на устройстве пользователя не установлен RuStore;\nRuStoreOutdatedException— версия RuStore, установленная на устройстве пользователя, не поддерживает платежи;\nRuStoreUserUnauthorizedException— пользователь не авторизован в RuStore;\nRuStoreRequestLimitReached— с момента последнего отображения процесса прошло слишком мало времени;\nRuStoreReviewExists— этот пользователь уже оценил ваше приложение;\nRuStoreInvalidReviewInfo— проблемы сReviewInfo;\nRuStoreException— базовая ошибка RuStore, от которой наследуются остальные ошибки."
                }
            ]
        },
        {
            "type": "code",
            "text": "functioninit(self)rustorebilling.set_error_handling(true)# Инициализация rustorebillingend",
            "content": [
                {
                    "type": "paragraph",
                    "text": "true— показывать диалог;\nfalse— не показывать диалог."
                }
            ]
        },
        {
            "type": "h2",
            "text": "Коды ошибок​",
            "content": [
                {
                    "type": "paragraph",
                    "text": "Ниже представлено описание возможных ошибок в полеerrorCode."
                }
            ]
        },
        {
            "type": "table",
            "headers": [
                "HTTP-код",
                "Код ошибки",
                "Описание"
            ],
            "rows": [
                [
                    {
                        "text": "400",
                        "links": []
                    },
                    {
                        "text": "40001",
                        "links": []
                    },
                    {
                        "text": "Параметры запроса неверны — не заполнены обязательные параметры/неверный формат параметров.",
                        "links": []
                    }
                ],
                [
                    {
                        "text": "400",
                        "links": []
                    },
                    {
                        "text": "40003",
                        "links": []
                    },
                    {
                        "text": "Приложение не найдено.",
                        "links": []
                    }
                ],
                [
                    {
                        "text": "400",
                        "links": []
                    },
                    {
                        "text": "40004",
                        "links": []
                    },
                    {
                        "text": "Статус приложения inactive .",
                        "links": []
                    }
                ],
                [
                    {
                        "text": "400",
                        "links": []
                    },
                    {
                        "text": "40005",
                        "links": []
                    },
                    {
                        "text": "Продукт не найден.",
                        "links": []
                    }
                ],
                [
                    {
                        "text": "400",
                        "links": []
                    },
                    {
                        "text": "40006",
                        "links": []
                    },
                    {
                        "text": "Статус продукта inactive .",
                        "links": []
                    }
                ],
                [
                    {
                        "text": "400",
                        "links": []
                    },
                    {
                        "text": "40007",
                        "links": []
                    },
                    {
                        "text": "Недопустимый тип продукта. Поддерживаемые типы: consumable , non-consumable , subscription .",
                        "links": []
                    }
                ],
                [
                    {
                        "text": "400",
                        "links": []
                    },
                    {
                        "text": "40008",
                        "links": []
                    },
                    {
                        "text": "Покупка с таким order_id уже существует.",
                        "links": []
                    }
                ],
                [
                    {
                        "text": "400",
                        "links": []
                    },
                    {
                        "text": "40009",
                        "links": []
                    },
                    {
                        "text": "У текущего клиента найдена покупка этого продукта со статусом invoice_created . Необходимо предложить клиенту оплатить/отменить покупку.",
                        "links": []
                    }
                ],
                [
                    {
                        "text": "400",
                        "links": []
                    },
                    {
                        "text": "40010",
                        "links": []
                    },
                    {
                        "text": "Для типа продукта consumable . У текущего клиента найдена покупка этого продукта со статусом paid . Сначала требуется подтвердить потребление покупки на устройстве, а затем можно отправлять следующий запрос на покупку этого продукта.",
                        "links": []
                    }
                ],
                [
                    {
                        "text": "400",
                        "links": []
                    },
                    {
                        "text": "40011",
                        "links": []
                    },
                    {
                        "text": "Для типа продукта non-consumable . У текущего клиента найдена покупка этого продукта со статусом pre_confirmed / confirmed . Такой продукт уже приобретён. Более одного раза продукт не продаётся.",
                        "links": []
                    }
                ],
                [
                    {
                        "text": "400",
                        "links": []
                    },
                    {
                        "text": "40012",
                        "links": []
                    },
                    {
                        "text": "Для типа продукта subscription . У текущего клиента найдена покупка этого продукта со статусом pre_confirmed / confirmed . Такой продукт уже приобретён. Более одного раза продукт не продаётся.",
                        "links": []
                    }
                ],
                [
                    {
                        "text": "400",
                        "links": []
                    },
                    {
                        "text": "40013",
                        "links": []
                    },
                    {
                        "text": "Для типа продукта subscription . При обращении в сервис подписок за списком продуктов GET/products ( serviceId , user_id ) данные не были получены.",
                        "links": []
                    }
                ],
                [
                    {
                        "text": "400",
                        "links": []
                    },
                    {
                        "text": "40014",
                        "links": []
                    },
                    {
                        "text": "Обязательный атрибут(-ы) не пришел в запросе.",
                        "links": []
                    }
                ],
                [
                    {
                        "text": "400",
                        "links": []
                    },
                    {
                        "text": "40015",
                        "links": []
                    },
                    {
                        "text": "Не удалось изменить статус при обновлении покупки (переход запрещён).",
                        "links": []
                    }
                ],
                [
                    {
                        "text": "400",
                        "links": []
                    },
                    {
                        "text": "40016",
                        "links": []
                    },
                    {
                        "text": "При покупке подписки непотребляемого продукта указано значение quantity > 1 .",
                        "links": []
                    }
                ],
                [
                    {
                        "text": "400",
                        "links": []
                    },
                    {
                        "text": "40017",
                        "links": []
                    },
                    {
                        "text": "Продукт удалён, новые покупки не доступны.",
                        "links": []
                    }
                ],
                [
                    {
                        "text": "400",
                        "links": []
                    },
                    {
                        "text": "40018",
                        "links": []
                    },
                    {
                        "text": "Нельзя потреблять продукт с типом тип продукта .",
                        "links": []
                    }
                ],
                [
                    {
                        "text": "401",
                        "links": []
                    },
                    {
                        "text": "40101",
                        "links": []
                    },
                    {
                        "text": "Невалидный токен.",
                        "links": []
                    }
                ],
                [
                    {
                        "text": "401",
                        "links": []
                    },
                    {
                        "text": "40102",
                        "links": []
                    },
                    {
                        "text": "Время жизни токена истекло.",
                        "links": []
                    }
                ],
                [
                    {
                        "text": "403",
                        "links": []
                    },
                    {
                        "text": "40301",
                        "links": []
                    },
                    {
                        "text": "Доступ к запрашиваемому ресурсу запрещён (неавторизованно).",
                        "links": []
                    }
                ],
                [
                    {
                        "text": "403",
                        "links": []
                    },
                    {
                        "text": "40302",
                        "links": []
                    },
                    {
                        "text": "Для текущего токена текущий вызов не авторизован (метод запрещён).",
                        "links": []
                    }
                ],
                [
                    {
                        "text": "403",
                        "links": []
                    },
                    {
                        "text": "40303",
                        "links": []
                    },
                    {
                        "text": "Идентификатор приложения в запросе и токен не совпадают.",
                        "links": []
                    }
                ],
                [
                    {
                        "text": "403",
                        "links": []
                    },
                    {
                        "text": "40305",
                        "links": []
                    },
                    {
                        "text": "Неверный тип токена.",
                        "links": []
                    }
                ],
                [
                    {
                        "text": "404",
                        "links": []
                    },
                    {
                        "text": "40401",
                        "links": []
                    },
                    {
                        "text": "Не найдено.",
                        "links": []
                    }
                ],
                [
                    {
                        "text": "408",
                        "links": []
                    },
                    {
                        "text": "40801",
                        "links": []
                    },
                    {
                        "text": "Истекло время ожидания уведомления, указанное в запросе.",
                        "links": []
                    }
                ],
                [
                    {
                        "text": "500",
                        "links": []
                    },
                    {
                        "text": "50***",
                        "links": []
                    },
                    {
                        "text": "Внутренняя ошибка платежного сервиса.",
                        "links": []
                    }
                ]
            ]
        }
    ]
}