{
    "meta": {
        "language": "ru",
        "parse_date": "2024-07-06T19:50:08.609524",
        "current_url": "https://www.rustore.ru/help/sdk/push-notifications/flutter/6-0-1/",
        "doc_section": "sdk",
        "h1_text": "SDK push-уведомлений для Flutter (версия 1.0.0)"
    },
    "content": [
        {
            "type": "h1",
            "text": "SDK push-уведомлений для Flutter (версия 1.0.0)",
            "content": [
                {
                    "type": "paragraph",
                    "text": "Условия работы push-уведомлений:\nНа устройстве пользователя установлена актуальная версия RuStore.\nПриложение RuStore должно поддерживать функциональность push-уведомлений.\nПриложению RuStore разрешен доступ к работе в фоновом режиме.Без этого разрешения push-уведомления будут приходить, но со значительной задержкой.\nОтпечаток подписи приложения должен совпадать с отпечатком, добавленным вКонсоль RuStore (https://dev.rustore.ru/)."
                }
            ]
        },
        {
            "type": "h2",
            "text": "Пример реализации​",
            "content": [
                {
                    "type": "paragraph",
                    "text": "Ознакомьтесь сприложением-примером, чтобы узнать, как правильно интегрировать SDK push-уведомлений."
                }
            ]
        },
        {
            "type": "h2",
            "text": "Подключение в проект​",
            "content": [
                {
                    "type": "paragraph",
                    "text": "Для подключения пакета к проекту выполните команду:"
                }
            ]
        },
        {
            "type": "code",
            "text": "flutter pub add flutter_rustore_push"
        },
        {
            "type": "code",
            "text": "pubspec.yamldependencies:flutter_rustore_push:^6.0.1"
        },
        {
            "type": "h2",
            "text": "Инициализация​",
            "content": [
                {
                    "type": "paragraph",
                    "text": "Добавьте в AndroidManifest.xml следующий код:"
                }
            ]
        },
        {
            "type": "code",
            "text": "AndroidManifest.xml<meta-dataandroid:name=\"ru.rustore.sdk.pushclient.project_id\"android:value=\"i5UTx96jw6c1C9LvdlE4cdNrWHMNyRBt\"/>"
        },
        {
            "type": "h2",
            "text": "Настройки ProGuard​",
            "content": [
                {
                    "type": "paragraph",
                    "text": "Для настройки ProGuard добавьте следующее правило:"
                }
            ]
        },
        {
            "type": "code",
            "text": "-keeppublicclasscom.vk.push.**extendsandroid.os.Parcelable"
        },
        {
            "type": "code",
            "text": "android/app/build.gradlebuildTypes{release{// ...proguardFilesgetDefaultProguardFile('proguard-android.txt'),'proguard-rules.pro'}// ...}"
        },
        {
            "type": "h2",
            "text": "Проверка возможности получать push-уведомления​",
            "content": []
        },
        {
            "type": "code",
            "text": "RustorePushClient.available().then((value){print(\"available success: ${value}\");},onError:(err){print(\"available error: ${err}\");});"
        },
        {
            "type": "h2",
            "text": "Методы для работы с push-токеном​",
            "content": []
        },
        {
            "type": "h3",
            "text": "Получение push-токена пользователя​",
            "content": []
        },
        {
            "type": "admonition",
            "admonition_type": "caution",
            "title": "предупреждение",
            "content": [
                {
                    "type": "paragraph",
                    "text": "Если у пользователя нет push-токена, метод создаст и вернёт новый push-токен."
                }
            ]
        },
        {
            "type": "code",
            "text": "RustorePushClient.getToken().then((value){print(\"get token success: ${value}\");},onError:(err){print(\"get token error: ${err}\");})"
        },
        {
            "type": "h3",
            "text": "Удаление push-токена пользователя​",
            "content": []
        },
        {
            "type": "code",
            "text": "RustorePushClient.deleteToken().then((){print(\"delete success:\");},onError:(err){print(\"delete error: ${err}\");})"
        },
        {
            "type": "h3",
            "text": "События изменения push-токена​",
            "content": []
        },
        {
            "type": "code",
            "text": "RustorePushClient.onNewToken((value){print(\"on new token success: ${value}\");},error:(err){print(\"on new token err: ${err}\");});"
        },
        {
            "type": "h2",
            "text": "Методы для работы с push-уведомлениями​",
            "content": []
        },
        {
            "type": "h3",
            "text": "Получение информации из push-уведомления​",
            "content": []
        },
        {
            "type": "code",
            "text": "RustorePushClient.onMessageReceived((value){print(\"on message received success: id=${value.messageId}, data=${value.data}, notification.body: ${value.notification?.body}\");},error:(err){print(\"on message received error: ${err}\");});"
        },
        {
            "type": "h3",
            "text": "Удаление push-уведомления​",
            "content": [
                {
                    "type": "paragraph",
                    "text": "Для удаления push-уведомления добавьте callbackRustorePushClient.onDeletedMessages()."
                }
            ]
        },
        {
            "type": "code",
            "text": "RustorePushClient.onDeletedMessages((){print(\"deleted messages\");},error:(err){print(\"on message received error: ${err}\");});"
        },
        {
            "type": "h2",
            "text": "Методы работы с push-топиком​",
            "content": []
        },
        {
            "type": "h3",
            "text": "Подписка на push-уведомления по топику​",
            "content": [
                {
                    "type": "paragraph",
                    "text": "После инициализации библиотеки вы можете использовать метод RuStorePushClient.subscribeToTopic(your_topic_name) для подписки на топик."
                }
            ]
        },
        {
            "type": "code",
            "text": "RustorePushClient.subscribeToTopic(\"topicName\").then((value){//Proccess success},onError:(err){//Process error});"
        },
        {
            "type": "h3",
            "text": "Отписка от push-уведомлений по топику​",
            "content": [
                {
                    "type": "paragraph",
                    "text": "После инициализации библиотеки вы можете использовать метод RuStorePushClient.unsubscribeFromTopic(your_topic_name) для отписки от топика.."
                }
            ]
        },
        {
            "type": "code",
            "text": "RustorePushClient.unsubscribeFromTopic(\"topicName\").then((value){//Proccess success},onError:(err){//Process error});"
        },
        {
            "type": "h2",
            "text": "Структура уведомления​",
            "content": []
        },
        {
            "type": "code",
            "text": "Структура полного уведомленияclassMessage{String?messageId;int priority;int ttl;String?collapseKey;Map<String?,String?>data;Notification?notification;}",
            "content": [
                {
                    "type": "paragraph",
                    "text": "messageId— уникальный ID сообщения. Является идентификатором каждого сообщения.\npriority— возвращает значение приоритетности (на данный момент не учитывается).Сейчас заложены следующие варианты:0—UNKNOWN.1—HIGH.2—NORMAL.< p/>\nttl— время жизни push-уведомления типаIntв секундах.\nfrom— поле, по которому можно понять, откуда пришло уведомление:\n< p/>Для уведомлений, отправленных в топик, в поле отображается имя топика.В других случаях — часть вашего сервисного токена.< p/>\ncollapseKey— идентификатор группы уведомлений (на данный момент не учитывается).\ndata— словарь, в который можно передать дополнительные данные для уведомления.\nrawData— словарьdataв виде массива байтов.\nnotification— объект уведомления."
                }
            ]
        },
        {
            "type": "code",
            "text": "Структура объекта NotificationclassNotification{String?title;String?body;String?channelId;String?imageUrl;String?color;String?icon;String?clickAction;}",
            "content": [
                {
                    "type": "paragraph",
                    "text": "title— заголовок уведомления.\nbody— тело уведомления\nchannelId— возможность задать канал, в который отправится уведомление. Актуально для Android 8.0 и выше.\nimageUrl— прямая ссылка на изображение для вставки в уведомление. Изображение должно быть не более 1 Мбайт.\ncolor— цвет уведомления в HEX-формате, строкой. Например,#0077FF.\nicon— значок уведомления изres/drawableв формате строки, которая совпадает с названием ресурса.\n< p/>\nНапример, вres/drawableесть значокsmall_icon.xml, который доступен в коде черезR.drawable.small_icon.\nЧтобы значок отображался в уведомлении, сервер должен указать в параметреiconзначениеsmall_icon.\n< p/>\nclickAction—intent action, с помощью которого будет открыта активити при клике на уведомление."
                }
            ]
        },
        {
            "type": "h3",
            "text": "Создание канала для отправки уведомления​",
            "content": [
                {
                    "type": "paragraph",
                    "text": "Для канала, в который отправляется уведомление, действует следующий приоритет:\nЕсли в push-уведомлении есть полеchannelId, RuStore SDK отправит уведомление в указанный канал.\nВаше приложение должно создать этот канал заранее.\nЕсли в push-уведомлении нет поляchannelId, но ваше приложение указало параметр с каналом вAndroidManifest.xml, используется указанный канал.\nВаше приложение должно создать этот канал заранее.\nЕсли в push-уведомлении нет поляchannelId, и канал по умолчанию не задан вAndroidManifest.xml, RuStore SDK создаст канал и отправит уведомление в него.\nВ дальнейшем все уведомления без явного указания канала будут отправляться в этот канал."
                }
            ]
        },
        {
            "type": "h2",
            "text": "См. также​",
            "content": [
                {
                    "type": "paragraph",
                    "text": "Отправка push-уведомлений (API) (https://rustore.ru/help/sdk/push-notifications/send-push-notifications)\nОтправка push-уведомлений по топикам (API) (https://rustore.ru/help/sdk/push-notifications/topic-notifications)\nРабота с сегментами пользователей (API) (https://rustore.ru/help/sdk/push-notifications/work-with-segments-push-api)"
                }
            ]
        }
    ]
}