{
    "meta": {
        "language": "ru",
        "parse_date": "2024-07-06T19:41:28.395751",
        "current_url": "https://www.rustore.ru/help/legal/partners/",
        "doc_section": "",
        "h1_text": "Партнеры Компании"
    },
    "text": "h1h1h1\nПартнеры Компании\nparagraphparagraphparagraph\nПартнеры Компании:\nООО «В Контакте» (ОГРН 1079847035179, 191024, г. Санкт-Петербург, Херсонская ул., д.12-14, лит. А, пом. 1-Н);\nООО «Дзен.Платформа» (ОГРН: 1177746651389115035, г Москва, улица Садовническая, дом 82 строение 2, помещение 4А29)."
}