{
    "meta": {
        "language": "ru",
        "parse_date": "2024-07-06T19:39:30.230564",
        "current_url": "https://www.rustore.ru/help/developers/tools/app-tracer/android/modules/crash-anr/",
        "doc_section": "developers",
        "h1_text": "Эффективное разрешение проблем с Crash и ANR в Tracer SDK"
    },
    "text": "h1h1h1\nЭффективное разрешение проблем с Crash и ANR в Tracer SDK\n\nh2h2h2\nПодключение зависимостей к проекту​\nparagraphparagraphparagraph\nВ вашем<project>/<app-module>/build.gradle.\ncodecodecode\ndependencies{implementation\"ru.ok.tracer:tracer-crash-report:0.2.7\"}\ncodecodecode\ndependencies{implementation\"ru.ok.tracer:tracer-crash-report-native:0.2.7\"}\nadmonitionadmonitionadmonition\nпредупреждение\nparagraphparagraphparagraph\nНа данный момент эта функциональность находится в активной разработке. Сбор уже работает, однако отображаются все нативные крэши пока без стэктрейса и прочих подробностей. Собрать и подсчитать их можно уже сейчас, а отображение и классификация дорабатываются.\nБолее подробное описание зависимостей — на странице «Быстрый старт».\nparagraphparagraphparagraph\nНа данный момент эта функциональность находится в активной разработке. Сбор уже работает, однако отображаются все нативные крэши пока без стэктрейса и прочих подробностей. Собрать и подсчитать их можно уже сейчас, а отображение и классификация дорабатываются.\nБолее подробное описание зависимостей — на странице «Быстрый старт».\nh2h2h2\nОписаниеCrashReportConfigurationиCrashFreeConfiguration​\nparagraphparagraphparagraph\nВ вашемApplication.kt.\ncodecodecode\nclassMyApplication:Application(),HasTracerConfiguration{override val tracerConfiguration:List<TracerConfiguration>get()=listOf(CrashReportConfiguration.build{// ваши опции},CrashFreeConfiguration.build{// ваши опции},)}\nparagraphparagraphparagraph\nsetEnabled— включает/выключает репортинг крэшей. По умолчанию включена.\nsetSendAnr— отключает отправку ANR. По умолчанию включена.\nsetNativeEnabled— включает/выключает репортинг нативных крэшей. Значение по умолчанию зависит от того, подключена ли зависимостьtracer-crash-report-native. Если подключена, то и репортинг по умолчанию включен. Если не подключена — выключен. ⚠ Включить репортинг нативных крэшей без подключения соответствующей зависимости не выйдет, но существует возможность выключить репортинг при наличии зависимости.\nsetHost— устарела и будет удалена в версии 0.3.x. Если вам точно действительно надо поменять хост, используйтеCoreTracerConfiguration.setHost;\nsetSendLogs— устарела и ничего не делает, будет удалена в версии 0.3.x;\nsetCountCrashFreeUsers— устарела и ничего не делает, будет удалена в версии 0.3.x, вместо нее предоставлена опцияCrashFreeConfiguration.Builder.setEnabled;\nsetSendThreadsDump,setSendAsap,setMaxNonFatalExceptions— устарели и ничего не делают, будут удалены в версии 0.3.x.\nsetEnabled— включает/выключает подсчетcrash free users. По умолчанию выключена!\nsetExperimentalMaxSessionsToUpload— сколько сессий нужно накопить чтобы отправить батч. По умолчанию 10. Только для тестов!\nsetExperimentalMaxSessionTimeSpanToUpload— как долго копить сессии чтобы отправить батч. По умолчанию 4 часа (в миллисекундах). Только для тестов!\nsetExperimentalUploadSessionsFromYesterday— отправлять батч если обнаружены вчерашние (или ранее) сессии. По умолчанию включена.\nh2h2h2\nОписаниеTracerCrashReport​\nparagraphparagraphparagraph\nДля отправкиnon-fatalsиспользуется методTracerCrashReport.report(throwable).\ncodecodecode\n// Залогировать не фатальную ошибку.TracerCrashReport.report(NonFatalException(\"I'll be ok soon\"))\ncodecodecode\n// Залогировать нефатальную ошибку с ключом ISSUE-001TracerCrashReport.report(NonFatalException(\"What a terrible failure\"),issueKey=\"ISSUE-001\")\nadmonitionadmonitionadmonition\nпредупреждение\nparagraphparagraphparagraph\nСейчас в Tracer есть лимит в 1 млн событий в день. Поэтому рекомендуется не злоупотреблять этим методом.\nТакже к событию можно добавитьдополнительную информацию.\nparagraphparagraphparagraph\nСейчас в Tracer есть лимит в 1 млн событий в день. Поэтому рекомендуется не злоупотреблять этим методом.\nТакже к событию можно добавитьдополнительную информацию."
}