{
    "meta": {
        "language": "ru",
        "parse_date": "2024-07-06T20:13:38.789309",
        "current_url": "https://www.rustore.ru/help/developers/advertising-and-promotion/iframe/",
        "doc_section": "developers",
        "h1_text": "Как встроить произвольную подборку в сторонние ресурсы"
    },
    "text": "h1h1h1\nКак встроить произвольную подборку в сторонние ресурсы\nparagraphparagraphparagraph\nВы можете встроить произвольную подборку приложений, размещённых в RuStore, для отображения на стороннем ресурсе: например, на своём сайте или портале.\nadmonitionadmonitionadmonition\nк сведению\nparagraphparagraphparagraph\nНажатие на приложение во встроенной подборке откроет страницу RuStore с выбранным приложением.\nДля встраивания подборки в коде страницы, на которой должна отображаться подборка, вам необходимо реализовать iframe со ссылкой следующего вида.\nЗдесь:\nparagraphparagraphparagraph\nНажатие на приложение во встроенной подборке откроет страницу RuStore с выбранным приложением.\nДля встраивания подборки в коде страницы, на которой должна отображаться подборка, вам необходимо реализовать iframe со ссылкой следующего вида.\nЗдесь:\n---Table Start---\nsubtitle | Произвольный подзаголовок. Необязательное поле, не отображается, если отсутствует title .                                                                                                                         | Подзаголовок                        \napps     | Набор пакетов через запятую, которые нужно добавить в подборку и в порядке отображения. к сведению В подборку можно включить не более 20 приложений за раз. При превышении этого числа будет отображаться ошибка. | ru.megafon.mlk,ru.dublgis.dgismobile\n---Table End---\ncodecodecode\nhttps://www.rustore.ru/external/simple-selection?title=Заголовок&subtitle=Подзаголовок&apps=ru.megafon.mlk,ru.dublgis.dgismobile,com.idamob.tinkoff.android,ru.alfabank.mobile.android\ncodecodecode\n<iframewidth=\"705\"height=\"655\"src=\"https://www.rustore.ru/external/simple-selection?title=Лучшие%20мобильные%20приложения*%20&subtitle=**за%202023%20год,%20по%20версии%20Роскачество&apps=ru.yandex.taxi,ru.ozon.app.android,ru.getpharma.eapteka,com.vk.calls\"></iframe>"
}