{
    "meta": {
        "language": "ru",
        "parse_date": "2024-07-06T19:40:22.894712",
        "current_url": "https://www.rustore.ru/help/developers/developer-statistics/",
        "doc_section": "developers",
        "h1_text": "Раздел статистики в RuStore Консоль: важные данные для разработчиков"
    },
    "text": "h1h1h1\nРаздел статистики в RuStore Консоль: важные данные для разработчиков\nparagraphparagraphparagraph\nВRuStore Консольесть несколько разделов статистики, в которых можно просмотреть следующие данные:\nколичество просмотров и скачиваний приложения;\nсумма полученной прибыли и возвратов;\nколичество push-уведомлений, отправленных пользователю и т. д."
}