{
    "meta": {
        "language": "ru",
        "parse_date": "2024-07-06T19:31:58.860068",
        "current_url": "https://www.rustore.ru/help/users/purchases-and-returns/link-bank-card/",
        "doc_section": "users",
        "h1_text": "Привязка банковской карты в RuStore: Удобные способы оплаты"
    },
    "text": "h1h1h1\nПривязка банковской карты в RuStore: Удобные способы оплаты\nparagraphparagraphparagraph\nПривяжите банковскую карту к RuStore, и вам не придется каждый раз вводить ее данные для оплаты подписок или товаров внутри приложения.\nОткройте приложение RuStore.\nНажмитев нижнем меню.\nНажмите на название своего аккаунта.\nНайдите раздел «Способы оплаты».\nh2h2h2\nКак подключить SberPay​\nparagraphparagraphparagraph\nНажмите «Подключить SberPay» в разделе «Способы оплаты».\nОткроется приложение «СберБанк Онлайн», выберите нужную карту из списка привязанных.\nНажмите «Подключить».\nНажмите «Привязать карту» в разделе «Способы оплаты».\nВ открывшемся окне заполните данные карты.\nНажмите «Оплатить»."
}