{
    "meta": {
        "language": "ru",
        "parse_date": "2024-07-06T19:30:14.359837",
        "current_url": "https://www.rustore.ru/help/users/start/update-rustore-app/",
        "doc_section": "users",
        "h1_text": "Обновление RuStore: Эффективные шаги для поддержания вашего приложения в актуальном состоянии"
    },
    "text": "h1h1h1\nОбновление RuStore: Эффективные шаги для поддержания вашего приложения в актуальном состоянии\nparagraphparagraphparagraph\nПри наличии обновлений приложение RuStore отправит вам уведомление с предложением обновить версию приложения.\nНажмите «Обновить».\nНажмите «Установить».\nadmonitionadmonitionadmonition\nк сведению\nparagraphparagraphparagraph\nУведомление покажется повторно через неделю, пока приложение не будет обновлено.\nЧтобы обновить версию RuStore, которую отложили ранее:\nНажмитена домашнем экране вашего устройства.\nПерейдите в раздел «Моё» в нижнем меню.\nНажмите «Обновить».\nКак обновить приложения в RuStore (https://rustore.ru/help/users/app-management/update-app-from-rustore)\nЧто такое мини-приложения VK (https://rustore.ru/help/users/app-management/vk-mini-apps)\nКак настроить уведомления в RuStore (https://rustore.ru/help/users/start/notification)\nparagraphparagraphparagraph\nУведомление покажется повторно через неделю, пока приложение не будет обновлено.\nЧтобы обновить версию RuStore, которую отложили ранее:\nНажмитена домашнем экране вашего устройства.\nПерейдите в раздел «Моё» в нижнем меню.\nНажмите «Обновить».\nКак обновить приложения в RuStore (https://rustore.ru/help/users/app-management/update-app-from-rustore)\nЧто такое мини-приложения VK (https://rustore.ru/help/users/app-management/vk-mini-apps)\nКак настроить уведомления в RuStore (https://rustore.ru/help/users/start/notification)"
}