{
    "meta": {
        "language": "ru",
        "parse_date": "2024-07-06T19:41:30.612284",
        "current_url": "https://www.rustore.ru/help/legal/offers/",
        "doc_section": "",
        "h1_text": "Оферты"
    },
    "text": "h1h1h1\nОферты\nparagraphparagraphparagraph\nМобильные платежи (https://money.mail.ru/oferta/mk)\nМегафон (https://moscow.megafon.ru/download/~federal/oferts/oferta_m_platezhi.pdf)\nБилайн (https://moskva.beeline.ru/customers/pomosh/question/voprosy-i-dokumenty/mobile/drugie-dokumenty/pravila-ispolzovania-servisa-mobilnyy-platezh/)\nTele2 (https://f.tele2.ru/offer/)"
}