{
    "meta": {
        "language": "ru",
        "parse_date": "2024-07-06T20:06:33.489159",
        "current_url": "https://www.rustore.ru/help/sdk/payments/defold/history/",
        "doc_section": "sdk",
        "h1_text": "История обновлений"
    },
    "text": "h1h1h1\nИстория обновлений\n\nh2h2h2\nВерсия 5.1.1​\nparagraphparagraphparagraph\nВерсия SDK billing 5.1.1.\nh2h2h2\nВерсия 5.0.1​\nparagraphparagraphparagraph\nВерсия SDK billing 5.0.1.\nДобавлено полеsimpleNameв JSON ошибок.\nИсправлен баг с отсутствием ссылок на изображения в JSON продуктов.\nh2h2h2\nВерсия 5.0.0​\nparagraphparagraphparagraph\nРелизная версия.\nВерсия SDK billing 5.0.0."
}