{
    "meta": {
        "language": "ru",
        "parse_date": "2024-07-06T20:03:48.411473",
        "current_url": "https://www.rustore.ru/help/sdk/reviews-ratings/godot/history/",
        "doc_section": "sdk",
        "h1_text": "История обновлений"
    },
    "text": "h1h1h1\nИстория обновлений\n\nh2h2h2\nВерсия плагина 2.0.0​\nparagraphparagraphparagraph\nВерсия SDK review 2.+\nh2h2h2\nВерсия плагина 1.0.1​\nparagraphparagraphparagraph\nВерсия SDK review 1.0.1\nh2h2h2\nВерсия плагина 1.0.0​\nparagraphparagraphparagraph\nВерсия SDK review 1.0.0"
}