{
    "meta": {
        "language": "ru",
        "parse_date": "2024-07-06T20:11:03.873602",
        "current_url": "https://www.rustore.ru/help/sdk/payments/kotlin-java/migration/2-2-0-mirgation/",
        "doc_section": "sdk",
        "h1_text": "Обновление до RuStore SDK 2.2.0: Модели покупок, зависимости и миграция"
    },
    "text": "h1h1h1\nОбновление до RuStore SDK 2.2.0: Модели покупок, зависимости и миграция\nparagraphparagraphparagraph\nЧтобы быстро перейти на новую версию SDK, используйте настоящую инструкцию по миграции.\nh2h2h2\nОбновление зависимости​\n\n\nKotlin\n\n\nJava\n\nh2h2h2\nПолучение списка продуктов​\n\n\nKotlin\n\n\nJava\n\nh2h2h2\nПокупка продукта​\n\n\nKotlin\n\n\nJava\n\nh2h2h2\nПодтверждение покупки​\n\n\nKotlin\n\n\nJava\n\nh2h2h2\nОтмена покупки​\n\n\nKotlin\n\n\nJava\n\nh2h2h2\nСценарий подтверждения и отмены покупки​\nparagraphparagraphparagraph\nВ связи с тем, что изменилась модель результата покупки продукта, изменилась и логика потребления и отмены покупки.\nМетод отмены покупки (deletePurchase) необходимо использовать, если:\nметод получения списка покупок (getPurchases) вернул покупку со статусом:PurchaseState.CREATED;PurchaseState.INVOICE_CREATED;\nметод покупки (purchaseProduct) вернул:PaymentResult.Cancelled;PaymentResult.Failure."
}