{
    "meta": {
        "language": "ru",
        "parse_date": "2024-07-06T20:07:43.210771",
        "current_url": "https://www.rustore.ru/help/developers/monetization/sandbox/test-bank-cards/",
        "doc_section": "developers",
        "h1_text": "Тестовые банковские карты для проверки оплаты в RuStore"
    },
    "text": "h1h1h1\nТестовые банковские карты для проверки оплаты в RuStore\nparagraphparagraphparagraph\nДля тестирования покупок вы может использовать следующие тестовые карты.\nh2h2h2\nВсегда успешная оплата​\n\n---Table Start---\nECI                          | 05      \nCVC\\CVV                      | 123     \nСрок действия                | 2024/12 \nКод подтверждения 3-D Secure | 12345678\n---Table End---\n---Table Start---\nECI                          | 05      \nCVC\\CVV                      | 123     \nСрок действия                | 2024/12 \nКод подтверждения 3-D Secure | 12345678\n---Table End---\n---Table Start---\nECI           | 02     \nCVC\\CVV       | 123    \nСрок действия | 2024/12\n---Table End---\nh2h2h2\nКарты, возвращающие ошибки​\nparagraphparagraphparagraph\nПосле трех неуспешных попыток оплаты будет произведен возврат на платежную шторку RuStore с ошибкой оплаты.\n---Table Start---\nECI           | 00     \nCVC\\CVV       | 123    \nСрок действия | 2024/12\n---Table End---\n---Table Start---\nCVC\\CVV       | 123    \nСрок действия | 2024/12\n---Table End---\n---Table Start---\nCVC\\CVV       | 123    \nСрок действия | 2024/12\n---Table End---\nh2h2h2\nКарта с балансом 1 копейка​\n\n---Table Start---\nCVC\\CVV                      | 123     \nСрок действия                | 2024/12 \nКод подтверждения 3-D Secure | 12345678\n---Table End---"
}