{
    "meta": {
        "language": "ru",
        "parse_date": "2024-07-06T19:28:39.525008",
        "current_url": "https://www.rustore.ru/help/work-with-rustore-api/api-upload-publication-app/apk-file-upload/file-upload-apk/",
        "doc_section": "",
        "h1_text": "Загрузка APK-файла"
    },
    "text": "h1h1h1\nЗагрузка APK-файла\nparagraphparagraphparagraph\nМетод позволяет загрузить файл с расширением.apkдля публикации.\nAPK-файл для версии можно обновлять.\nОграничения:\nфайл только с расширением.apk;\nразмер файла — не более 2,5 ГБ;\nзагружаемая версия APK должна быть выше, чем текущая активная.\nс разными подписями разработчика — чтобы исключить ошибки обновления у пользователей. При скачивании на витрине RuStore отдаст файл с аналогичной подписью для каждого пользователя отдельно.\nс поддержкой разных сервисов (Huawei Mobile Services и Google Mobile Services) — чтобы RuStore отдал на скачивание пользователю APK-файл, который включает сервисы адаптированные под его устройство.\nпри загрузке нескольких файлов обязательно укажите в каком из них Huawei Mobile Services и какой файл будет доступен всем пользователям по умолчанию. Загрузить можно не более 10 файлов.\nadmonitionadmonitionadmonition\nпримечание\nparagraphparagraphparagraph\nВ рамках обновления 20 июля 2023 года был добавлен️ обязательный параметрIsMainApkв метод ниже. Также рекомендуется обновить пайплайны.\nparagraphparagraphparagraph\nВ рамках обновления 20 июля 2023 года был добавлен️ обязательный параметрIsMainApkв метод ниже. Также рекомендуется обновить пайплайны.\nh2h2h2\nПараметры взаимодействия​\nparagraphparagraphparagraph\nPOST\nhttps://public-api.rustore.ru/public/v1/application/{packageName}/version/{versionId}/apk?isMainApk={isMainApk }&servicesType={servicesType}\n---Table Start---\nPublic-Token                 | string  | Да  | header | Токен доступа к Public API Rustore                                                                                                                                         \npackageName                  | string  | Да  | path   | Имя пакета приложения                                                                                                                                                      \nversionId                    | number  | Да  | path   | Версия приложения                                                                                                                                                          \nservicesType (Новый атрибут) | string  | Нет | query  | Тип сервиса, используемый в приложении. Возможные варианты: • HMS — для APK-файлов c Huawei Mobile Servises; • Unknown устанавливается по умолчанию, если поле не заполнено\nisMainApk (Новый атрибут)    | boolean | Да  | query  | Признак, который присваивается основному APK-файлу. Значения: • true — основной APK-файл; • false — по умолчанию.                                                          \n---Table End---\nh2h2h2\nForm data​\n\n---Table Start---\nfile | multipart | Да | N/A | Файл в виде двоичного кода\n---Table End---\nh2h2h2\nПараметры ответа​\n\n---Table Start---\ncode      | string      | Да  | Код ответа              | error / OK                                                                                                                                                                                                                                                                                                                                                                                                                                                                                                                                                                                                                                                                                                                                                                                                                                                                                     \nmessage   | string      | Нет | Расшифровка кода ответа | Детализация ошибки. Возможные варианты: • Уже загружено максимальное количество APK-файлов / Maximum number of apk files is already uploaded ; • Уже загружен основной apk-файл / Main apk file is already uploaded ; • Уже загружен HMS APK-файл / APK file with the Huawei Mobile Services is already uploaded ; • Файл с Huawei Mobile Services не может быть основным / APK file with the Huawei Mobile Services can not be main file ; • Вы загрузили APK-файл c другим кодом-версии / APK file has different version code than the one previously uploaded ; • Код версии должен быть выше, чем загруженный ранее / The code of this version must be larger than that of the previous one ; • Версия не совпадает с предыдущей / The package does not match the previous version ; • Версия с таким именем уже существует / A package with this name already exists. Rename the package .\ntimestamp | timestamptz | Да  | Время ответа            | 2022-07-08T13:24:41.8328711+03:00                                                                                                                                                                                                                                                                                                                                                                                                                                                                                                                                                                                                                                                                                                                                                                                                                                                              \n---Table End---\nh2h2h2\nПример запроса​\n\ncodecodecode\ncurl --location --request POST 'https://public-api.rustore.ru/public/v1/application/com.package.example/version/123/apk?servicesType=Unknown&isMainApk=true' \\--header 'Public-Token: {YOURtoken}' \\--form 'file=@\"/Users/User/Downloads/package.apk\"'"
}