{
    "meta": {
        "language": "ru",
        "parse_date": "2024-07-06T20:13:45.701124",
        "current_url": "https://www.rustore.ru/help/developers/monetization/payment-callback/",
        "doc_section": "developers",
        "h1_text": "Как настроить получение уведомлений на сервер"
    },
    "text": "h1h1h1\nКак настроить получение уведомлений на сервер\nparagraphparagraphparagraph\nУведомления на сервер (server notification, callback) — это сервис, который в режиме реального времени отправляет уведомления об изменениистатусов платежейв вашем приложении.\nВы сможете своевременно получать актуальные статусы без необходимости запрашивать их вручную.\nЧтобы начать получать уведомления,настройте ваш серверивключите отправку уведомленийв RuStore Консоль.\nadmonitionadmonitionadmonition\nк сведению\nparagraphparagraphparagraph\nНастройка отправки уведомлений доступна только «Владельцам» и «Администраторам» приложения.\nПодробнее о ролях см. в разделеУправление доступами и ролями пользователей в RuStore Консоли (https://rustore.ru/help/developers/developer-account/user-roles/).\nparagraphparagraphparagraph\nНастройка отправки уведомлений доступна только «Владельцам» и «Администраторам» приложения.\nПодробнее о ролях см. в разделеУправление доступами и ролями пользователей в RuStore Консоли (https://rustore.ru/help/developers/developer-account/user-roles/).\nh2h2h2\nОграничения​\nparagraphparagraphparagraph\nУведомления сообщают только об изменении статуса платежей.\nЧтобы узнать полную информации о платеже, используйте токен покупкиpurchase_token, который передаётся в уведомлении.\nСм.получение данных платежачерез RuStore API.\nh2h2h2\nГарантии доставки уведомлений​\nparagraphparagraphparagraph\nЕсли RuStore не получает от вашего сервера ответ «Уведомление успешно доставлено» в течение 3 секунд, уведомление отправляется повторно.\nВсего совершается 16 попыток отправить уведомление повторно в течение 36 часов.\nИнтервалы между попытками с каждым разом увеличиваются.\nЕсли после всех повторных отправок RuStore не получает подтверждение о доставке, попытки отправить уведомление прекращаются.\nh2h2h2\nВ этом разделе​\nparagraphparagraphparagraph\nНастройка сервера для получения уведомлений (https://rustore.ru/help/developers/monetization/payment-callback/server-set-up)\nВключение отправки уведомлений (https://rustore.ru/help/developers/monetization/payment-callback/enable-notifications)\nОтключение отправки уведомлений (https://rustore.ru/help/developers/monetization/payment-callback/disable-notifications)\nИзменение адреса сервера для получения уведомлений (https://rustore.ru/help/developers/monetization/payment-callback/edit-server-name)\nОбновление ключа шифрования (https://rustore.ru/help/developers/monetization/payment-callback/update-key)\nСтруктура уведомления (https://rustore.ru/help/developers/monetization/payment-callback/notification)"
}