{
    "meta": {
        "language": "ru",
        "parse_date": "2024-07-06T19:34:34.045255",
        "current_url": "https://www.rustore.ru/help/developers/developer-account/registration-developer/registration/",
        "doc_section": "developers",
        "h1_text": "Создание аккаунта для юридических лиц и индивидуальных предпринимателей в RuStore: подпись и установка плагина КриптоПро"
    },
    "text": "h1h1h1\nСоздание аккаунта для юридических лиц и индивидуальных предпринимателей в RuStore: подпись и установка плагина КриптоПро\n\nadmonitionadmonitionadmonition\nподсказка\nparagraphparagraphparagraph\nПеред регистрацией в RuStore Консоли ознакомьтесь справовой информацией (https://rustore.ru/help/legal/info/?type=residents).\nОткройте в браузере системуRuStore Консоль (https://dev.rustore.ru/).\nНажмите «В консоль».\nНажмите «Войти через VK ID».\nВведите номер телефона, привязанный к вашему аккаунтуVK ID (https://rustore.ru/help/users/authorization/why-vk-id), или создайте новый аккаунт.\nНажмите «Продолжить».\nНажмите «Создать аккаунт».\nparagraphparagraphparagraph\nПеред регистрацией в RuStore Консоли ознакомьтесь справовой информацией (https://rustore.ru/help/legal/info/?type=residents).\nОткройте в браузере системуRuStore Консоль (https://dev.rustore.ru/).\nНажмите «В консоль».\nНажмите «Войти через VK ID».\nВведите номер телефона, привязанный к вашему аккаунтуVK ID (https://rustore.ru/help/users/authorization/why-vk-id), или создайте новый аккаунт.\nНажмите «Продолжить».\nНажмите «Создать аккаунт».\nadmonitionadmonitionadmonition\nподсказка\nparagraphparagraphparagraph\nВы можете перейти к форме создания аккаунта состраницы (https://dev.rustore.ru/)системыRuStore Консоль (https://dev.rustore.ru/). Нажмите «Зарегистрировать аккаунт».\nВыберите «Юридическое лицо».\nНажмите «Продолжить».\nЗаполните все поля.\nНажмите «Подписать».\nparagraphparagraphparagraph\nВы можете перейти к форме создания аккаунта состраницы (https://dev.rustore.ru/)системыRuStore Консоль (https://dev.rustore.ru/). Нажмите «Зарегистрировать аккаунт».\nВыберите «Юридическое лицо».\nНажмите «Продолжить».\nЗаполните все поля.\nНажмите «Подписать».\nadmonitionadmonitionadmonition\nк сведению\nparagraphparagraphparagraph\nВ блоке «Контактное лицо» укажите информацию о пользователе, с которым мы сможем связаться, если потребуется уточнить что-то относительно вашего аккаунта.\n\nВыберите  сертификат подписи из списка.\nНажмите «Подписать».Сертификат подписи должен соответствовать параметрам:дата начала действия сертификата должна быть меньше текущей;дата окончания действия сертификата должна быть больше текущей.\nparagraphparagraphparagraph\nВ блоке «Контактное лицо» укажите информацию о пользователе, с которым мы сможем связаться, если потребуется уточнить что-то относительно вашего аккаунта.\n\nВыберите  сертификат подписи из списка.\nНажмите «Подписать».Сертификат подписи должен соответствовать параметрам:дата начала действия сертификата должна быть меньше текущей;дата окончания действия сертификата должна быть больше текущей.\nadmonitionadmonitionadmonition\nпримечание\nparagraphparagraphparagraph\nЕсли появилось сообщение «Не найдена электронная подпись», на вашем ПК не установлен плагин КриптоПро.\nЧтобы завершить регистрацию:\na. Нажмите «Скопировать ссылку для подписи».\nb. Отправьте сотруднику с УКЭП ссылку на форму для проверки и подписи заявления.\nЭто может быть главный бухгалтер, генеральный директор или сотрудник кадровой службы.\nc. Дождитесь, когда сотрудник с УКЭП проверит и подпишет форму.\nПолучите доступ в личный кабинет разработчика.\nparagraphparagraphparagraph\nЕсли появилось сообщение «Не найдена электронная подпись», на вашем ПК не установлен плагин КриптоПро.\nЧтобы завершить регистрацию:\na. Нажмите «Скопировать ссылку для подписи».\nb. Отправьте сотруднику с УКЭП ссылку на форму для проверки и подписи заявления.\nЭто может быть главный бухгалтер, генеральный директор или сотрудник кадровой службы.\nc. Дождитесь, когда сотрудник с УКЭП проверит и подпишет форму.\nПолучите доступ в личный кабинет разработчика.\nadmonitionadmonitionadmonition\nк сведению\nparagraphparagraphparagraph\nОбратите внимание, что ID компании создаётся в автоматическом режиме, когда компания регистрируется в RuStore Консоли.\nЕсли возникли вопросы – обратитесь в службу поддержкиsupport@rustore.ru(в обращении важно указать VK ID, ФИО и ИНН).\nparagraphparagraphparagraph\nОбратите внимание, что ID компании создаётся в автоматическом режиме, когда компания регистрируется в RuStore Консоли.\nЕсли возникли вопросы – обратитесь в службу поддержкиsupport@rustore.ru(в обращении важно указать VK ID, ФИО и ИНН).\nh2h2h2\nКак установить плагин КриптоПро​\nparagraphparagraphparagraph\nПлагин «КриптоПро ЭЦП Browser plug-in» предназначен для создания и проверки электронной подписи на веб-страницах и поддерживает работу с широким набором алгоритмов, как встроенных в операционную систему, так и доустановленных дополнительно.\nadmonitionadmonitionadmonition\nк сведению\nparagraphparagraphparagraph\nПлагин «КриптоПро» требуется только для компаний, зарегистрированных в РФ.\nЧтобы установить плагин «КриптоПро ЭЦП Browser plug-in»:\nСкачайте и установите криптопровайдер для создания и проверки электронных подписей по алгоритмам ГОСТ. Рекомендуем криптопровайдер —КриптоПро CSP (https://cryptopro.ru/products/csp). Установите сертификат в хранилище провайдера.\nСкачайте и установитеКриптоПро ЭП Browser plug-in (https://cryptopro.ru/products/cades/plugin/get_2_0)для взаимодействия веб-страниц в вашем браузере с криптопровайдером в операционной системе. Данное приложение предназначено для создания и проверки электронной подписи на веб-страницах.Как установить КриптоПро ЭП Browser plug-in (https://cryptopro.ru/products/cades/plugin/get_2_0) в Windows?\nПроверьте создание электронной подписи наспециальной площадке (https://www.cryptopro.ru/sites/default/files/products/cades/demopage/cades_bes_sample.html), чтобы убедиться, что все установлено верно и все элементы системы надежно взаимодействуют.\nparagraphparagraphparagraph\nПлагин «КриптоПро» требуется только для компаний, зарегистрированных в РФ.\nЧтобы установить плагин «КриптоПро ЭЦП Browser plug-in»:\nСкачайте и установите криптопровайдер для создания и проверки электронных подписей по алгоритмам ГОСТ. Рекомендуем криптопровайдер —КриптоПро CSP (https://cryptopro.ru/products/csp). Установите сертификат в хранилище провайдера.\nСкачайте и установитеКриптоПро ЭП Browser plug-in (https://cryptopro.ru/products/cades/plugin/get_2_0)для взаимодействия веб-страниц в вашем браузере с криптопровайдером в операционной системе. Данное приложение предназначено для создания и проверки электронной подписи на веб-страницах.Как установить КриптоПро ЭП Browser plug-in (https://cryptopro.ru/products/cades/plugin/get_2_0) в Windows?\nПроверьте создание электронной подписи наспециальной площадке (https://www.cryptopro.ru/sites/default/files/products/cades/demopage/cades_bes_sample.html), чтобы убедиться, что все установлено верно и все элементы системы надежно взаимодействуют."
}