{
    "meta": {
        "language": "ru",
        "parse_date": "2024-07-06T20:08:06.485021",
        "current_url": "https://www.rustore.ru/help/work-with-rustore-api/api-subscription-payment/api-id-payment-method/",
        "doc_section": "",
        "h1_text": "Получение данных подписки (V2)"
    },
    "text": "h1h1h1\nПолучение данных подписки (V2)\nparagraphparagraphparagraph\nМетод позволяет получить информацию о подписке по токену подписки.\nadmonitionadmonitionadmonition\nподсказка\nparagraphparagraphparagraph\nСценарий работы с платежами описан вгайде (https://rustore.ru/help/guides/payments). Изучите его перед началом работы.\nparagraphparagraphparagraph\nСценарий работы с платежами описан вгайде (https://rustore.ru/help/guides/payments). Изучите его перед началом работы.\nadmonitionadmonitionadmonition\nпримечание\nparagraphparagraphparagraph\nПоддержка этой версии прекращена. Рекомендуем использоватьновую версию метода v3 (https://www.rustore.ru/help/work-with-rustore-api/api-subscription-payment/api-id-payment-method-v3)для лучшей работы.\nparagraphparagraphparagraph\nПоддержка этой версии прекращена. Рекомендуем использоватьновую версию метода v3 (https://www.rustore.ru/help/work-with-rustore-api/api-subscription-payment/api-id-payment-method-v3)для лучшей работы.\nh2h2h2\nПараметры взаимодействия​\n\ncodecodecode\nGEThttps://public-api.rustore.ru/public/glike/subscription/{packageName}/{subscriptionId}/{subscriptionToken}\n---Table Start---\nPublic-Token      | string | Jwe-токен авторизации в Public API Rustore. Как получить токен авторизации .                                                    | Да | header | N/A                          \npackageName       | string | Наименование пакета приложения.                                                                                                 | Да | path   | com.MashaAndTheBear.HairSalon\nsubscriptionId    | string | Код продукта-подписки. Указывается разработчиком при создании продукта в RuStore Консоли . Как создать подписку на приложение . | Да | path   | daily_sub                    \nsubscriptionToken | string | Как получить токен подписки, см. документацию по SDK платежей .                                                                 | Да | path   | 111.123                      \n---Table End---\nh2h2h2\nПараметры успешного ответа​\n\n---Table Start---\nstartTimeMillis         | string  | Время предоставления подписки в миллисекундах с начала эпохи.                                                                                                                                                    | Да                                                     | 1577826955637                        \nexpiryTimeMillis        | string  | Время истечения срока действия подписки в миллисекундах с начала эпохи.                                                                                                                                          | Да                                                     | 1609456386128                        \nautoRenewing            | boolean | Будет ли подписка автоматически продлеваться по истечении текущего срока действия.                                                                                                                               | Да                                                     | false                                \npriceCurrencyCode       | string  | Код валюты ISO 4217 для цены подписки.                                                                                                                                                                           | Да                                                     | RUB                                  \npriceAmountMicros       | string  | Цена подписки. Цена выражается в микроединицах, где 1 000 000 микроединиц представляет собой одну единицу валюты. Например, если цена подписки составляет 100 рублей, цена AmountMicros равна 100000000.         | Да                                                     | 749000000                            \ncountryCode             | string  | Код страны/региона выставления счетов пользователя на момент предоставления подписки.                                                                                                                            | Да                                                     | RU                                   \npaymentState            | int     | Состояние оплаты подписки. Возможные значения: • 0 — ожидание платежа • 1 —  получение платежа; • 2 — бесплатная пробная версия. Отсутствует для отменённых подписок с истекшим сроком действия.                 | нет, только для активных подписок                      | 1                                    \ncancelReason            | int     | Причина, по которой подписка была отменена или не продлевается автоматически. Возможные значения: • 0 — пользователь отменил подписку • 1 — подписка была отменена системой, например, из-за проблемы с оплатой. | нет, только для отмененных подписок со статусом CLOSED | 0                                    \norderId                 | string  | Идентификатор последнего счета, связанного с покупкой подписки. Если счетов по подписке более одного, к идентификатору добавляется их количество через разделитель \"..\", начало отсчёта от 0                     | Да                                                     | 41456..3                             \nacknowledgementState    | int     | Состояние подтверждения продукта подписки. Возможные значения: • 0 — ещё не подтверждено; • 1 — подтверждено.                                                                                                    | Да                                                     | 1                                    \nintroductoryPriceInfo{} | object  | Информация о промо периоде подписки. Это поле не указывает, что подписка в настоящее время находится в промо периоде.                                                                                            | нет, только для подписок с периодом PROMO              | N/A                                  \nkind                    | string  | Всегда передаётся значение androidpublisher#subscriptionPurchase                                                                                                                                                 | Да                                                     | androidpublisher#subscriptionPurchase\npurchaseType            | int     | Всегда передаётся значение 0 .                                                                                                                                                                                   | Да                                                     | 0                                    \n---Table End---\nh3h3h3\nintroductoryPriceInfo​\n\n---Table Start---\nintroductoryPriceCurrencyCode | string | Код валюты ISO 4217 для начальной цены подписки.                                                                                                                                                                                                          | нет, только для подписок с периодом PROMO . | RUB      \nintroductoryPriceAmountMicros | string | Начальная цена подписки. Валюта совпадает с priceCurrencyCode . Цена выражается в микроединицах, где 1 000 000 микроединиц представляет собой одну единицу валюты. Например, если цена подписки составляет 100 рублей, цена AmountMicros равна 100000000. | нет, только для подписок с периодом PROMO   | 599000000\nintroductoryPricePeriod       | string | Период начальной цены, указанный в формате ISO 8601.  Например, P1W (одна неделя), P1M (один месяц), P3M (три месяца), P6M (шесть месяцев) и P1Y (один год).                                                                                              | нет, только для подписок с периодом PROMO   | P1Y      \nintroductoryPriceCycles       | string | Количество расчётных периодов для предложения начальной цены.                                                                                                                                                                                             | нет, только для подписок с периодом PROMO   | 1        \n---Table End---\nh2h2h2\nПример успешного ответа​\n\ncodecodecode\n{\"startTimeMillis\": \"1694431707000\",\"expiryTimeMillis\": \"1697034507000\",\"autoRenewing\": true,\"priceCurrencyCode\": \"RUB\",\"priceAmountMicros\": \"749000000\",\"countryCode\": \"RU\",\"paymentState\": 1,\"orderId\": \"33252..1\",\"acknowledgementState\": 1,\"kind\": \"androidpublisher#subscriptionPurchase\",\"purchaseType\": 0,\"introductoryPriceInfo\":{\"introductoryPriceCurrencyCode\": \"RUB\",\"introductoryPriceAmountMicros\": \"599000000\",\"introductoryPricePeriod\": \"P1M\",\"introductoryPriceCycles\": \"1\"}}\nh2h2h2\nПараметры ошибки​\n\n---Table Start---\ncode      | string | Код ответа.              | Да  | ERROR                              \nmessage   | string | Расшифровка кода ответа. | Нет | Jwe token is expired               \nbody{}    | object | Тело ответа.             | Нет | N/A                                \ntimestamp | string | Время ответа.            | Да  | 2024-01-21T13:34:31.067240345+03:00\n---Table End---\nh2h2h2\nПример ответа с ошибкой​\n\ncodecodecode\n{\"code\": \"ERROR\",\"message\": \"Jwe token is expired\",\"body\": null,\"timestamp\": \"2024-01-21T13:51:59.654427798+03:00\"}"
}