{
    "meta": {
        "language": "ru",
        "parse_date": "2024-07-06T19:32:45.268273",
        "current_url": "https://www.rustore.ru/help/users/policies/protect-device/",
        "doc_section": "users",
        "h1_text": "Советы по безопасности: Защитите свое устройство с помощью рекомендаций по безопасности"
    },
    "text": "h1h1h1\nСоветы по безопасности: Защитите свое устройство с помощью рекомендаций по безопасности\nparagraphparagraphparagraph\nСледуйте рекомендациям по безопасности, чтобы защитить свое устройство.\nВсегда загружайте приложения из надежных источников.Скачивайте и обновляйте приложения только из официальных магазинов приложений, таких какrustore.ru (https://www.rustore.ru/).\n**Устанавливаете только лицензированные приложения.**Установка «пиратских» копий приложений может привести к получению мошенниками доступа к вашим банковским приложениям.\nЗаметили подозрительную активность телефона?Ваше устройство отправляет СМС, пытается позвонить на незнакомые номера или самостоятельно открывает приложения? – Срочно отключите передачу данных и переведите телефон в «Авиарежим». Запустите сканирование устройства на наличие вирусов. Удалите все подозрительные и неиспользуемые приложения.\nРегулярно обновляйте операционную систему.Включите в настройках обновления операционной системы функцию «Автоматическая загрузка» для получения регулярных обновлений.\nНе используйте слабые пароли.Установите для приложений надежные пароли, чтобы мошенникам было сложнее их подобрать. Использование уникальных паролей для каждого приложения обезопасит вас от их действий.\nНе переходите по ненадежным ссылкам.Не отвечайте на сообщение и не нажимайте на ссылку, отправленную вам через СМС, электронную почту или чат-мессенджеры от незнакомых людей и компаний. При необходимости свяжитесь с компанией-отправителем напрямую.\n**Не скачивайте программы по просьбе незнакомцев.**Позвонили с незнакомого номера и просят установить приложение на ваше устройство? Скорее всего, вам звонят мошенники. Не переходите по ссылкам, которые присылают во время звонка, и не устанавливайте навязываемые приложения. Всю необходимую информацию ищите на официальных сайтах, а безопасные программы – в магазинах приложений.\nИспользуйте двухфакторную аутентификацию при любой возможности.Двухфакторная аутентификация — это дополнительный уровень безопасности, который гарантирует, что доступ к вашей учетной записи сможете получить только вы, даже если пароль стал известен кому-то еще.\nИспользуйте код-пароль для разблокировки устройств.Настройте код-пароль на устройстве, чтобы защитить на нем свои данные в случае потери. Если устройство поддерживает технологию Touch ID или Face ID, используйте их."
}