{
    "meta": {
        "language": "ru",
        "parse_date": "2024-07-06T19:58:21.235883",
        "current_url": "https://www.rustore.ru/help/sdk/rustore-geo/map-display-services/interactive-map/geometry/",
        "doc_section": "sdk",
        "h1_text": "4. География и геометрия"
    },
    "text": "h1h1h1\n4. География и геометрия\n\nh2h2h2\nLngLat​\nparagraphparagraphparagraph\nОбъектLngLatсостоит из долготы и широты (в градусах). Эти координаты основаны на стандарте WGS84 (EPSG:4326). MMR GL использует порядок координат долготы и широты (в отличие от широты и долготы) в соответствии со спецификацией GeoJSON. Обратите внимание, что любой метод MMR GL, принимающий объект LngLat в качестве аргумента или опции, также может принимать массив из двух чисел и выполнять неявное преобразование. Этот гибкий тип документирован какLngLatLike.\nsrc/geo/lng_lat.js\nh3h3h3\nПараметры​\nparagraphparagraphparagraph\nlng:number— долгота в градусах;\nlat:number— широта в градусах.\ncodecodecode\nvarll=newmmrgl.LngLat(-123.9749,40.7736);ll.lng;// = -123.9749\nh3h3h3\nstatic-методы​\n\n---Table Start---\nconvert(input) | Преобразует массив из двух чисел или объект со свойствами lng и lat или lon и lat в объект LngLat . Если передается объект LngLat , функция возвращает его без изменений. Используемый параметр: input:LngLatLike , массив из двух чисел или объект для преобразования, или объект LngLat для возврата. См. пример ниже. var arr = [ - 73.9749 , 40.7736 ] ; var ll = mmrgl . LngLat . convert ( arr ) ; ll ; // = LngLat {lng: -73.9749, lat: 40.7736}\n---Table End---\nh3h3h3\ninstance-методы​\n\n---Table Start---\ndistanceTo(lngLat) | Возвращает приблизительное расстояние между парой координат в метрах, используя формулу Хаверсина (из R. W. Sinnott, «Добродетели Хаверсина», Sky and Telescope, vol. 68, no. 2, 1984, p. 159). Используется параметр lngLat:LngLat , координаты для вычисления расстояния до цели. См. пример ниже. var newYork = new mmrgl . LngLat ( - 74.0060 , 40.7128 ) ; var losAngeles = new mmrgl . LngLat ( - 118.2437 , 34.0522 ) ; newYork . distanceTo ( losAngeles ) ; // = 3935751.690893987, \"истинное расстояние\" с использованием несферического приближения составляет ~3966 км\ntoArray()          | Возвращает координаты, представленные в виде массива из двух чисел. См. пример ниже. var ll = new mmrgl . LngLat ( - 73.9749 , 40.7736 ) ; ll . toArray ( ) ; // = [-73.9749, 40.7736]                                                                                                                                                                                                                                                                                                                                                                                            \ntoBounds(radius)   | Возвращает LngLatBounds из координат, расширенных на заданный радиус. Возвращаемый LngLatBounds полностью содержит радиус. Используется параметр radius:number (по умолчанию 0 ) — расстояние в метрах от координат для расширения границ. См. пример ниже. var ll = new mmrgl . LngLat ( - 73.9749 , 40.7736 ) ; ll . toBounds ( 100 ) . toArray ( ) ; // = [[-73.97501862141328, 40.77351016847229], [-73.97478137858673, 40.77368983152771]]                                                                                                                                   \ntoString()         | Возвращает координаты, представленные в виде строки. См. пример ниже. var ll = new mmrgl . LngLat ( - 73.9749 , 40.7736 ) ; ll . toString ( ) ; // = \"LngLat(-73.9749, 40.7736)\"                                                                                                                                                                                                                                                                                                                                                                                                  \nwrap()             | Возвращает новый объект LngLat , долгота которого обернута в диапазон (-180, 180). См. пример ниже. var ll = new mmrgl . LngLat ( 286.0251 , 40.7736 ) ; var wrapped = ll . wrap ( ) ; wrapped . lng ; // = -73.9749                                                                                                                                                                                                                                                                                                                                                              \n---Table End---\nh2h2h2\nLngLatLike​\nparagraphparagraphparagraph\nLngLat может быть массивом из двух чисел (долгота и широта), или объектом со свойствамиlngиlatилиlonиlat.\nsrc/geo/lng_lat.js\nСм. пример ниже.\ncodecodecode\nvarv1=newmmrgl.LngLat(-122.420679,37.772537);varv2=[-122.420679,37.772537];varv3={lon:-122.420679,lat:37.772537};\nh2h2h2\nLngLatBounds​\nparagraphparagraphparagraph\nОбъектLngLatBoundsпредставляет собой границу, определяемую ее юго-западной и северо-восточной точками в долготе и широте.\nЕсли аргументы не предоставлены, создается граница со значениемnull.\nadmonitionadmonitionadmonition\nк сведению\nparagraphparagraphparagraph\nЛюбой метод MMR GL, принимающий объектLngLatBoundsв качестве аргумента или опции, также может принимать массив из двухLngLatLikeконструкций и выполнять неявное преобразование. Этот гибкий тип задокументирован какLngLatBoundsLike.\nsrc/geo/lng_lat_bounds.js\nparagraphparagraphparagraph\nЛюбой метод MMR GL, принимающий объектLngLatBoundsв качестве аргумента или опции, также может принимать массив из двухLngLatLikeконструкций и выполнять неявное преобразование. Этот гибкий тип задокументирован какLngLatBoundsLike.\nsrc/geo/lng_lat_bounds.js\nh3h3h3\nПараметры​\nparagraphparagraphparagraph\nsw:number— долгота в градусах;\nne:number— широта в градусах.\nh3h3h3\nstatic-методы​\n\n---Table Start---\nconvert(input) | Преобразует массив в объект LngLatBounds . Если передается объект LngLatBounds , функция возвращает его без изменений. Внутренне функция вызывает LngLat#convert для преобразования массивов в значения LngLat . Используется параметр input:LngLatBoundsLike , массив из двух координат для преобразования или объект LngLatBounds для возврата. См. пример ниже. var arr = [ [ - 73.9876 , 40.7661 ] , [ - 73.9397 , 40.8002 ] ] ; var llb = mmrgl . LngLatBounds . convert ( arr ) ; llb ; // = LngLatBounds {_sw: LngLat {lng: -73.9876, lat: 40.7661}, _ne: LngLat {lng: -73.9397, lat: 40.8002}}\n---Table End---\nh3h3h3\ninstance-методы​\n\n---Table Start---\ncontains(lnglat) | Проверьте, находится ли точка внутри ограничивающего прямоугольника. Используемый параметр — lnglat:LngLatLike . См. пример ниже. var llb = new mmrgl . LngLatBounds ( new mmrgl . LngLat ( - 73.9876 , 40.7661 ) , new mmrgl . LngLat ( - 73.9397 , 40.8002 ) ) ; var ll = new mmrgl . LngLat ( - 73.9567 , 40.7789 ) ; console . log ( llb . contains ( ll ) ) ; // = true\nextend(obj)      | Расширьте границы, чтобы включить данный LngLatLike или LngLatBounds . Используемый параметр — obj: ( LngLatLike | LngLatBoundsLike ) объект для расширения.                                                                                                                                                                                                                \ngetCenter()      | Возвращает географическую координату, равноудаленную от углов ограничивающего прямоугольника. См. пример ниже. var llb = new mmrgl . LngLatBounds ( [ - 73.9876 , 40.7661 ] , [ - 73.9397 , 40.8002 ] ) ; llb . getCenter ( ) ; // = LngLat {lng: -73.96365, lat: 40.78315}                                                                                                 \ngetEast()        | Возвращает восточный край ограничивающего прямоугольника.                                                                                                                                                                                                                                                                                                                   \ngetNorth()       | Возвращает северный край ограничивающего прямоугольника.                                                                                                                                                                                                                                                                                                                    \ngetNorthEast()   | Возвращает северо-восточный угол ограничивающего прямоугольника.                                                                                                                                                                                                                                                                                                            \ngetNorthWest()   | Возвращает северо-западный угол ограничивающего прямоугольника.                                                                                                                                                                                                                                                                                                             \ngetSouth()       | Возвращает южный край ограничивающего прямоугольника.                                                                                                                                                                                                                                                                                                                       \ngetSouthEast()   | Возвращает юго-восточный угол ограничивающего прямоугольника.                                                                                                                                                                                                                                                                                                               \ngetSouthWest()   | Возвращает юго-западный угол ограничивающего прямоугольника.                                                                                                                                                                                                                                                                                                                \ngetWest()        | Возвращает западный край ограничивающего прямоугольника.                                                                                                                                                                                                                                                                                                                    \nisEmpty()        | Проверьте, является ли ограничивающая рамка пустой/нулевой.                                                                                                                                                                                                                                                                                                                 \nsetNorthEast(ne) | Установите северо-восточный угол ограничивающего прямоугольника. Используемый параметр: ne:LngLatLike установите северо-восточный угол ограничивающего прямоугольника                                                                                                                                                                                                       \nsetSouthWest(sw) | Установите юго-западный угол ограничительной рамки. Используемый параметр — ne:LngLatLike объект, описывающий юго-западный угол ограничивающего прямоугольник.                                                                                                                                                                                                              \ntoArray()        | Возвращает ограничивающую рамку, представленную в виде массива. См. пример ниже. var llb = new mmrgl . LngLatBounds ( [ - 73.9876 , 40.7661 ] , [ - 73.9397 , 40.8002 ] ) ; llb . toArray ( ) ; // = [[-73.9876, 40.7661], [-73.9397, 40.8002]]                                                                                                                             \ntoString()       | Возвращает ограничивающую рамку, представленную в виде строки. См. пример ниже. var llb = new mmrgl . LngLatBounds ( [ - 73.9876 , 40.7661 ] , [ - 73.9397 , 40.8002 ] ) ; llb . toString ( ) ; // = \"LngLatBounds(LngLat(-73.9876, 40.7661), LngLat(-73.9397, 40.8002))\"                                                                                                   \n---Table End---\ncodecodecode\nvarsw=newmmrgl.LngLat(-73.9876,40.7661);varne=newmmrgl.LngLat(-73.9397,40.8002);varllb=newmmrgl.LngLatBounds(sw,ne);\nh2h2h2\nLngLatBoundsLike​\nparagraphparagraphparagraph\nОбъектLngLatBoundsявляется массивом изLngLatLikeобъектов в порядке[sw, ne]или массив чисел в порядке[west, south, east, north].\nsrc/geo/lng_lat_bounds.js\nСм. пример ниже.\ncodecodecode\nvarv1=newmmrgl.LngLatBounds(newmmrgl.LngLat(-73.9876,40.7661),newmmrgl.LngLat(-73.9397,40.8002));varv2=newmmrgl.LngLatBounds([-73.9876,40.7661],[-73.9397,40.8002])varv3=[[-73.9876,40.7661],[-73.9397,40.8002]];\nh2h2h2\nPoint​\nparagraphparagraphparagraph\nОбъектPointсостоит из x и y, указывает расположение точки на карте.\nsrc/ui/map.js\nСм. пример ниже.\ncodecodecode\nvarpoint=newmmrgl.Point(-77,38);\nh2h2h2\nPointLike​\nparagraphparagraphparagraph\nОбъектPointили массив из двух чисел, представляющих координаты экрана x и y в пикселях.\nsrc/ui/map.js\nСм. пример ниже.\ncodecodecode\nvarp1=newmmrgl.Point(-77,38);// a PointLike which is a Pointvarp2=[-77,38];// a PointLike which is an array of two numbers\nh2h2h2\nMercatorCoordinate​\nparagraphparagraphparagraph\nMercatorCoordinateобъект представляет собой трехмерное положение.\nMercatorCoordinateиспользует веб-проекцию меркатора (EPSG:3857) с немного другими единицами измерения:\nразмер 1 единицы измерения — это ширина проецируемого мира (вместо «метра меркатора»);\nначало координат пространства находится в северо-западном углу, а не в середине.\nh3h3h3\nПараметры​\nparagraphparagraphparagraph\nx:number— позиция X;\ny:number— позиция Y;\nz:number— позиция Z.\nh3h3h3\nstatic-методы​\n\n---Table Start---\nfromLngLat(lngLatLike, altitude) | Спроецируйте LngLat на MercatorCoordinate . Параметры: • lngLatLike:LngLatLike , место для проекта; • altitude:number (по умолчанию 0 ) — высота в метрах позиции. var coord = mmrgl . MercatorCoordinate . fromLngLat ( { lng : 0 , lat : 0 } , 0 ) ; coord ; // MercatorCoordinate(0.5, 0.5, 0)\n---Table End---\nh3h3h3\ninstance-методы​\n\n---Table Start---\nmeterInMercatorCoordinateUnits() | Возвращает расстояние в 1 метр в MercatorCoordinate единицах на данной широте. Для координат в реальных единицах измерения, использующих метры, это, естественно, обеспечивает масштаб для преобразования в MercatorCoordinate\ntoAltitude()                     | Возвращает высоту в метрах от координаты. См. пример ниже. var coord = new mmrgl . MercatorCoordinate ( 0 , 0 , 0.02 ) ; coord . toAltitude ( ) ; // 6914.281956295339                                                        \ntoLngLat()                       | Возвращает LngLat для координаты. См. пример ниже. var coord = new mmrgl . MercatorCoordinate ( 0.5 , 0.5 , 0 ) ; var lngLat = coord . toLngLat ( ) ; // LngLat(0, 0)                                                         \n---Table End---\ncodecodecode\nvarnullIsland=newmmrgl.MercatorCoordinate(0.5,0.5,0);\nh2h2h2\nEdgeInsets​\nparagraphparagraphparagraph\nОбъектEdgeInsetпредставляет собой заполнение экрана, примененное к краям вьюпорта (viewport). Это смещает видимый центр или точку схода карты. Это полезно для добавления плавающих элементов пользовательского интерфейса поверх карты и смещения точки схода при изменении размера элементов пользовательского интерфейса.\nsrc/geo/edge_insets.js\nh3h3h3\nПараметры​\nparagraphparagraphparagraph\ntop:number— по умолчанию0;\nbottom:number— по умолчанию0;\nleft:number— по умолчанию0;\nright:number— по умолчанию0.\nh3h3h3\nstatic-методы​\n\n---Table Start---\ngetCenter(width, height)      | Служебный метод, который вычисляет новый центр приложения или точку схода после применения вставок. В пикселях и с верхним левым значением ( 0.0 ) и +y вниз. Параметры: • width:number ширина карты в пикселях;\n• height: number высота карты в пикселях.                                    \ninterpolate(start, target, t) | Интерполирует вставку на месте. При этом сохраняется текущее значение вставки для любой вставки, отсутствующей в target . Параметры: • start: (PaddingOptions | EdgeInsets) , параметры отступов.\n• target:PaddingOptionsп параметры отступов для target .\n• t:number переменная интерполяции.\ntoJSON()                      | Возвращает текущее состояние в виде JSON, что полезно, если вы хотите иметь представление вставки только для чтения.                                                                                                                                                                          \n---Table End---"
}