{
    "meta": {
        "language": "ru",
        "parse_date": "2024-07-06T20:04:34.322736",
        "current_url": "https://www.rustore.ru/help/sdk/reviews-ratings/flutter/history/",
        "doc_section": "sdk",
        "h1_text": "История обновлений"
    },
    "text": "h1h1h1\nИстория обновлений\n\nh2h2h2\nВерсия 6.0.0​\nparagraphparagraphparagraph\nВнутреннее обновление SDK.\nh2h2h2\nВерсия 2.0.1​\nparagraphparagraphparagraph\nИсправления багов.\nh2h2h2\nВерсия 2.0.0​\nparagraphparagraphparagraph\nВнутреннее обновление SDK.\nh2h2h2\nВерсия 1.0.0​\nparagraphparagraphparagraph\nВнутреннее обновление SDK.\nh2h2h2\nВерсия 0.0.4​\nparagraphparagraphparagraph\nВнутреннее обновление SDK.\nh2h2h2\nВерсия 0.0.3​\nparagraphparagraphparagraph\nРелизная версия."
}