{
    "meta": {
        "language": "ru",
        "parse_date": "2024-07-06T20:01:00.407596",
        "current_url": "https://www.rustore.ru/help/sdk/rustore-geo/additional-services/determining-the-time-zone/",
        "doc_section": "sdk",
        "h1_text": "Определение часового пояса"
    },
    "text": "h1h1h1\nОпределение часового пояса\nparagraphparagraphparagraph\n/timezone— точка вызова сервиса для определения часового пояса в любой точке земли, а также смещения времени относительно UTC.\nh2h2h2\nЗапрос​\n\nh3h3h3\nОбязательные параметры запроса​\n\n---Table Start---\napi_key | hex-string | Доступ к сервисам .                                                                                                                                                                                                                                      | fa749bace6d8a3b1....\nq       | string     | Тело поискового запроса. Для обратного геокодирования — координаты в формате lat , lon , где: lat — широта искомой точки в градусах (используется 6 знаков после запятой); lon — долгота искомой точки в градусах (используется 6 знаков после запятой). | q=55.479205,37.32733\n---Table End---\nh3h3h3\nДополнительные параметры запроса​\n\n---Table Start---\ntimestamp | unix timestamp | Временная метка в зоне UTC для которой будет вычислены параметры таймзоны. Если не указана — будет использовано текущее время. | timestamp=1264753640\n---Table End---\nh2h2h2\nОтвет​\n\n---Table Start---\ntzid         | string | Идентификатор часового пояса, определённый проектом CLDR .               | \"tzid\": \"Europe/Moscow\"\ntzname_short | string | Короткое название часового пояса.                                        | \"tzname_short\": \"MSK\"  \nutc_delta    | int    | Смещение часового пояса запрошенного местоположения от UTC. (в секундах) | \"utc_delta\": 10800     \n---Table End---\nh2h2h2\nПример​\n\nh3h3h3\nЗапрос​\n\ncodecodecode\nhttps://geo.rustore.ru/api/timezone?api_key=<YOUR_API_KEY>&q=55.479205,37.32733\nh3h3h3\nОтвет​\n\ncodecodecode\n{\"request\":\"/v1/timezone?api_key&q=55.479205,37.32733\",\"results\":[{\"tzid\":\"Europe/Moscow\",\"utc_delta\":10800}]}"
}