{
    "meta": {
        "language": "ru",
        "parse_date": "2024-07-06T19:40:38.902264",
        "current_url": "https://www.rustore.ru/help/developers/developer-statistics/push-notification-stat/",
        "doc_section": "developers",
        "h1_text": "Как использовать статистику push-уведомлений для оптимизации взаимодействия с пользователями"
    },
    "text": "h1h1h1\nКак использовать статистику push-уведомлений для оптимизации взаимодействия с пользователями\nparagraphparagraphparagraph\nВКонсоли RuStoreможно просматривать статистику по push-уведомлениям для опубликованных приложений.\nСтатистика рассчитывается на основании данных для каждого приложения, в котором настроены push-уведомления.\nКак просмотреть статистику по push-уведомлениям?\nОткройтеКонсоль RuStore (https://console.rustore.ru/sign-in).\nВыберите «Приложения» в верхнем меню.\nПерейдите на вкладку «Push-уведомления → Статистика по Push-уведомлениям».\nadmonitionadmonitionadmonition\nподсказка\nparagraphparagraphparagraph\nДанные статистики по push-уведомлениям отображаются через день после публикации новой версии приложения.\nНа странице статистики по push-уведомлениям отображается количество:\nвсех отправленных push-уведомлений;\nдоставленных push-уведомлений;\nпользователей, которые перешли в приложение, кликнув на push-уведомление.\nparagraphparagraphparagraph\nДанные статистики по push-уведомлениям отображаются через день после публикации новой версии приложения.\nНа странице статистики по push-уведомлениям отображается количество:\nвсех отправленных push-уведомлений;\nдоставленных push-уведомлений;\nпользователей, которые перешли в приложение, кликнув на push-уведомление."
}