{
    "meta": {
        "language": "ru",
        "parse_date": "2024-07-06T20:03:59.824655",
        "current_url": "https://www.rustore.ru/help/sdk/reviews-ratings/godot/1-0-0/",
        "doc_section": "sdk",
        "h1_text": "1.0.0"
    },
    "text": "h1h1h1\n1.0.0\n\nh2h2h2\nОбщие сведения​\nparagraphparagraphparagraph\nRuStore In-app Review SDK предлагает пользователю оставить оценку и отзыв о вашем приложении в RuStore, не выходя из приложения.\nПользовательский сценарий оценки и отзыва может быть запущен в любое время на протяжении всего пути пользователя в вашем приложении. Пользователь может оценить ваше приложение по шкале от 1 до 5 и оставить отзыв. Отзыв является опциональным.\nh2h2h2\nПример реализации​\nparagraphparagraphparagraph\nОзнакомьтесь сприложением-примеромчтобы узнать, как правильно интегрировать SDK отзывов и оценок.\nh2h2h2\nПример пользовательского сценария​\n\nh2h2h2\nУсловия корректной работы SDK​\nparagraphparagraphparagraph\nДля работы SDK оценок и отзывов необходимо соблюдение следующих условий.\nОС Android версии 7.0 или выше\nНа устройстве пользователя установлена актуальная версия RuStore\nПользователь авторизован в RuStore\nПриложение должно быть опубликовано в RuStore\nh2h2h2\nКогда запрашивать оценку и отзыв​\nparagraphparagraphparagraph\nСледуйте рекомендациям, чтобы решить, в какой момент запросить оценку и отзыв о приложении у пользователя (см. ниже).\nЗапускайте процесс после того, как пользователь достаточно использовал ваше приложение.\nНе запускайте процесс слишком часто — это ухудшит опыт пользователя вашего приложения и ограничит использование SDK оценок.\nНе используйте призывы к действию, например, кнопку «Оценить приложение» — пользователь уже мог исчерпать лимит запуска процесса.\nВаше приложение не должно задавать какие-либо вопросы пользователю перед запуском или во время процесса, в том числе вопросы об их мнении (например, «Вам нравится приложение?») или прогнозирующие вопросы (например, «Вы бы поставили этому приложению 5 звёзд?»).\nh2h2h2\nРекомендации к дизайну​\nparagraphparagraphparagraph\nСледуйте рекомендациям, чтобы решить, как интегрировать процесс.\nОтображайте процесс как есть, без какого-либо вмешательства или изменения текущего дизайна, включая размер, непрозрачность, форму и другие свойства.\nНичего не добавляйте поверх или по краям процесса.\nПроцесс должен открываться поверх всех слоёв. После запуска процесса не закрывайте его. Процесс завершится самостоятельно после явного действия пользователя.\nh2h2h2\nПодключение в проект​\nparagraphparagraphparagraph\nСкопируйте проекты плагина из официального репозитория RuStore наGitFlic (https://gitflic.ru/project/rustore/rustore-godot-review-example).\nОткройте в вашей IDE проект Android из папкиgodot_plugin_libraries.\nПоместите в папкуgodot_plugin_libraries / libsпакетgodot-lib.xxx.yyy.template_release.aar, где xxx.yyy версия вашей редакции Godot Engine.\nВыполните сборку проекта командойgradle assemble.\nRuStoreGodotReview.gdap\nRuStoreGodotReview.aar\nRuStoreGodotCore.gdap\nRuStoreGodotCore.aar\nadmonitionadmonitionadmonition\nпредупреждение\nparagraphparagraphparagraph\nОбратите особое внимание, что библиотеки плагинов должны быть собраны под вашу версию Godot Engine.\nСкопируйте содержимое папкиgodot_example/android/pluginsв папкуyour_project/android/plugins.\nВ пресете сборки Android в спискеПлагиныотметьте плагиныRu Store Godot ReviewиRu Store Godot Core.\nparagraphparagraphparagraph\nОбратите особое внимание, что библиотеки плагинов должны быть собраны под вашу версию Godot Engine.\nСкопируйте содержимое папкиgodot_example/android/pluginsв папкуyour_project/android/plugins.\nВ пресете сборки Android в спискеПлагиныотметьте плагиныRu Store Godot ReviewиRu Store Godot Core.\nh2h2h2\nРабота с оценками​\n\nh3h3h3\nПодготовка к работе с оценками​\nparagraphparagraphparagraph\nДля работы с оценками необходимо создать экземплярRuStoreGodotReviewManager.\nИнициализация\ncodecodecode\nvar_review_client:RuStoreGodotReviewManager=nullfunc _ready:_review_client=RuStoreGodotReviewManager.get_instance()\nh3h3h3\nПодготовка к запуску оценки приложения​\nparagraphparagraphparagraph\nПеред использованием метода необходимо единожды выполнить подписку на события:\non_request_review_flow_success;\non_request_review_flow_failure.\ncodecodecode\nПодписка на событияfunc_ready():# Инициализация _review_client_review_client.on_request_review_flow_success.connect(_on_request_review_flow_success)_review_clientt.on_request_review_flow_failure.connect(_on_request_review_flow_failure)func_on_request_review_flow_success():passfunc_on_request_review_flow_failure(error:RuStoreError):pass\ncodecodecode\nВызов метода request_review_flow_review_client.request_review_flow()\nadmonitionadmonitionadmonition\nк сведению\nparagraphparagraphparagraph\nСписок возможных ошибок (https://rustore.ru/help#%D0%BE%D0%B1%D1%80%D0%B0%D0%B1%D0%BE%D1%82%D0%BA%D0%B0-%D0%BE%D1%88%D0%B8%D0%B1%D0%BE%D0%BA)\nparagraphparagraphparagraph\nСписок возможных ошибок (https://rustore.ru/help#%D0%BE%D0%B1%D1%80%D0%B0%D0%B1%D0%BE%D1%82%D0%BA%D0%B0-%D0%BE%D1%88%D0%B8%D0%B1%D0%BE%D0%BA)\nh3h3h3\nЗапуск оценки приложения​\nparagraphparagraphparagraph\nПеред использованием метода необходимо единожды выполнить подписку на события:\non_request_review_flow_success;\non_request_review_flow_failure.\ncodecodecode\nПодписка на событияfunc_ready():# Инициализация _review_client_review_client.on_launch_review_flow_success.connect(_on_launch_review_flow_success)_review_client.on_launch_review_flow_failure.connect(_on_launch_review_flow_failure)func_on_launch_review_flow_success():passfunc_on_launch_review_flow_failure(error:RuStoreError):pass\ncodecodecode\nВызов метода launch_review_flow_review_client.launch_review_flow()\nadmonitionadmonitionadmonition\nк сведению\nparagraphparagraphparagraph\nСписок возможных ошибок (https://rustore.ru/help#%D0%BE%D0%B1%D1%80%D0%B0%D0%B1%D0%BE%D1%82%D0%BA%D0%B0-%D0%BE%D1%88%D0%B8%D0%B1%D0%BE%D0%BA)\nparagraphparagraphparagraph\nСписок возможных ошибок (https://rustore.ru/help#%D0%BE%D0%B1%D1%80%D0%B0%D0%B1%D0%BE%D1%82%D0%BA%D0%B0-%D0%BE%D1%88%D0%B8%D0%B1%D0%BE%D0%BA)\nh2h2h2\nОбработка ошибок​\nparagraphparagraphparagraph\n\nСтруктура ошибки\ncodecodecode\nclass_nameRuStoreErrorextendsObjectvardescription:Stringfunc_init(json:String=\"\"):ifjson==\"\":description=\"\"else:varobj=JSON.parse_string(json)description=obj[\"detailMessage\"]\nparagraphparagraphparagraph\ndescription– описание ошибки.\nRuStoreNotInstalledException— на устройстве пользователя не установлен RuStore;\nRuStoreOutdatedException— версия RuStore, установленная на устройстве пользователя, не поддерживает платежи;\nRuStoreUserUnauthorizedException— пользователь не авторизован в RuStore;\nRuStoreRequestLimitReached— с момента последнего отображения процесса прошло слишком мало времени;\nRuStoreReviewExists— этот пользователь уже оценил ваше приложение;\nRuStoreInvalidReviewInfo— проблемы сReviewInfo;\nRuStoreException— базовая ошибка RuStore, от которой наследуются остальные ошибки."
}