{
    "meta": {
        "language": "ru",
        "parse_date": "2024-07-06T19:29:06.391964",
        "current_url": "https://www.rustore.ru/help/work-with-rustore-api/api-upload-publication-app/get-version-status/",
        "doc_section": "",
        "h1_text": "Получение статуса версий приложений"
    },
    "text": "h1h1h1\nПолучение статуса версий приложений\nparagraphparagraphparagraph\nМетод позволяет получить базовую информацию по версии, а также проверить статус версии\nОграничения:\nпо умолчанию на каждой странице отображается по 20 версий, вы можете отображать до 100 версий на странице, указав значение в параметреsize;\nсовместно использовать параметры пагинации и фильтрации по 1 версии — нельзя (либо пагинация с указанием пары параметровpageиsizeлибоids).\nh2h2h2\nПараметры взаимодействия​\nparagraphparagraphparagraph\nGET\nhttps://public-api.rustore.ru/public/v1/application/{packageName}/version?ids=704095&page=0&size=2\n---Table Start---\nPublic-Token | string | Да  | header | Токен доступа к Public API Rustore .                                         | N/A              \npackageName  | string | Да  | path   | Имя пакета приложения.                                                       | com.myapp.example\nids          | number | Нет | query  | id конкретной версии. Задается при необходимости получить конкретную версию. | 743103           \npage         | number | Нет | query  | Номер страницы. Начинается с 0 .                                             | 0                \nsize         | number | Нет | query  | Количество отзывов на странице. • По умолчанию — 20 . • Максимально — 100 .  | 100              \n---Table End---\nh2h2h2\nПараметры ответа​\n\n---Table Start---\ncode      | string      | Да  | Код ответа.              | error / OK                       \nmessage   | string      | Нет | Расшифровка кода ответа. | N/A                              \ntimestamp | timestamptz | Да  | Время ответа.            | 2022-07-08T13:24:41.8328711+03:00\nbody{}    | object      | Да  | N/A                      | N/A                              \n---Table End---\nh3h3h3\nbody​\n\n---Table Start---\ncontent[]     | massive | Да | Массив, содержащий список версий. | N/A\npageNumber    | number  | Да | Номер текущей страницы.           | 0  \npageSize      | number  | Да | Размер страницы.                  | 2  \ntotalElements | number  | Да | Всего элементов.                  | 5  \ntotalPages    | number  | Да | Всего страниц.                    | 3  \n---Table End---\nh3h3h3\nbody.content[]​\n\n---Table Start---\nversionId        | number      | Да | id версии.                     | 704372                                                                                                                                                                                                                                                                                                                                                                                                                                                                                                                                                                                                                                                                                                  \nappName          | string      | Да | Название приложения.           | Тест API                                                                                                                                                                                                                                                                                                                                                                                                                                                                                                                                                                                                                                                                                                \nappType          | string      | Да | Тип приложения.                | MAIN или GAME                                                                                                                                                                                                                                                                                                                                                                                                                                                                                                                                                                                                                                                                                           \nversionName      | string      | Да | Номер версии.                  | 1.0                                                                                                                                                                                                                                                                                                                                                                                                                                                                                                                                                                                                                                                                                                     \nversionCode      | number      | Да | Код версии.                    | 6                                                                                                                                                                                                                                                                                                                                                                                                                                                                                                                                                                                                                                                                                                       \nversionStatus    | string      | Да | Статус версии.                 | Возможные занчения: • ACTIVE – версия опубликована; • PARTIAL_ACTIVE – версия опубликована на заданный процент пользователей; • READY_FOR_PUBLICATION – версия одобрена модератором; PREVIOUS_ACTIVE – предыдущая активная версия; • ARCHIVED – версия находится в архиве, • REJECTED_BY_MODERATOR – версия отклонена модератором; • TAKEN_FOR_MODERATION – версия находится на модерации; • MODERATION – версия ожидает действий от модератора; • AUTO_CHECK – автоматическая проверка антивирусом Касперского; • AUTO_CHECK_FAILED – автоматическая проверка не пропустила APK; • DRAFT – черновик версии; • DELETED_DRAFT – черновик удалён; • REJECTED_BY_SECURITY – версия отклонена со стороны ИБ.\npublishType      | string      | Да | Тип публикации.                | Возможные значения: • MANUAL ; • INSTANTLY ; • DELAYED .                                                                                                                                                                                                                                                                                                                                                                                                                                                                                                                                                                                                                                                \npublishDateTime  | timestamptz | Да | время отложенной публикации    | 2023-08-04T09:36:06.431+00:00                                                                                                                                                                                                                                                                                                                                                                                                                                                                                                                                                                                                                                                                           \nsendDateForModer | timestamptz | Да | Время отправки на модерацию    | 2023-08-11T12:03:06.303+00:00                                                                                                                                                                                                                                                                                                                                                                                                                                                                                                                                                                                                                                                                           \npartialValue     | number      | Да | % для частичной публикации.    | -1 = 100% Остальные значения соответвуют                                                                                                                                                                                                                                                                                                                                                                                                                                                                                                                                                                                                                                                                \nwhatsNew         | string      | Да | Сведения об изменениях.        | Исправили баги                                                                                                                                                                                                                                                                                                                                                                                                                                                                                                                                                                                                                                                                                          \npriceValue       | number      | Да | Цена, если приложение платное. | 0                                                                                                                                                                                                                                                                                                                                                                                                                                                                                                                                                                                                                                                                                                       \npaid             | boolean     | Да | Платное ли приложение.         | true / false                                                                                                                                                                                                                                                                                                                                                                                                                                                                                                                                                                                                                                                                                            \n---Table End---\nparagraphparagraphparagraph\nACTIVE— версия опубликована;\nPARTIAL_ACTIVE— версия с частичной публикацией на процент пользователей опубликована;\nREADY_FOR_PUBLICATION— версия одобрена модератором;\nPREVIOUS_ACTIVE— предыдущая активная версия;\nARCHIEVED— версия находится в архиве;\nREJECTED_BY_MODERATOR— версия отклонена модератором;\nTAKEN_FOR_MODERATION— версия находится на модерации у модератора;\nMODERATION— ожидает модерацию со стороны модератора;\nAUTO_CHECK— автоматическая проверка.apkКасперским;\nAUTO_CHECK_FAILED— автоматическая проверка не пропустила.apk;\nDRAFT— черновик версии;\nDELETED_DRAFT— черновик удалён;\nREJECTED_BY_SECURITY— версия отклонена со стороны ИБ.\nh2h2h2\nПример запроса​\n\ncodecodecode\ncurl --location 'https://public-api.rustore.ru/public/v1/application/com.example.pblsh_v2/version?page=0&size=2' \\--header 'accept: application/json' \\--header 'Public-Token: {YOURtoken}’\nh2h2h2\nПример ответа​\n\ncodecodecode\n{\"code\": \"OK\",\"message\": null,\"body\": {\"content\": [{\"versionId\": 704372,\"appName\": \"Тест АПИ\",\"appType\": \"MAIN\",\"versionName\": \"1.0\",\"versionCode\": 6,\"versionStatus\": \"ACTIVE\",\"publishType\": \"MANUAL\",\"publishDateTime\": \"2023-08-14T12:34:43.925+00:00\",\"sendDateForModer\": \"2023-08-11T12:03:06.303+00:00\",\"partialValue\": -1,\"whatsNew\": \"Исправили баги\",\"priceValue\": 0,\"paid\": false},{\"versionId\": 704197,\"appName\": \"PO test API\",\"appType\": \"MAIN\",\"versionName\": \"1.0\",\"versionCode\": 1,\"versionStatus\": \"PREVIOUS_ACTIVE\",\"publishType\": \"INSTANTLY\",\"publishDateTime\": \"2023-08-04T09:36:06.431+00:00\",\"sendDateForModer\": \"2023-08-04T09:20:23.551+00:00\",\"partialValue\": -1,\"whatsNew\": \"Первая версия\",\"priceValue\": 0,\"paid\": false}],\"pageNumber\": 0,\"pageSize\": 2,\"totalElements\": 2,\"totalPages\": 1},\"timestamp\": \"2023-08-14T15:38:50.413186769+03:00\"}"
}