{
    "meta": {
        "language": "ru",
        "parse_date": "2024-07-06T19:43:52.236168",
        "current_url": "https://www.rustore.ru/help/developers/publishing-and-verifying-apps/collect-har-logs/microsoft-edge/",
        "doc_section": "developers",
        "h1_text": "Сбор логов в Microsoft Edge: HAR и RuStore Консоль - подробное руководство для пользователей"
    },
    "text": "h1h1h1\nСбор логов в Microsoft Edge: HAR и RuStore Консоль - подробное руководство для пользователей\n\nh2h2h2\nЧтобы собрать HAR-логи​\nparagraphparagraphparagraph\nНажмите F12 на клавиатуре, чтобы открыть окно инструментов разработчика.\nНажмите «Открыть средства разработчика».\nОткройте выпадающее меню и выберите «Сеть».\nНажмите, чтобы очистить сетевой журнал.\nУстановите флажки «Сохранить журнал» и «Отклюить кэш».\nВоспроизведите проблему.\nНажмите правой кнопкой мыши на любой лог и выберите «Сохранить как все HAR с содержимым», чтобы сохранить HAR-логи.\nВыберите папку для сохранения логов и нажмите «Сохранить».HAR-логи будут собраны и сохранены в указанной папке.\nh2h2h2\nЧтобы собрать консольные логи​\nparagraphparagraphparagraph\nНажмите F12 на клавиатуре, чтобы открыть окно инструментов разработчика.\nНажмите «Открыть средства разработчика».\nОткройте выпадающее меню и выберите «Консоль».\nНажмите правой кнопкой мыши в любой области окна и выберите в контекстном меню «Save as».\nВыберите папку для сохранения логов и нажмите «Сохранить».Консольные логи будут собраны и сохранены в указанной папке."
}