{
    "meta": {
        "language": "ru",
        "parse_date": "2024-07-06T19:37:46.061857",
        "current_url": "https://www.rustore.ru/help/developers/tools/remote-config/ab-testing/experiment-actions/",
        "doc_section": "developers",
        "h1_text": "Как работать с экспериментом"
    },
    "text": "h1h1h1\nКак работать с экспериментом\nparagraphparagraphparagraph\nВы можете протестировать варианты созданного эксперимента, а также остановить, копировать или удалить эксперимент.\nТестирование вариантов помогает предварительно понять, как будут выглядеть изменения, которые вы запланировали. С помощью теста можно сравнить результаты разных изменений. Например, вы можете проверить, как будет выглядеть экран вашего приложения с разными цветами кнопки.\nh2h2h2\nТест вариантов перед запуском эксперимента​\n\nadmonitionadmonitionadmonition\nпредупреждение\nparagraphparagraphparagraph\nПротестировать эксперимент можно, только если он в статусе «Pending». Вы не сможете запустить эксперимент, пока не протестируете добавленные варианты.\nОткройтеRemote Config (https://remote-config.rustore.ru).\nВыберите приложение.\nПерейдите во вкладку «A/B эксперименты».\nВ меню действий выберите нужный эксперимент из списка.\nНа странице редактирования эксперимента нажмите «Тест» в блоке с вариантами.\nНастройте раскатку вариантов.\nparagraphparagraphparagraph\nПротестировать эксперимент можно, только если он в статусе «Pending». Вы не сможете запустить эксперимент, пока не протестируете добавленные варианты.\nОткройтеRemote Config (https://remote-config.rustore.ru).\nВыберите приложение.\nПерейдите во вкладку «A/B эксперименты».\nВ меню действий выберите нужный эксперимент из списка.\nНа странице редактирования эксперимента нажмите «Тест» в блоке с вариантами.\nНастройте раскатку вариантов.\nadmonitionadmonitionadmonition\nпримечание\nparagraphparagraphparagraph\nУкажите названия вариантов и добавьте параметр кода, который укажет, в каком случае работает каждый вариант. Например, для перекрашивания кнопки в красный цвет вы можете назвать Вариант Аredи указать параметр кода1, а для зелёного цвета назвать Вариант Вgreenи указать параметр кода2.\nНажмите «Подтвердить».\nНажмите «Запустить тест».\nparagraphparagraphparagraph\nУкажите названия вариантов и добавьте параметр кода, который укажет, в каком случае работает каждый вариант. Например, для перекрашивания кнопки в красный цвет вы можете назвать Вариант Аredи указать параметр кода1, а для зелёного цвета назвать Вариант Вgreenи указать параметр кода2.\nНажмите «Подтвердить».\nНажмите «Запустить тест».\nadmonitionadmonitionadmonition\nпримечание\nparagraphparagraphparagraph\nВы можете отменить тест после запуска и, при необходимости, тестировать варианты повторно.\nparagraphparagraphparagraph\nВы можете отменить тест после запуска и, при необходимости, тестировать варианты повторно.\nh2h2h2\nКопирование​\nparagraphparagraphparagraph\nОткройтеRemote Config (https://remote-config.rustore.ru).\nВыберите приложение.\nПерейдите во вкладку «A/B эксперименты».\nНайдите эксперимент в списке.\nВ меню действий выберите «Копировать».\nadmonitionadmonitionadmonition\nк сведению\nparagraphparagraphparagraph\nНа открывшейся странице появится копия существующего экспермента с заполненными данными. Отредактируйте их, если нужно.\nНажмите «Сохранить».\nparagraphparagraphparagraph\nНа открывшейся странице появится копия существующего экспермента с заполненными данными. Отредактируйте их, если нужно.\nНажмите «Сохранить».\nh2h2h2\nОстановка​\n\nadmonitionadmonitionadmonition\nпредупреждение\nparagraphparagraphparagraph\nОстановить эксперимент можно, только если он в статусе «Running».\nОткройтеRemote Config (https://remote-config.rustore.ru).\nВыберите приложение.\nПерейдите во вкладку «A/B эксперименты».\nВыберите нужный эксперимент из списка меню действий.\nНа странице просмотра эксперимента нажмите «Остановить».\nparagraphparagraphparagraph\nОстановить эксперимент можно, только если он в статусе «Running».\nОткройтеRemote Config (https://remote-config.rustore.ru).\nВыберите приложение.\nПерейдите во вкладку «A/B эксперименты».\nВыберите нужный эксперимент из списка меню действий.\nНа странице просмотра эксперимента нажмите «Остановить».\nadmonitionadmonitionadmonition\nподсказка\nparagraphparagraphparagraph\nПроведение эксперимента завершится. Статус изменится на «Stopped».\nparagraphparagraphparagraph\nПроведение эксперимента завершится. Статус изменится на «Stopped».\nh2h2h2\nУдаление​\n\nadmonitionadmonitionadmonition\nпредупреждение\nparagraphparagraphparagraph\nУдалить эксперимент можно, если он в статусе «Pending», «Ready to run», «Stopped» или «Finished».\nОткройтеRemote Config (https://remote-config.rustore.ru).\nВыберите приложение.\nПерейдите во вкладку «A/B эксперименты».\nНайдите эксперимент в списке.\nВ меню действий выберите «Удалить».\nparagraphparagraphparagraph\nУдалить эксперимент можно, если он в статусе «Pending», «Ready to run», «Stopped» или «Finished».\nОткройтеRemote Config (https://remote-config.rustore.ru).\nВыберите приложение.\nПерейдите во вкладку «A/B эксперименты».\nНайдите эксперимент в списке.\nВ меню действий выберите «Удалить»."
}