{
    "meta": {
        "language": "ru",
        "parse_date": "2024-07-06T19:33:03.362047",
        "current_url": "https://www.rustore.ru/help/users/",
        "doc_section": "users",
        "h1_text": "Что такое RuStore и как он работает"
    },
    "text": "h1h1h1\nЧто такое RuStore и как он работает\n\nh2h2h2\nЧто такое RuStore​\nparagraphparagraphparagraph\nRuStore — это российский магазин приложений для устройств на Android. В каталоге представлено почти 5 000 игр и сервисов от технологических компаний, банков, мобильных операторов, маркетплейсов и других разработчиков. RuStore был запущен в мае 2022 года и уже является самым большим магазином приложений России с более чем 10 миллионами пользователей.\nRuStore разрабатывают VK и другие крупные IT-компании при поддержке Минцифры РФ, поэтому доступ к привычным приложениям и обновлениям гарантирован при любых переменах.\nОсновной приоритет RuStore — безопасность. Все приложения проверяются на вирусы с помощью систем безопасности «Лаборатории Касперского» и ручной модерации.\nh2h2h2\nДля чего нужен RuStore​\nparagraphparagraphparagraph\nС помощью RuStore можно безопасно скачать, покупать и обновлять сервисы, игры, соцсети, маркетплейсы без ограничений, а также оплачивать подписки и товары в приложениях.\nРазработчики приложений могут загружать в RuStore игры и сервисы, монетизировать их, отвечать на отзывы пользователей и видеть статистику по покупкам.\nВ RuStore представлено 80% самых популярных российских сервисов. Например, официальные приложения СберБанка, ВТБ, Ozon, Wildberries и других крупных компаний.\nh2h2h2\nКак скачать и установить RuStore​\nparagraphparagraphparagraph\nИспользовать RuStore можно на любом устройстве от Android 7.0. Для этого нужно скачать файл приложения RuStore наофициальном сайтеи дать разрешение на установку неизвестных приложений в настройках устройства.\nПосле установки и авторизации можно скачивать бесплатные и платные сервисы и игры, покупать товары внутри приложений и оплачивать подписки с любых карт российских банков. Чтобы каждый раз не вводить данные карты, можно добавить их заранее в личный кабинет.\nТакже пользователи RuStore могут оставлять отзывы на приложения и находить новые сервисы благодаря удобному поиску, который понимает слова вне зависимости от языка или опечаток."
}