{
    "meta": {
        "language": "ru",
        "parse_date": "2024-07-06T19:29:50.908764",
        "current_url": "https://www.rustore.ru/help/users/start/install-on-tv/install-apk-on-tv/",
        "doc_section": "users",
        "h1_text": "Инструкция по установке сборки на ТВ через RuStore: от скачивания до запуска"
    },
    "text": "h1h1h1\nИнструкция по установке сборки на ТВ через RuStore: от скачивания до запуска\nparagraphparagraphparagraph\nЧтобы скачать актуальную версию сборки, отсканируйте QR-код ниже или перейдите поссылке (https://static.rustore.ru/release/RuStoreTV.apk).\nПеренесите скачанный APK-файл на флешку или своё устройство Android.\nВставьте флешку в ваш телевизор.\nadmonitionadmonitionadmonition\nк сведению\nparagraphparagraphparagraph\nОткройте флешку/устройство на ТВ: на телевизоре появится сообщение, что подключено новое устройство. Телевизор автоматически откроет окно для просмотра файлов на флешке или предложит его открыть.\nВыберите файл и запустите установку. При необходимости предоставьте разрешение на установку.\nЗапустите RuStore с экрана завершения установки или из списка приложений.\nparagraphparagraphparagraph\nОткройте флешку/устройство на ТВ: на телевизоре появится сообщение, что подключено новое устройство. Телевизор автоматически откроет окно для просмотра файлов на флешке или предложит его открыть.\nВыберите файл и запустите установку. При необходимости предоставьте разрешение на установку.\nЗапустите RuStore с экрана завершения установки или из списка приложений."
}