{
    "meta": {
        "language": "ru",
        "parse_date": "2024-07-06T20:11:49.970832",
        "current_url": "https://www.rustore.ru/help/developers/tools/remote-config/sdk/defold/1-0-0/",
        "doc_section": "developers",
        "h1_text": "SDK Remote Config для Defold (версия 1.0.0)"
    },
    "text": "h1h1h1\nSDK Remote Config для Defold (версия 1.0.0)\nparagraphparagraphparagraph\nSDK Remote Config – это облачный сервис, который позволяет изменять поведение и внешний вид вашего приложения, не требуя от пользователей загрузки обновления приложения.\nПлагин инкапсулирует в себе запрос конфигурации с сервера, кэширование, фоновое обновление.\nИмеет удобное API для получения данных.\nh2h2h2\nПример реализации​\nparagraphparagraphparagraph\nОзнакомьтесь сприложением-примером, чтобы узнать, как правильно интегрировать SDK Remote Config.\nh2h2h2\nПодключение в проект​\nparagraphparagraphparagraph\nСоберите плагин и установите его в свой проект:\nСкопируйте проекты плагина и приложения-примера из официального репозитория RuStore наGitFlic (https://gitflic.ru/project/rustore/rustore-defold-remoteconfig).\nОткройте в вашей IDE проект Android из папкиextension_libraries.\nВыполните сборку проекта командойgradle assemble.При успешном выполнении сборки в папкахremoteconfig_example / extension_rustore_remoteconfig / lib / androidиremoteconfig_example / extension_rustore_core / lib / androidбудут созданы файлы:RuStoreDefoldRemoteConfig.jar;RuStoreDefoldCore.jar.\nСкопируйте папкиremoteconfig_example / extension_rustore_remoteconfig,remoteconfig_example / extension_rustore_core,remoteconfig_example / extension_rustore_applicationв корень вашего проекта.\nВ файле манифеста вашего проекта замените классandroid.support.multidex.MultiDexApplicationнаru.rustore.defold.remoteconfig.DefoldRemoteConfigApplication.\ncodecodecode\nМодификация манифеста<application{{#has-icons?}}android:icon=\"@drawable/icon\"{{/has-icons?}}android:label=\"{{project.title}}\" android:hasCode=\"true\"android:name=\"ru.rustore.defold.remoteconfig.DefoldRemoteConfigApplication\"android:enableOnBackInvokedCallback=\"true\"android:debuggable=\"{{android.debuggable}}\"></application>\nh2h2h2\nКлючевые особенности​\nparagraphparagraphparagraph\nВыбор наиболее удобногомеханизма обновления конфигурации (https://rustore.ru/help#updatebehaviour).\nВозможность указывать процент распространения конфигурации на аудиторию.\nВозможность передаватьдополнительную информацию (https://rustore.ru/help#optional-params)для построения воронки конкретной конфигурации.\nФормировать конфигурацию можно даже для конкретных пользователей.\nНабор callback (https://rustore.ru/help#callbacks), который можно использовать для аналитики.\nМинимальное количество внешних зависимостей.\nh2h2h2\nИнициализация​\n\nh3h3h3\nСоздание RemoteConfigClient​\nparagraphparagraphparagraph\n\ncodecodecode\nПример DefoldRemoteConfigApplication.javapackageru.rustore.defold.remoteconfig;importandroid.app.Application;importandroid.content.Context;importru.rustore.defold.remoteconfig.model.DefoldUpdateBehaviour;importru.rustore.defold.remoteconfig.RuStoreDefolRemoteConfigBuilder;publicclassDefoldRemoteConfigApplicationextendsApplication{publicfinalStringAPP_ID=\"a83c91d3-21b4-4891-841e-0ed0fc39a562\";publicfinalintUPDATE_TIME=15;publicfinalDefoldUpdateBehaviourUPDATE_BEHAVIOUR=DefoldUpdateBehaviour.Actual;@OverridepublicvoidonCreate(){super.onCreate();RuStoreDefoldRemoteConfigBuilder.INSTANCE.init(APP_ID,UPDATE_BEHAVIOUR,UPDATE_TIME,null,null,getApplicationContext());}}\nparagraphparagraphparagraph\nAPP_ID— уникальный идентификатор инструмента remote config. Доступен в консоли разработчика RuStore на странице создания параметров remote config;\nUPDATE_TIME— интервал таймера обновления в минутах;\nUPDATE_BEHAVIOUR— параметр, определяющий поведение SDK. См. такжеРазличия в значениях UpdateBehaviour (https://rustore.ru/help#updatebehaviour).\ncodecodecode\nМодификация манифеста<application{{#has-icons?}}android:icon=\"@drawable/icon\"{{/has-icons?}}android:label=\"{{project.title}}\" android:hasCode=\"true\"android:name=\"ru.rustore.defold.remoteconfig.DefoldRemoteConfigApplication\"android:enableOnBackInvokedCallback=\"true\"android:debuggable=\"{{android.debuggable}}\"></application>\nh3h3h3\nUpdateBehaviour​\nparagraphparagraphparagraph\nUpdateBehaviour— это параметр, определяющий поведение SDK.\nПри создании экземпляраRemoteConfigClientBuilder, по умолчанию используется значениеUpdateBehaviour.Defaultс интервалом синхронизации 15 минут.\nРазличия в значенияхUpdateBehaviour\n---Table Start---\nActual   | При инициализации каждый запрос конфигурации выполняется через запрос к серверу. Значение Actual гарантирует получение самой актуальной конфигурации, но скорость выполнения запроса зависит от скорости сети. Этот тип инициализации отменяет процесс фонового обновления.                                                                                                                                                                                                                                                                                                                                                                                         \nDefault  | При инициализации запрос конфигурации выполняется из локального постоянного хранилища, которое обновляется в указанный интервал. Если инициализация выполняется первый раз и локальное постоянное хранилище пустое, запрос отправляется на сервер.\nСкорость выполнения запроса зависит от объема данных и скорости сети.\nДоступ к конфигурации будет ожидать завершения инициализации. Значение Default не гарантирует, что в рамках жизни процесса запрос конфигурации будет отдавать одинаковый результат, так как синхронизация данных может выполниться в фоне. Этот тип инициализации запускает процесс фонового обновления.                                   \nSnapshot | При инициализации запрос конфигурации выполняется из локального inMemory-хранилища.\ninMemory-хранилище заполняется результатом первого запроса из постоянного хранилища и сохраняется в таком виде до конца жизни процесса. Если инициализация выполняется первый раз и локальное постоянное хранилище пустое, запрос отправляется на сервер.\nСкорость выполнения запроса зависит от объема данных и скорости сети.\nДоступ к конфигурации будет ожидать завершения инициализации. Значение Snapshot гарантирует, что в рамках жизни процесса запросы конфигурации будут отдавать одинаковый результат. Этот тип инициализации запускает процесс фонового обновления.\n---Table End---\nh3h3h3\nОпциональные параметры RemoteConfigClientBuilder​\nparagraphparagraphparagraph\nУстановить опциональные параметры инициализации можно через интерфейсRemoteConfigParameters.\ncodecodecode\nИнтерфейс RemoteConfigParameterspackageru.rustore.defold.remoteconfig.model;publicinterfaceRemoteConfigParameters{StringgetAppBuild();StringgetAppVersion();StringgetDeviceId();StringgetDeviceModel();StringgetEnvironment();StringgetOsVersion();}\ncodecodecode\nИнициализация с опциональными параметрамиimportru.rustore.defold.remoteconfig.model.DefoldUpdateBehaviour;importru.rustore.defold.remoteconfig.RuStoreDefoldRemoteConfigBuilder;publicfinalStringAPP_ID=\"a83c91d3-21b4-4891-841e-0ed0fc39a562\";publicfinalintUPDATE_TIME=15;publicfinalDefoldUpdateBehaviourUPDATE_BEHAVIOUR=DefoldUpdateBehaviour.Actual;publicfinalStringACCOUNT=\"MyAccount\";publicfinalStringLANGUAGE=\"ru\";RemoteConfigClientParametersImplparameters;/* Ваша инициализация parameters */RuStoreDefoldRemoteConfigBuilder.INSTANCE.setAccount(ACCOUNT);RuStoreDefoldRemoteConfigBuilder.INSTANCE.setLanguage(LANGUAGE);RuStoreDefoldRemoteConfigBuilder.INSTANCE.init(APP_ID,UPDATE_BEHAVIOUR,UPDATE_TIME,parameters,null,getApplicationContext());\ncodecodecode\nВызов методов getАccount и getLanguageStringaccount=RuStoreDefoldRemoteConfigBuilder.INSTANCE.getAccount();Stringlanguage=RuStoreDefoldRemoteConfigBuilder.INSTANCE.getLanguage();\n---Table Start---\nOsVersion   | Условие в конфигураторе: Os Version Позволят сравнивать OsVersion со значением, установленным в интерфейсе. По умолчанию OsVersion не передается, в этом случае возвращается конфиг по умолчанию.                                                                                                                                                                                                                                                       \nDeviceModel | Условие в конфигураторе: Device Model Позволят сравнивать DeviceModel со значением, установленным в интерфейсе. По умолчанию DeviceModel не передается, у этом случае возвращается конфиг по умолчанию.                                                                                                                                                                                                                                                 \nLanguage    | Условие в конфигураторе: Language Позволят сравнивать Language со значением, установленным в интерфейсе. По умолчанию Language не передается, у этом случае возвращается конфиг по умолчанию. Для передачи Language необходимо реализовать ConfigRequestParameterProvider .                                                                                                                                                                             \nAccount     | Условие в конфигураторе: Account Позволят сравнивать account со значением, установленным в интерфейсе. Условие в конфигураторе: Account Percentile Позволят раздавать конфиг по значению account на определенный процент. Условие в конфигураторе: Interval Account Percentile Позволят раздавать конфиг по значению account на определенный процент и в определенный день. Для передачи Account необходимо реализовать ConfigRequestParameterProvider .\nDeviceId    | Условие в конфигураторе: DeviceID Позволят сравнивать DeviceId со значением, установленным в интерфейсе. Условие в конфигураторе: DeviceID Percentile Позволят раздавать конфиг по значению DeviceId на определенный процент. Условие в конфигураторе: Interval DeviceID Percentile Позволят раздавать конфиг по значению DeviceId на определенный процент и в определенный день.                                                                       \nAppVersion  | Условие в конфигураторе: App Version Позволят сравнивать AppVersion со значением, установленным в интерфейсе.                                                                                                                                                                                                                                                                                                                                           \nEnvironment | Условие в конфигураторе: App Environment Позволят сравнивать Environment со значением, установленным в интерфейсе Environment может принимать значения: Alpha , Beta , Release . Этот параметр удобно использовать для тестирования конфигурации на различных сборках приложения.                                                                                                                                                                       \nAppBuild    | Условие в конфигураторе: App Build Позволят сравнивать AppBuild со значением, установленным в интерфейсе.                                                                                                                                                                                                                                                                                                                                               \n---Table End---\nh2h2h2\nИнициализация в Lua​\nparagraphparagraphparagraph\nИнициализация плагина выполняется автоматически при запуске системы плагинов Defold. Дополнительных вызов инициализирующих методов не требуется.\nh2h2h2\nДинамически передаваемые параметры​\nparagraphparagraphparagraph\nПоддерживается возможность динамически передавать параметры на сервер для синхронизации конфигурации.\nДля динамической передачи доступны параметрыAccountиLanguageс помощью методовsetAccountиsetLanguageсоответственно:\ncodecodecode\nrustoreremoteconfig.set_account(\"MyAccount\")rustoreremoteconfig.set_language(\"ru\")\ncodecodecode\nlocal account=rustoreremoteconfig.get_account()local language=rustoreremoteconfig.get_language()\nh2h2h2\nОбратные вызовы о работе SDK​\nparagraphparagraphparagraph\nПодписка на следующие события дает возможность получать обратные вызовы о работе SDK, такие как завершение инициализации и обновление постоянного хранилища.\nrustore_background_job_errors– возвращает ошибку фоновой работы.\nrustore_first_load_complete– вызывается при окончании первой загрузки.\nrustore_init_complete– вызывается при окончании инициализации.\nrustore_memory_cache_updated– вызывается при изменении кэша в памяти.\nrustore_persistent_storage_updated– вызывается при изменении постоянного хранилища.\nrustore_remote_config_network_request_failure– вызывается при ошибке сетевого запроса Remote Config.\ncodecodecode\nПодписка на событияfunctioninit(self)rustorecore.connect(\"rustore_get_remote_config_success\",_on_get_remote_config_success)rustorecore.connect(\"rustore_get_remote_config_failure\",_on_get_remote_config_failure)rustorecore.connect(\"rustore_rustore_background_job_errors\",_on_rustore_background_job_errors)rustorecore.connect(\"rustore_first_load_complete\",_on_rustore_first_load_complete)rustorecore.connect(\"rustore_init_complete\",_on_rustore_init_complete)rustorecore.connect(\"rustore_memory_cache_updated\",_on_rustore_memory_cache_updated)rustorecore.connect(\"rustore_persistent_storage_updated\",_on_rustore_persistent_storage_updated)rustorecore.connect(\"rustore_remote_config_network_request_failure\",_on_rustore_remote_config_network_request_failure)rustoreremoteconfig.init_event_listener()endfunction_on_rustore_background_job_errors(self,channel,value)local data=json.decode(value)endfunction_on_rustore_first_load_complete(self,channel,value)endfunction_on_rustore_init_complete(self,channel,value)endfunction_on_rustore_memory_cache_updated(self,channel,value)endfunction_on_rustore_persistent_storage_updated(self,channel,value)endfunction_on_rustore_remote_config_network_request_failure(self,channel,value)local data=json.decode(value)end\nh2h2h2\nПолучение конфигурации​\nparagraphparagraphparagraph\nПолучение конфигурации происходит через вызов методаget_remote_config.Перед вызовом метода необходимо единожды выполнить полдписку на события:\non_get_remote_config_success;\non_get_remote_config_success.\ncodecodecode\nПодписка на событияfunctioninit(self)rustorecore.connect(\"rustore_get_remote_config_success\",_on_get_remote_config_success)rustorecore.connect(\"rustore_get_remote_config_failure\",_on_get_remote_config_failure)endfunction_on_get_remote_config_success(self,channel,value)local collection=json.decode(value)forkey,valueinpairs(collection.data)dolocal pair=key..\": \"..valueendendfunction_on_get_remote_config_failure(self,channel,value)local data=json.decode(value)end\ncodecodecode\nВызов метода get_remote_configrustoreremoteconfig.get_remote_config()\nh2h2h2\nВозможные ошибки​\nparagraphparagraphparagraph\nПри получении любого события*_failureне рекомендуется самостоятельно отображать ошибку пользователю. Отображение ошибки может негативно повлиять на пользовательский опыт.\ncodecodecode\nОбработка json ошибкиfunction_on_failure(self,channel,value)local data=json.decode(value)local message=data.detailMessageend\nparagraphparagraphparagraph\ndetailMessage— сообщение ошибки.\n---Table Start---\nBackgroundConfigUpdateError    | Появляется при ошибке в работе фоновой синхронизации.                                                                                                                                               \nFailedToReceiveRemoteConfig    | Появляется в случае ошибки при вызове метода получения конфигурации.                                                                                                                                \nRemoteConfigCastException      | Появляется в случае некорректного получения данных по ключу из класса RemoteConfig . Ошибка может быть связана с невозможностью приведения к типу, либо значение по передаваемому ключу отсутствует.\nRemoteConfigClientAlreadyExist | Появляется в случае повторного создания RemoteConfigClient в рамках жизни процесса.                                                                                                                 \nRemoteConfigClientNotCreated   | Появляется в случае доступа к RemoteConfigClient через статическое поле instance до создания RemoteConfigClient .                                                                                   \nRemoteConfigCommonException    | Общая непредвиденная ошибка.                                                                                                                                                                        \nRemoteConfigNetworkException   | Появляется при сетевой ошибке.                                                                                                                                                                      \n---Table End---"
}