{
    "meta": {
        "language": "ru",
        "parse_date": "2024-07-06T19:47:08.093902",
        "current_url": "https://www.rustore.ru/help/sdk/payments/flutter/4-0-0/",
        "doc_section": "sdk"
    },
    "text": "admonitionadmonitionadmonition\nподсказка\nparagraphparagraphparagraph\nСценарий работы с платежами описан вгайде (https://rustore.ru/help/guides/payments). Изучите его перед началом работы.\nparagraphparagraphparagraph\nСценарий работы с платежами описан вгайде (https://rustore.ru/help/guides/payments). Изучите его перед началом работы.\nh2h2h2\nПример реализации​\nparagraphparagraphparagraph\nОзнакомьтесь сприложением-примеромчтобы узнать, как правильно интегрировать SDK платежей.\nh2h2h2\nУсловия работы платежей​\nparagraphparagraphparagraph\nНа устройстве пользователя установлена актуальная версия RuStore.\nПользователь авторизован в RuStore.\nПользователь и приложение не должны быть заблокированы в RuStore.\nДля приложения включена возможность покупок вКонсоли RuStore (https://console.rustore.ru/).\nadmonitionadmonitionadmonition\nпредупреждение\nparagraphparagraphparagraph\nСервис имеет некоторые ограничения на работу за пределами России.\nparagraphparagraphparagraph\nСервис имеет некоторые ограничения на работу за пределами России.\nh2h2h2\nПодготовка к работе​\nparagraphparagraphparagraph\nДля подключения пакета платежей к проекту выполните следующую команду.\ncodecodecode\nflutter pub add flutter_rustore_billing\ncodecodecode\ndependencies: flutter_rustore_billing: ^4.0.0\nh2h2h2\nОбработка deeplink​\nparagraphparagraphparagraph\nДля корректной работы оплаты через сторонние приложения (СБП, SberPay и др.) необходимо правильно реализовать обработку deeplink. Укажите вAndroidManifest.xmlintent-filterсschemeвашего проекта (см. ниже).\ncodecodecode\nAndroidManifest.xml<activityandroid:name=\".sample.MainActivity\"><intent-filter><actionandroid:name=\"android.intent.action.MAIN\"/><categoryandroid:name=\"android.intent.category.LAUNCHER\"/></intent-filter><intent-filter><actionandroid:name=\"android.intent.action.VIEW\"/><categoryandroid:name=\"android.intent.category.DEFAULT\"/><categoryandroid:name=\"android.intent.category.BROWSABLE\"/><dataandroid:scheme=\"yourappscheme\"/></intent-filter></activity>\nh2h2h2\nИнициализация​\nparagraphparagraphparagraph\nПеред вызовом методов библиотеки необходимо выполнить её инициализацию.\ncodecodecode\nRustoreBillingClient.initialize(\"123456\",//consolApplicationId\"yourappscheme://iamback\",//deeplinkSchemetrue//allowNativeErrorHandling).then((value){print(\"initialize success: $value\");},onError:(err){print(\"initialize err: $err\");});\nparagraphparagraphparagraph\nconsoleApplicationId— код приложения из консоли разработчика RuStore (пример:https://console.rustore.ru/apps/123456 (https://console.rustore.ru/apps/123456)).Чтобы получить ID приложения, скопируйте цифры из URL-адреса страницы приложения в RuStore Консоли послеapps/.\nadmonitionadmonitionadmonition\nпримечание\nparagraphparagraphparagraph\nApplicationId, указанный вbuild.gradle, должен совпадать сapplicationIdAPK-файла, который вы публиковали вКонсоли RuStore (https://console.rustore.ru/sign-in).\ndeeplinkScheme— схема deeplink, необходимая для возврата в ваше приложение после оплаты через стороннее приложение (например, SberPay или СБП). SDK генерирует свой хост к данной схеме.\nparagraphparagraphparagraph\nApplicationId, указанный вbuild.gradle, должен совпадать сapplicationIdAPK-файла, который вы публиковали вКонсоли RuStore (https://console.rustore.ru/sign-in).\ndeeplinkScheme— схема deeplink, необходимая для возврата в ваше приложение после оплаты через стороннее приложение (например, SberPay или СБП). SDK генерирует свой хост к данной схеме.\nadmonitionadmonitionadmonition\nпримечание\nparagraphparagraphparagraph\nallowNativeErrorHandling— разрешить обработку ошибок в нативном SDK (см. подробнее в разделеОбработка ошибок (https://rustore.ru/help#обработка-ошибок)).\nparagraphparagraphparagraph\nallowNativeErrorHandling— разрешить обработку ошибок в нативном SDK (см. подробнее в разделеОбработка ошибок (https://rustore.ru/help#обработка-ошибок)).\nh2h2h2\nКак работают платежи​\n\nh2h2h2\nПроверка доступности работы с платежами​\nparagraphparagraphparagraph\nВо время проверки доступности платежей проверяются следующие условия.\nНа устройстве пользователя установлена актуальная версия RuStore.\nПриложение RuStore поддерживает функциональность платежей.\nПользователь авторизован в RuStore.\nПользователь и приложение не должны быть заблокированы в RuStore.\nДля приложения включена возможность покупок вКонсоли RuStore (https://console.rustore.ru/).\ncodecodecode\nRustoreBillingClient.available().then((value){print(\"available success $value\");},onError:(err){print(\"available err: $err\");});\nh2h2h2\nРабота с SDK​\n\nh3h3h3\nПолучение списка продуктов​\nparagraphparagraphparagraph\nДля получения списка продуктов используйте методRustoreBillingClient.products(ids).\ncodecodecode\nRustoreBillingClient.products(ids).then((response){for(final productinresponse.products){print(product?.productId);}},onError:(err){print(\"products err: $err\");});\ncodecodecode\nclassProductsResponse{int code;String?errorMessage;String?errorDescription;String?traceId;List<Product?>products;List<DigitalShopGeneralError?>errors;}\nparagraphparagraphparagraph\ncode— код ответа.\nerrorMessage— сообщение об ошибке для пользователя.\nerrorDescription— расшифровка сообщения об ошибке.\ntraceId— идентификатор ошибки.\nerrors— список ошибок для запрошенных продуктов.\nproducts— список продуктов.\ncodecodecode\nclassDigitalShopGeneralError{String?name;int?code;String?description}\nparagraphparagraphparagraph\nname– имя ошибки.\ncode— код ошибки.\ndescription– описание ошибки.\ncodecodecode\nclassProduct{StringproductId;String?productType;StringproductStatus;String?priceLabel;int?price;String?currency;String?language;String?title;String?description;String?imageUrl;String?promoImageUrl;Subscription?subscription;}\nparagraphparagraphparagraph\nproductId— идентификатор продукта.\nproductType— тип продукта.\nproductStatus— статус продукта.\npriceLable— отформатированная цена товара, включая валютный знак на языкеlanguage.\nprice— цена в минимальных единицах (в копейках).\ncurrency— код валюты ISO 4217.\nlanguage— язык, указанный с помощью BCP 47 кодирования.\ntitle— название продукта на языкеlanguage.\ndescription— описание на языкеlanguage.\nimageUrl— ссылка на картинку.\npromoImageUrl— ссылка на промокартинку.\nsubscription— описание подписки, возвращается только для продуктов с типомsubscription.\ncodecodecode\nclassSubscription{SubscriptionPeriod?subscriptionPeriod;SubscriptionPeriod?freeTrialPeriod;SubscriptionPeriod?gracePeriod;String?introductoryPrice;String?introductoryPriceAmount;SubscriptionPeriod?introductoryPricePeriod;}\nparagraphparagraphparagraph\nsubscriptionPeriod— период подписки.\nfreeTrialPeriod— пробный период подписки.\ngracePeriod— льготный период подписки.\nintroductoryPrice— отформатированная вступительная цена подписки, включая знак валюты, на языкеproduct:language.\nintroductoryPriceAmount— вступительная цена в минимальных единицах валюты (в копейках).\nintroductoryPricePeriod— расчётный период вступительной цены.\ncodecodecode\nclassSubscriptionPeriod{int years;int months;int days;}\nparagraphparagraphparagraph\nyears— количество лет.\nmonths— количество месяцев.\ndays— количество дней.\nh3h3h3\nПокупка продукта​\nparagraphparagraphparagraph\nДля вызова покупки продукта используйте методRustoreBillingClient.purchase(id).\ncodecodecode\nRustoreBillingClient.purchase(id).then((response){print(\"purchase success: $response\");},onError:(err){print(\"purchase err: $err\");});\ncodecodecode\nclassPaymentResult{SuccessInvoice?successInvoice;InvalidInvoice?invalidInvoice;SuccessPurchase?successPurchase;InvalidPurchase?invalidPurchase;}\ncodecodecode\nclassSuccessInvoice{StringinvoiceId;StringfinishCode;}\ncodecodecode\nclassInvalidInvoice{String?invoiceId;}\ncodecodecode\nclassSuccessPurchase{StringfinishCode;String?orderId;StringpurchaseId;StringproductId;}\ncodecodecode\nclassInvalidPurchase{String?purchaseId;String?invoiceId;String?orderId;int?quantity;String?productId;int?errorCode;}\nparagraphparagraphparagraph\nSuccessInvoice— платежи завершились с результатом.\nInvalidInvoice— платежи завершились без указания номера счёта. Вероятно, они были запущены с некорректным номером счёта (пустая строка, например).\nSuccessPurchase— результат успешного завершения покупки цифрового товара.\nInvalidPurchase— при оплате цифрового товара платежи завершились с ошибкой.\nSUCCESSFUL_PAYMENT— успешная оплата.\nCLOSED_BY_USER— отменено пользователем.\nUNHANDLED_FORM_ERROR— неизвестная ошибка.\nPAYMENT_TIMEOUT— ошибка оплаты по таймауту.\nDECLINED_BY_SERVER— отклонено сервером.\nRESULT_UNKNOWN— неизвестный статус оплаты.\nh3h3h3\nПолучение списка покупок​\nparagraphparagraphparagraph\nМетод возвращает только покупки со статусами из таблицы ниже. Подробнее о других возможных состояниях покупки смотрите в разделеПолучение сведений о покупке.\n---Table Start---\nconsumable     | + |   | + |  \nnon-consumable | + | + |   |  \nsubscription   | + | + |   | +\n---Table End---\nadmonitionadmonitionadmonition\nпримечание\nparagraphparagraphparagraph\nМетод возвращает незавершённые состояния покупки и покупки потребляемых товаров, требующих обработки. Помимо этого, он показывает подтверждённые покупки для подписок и непотребляемых товаров — тех, которые нельзя купить повторно.\nДля получения списка покупок пользователя используйте методRustoreBillingClient.purchases.\nparagraphparagraphparagraph\nМетод возвращает незавершённые состояния покупки и покупки потребляемых товаров, требующих обработки. Помимо этого, он показывает подтверждённые покупки для подписок и непотребляемых товаров — тех, которые нельзя купить повторно.\nДля получения списка покупок пользователя используйте методRustoreBillingClient.purchases.\ncodecodecode\nRustoreBillingClient.purchases().then((response){for(final productinresponse.purchases){print(product?.purchaseId);}},onError:(err){print(\"purchases err: $err\");});\ncodecodecode\nclassPurchasesResponse{int code;String?errorMessage;String?errorDescription;String?traceId;List<Purchase?>purchases;List<DigitalShopGeneralError?>errors;}\nparagraphparagraphparagraph\ncode— код ответа.\nerrorMessage— сообщение об ошибке для пользователя.\nerrorDescription— расшифровка сообщения об ошибке.\nerrors— список ошибок для запрошенных продуктов.\npurchases— список запрошенных покупок.\ncodecodecode\nclassDigitalShopGeneralError{String?name;int?code;String?description;}\nparagraphparagraphparagraph\nname– имя ошибки.\ncode— код ошибки.\ndescription– описание ошибки.\ncodecodecode\nclassPurchase{String?purchaseId;String?productId;String?description;String?language;String?purchaseTime;String?orderId;String?amountLabel;int?amount;String?currency;int?quantity;String?purchaseState;String?developerPayload;}\nparagraphparagraphparagraph\npurchaseId— идентификатор покупки.\nproductId— идентификатор продукта.\ndescription— описание на языкеlanguage.\nlanguage— язык, указанный с помощью BCP 47 кодирования.\npurchaseTime— время покупки.\norderId— уникальный идентификатор оплаты, сформированный приложением (UUID).\namountLable— отформатированная цена покупки, включая валютный знак на языкеlanguage.\namount— цена в минимальных единицах валюты.\ncurrency— код валюты ISO 4217.\nquantity— количество продукта.\npurchaseState— состояние покупки.\ndeveloperPayload— указанная разработчиком строка, содержащая дополнительную информацию о заказе.\nh3h3h3\nПолучение сведений о покупке​\n\ncodecodecode\nRustoreBillingClient.purchaseInfo(purchaseId).then((purchase){print(purchase);},onError:(err){print(\"Error getPurchaseInfo:$err\");});\ncodecodecode\nclassPurchase{String?purchaseId;String?productId;String?description;String?language;String?purchaseTime;String?orderId;String?amountLabel;int?amount;String?currency;int?quantity;String?purchaseState;String?developerPayload;}\nparagraphparagraphparagraph\npurchaseId— идентификатор покупки.\nproductId— идентификатор продукта.\ndescription— описание на языкеlanguage.\nlanguage— язык, указанный с помощью BCP 47 кодирования.\npurchaseTime— время покупки.\norderId— уникальный идентификатор оплаты, сформированный приложением (UUID).\namountLable— отформатированная цена покупки, включая валютный знак на языкеlanguage.\namount— цена в минимальных единицах валюты.\ncurrency— код валюты ISO 4217.\nquantity— количество продукта.\npurchaseState— состояние покупки.\ndeveloperPayload— указанная разработчиком строка, содержащая дополнительную информацию о заказе.\nh3h3h3\nПодтверждение покупки​\n\nh4h4h4\nПродукты, требующие подтверждения​\nparagraphparagraphparagraph\nRuStore содержит продукты следующих типов.\nSUBSCRIPTION— подписка (можно купить на период времени, например: подписка в стриминговом сервисе).\nNON_CONSUMABLE— непотребляемый (можно купить один раз, например: отключение рекламы в приложении).\nCONSUMABLE— потребляемый (можно купить много раз, например: кристаллы в приложении).\nh4h4h4\nВызов метода подтверждения​\nparagraphparagraphparagraph\n\ncodecodecode\nRustoreBillingClient.confirm(id).then((response){print(\"confirm success: $response\");},onError:(err){print(\"confirm err: $err\");});\nparagraphparagraphparagraph\nid— идентификатор покупки.\ncodecodecode\nclassConfirmPurchaseResponse{int code;String?errorMessage;String?errorDescription;String?traceId;List<DigitalShopGeneralError?>errors;}\nparagraphparagraphparagraph\ncode— код ответа.\nerrorMessage— сообщение об ошибке для пользователя.\nerrorDescription— расшифровка сообщения об ошибке.\ntraceId— идентификатор ошибки.\nerrors— список ошибок для запрошенных продуктов.\ncodecodecode\nclassDigitalShopGeneralError{String?name;int?code;String?description;}\nparagraphparagraphparagraph\nname– имя ошибки.\ncode— код ошибки.\ndescription– описание ошибки.\nh2h2h2\nВалидация покупок на сервере​\nparagraphparagraphparagraph\nЕсли вам необходимо произвести валидацию успешной покупки на сервере методамиAPI RuStore, вы можете использоватьsubscriptionTokenвPurchaseResult, возвращаемойpurchaseProductпри успешной покупке продукта.\nSubscriptionTokenсостоит изinvoiceIdпокупки иuserId, записанных через точку:$invoiceId.$userId.\nТакже можно получитьsubscriptionTokenв сущностиPurchase. СущностьPurchaseможно получить, используя методpurchases().\nh2h2h2\nВедение журнала событий​\nparagraphparagraphparagraph\nЛогирование включено по умолчанию внутри flutter sdk. Логи вы можете смотреть по тегуRuStoreFlutterBillingPlugin.\nh2h2h2\nОбработка ошибок​\nparagraphparagraphparagraph\nВозможные ошибки\nRuStoreNotInstalledException— на устройстве пользователя не установлен RuStore;\nRuStoreOutdatedException— версия RuStore, установленная на устройстве пользователя, не поддерживает платежи;\nRuStoreUserUnauthorizedException— пользователь не авторизован в RuStore;\nRuStoreApplicationBannedException— приложение заблокировано в RuStore;\nRuStoreUserBannedException— пользователь заблокирован в RuStore;\nRuStoreException— базовая ошибка RuStore, от которой наследуются остальные ошибки.\ncodecodecode\nRustoreBillingClient.initialize(\"123456\",//consolApplicationId\"yourappscheme://iamback\",//deeplinkSchemetrue//allowNativeErrorHandling).then((value){print(\"initialize success: $value\");},onError:(err){print(\"initialize err: $err\");});\nparagraphparagraphparagraph\nallowNativeErrorHandling— разрешить обработку ошибок в нативном SDK (см. подробнее в разделеОбработка ошибок (https://rustore.ru/help#обработка-ошибок))."
}