{
    "meta": {
        "language": "ru",
        "parse_date": "2024-07-06T19:38:45.307006",
        "current_url": "https://www.rustore.ru/help/developers/tools/remote-config/roles/",
        "doc_section": "developers",
        "h1_text": "Гибкое управление ролями и правами в Remote Config"
    },
    "text": "h1h1h1\nГибкое управление ролями и правами в Remote Config\nparagraphparagraphparagraph\nRemote config предоставляет пользователям возможность гибкого управления доступами с использованием механизма выдачи прав. Права выдаютсяотдельнона каждое приложение.\nh2h2h2\nСписок прав и их описание​\n\nadmonitionadmonitionadmonition\nк сведению\nparagraphparagraphparagraph\nВладелец компании обладает всеми правами во всех приложениях компании.\nparagraphparagraphparagraph\nВладелец компании обладает всеми правами во всех приложениях компании.\n---Table Start---\nПросмотр      | Просмотр параметров, условий и истории изменений.                                                                                                   \nЗапись        | Создание, изменение, удаление и отклонение параметров и условий, а также тестирование параметров. Право не позволяет делать подтверждение изменений.\nПодтверждение | Подтверждение и отклонение любых изменений в системе.                                                                                               \nВыдача прав   | Выдача прав любом сотруднику в системе в рамках текущего приложения.                                                                                \n---Table End---"
}