{
    "meta": {
        "language": "ru",
        "parse_date": "2024-07-06T20:09:25.089407",
        "current_url": "https://www.rustore.ru/help/developers/developer-account/user-roles/",
        "doc_section": "developers",
        "h1_text": "Управление доступами и ролями пользователей в RuStore Консоли"
    },
    "text": "h1h1h1\nУправление доступами и ролями пользователей в RuStore Консоли\nparagraphparagraphparagraph\nВы можете установить ограничение возможных операций с приложениями для сотрудников и назначить им определённые роли. Это позволит чётко настроить варианты взаимодействия с приложениями. Например, разрешить сотруднику только публиковать приложения или совершать возвраты.\nh2h2h2\nКак добавить пользователей​\nparagraphparagraphparagraph\nВыберите приложение.\nПерейдите на вкладку «Доступы» в меню слева.\nНажмите кнопку «Пригласить пользователя» в верхней части экрана.\nУкажите VK ID пользователя.Как узнать VK ID? (https://rustore.ru/help/developers/developer-account/your-vkid)\nВыберите роль пользователя. Можно выбрать только один вариант из списка.\nНажмите кнопку «Пригласить».\nh2h2h2\nКак редактировать доступы​\nparagraphparagraphparagraph\nВыберите пользователя.\nНажмите нарядом с ним.\nВыберите новую роль.\nНажмите кнопку «Сохранить».\nh2h2h2\nКак удалить пользователя​\nparagraphparagraphparagraph\nВыберите пользователя.\nНажмите нарядом с ним.\nНажмите кнопку «Удалить».\nadmonitionadmonitionadmonition\nпредупреждение\nparagraphparagraphparagraph\nБудьте внимательны, отменить удаление не получится и придётся заново добавлять пользователя в случае ошибочного удаления.\nparagraphparagraphparagraph\nБудьте внимательны, отменить удаление не получится и придётся заново добавлять пользователя в случае ошибочного удаления.\nh2h2h2\nКакие роли можно выбрать​\nparagraphparagraphparagraph\nВ RuStore возможны шесть ролей пользователей:\nвладелец компании;\nадминистратор;\nрелиз-менеджер;\nразработчик;\nфинансовый менеджер;\nспециалист поддержки.\n---Table Start---\nДистрибуция приложений                                           \nПросматривает статистику по загрузке приложений                   | ✔ | ✔ | ✔ | ✔ | ✔ | ✔\nЗагружает, редактирует версии приложения, отправляет на модерацию | ✔ | ✔ | ✔ | ✔ | ✖ | ✖\nПриглашает пользователей и управляет разрешениями                 | ✔ | ✔ | ✔ | ✖ | ✖ | ✖\nСоздаёт и удаляет приложения                                      | ✔ | ✖ | ✖ | ✖ | ✖ | ✖\nСервисы                                                          \nПодключает push-уведомления, просматривает статистику             | ✔ | ✔ | ✔ | ✔ | ✔ | ✔\nПодключает RuStore Geo                                            | ✔ | ✔ | ✔ | ✔ | ✖ | ✖\nПодключает RuStore API                                            | ✔ | ✖ | ✖ | ✖ | ✖ | ✖\nМонетизация                                                      \nСоздаёт подписки, inn-app продукты                                | ✔ | ✔ | ✔ | ✖ | ✔ | ✖\nУправляет платежами, совершает возвраты                           | ✔ | ✔ | ✖ | ✖ | ✔ | ✖\nПросматривает финансовую статистику                               | ✔ | ✔ | ✖ | ✖ | ✔ | ✖\nЗаполняет и редактирует банковские реквизиты компании             | ✔ | ✖ | ✖ | ✖ | ✖ | ✖\nПодключает монетизацию                                            | ✔ | ✖ | ✖ | ✖ | ✖ | ✖\nПоддержка                                                        \nПросматривает отзывы и отвечает на них                            | ✔ | ✔ | ✔ | ✖ | ✖ | ✔\nРеклама и продвижение                                            \nСоздаёт заявки на события                                         | ✔ | ✔ | ✔ | ✔ | ✖ | ✖\n---Table End---"
}