{
    "meta": {
        "language": "ru",
        "parse_date": "2024-07-06T19:33:37.297092",
        "current_url": "https://www.rustore.ru/help/users/app-management/update-failure/",
        "doc_section": "users",
        "h1_text": "Руководство по исправлению ошибок обновления приложений в RuStore"
    },
    "text": "h1h1h1\nРуководство по исправлению ошибок обновления приложений в RuStore\nparagraphparagraphparagraph\nВ процессе обновления могут возникать ошибки обновления и сбои. В большинстве случаев ошибки типовые:\nПодключение устройства к интернету.\nНаличие свободной памяти на устройстве.\nЗапрещена установка из неизвестных источников.\nВерсия Android.\nОтключитесь и снова подключитесь к Wi-Fi сети или мобильному интернету.\nУдалите лишние данные во внутреннем хранилище и на microSD карте, если место закончилось.\nВ настройках устройства разрешите устанавливать неизвестные приложения.\nОбновите Android до последней версии. Для установки некоторых приложений имеет значение версия Android."
}