{
    "meta": {
        "language": "ru",
        "parse_date": "2024-07-06T19:37:37.038343",
        "current_url": "https://www.rustore.ru/help/developers/tools/remote-config/ab-testing/experiments/",
        "doc_section": "developers",
        "h1_text": "A/B эксперименты в Remote config"
    },
    "text": "h1h1h1\nA/B эксперименты в Remote config\nparagraphparagraphparagraph\nДля просмотра результатов экспериментов и управлениям параметрами вRemote Configдоступен раздел «A/B эксперименты»:\nПросмотрите список созданных экспериментов. Список удобно фильтровать по статусу или дате, или ввести название эксперимента в поле «Поиск».\nУзнайте количество участников и результаты эксперимента.\nСоздайте новый или редактируйте созданный ранее эксперимент.\nh2h2h2\nЧитайте также:​\nparagraphparagraphparagraph\nСоздание эксперимента\nРабота с экспериментом\nРезультаты эксперимента"
}