{
    "meta": {
        "language": "ru",
        "parse_date": "2024-07-06T19:35:47.657222",
        "current_url": "https://www.rustore.ru/help/developers/monetization/payment-callback/server-set-up/",
        "doc_section": "developers",
        "h1_text": "Как настроить сервер для получения уведомлений"
    },
    "text": "h1h1h1\nКак настроить сервер для получения уведомлений\nparagraphparagraphparagraph\nЧтобы получать уведомления в режиме реального времени, вам необходимо создать безопасный сервер.\nДля этого выполните шаги, перечисленные ниже.\nh2h2h2\nПодготовьте сервер​\nparagraphparagraphparagraph\nДля получения уведомлений разверните сервер, который будет:\nприниматьуведомления в формате POST-запросов (https://rustore.ru/help/developers/monetization/payment-callback/notification)от RuStore;\nотвечать на запросы HTTP-кодом200 ОК, если уведомление принято;\nотвечать на запросы HTTP-кодами ошибок4xxили5xx, если не удалось получить уведомление и необходимо повторить отправку.\nh2h2h2\nДобавьте IP-адрес RuStore в белый список​\nparagraphparagraphparagraph\nСоздайте правило Firewall, разрешающее вашему серверу получать уведомления от IP-адреса RuStore95.163.133.1:8080.\nОбработку запросов с остальных IP-адресов рекомендуем запретить.\nh2h2h2\nПривяжите домен и выпустите сертификат​\nparagraphparagraphparagraph\nОпределите URL-адрес для сервера, который будет получать уведомления.\nСервис по отправке уведомлений работает только с теми адресами, которые начинаются наhttps://.\nВаш сервер должен поддерживать TLS-соединение сертификатом, который выпущен центром сертификации.\nНапример,Let’s Encrypt.\nПодходят в том числе сертификаты, выпущенные Национальным удостоверяющим центром Минцифры РФ.\nЕсли ваш сервер развёрнут в публичном облаке, сертификат также можно получить у облачного провайдера.\nh2h2h2\nНастройте расшифровку уведомления​\nparagraphparagraphparagraph\nВ целях безопасности информация о платежах шифруется с помощью механизма симметричного шифрования AES-256 с параметрами:\nAES/GCM/NoPadding;\nдлина вектора инициализации (IV) — 12;\nдлина тега — 16.\nadmonitionadmonitionadmonition\nпримечание\nparagraphparagraphparagraph\nПодробности об этом алгоритме шифрования вы можете посмотреть, например,тут (https://www.rfc-editor.org/rfc/pdfrfc/rfc4106.txt.pdf).\nПри получении уведомления ваш алгоритм должен расшифровывать строкуpayloadизbody.\nКлюч для расшифровки вы получаете в RuStore Консоль посленастройки отправки уведомленийили приобновлении ключа шифрования.\nparagraphparagraphparagraph\nПодробности об этом алгоритме шифрования вы можете посмотреть, например,тут (https://www.rfc-editor.org/rfc/pdfrfc/rfc4106.txt.pdf).\nПри получении уведомления ваш алгоритм должен расшифровывать строкуpayloadизbody.\nКлюч для расшифровки вы получаете в RuStore Консоль посленастройки отправки уведомленийили приобновлении ключа шифрования.\nh3h3h3\nПример расшифровки уведомления на Java​\n\ncodecodecode\n//длина Initialization vectorprivatestaticfinalintGCM_IV_LENGTH=12;//длина тегаprivatestaticfinalintGCM_TAG_LENGTH=16;//алгоритмprivatestaticfinalStringCIPHER_ALGORITHM=\"AES/GCM/NoPadding\";publicStringdecrypt(//строка, которая приходит в запросе от RuStoreStringencryptedInput,//ключ, который копируем из консолиStringsecretKey){try{//декодируем входящее ecrypt сообщениеbyte[]decoded=Base64.getDecoder().decode(encryptedInput.getBytes(StandardCharsets.UTF_8));//выделяем вектор из последовательности байтbyte[]ivDecrypt=Arrays.copyOfRange(decoded,0,GCM_IV_LENGTH);//инициализируем объект параметров GCMGCMParameterSpecivSpec=newGCMParameterSpec(GCM_TAG_LENGTH*Byte.SIZE,ivDecrypt);//получаем инстанс объекта по алгоритму шифрованияCiphercipher=Cipher.getInstance(CIPHER_ALGORITHM);//инициализируем объект шифрования в режиме decrypt, ключом и векторомcipher.init(Cipher.DECRYPT_MODE,convertStringToSecretKey(secretKey),ivSpec);//дешифруем набор байт начиная с окончания вектораbyte[]ciphertext=cipher.doFinal(decoded,GCM_IV_LENGTH,decoded.length-GCM_IV_LENGTH);//возвращаем ответ в формате String UTF_8returnnewString(ciphertext,StandardCharsets.UTF_8);}catch(Exceptione){//в случае ошибки логируем проблемуlogger.warn(\"Something went wrong with decrypting\",e);thrownewRuntimeException(e);}}//десериализуем ключ из текстового формата Base64(UTF_8) в объект SecretKeyprivateSecretKeyconvertStringToSecretKey(StringsecretKey){byte[]decodedKey=Base64.getDecoder().decode(secretKey.getBytes(StandardCharsets.UTF_8));returnnewSecretKeySpec(decodedKey,0,decodedKey.length,\"AES\");}\nh2h2h2\nЧто дальше​\nparagraphparagraphparagraph\nНастройте и протестируйте отправку уведомленийв RuStore Консоль, чтобы убедиться в корректности конфигурации сервера."
}