{
    "meta": {
        "language": "ru",
        "parse_date": "2024-07-06T20:07:09.630776",
        "current_url": "https://www.rustore.ru/help/developers/publishing-and-verifying-apps/app-publication/setting-up-publication/instant-app-publishing/",
        "doc_section": "developers",
        "h1_text": "Автоматизация и ручное управление публикацией в RuStore: практическое руководство"
    },
    "text": "h1h1h1\nАвтоматизация и ручное управление публикацией в RuStore: практическое руководство\nparagraphparagraphparagraph\nВы можете настроить автоматическую/мгновенную публикацию версии приложения, пока она находится на модерации.\nadmonitionadmonitionadmonition\nк сведению\nparagraphparagraphparagraph\nНастройка мгновенной публикации доступна при первой публикации версии и при обновлении ранее загруженной версии.\nparagraphparagraphparagraph\nНастройка мгновенной публикации доступна при первой публикации версии и при обновлении ранее загруженной версии.\nh2h2h2\nАвтоматическая/мгновенная публикация​\nparagraphparagraphparagraph\nОткройтеКонсоль RuStore (https://console.rustore.ru/sign-in).\nПерейдите на вкладку «Приложения».\nВыберите версию приложения в статусе «Ожидает модерацию».\nВ меню выберите «Автоматически» и нажмите «Применить».\nadmonitionadmonitionadmonition\nпримечание\nparagraphparagraphparagraph\nВы можете изменить публикацию с автоматической на ручную, пока модерация не пройдена.\nparagraphparagraphparagraph\nВы можете изменить публикацию с автоматической на ручную, пока модерация не пройдена.\nh2h2h2\nПубликация вручную​\nparagraphparagraphparagraph\nОткройтеКонсоль RuStore (https://console.rustore.ru/sign-in).\nПерейдите на вкладку «Приложения».\nВыберите версию приложения в статусе «Ожидает модерацию».\nВ меню выберите «Ручная».После прохождения модерации статус версии приложения изменится на «Готова к публикации».\nНажмите «Опубликовать».\nadmonitionadmonitionadmonition\nк сведению\nparagraphparagraphparagraph\nЕсли пользователи установили новую версию приложения до деактивации, то они продолжат ей пользоваться.\nparagraphparagraphparagraph\nЕсли пользователи установили новую версию приложения до деактивации, то они продолжат ей пользоваться."
}