{
    "meta": {
        "language": "ru",
        "parse_date": "2024-07-06T19:34:43.470656",
        "current_url": "https://www.rustore.ru/help/developers/developer-account/your-vkid/",
        "doc_section": "developers",
        "h1_text": "VK ID: руководство по поиску и привязке в RuStore Консоль"
    },
    "text": "h1h1h1\nVK ID: руководство по поиску и привязке в RuStore Консоль\nparagraphparagraphparagraph\nVK ID— это единый аккаунт для сервисов VK. Если у вас есть профиль в социальной сети ВКонтакте, он автоматически стал и вашим VK ID.\nadmonitionadmonitionadmonition\nпримечание\nparagraphparagraphparagraph\nЕсли вы не хотите привязывать аккаунт в системеRuStore Консоль (https://console.rustore.ru/sign-in)к личному профилю ВКонтакте или у вас его нет, вы можете создать новый профиль и использовать его как корпоративный.\nЧтобы найти свой VK ID, выполните следующие действия.\nВойдите в свой профильВКонтакте (https://vk.com/).\nПерейдите в раздел «Настройки».\nНайдите блок «Адрес страницы».\nНажмите «Изменить», чтобы увидеть номер страницы, если ранее вы присвоили буквенно-цифровой адрес.\nparagraphparagraphparagraph\nЕсли вы не хотите привязывать аккаунт в системеRuStore Консоль (https://console.rustore.ru/sign-in)к личному профилю ВКонтакте или у вас его нет, вы можете создать новый профиль и использовать его как корпоративный.\nЧтобы найти свой VK ID, выполните следующие действия.\nВойдите в свой профильВКонтакте (https://vk.com/).\nПерейдите в раздел «Настройки».\nНайдите блок «Адрес страницы».\nНажмите «Изменить», чтобы увидеть номер страницы, если ранее вы присвоили буквенно-цифровой адрес.\nadmonitionadmonitionadmonition\nпредупреждение\nparagraphparagraphparagraph\nЕсли в вашем аккаунте перестала работать авторизация через Google, войдите заново другим способом: по номеру телефона, VK, Яндекс или ГосУслуги.\nУкажите тот же номер телефона, который использовали для авторизации ранее.\nparagraphparagraphparagraph\nЕсли в вашем аккаунте перестала работать авторизация через Google, войдите заново другим способом: по номеру телефона, VK, Яндекс или ГосУслуги.\nУкажите тот же номер телефона, который использовали для авторизации ранее."
}