{
    "meta": {
        "language": "ru",
        "parse_date": "2024-07-06T20:06:09.873025",
        "current_url": "https://www.rustore.ru/help/sdk/general-push-notifications/send-push-notifications/examples/",
        "doc_section": "sdk",
        "h1_text": "Примеры успешных и ошибочных запросов"
    },
    "text": "h1h1h1\nПримеры успешных и ошибочных запросов\n\nh2h2h2\nПример успешного запроса​\n\ncodecodecode\nPOSThttps://vkpns-universal.rustore.ru/v1/send HTTP/2Content-Type:application/json{\"providers\":{\"rustore\":{\"auth_token\":\"AAAbbbCC123\",\"project_id\":\"aabbcc\"},\"fcm\":{\"auth_token\":\"321CCbbAAA\",\"project_id\":\"ccbbaa\"}},\"tokens\":{\"rustore\":[\"bk3RNwTe3H\"],\"fcm\":[\"CI2k_HHwgIpoDKC\"]},\"message\":{\"notification\":{\"body\":\"This is a notification message!\",\"title\":\"Message\"}}}HTTP/2200Content-Type:application/json{\"Status\":\"OK\"}\nh2h2h2\nПример невалидного провайдера​\n\ncodecodecode\nPOSThttps://vkpns-universal.rustore.ru/v1/send HTTP/2Content-Type:application/json{\"providers\":{\"rustore\":{\"auth_token\":\"AAAbbbCC123\",\"project_id\":\"aabbcc\"},\"fcm\":{}},\"tokens\":{\"rustore\":[\"bk3RNwTe3H\"],\"fcm\":[\"CI2k_HHwgIpoDKC\"]},\"message\":{\"notification\":{\"body\":\"This is a notification message!\",\"title\":\"Message\"}}}HTTP/2400Content-Type:application/json{\"status\":\"VALIDATION_ERROR\",\"code\":400,\"errors\":[\"providers.fcm: project_id is a required field\",\"providers.fcm: auth_token is a required field\"]}\nh2h2h2\nПример невалидного сообщения​\n\ncodecodecode\nPOSThttps://vkpns-universal.rustore.ru/v1/send HTTP/2Content-Type:application/json{\"providers\":{\"rustore\":{\"auth_token\":\"AAAbbbCC123\",\"project_id\":\"aabbcc\"},\"fcm\":{\"auth_token\":\"321CCbbAAA\",\"project_id\":\"ccbbaa\"}},\"tokens\":{\"rustore\":[\"bk3RNwTe3H\"],\"fcm\":[\"CI2k_HHwgIpoDKC\"]},\"message\":{\"notification\":{}}}HTTP/2400Content-Type:application/json{\"status\":\"VALIDATION_ERROR\",\"code\":400,\"errors\":[\"message.notification: title is a required field\",\"message.notification: body is a required field\"]}\nh2h2h2\nПример ошибки провайдера​\n\ncodecodecode\nPOSThttps://vkpns-universal.rustore.ru/v1/send HTTP/2Content-Type:application/json{\"providers\":{\"rustore\":{\"auth_token\":\"AAAbbbCC123\",\"project_id\":\"aabbcc\"},\"fcm\":{\"auth_token\":\"321CCbbAAA\",\"project_id\":\"ccbbaa\"}},\"tokens\":{\"rustore\":[\"bk3RNwTe3H\"],\"fcm\":[\"CI2k_HHwgIpoDKC\"]},\"message\":{\"data\":{\"test\":\"test\"}}}}HTTP/2400Content-Type:application/json{\"status\":\"PROVIDER_ERROR\",\"code\":400,\"errors\":[\"fcm: invalid auth token\"]}"
}