{
    "meta": {
        "language": "ru",
        "parse_date": "2024-07-06T20:12:06.670511",
        "current_url": "https://www.rustore.ru/help/developers/tools/remote-config/sdk/kotlin/1-1-1/",
        "doc_section": "developers",
        "h1_text": "SDK Remote Config для Kotlin (версия 1.1.1)"
    },
    "text": "h1h1h1\nSDK Remote Config для Kotlin (версия 1.1.1)\nparagraphparagraphparagraph\nSDK Remote Config – это облачный сервис, который позволяет изменять поведение и внешний вид вашего приложения, не требуя от пользователей загрузки обновления приложения.\nПлагин инкапсулирует в себе запрос конфигурации с сервера, кэширование, фоновое обновление.\nИмеет удобное API для получения данных.\nh2h2h2\nПример реализации​\nparagraphparagraphparagraph\nОзнакомьтесь сприложением-примером, чтобы узнать, как правильно интегрировать SDK Remote Config.\nh2h2h2\nКлючевые особенности​\nparagraphparagraphparagraph\nВыбор наиболее удобногомеханизма обновления конфигурации (https://rustore.ru/help#updatebehaviour).\nВозможность указывать процент распространения конфигурации на аудиторию.\nВозможность передаватьдополнительную информацию (https://rustore.ru/help#optional-params)для построения воронки конкретной конфигурации.\nФормировать конфигурацию можно даже для конкретных пользователей.\nНабор callback (https://rustore.ru/help#callbacks), который можно использовать для аналитики.\nМинимальное количество внешних зависимостей.\nh2h2h2\nПодключение в проект​\nparagraphparagraphparagraph\nПодключите репозиторий:build.gradlerepositories{maven{url=uri(\"https://artifactory-external.vkpartner.ru/artifactory/maven\")}}\nПодключите зависимости:build.gradledependencies{implementation(\"ru.rustore.sdk:remoteconfig:1.1.1\")}\nh2h2h2\nИнициализация​\n\nh3h3h3\nСоздание RemoteConfigClient​\n\ncodecodecode\nval remoteConfigClient=RemoteConfigClientBuilder(appId=AppId(\"your_app_id\"),context=applicationContext).build()\nadmonitionadmonitionadmonition\nпредупреждение\nparagraphparagraphparagraph\nПовторный вызовRemoteConfigClientBuilder.build()вызовет ошибкуRemoteConfigClientAlreadyExist (https://rustore.ru/help#errors).\nПосле вызова методаRemoteConfigClientBuilder.build()создается экземплярRemoteConfigClientи записывается синглтон.\nПолучить созданный экземпляр можно следующим образом:\nparagraphparagraphparagraph\nПовторный вызовRemoteConfigClientBuilder.build()вызовет ошибкуRemoteConfigClientAlreadyExist (https://rustore.ru/help#errors).\nПосле вызова методаRemoteConfigClientBuilder.build()создается экземплярRemoteConfigClientи записывается синглтон.\nПолучить созданный экземпляр можно следующим образом:\ncodecodecode\nRemoteConfigClient.instance\nh3h3h3\nОпциональные параметры RemoteConfigClientBuilder​\n\n---Table Start---\nOsVersion   | Условие в конфигураторе: Os Version Позволят сравнивать OsVersion со значением, установленным в интерфейсе. По умолчанию OsVersion не передается, в этом случае возвращается конфиг по умолчанию.                                                                                                                                                                                                                                                       \nDeviceModel | Условие в конфигураторе: Device Model Позволят сравнивать DeviceModel со значением, установленным в интерфейсе. По умолчанию DeviceModel не передается, у этом случае возвращается конфиг по умолчанию.                                                                                                                                                                                                                                                 \nLanguage    | Условие в конфигураторе: Language Позволят сравнивать Language со значением, установленным в интерфейсе. По умолчанию Language не передается, у этом случае возвращается конфиг по умолчанию. Для передачи Language необходимо реализовать ConfigRequestParameterProvider .                                                                                                                                                                             \nAccount     | Условие в конфигураторе: Account Позволят сравнивать account со значением, установленным в интерфейсе. Условие в конфигураторе: Account Percentile Позволят раздавать конфиг по значению account на определенный процент. Условие в конфигураторе: Interval Account Percentile Позволят раздавать конфиг по значению account на определенный процент и в определенный день. Для передачи Account необходимо реализовать ConfigRequestParameterProvider .\nDeviceId    | Условие в конфигураторе: DeviceID Позволят сравнивать DeviceId со значением, установленным в интерфейсе. Условие в конфигураторе: DeviceID Percentile Позволят раздавать конфиг по значению DeviceId на определенный процент. Условие в конфигураторе: Interval DeviceID Percentile Позволят раздавать конфиг по значению DeviceId на определенный процент и в определенный день.                                                                       \nAppVersion  | Условие в конфигураторе: App Version Позволят сравнивать AppVersion со значением, установленным в интерфейсе.                                                                                                                                                                                                                                                                                                                                           \nEnvironment | Условие в конфигураторе: App Environment Позволят сравнивать Environment со значением, установленным в интерфейсе Environment может принимать значения: Alpha , Beta , Release . Этот параметр удобно использовать для тестирования конфигурации на различных сборках приложения.                                                                                                                                                                       \nAppBuild    | Условие в конфигураторе: App Build Позволят сравнивать AppBuild со значением, установленным в интерфейсе.                                                                                                                                                                                                                                                                                                                                               \n---Table End---\nh3h3h3\nUpdateBehaviour​\nparagraphparagraphparagraph\nUpdateBehaviour— это параметр, определяющий поведение SDK.\nПри создании экземпляраRemoteConfigClientBuilder, по умолчанию используется значениеUpdateBehaviour.Defaultс интервалом синхронизации 15 минут.\nУстановить другое поведение SDK можно следующим образом:\ncodecodecode\nremoteConfigClientBuilder.setUpdateBehaviour(UpdateBehaviour.Actual)\n---Table Start---\nActual   | При инициализации каждый запрос конфигурации выполняется через запрос к серверу. Значение Actual гарантирует получение самой актуальной конфигурации, но скорость выполнения запроса зависит от скорости сети. Этот тип инициализации отменяет процесс фонового обновления.                                                                                                                                                                                                                                                                                                                                                                                         \nDefault  | При инициализации запрос конфигурации выполняется из локального постоянного хранилища, которое обновляется в указанный интервал. Если инициализация выполняется первый раз и локальное постоянное хранилище пустое, запрос отправляется на сервер.\nСкорость выполнения запроса зависит от объема данных и скорости сети.\nДоступ к конфигурации будет ожидать завершения инициализации. Значение Default не гарантирует, что в рамках жизни процесса запрос конфигурации будет отдавать одинаковый результат, так как синхронизация данных может выполниться в фоне. Этот тип инициализации запускает процесс фонового обновления.                                   \nSnapshot | При инициализации запрос конфигурации выполняется из локального inMemory-хранилища.\ninMemory-хранилище заполняется результатом первого запроса из постоянного хранилища и сохраняется в таком виде до конца жизни процесса. Если инициализация выполняется первый раз и локальное постоянное хранилище пустое, запрос отправляется на сервер.\nСкорость выполнения запроса зависит от объема данных и скорости сети.\nДоступ к конфигурации будет ожидать завершения инициализации. Значение Snapshot гарантирует, что в рамках жизни процесса запросы конфигурации будут отдавать одинаковый результат. Этот тип инициализации запускает процесс фонового обновления.\n---Table End---\nh3h3h3\nConfigRequestParameterProvider​\nparagraphparagraphparagraph\nРеализацияConfigRequestParameterProviderдает возможность динамически передавать параметры на сервер для синхронизации конфигурации.\nПоддерживаемый список параметров:LanguageиAccount.\ncodecodecode\nclassConfigRequestParameterProviderImpl:ConfigRequestParameterProvider{override fungetConfigRequestParameter():ConfigRequestParameter=ConfigRequestParameter(language=Language(Locale.getDefault().language),account=Session.id,)}\nadmonitionadmonitionadmonition\nпредупреждение\nparagraphparagraphparagraph\nВызов метода будет происходить на потоках RemoteConfig SDK.\nДобавить реализациюConfigRequestParameterProviderможно следующим образом:\nparagraphparagraphparagraph\nВызов метода будет происходить на потоках RemoteConfig SDK.\nДобавить реализациюConfigRequestParameterProviderможно следующим образом:\ncodecodecode\nval provider=ConfigRequestParameterProviderImpl()remoteConfigClientBuilder.setConfigRequestParameterProvider(provider)\nh3h3h3\nRemoteConfigClientEventListener​\nparagraphparagraphparagraph\nРеализацияRemoteConfigClientEventListenerдает возможность получать callback о работе SDK, такие как завершение инициализации и обновление постоянного хранилища.\nCallback слушателя вызываются наMainThread.\nДобавить реализациюRemoteConfigClientEventListenerможно следующим образом:\ncodecodecode\nval listener=RemoteConfigClientEventListenerImpl()remoteConfigClientBuilder.setRemoteConfigClientEventListener(listener)\ncodecodecode\nclassRemoteConfigListenerImpl:RemoteConfigClientEventListener{override funbackgroundJobErrors(exception:RemoteConfigException.BackgroundConfigUpdateError){//Возвращает ошибку фоновой работы}override funfirstLoadComplete(){//Вызывается при окончании первой загрузки}override funinitComplete(){//Вызывается при окончании инциализации}override funmemoryCacheUpdated(){//Вызывается при измененияя кэша в памяти}override funpersistentStorageUpdated(){//Вызывается при изменении постоянного хранилища}override funremoteConfigNetworkRequestFailure(throwable:Throwable){//Вызывается при ошибке сетевого запроса Remote Сonfig}}\nh3h3h3\nИнициализация RemoteConfigClient​\nparagraphparagraphparagraph\nИнициализацияRemoteConfigClientвыполняется асинхронно, результат инициализации можно отслеживать через классTask, который возвращает методinit()или черезслушатель.\ncodecodecode\nremoteConfigClient.init()\nh2h2h2\nПолучение конфигурации​\n\ncodecodecode\nremoteConfigClient.getRemoteConfig()\nh2h2h2\nКласс RemoteConfig​\nparagraphparagraphparagraph\nЭкземплярRemoteConfig— это текущий набор всех данных, полученных в зависимости от выбраннойполитики обновленияпри инициализации, экземпляр имеет весь набор ключей, которые были переданы с сервера в зависимости отпараметров, указанных при инициализации.\nh3h3h3\nПроверка доступности ключа​\n\ncodecodecode\nremoteConfig.containsKey(\"my-key\")\nh3h3h3\nПолучение типизированных данных​\nparagraphparagraphparagraph\nКлассRemoteConfigимеет методы получения данных и приведения его к определенным типам.\ngetBoolean(key: String): Boolean\ngetInt(key: String): Int\ngetLong(key: String): Long\ngetString(key: String): String\ngetDouble(key: String): Double\ngetFloat(key: String): Float\nh2h2h2\nФоновая синхронизация конфигурации​\nparagraphparagraphparagraph\nФоновая синхронизация конфигурации используется при некоторых типахполитики обновления.\nРезультатом фоновой синхронизации конфигурации является обновление постоянного хранилища конфигураций актуальными данными для последующего использования в зависимости от выбранной политики обновления.\nМинимальный допустимый интервал между фоновыми синхронизациями составляет 15 минут.\nadmonitionadmonitionadmonition\nпредупреждение\nparagraphparagraphparagraph\nДля корректной работы фоновой синхронизации, инициализация SDK Remote Config должна происходить в методеApplication.onCreate().\nparagraphparagraphparagraph\nДля корректной работы фоновой синхронизации, инициализация SDK Remote Config должна происходить в методеApplication.onCreate().\nh2h2h2\nВозможные ошибки​\nparagraphparagraphparagraph\nВсе ошибки SDK Remote Config наследуются от суперклассаRemoteConfigException.\n---Table Start---\nBackgroundConfigUpdateError    | Появляется при ошибке в работе фоновой синхронизации.                                                                                                                                               \nFailedToReceiveRemoteConfig    | Появляется в случае ошибки при вызове метода получения конфигурации.                                                                                                                                \nRemoteConfigCastException      | Появляется в случае некорректного получения данных по ключу из класса RemoteConfig . Ошибка может быть связана с невозможностью приведения к типу, либо значение по передаваемому ключу отсутствует.\nRemoteConfigClientAlreadyExist | Появляется в случае повторного создания RemoteConfigClient в рамках жизни процесса.                                                                                                                 \nRemoteConfigClientNotCreated   | Появляется в случае доступа к RemoteConfigClient через статическое поле instance до создания RemoteConfigClient .                                                                                   \nRemoteConfigCommonException    | Общая непредвиденная ошибка.                                                                                                                                                                        \nRemoteConfigNetworkException   | Появляется при сетевой ошибке.                                                                                                                                                                      \n---Table End---"
}