{
    "meta": {
        "language": "ru",
        "parse_date": "2024-07-06T19:33:57.516930",
        "current_url": "https://www.rustore.ru/help/users/purchases-and-returns/payment-method/fast-payment/",
        "doc_section": "users",
        "h1_text": "Оплата через СБП: Удобные и быстрые платежи для приложений и товаров"
    },
    "text": "h1h1h1\nОплата через СБП: Удобные и быстрые платежи для приложений и товаров\nparagraphparagraphparagraph\nВы можете оплатить приложения или товары внутри приложения с помощью системы быстрых платежей.\nОткройте приложение, в котором хотите оформить подписку или купить товар в приложении.\nВыберите необходимые условия.\nНажмите «Оформить».\nНажмите «Система быстрых платежей».\nВыберите банк для оплаты."
}