{
    "meta": {
        "language": "ru",
        "parse_date": "2024-07-06T20:10:54.584703",
        "current_url": "https://www.rustore.ru/help/sdk/payments/godot/history/",
        "doc_section": "sdk",
        "h1_text": "История обновлений"
    },
    "text": "h1h1h1\nИстория обновлений\n\nh2h2h2\nВерсия SDK billing 5.+​\nparagraphparagraphparagraph\nНовый статус покупокPAUSEDдля подписок.\nh2h2h2\nВерсия SDK billing 3.1.0​\nparagraphparagraphparagraph\nДобавлен функционал песочницы платежей (sandbox).\nВнутренние обновление SDK.\nh2h2h2\nВерсия плагина 3.0.0​\nparagraphparagraphparagraph\nДобавлены типизированные структуры данных вместо словарей.\nДобавлен функционал смены темы оформления (тёмная/светлая).\nДобавлен раздел «Серверная валидация покупки».\nОбновление sdk pushclient до версии 3.0.0.\nБагфиксы\nh2h2h2\nВерсия SDK billing 2.1.1​\nparagraphparagraphparagraph\nВнутреннее обновление плагина.\nh2h2h2\nВерсия SDK core 0.1.10​\nparagraphparagraphparagraph\nВнутреннее обновление плагина."
}