{
    "meta": {
        "language": "ru",
        "parse_date": "2024-07-06T19:52:31.536267",
        "current_url": "https://www.rustore.ru/help/sdk/updates/kotlin-java/history/",
        "doc_section": "sdk",
        "h1_text": "История обновлений"
    },
    "text": "h1h1h1\nИстория обновлений\n\nh2h2h2\nВерсия SDK 3.0.0​\nparagraphparagraphparagraph\nВнутреннее обновление SDK\nh2h2h2\nВерсия SDK 2.0.0​\nparagraphparagraphparagraph\nВнутреннее обновление SDK\nh2h2h2\nВерсия SDK 1.1.0​\nparagraphparagraphparagraph\nВнутреннее обновление SDK.\nh2h2h2\nВерсия SDK 1.0.0​\nparagraphparagraphparagraph\nВнутреннее обновление SDK.\nh2h2h2\nВерсия SDK 0.2.0​\nparagraphparagraphparagraph\nДобавили флоу форс апдейтов.\nПоддержали передачуVersionCodeс типомLong.\nh2h2h2\nВерсия SDK 0.1.2​\nparagraphparagraphparagraph\nДобавлен функционал тихих обновлений.\nh2h2h2\nВерсия SDK 0.1.1​\nparagraphparagraphparagraph\nИсправлена работа метода_await()_дляTask API."
}