{
    "meta": {
        "language": "ru",
        "parse_date": "2024-07-06T19:56:18.825357",
        "current_url": "https://www.rustore.ru/help/sdk/updates/defold/2-0-0/",
        "doc_section": "sdk",
        "h1_text": "2.0.0"
    },
    "text": "h1h1h1\n2.0.0\n\nh2h2h2\nОбщие сведения​\nparagraphparagraphparagraph\nRuStore In-app updates SDK поддерживает актуальную версию приложения на устройстве пользователя. Это помогает пользователю увидеть обновления, оценить улучшение производительности и результат исправления ошибок.\nh2h2h2\nПример пользовательского сценария​\nparagraphparagraphparagraph\nИспользуйте RuStore In-app updates SDK для реализации различных способов обновлений. В настоящий момент поддерживаются: отложенное, тихое (без UI от RuStore) и принудительное обновление.\nОзнакомьтесь сприложением-примером, чтобы узнать, как правильно интегрировать SDK обновлений.\nh2h2h2\nУсловия корректной работы SDK​\nparagraphparagraphparagraph\nДля работы RuStore In-app updates SDK необходимо соблюдение следующих условий.\nОС Android версии 7.0 или выше.\nВерсия RuStore на устройстве пользователя актуальная.\nПользователь авторизован в RuStore.\nПриложению RuStore разрешена установка приложений.\nh2h2h2\nПодключение в проект​\nparagraphparagraphparagraph\nДля подключения выполните следующие шаги.\nСкопируйте проекты плагина из официального репозитория RuStore наGitFlic (https://gitflic.ru/project/rustore/rustore-defold-appupdate).\nОткройте в вашей IDE проект Android из папкиextension_libraries.\nВыполните сборку проекта командойgradle assemble.\nПри успешном выполнении сборки в папкахappupdate_example/extension_rustore_appupdate/lib/androidиappupdate_example/extension_rustore_core/lib/androidбудут созданы файлы:RuStoreDefoldAppUpdate.jarRuStoreDefoldCore.jar\nСкопируйте папкиappupdate_example/extension_rustore_appupdateиappupdate_example / extension_rustore_coreв корень вашего проекта.\nh2h2h2\nСоздание менеджера обновлений​\nparagraphparagraphparagraph\nПеред вызовом методов библиотеки необходимо создать менеджер обновлений.\ncodecodecode\nfunctioninit(self)rustoreappupdate.init()end\nh2h2h2\nПроверка наличия обновлений​\nparagraphparagraphparagraph\nНа устройстве пользователя установлена актуальная версия RuStore.\nПользователь и приложение не должны быть заблокированы в RuStore.\nПриложению RuStore разрешена установка приложений.\nПользователь авторизован в RuStore.\nrustore_get_app_update_info_success;\nrustore_get_app_update_info_failure.\ncodecodecode\nПодписка на событияfunctioninit(self)rustorecore.connect(\"rustore_get_app_update_info_success\",_on_get_app_update_info_success)rustorecore.connect(\"rustore_get_app_update_info_failure\",_on_get_app_update_info_failure)--Инициализация rustoreappupdateendfunction_on_get_app_update_info_success(self,channel,value)local data=json.decode(value)endfunction_on_get_app_update_info_failure(self,channel,value)local data=json.decode(value)end\ncodecodecode\nВызов метода get_appupdateinforustoreappupdate.get_appupdateinfo()\nparagraphparagraphparagraph\nupdateAvailability— доступность обновления:UNKNOWN (int ==0)— по умолчанию.UPDATE_NOT_AVAILABLE (int ==1)— обновление не нужно.UPDATE_AVAILABLE (int ==2)— обновление требуется загрузить или обновление уже загружено на устройство пользователя.DEVELOPER_TRIGGERED_UPDATE_IN_PROGRESS (int ==3)— обновление уже скачивается или установка уже запущена.\ninstallStatus— статус установки обновления, если пользователь уже устанавливает обновление в текущий момент времени:UNKNOWN (int ==0)— по умолчанию.DOWNLOADED (int ==1)— скачано.DOWNLOADING (int ==2)— скачивается.FAILED (int ==3)— ошибка.PENDING (int ==5)— в ожидании.\navailableVersionCode— код версии обновления.\nadmonitionadmonitionadmonition\nк сведению\nparagraphparagraphparagraph\nЗапуск скачивания обновления возможен только в том случае, если полеupdateAvailabilityсодержит значениеUPDATE_AVAILABLE.\nparagraphparagraphparagraph\nЗапуск скачивания обновления возможен только в том случае, если полеupdateAvailabilityсодержит значениеUPDATE_AVAILABLE.\nh2h2h2\nСкачивание и установка обновлений​\n\nh3h3h3\nИспользование слушателя​\nparagraphparagraphparagraph\nПосле подтверждениядоступности обновлениявы можете получать статус скачивания обновления. Для этого необходимо выполнить подписку на событиеon_state_updatedи вызовом методаregister_listenerзапустить слушатель статуса скачивания.\nh3h3h3\nПроверка статуса скачивания обновления​\nparagraphparagraphparagraph\nПодписка на событиеrustore_on_state_updatedвыполняется единожды. Прослушивание процесса скачивания активируется с помощью методаregister_listener.\ncodecodecode\nЗапуск слушателяfunctioninit(self)--Инициализация rustoreappupdaterustorecore.connect(\"rustore_on_state_updated\",_on_state_updated)rustoreappupdate.register_listener()endfunction_on_state_updated(self,channel,value)local data=json.decode(value)end\nparagraphparagraphparagraph\ninstallStatus— статус установки обновления, если пользователь уже устанавливает обновление в текущий момент времени:UNKNOWN (int ==0)— по умолчанию.DOWNLOADED (int ==1)— скачано.DOWNLOADING (int ==2)— скачивается.FAILED (int ==3)— ошибка.PENDING (int ==5)— в ожидании.\nbytesDownloaded— количество загруженных байт.\ntotalBytesToDownload— общее количество байт, которое необходимо скачать.\npackageName— имя пакета обновления.\ninstallErrorCode— код ошибки во время скачивания. Коды ошибок описаны в разделеОбработка ошибок (https://rustore.ru/help#обработка-ошибок).\nh3h3h3\nУдаление слушателя​\nparagraphparagraphparagraph\nЕсли необходимости в слушателе больше нет, воспользуйтесь методом удаления слушателяunregister_listener.\ncodecodecode\nВызов метода unregister_listenerrustoreappupdate.unregister_listener()\nh2h2h2\nЗапуск скачивания обновления​\n\nh3h3h3\nОтложенное обновление​\nparagraphparagraphparagraph\nОписание сценария отложенного обновления\nОбновление с UI от RuStore\nПользователю будет показан диалог с UI от RuStore для подтверждения обновления.\nПри нажатии на кнопку «Обновить» покажется диалоговое окно для подтверждения установки обновления.\nПосле завершения установки приложение закроется.\nrustore_start_update_flow_success.\nrustore_start_update_flow_failure.\nadmonitionadmonitionadmonition\nк сведению\nparagraphparagraphparagraph\nОбъектAppUpdateInfoпосле однократного использования становится невалидным. Для повторного вызова методаstart_update_flow_delayedзапросите объектAppUpdateInfoповторно, используя методget_appupdateinfo.\nСм. разделПроверка наличия обновлений (https://rustore.ru/help#%D0%BF%D1%80%D0%BE%D0%B2%D0%B5%D1%80%D0%BA%D0%B0-%D0%BD%D0%B0%D0%BB%D0%B8%D1%87%D0%B8%D1%8F-%D0%BE%D0%B1%D0%BD%D0%BE%D0%B2%D0%BB%D0%B5%D0%BD%D0%B8%D0%B9).\nparagraphparagraphparagraph\nОбъектAppUpdateInfoпосле однократного использования становится невалидным. Для повторного вызова методаstart_update_flow_delayedзапросите объектAppUpdateInfoповторно, используя методget_appupdateinfo.\nСм. разделПроверка наличия обновлений (https://rustore.ru/help#%D0%BF%D1%80%D0%BE%D0%B2%D0%B5%D1%80%D0%BA%D0%B0-%D0%BD%D0%B0%D0%BB%D0%B8%D1%87%D0%B8%D1%8F-%D0%BE%D0%B1%D0%BD%D0%BE%D0%B2%D0%BB%D0%B5%D0%BD%D0%B8%D0%B9).\ncodecodecode\nПодписка на событияfunctioninit(self)rustorecore.connect(\"rustore_start_update_flow_success\",_on_start_update_flow_success)rustorecore.connect(\"rustore_start_update_flow_failure\",_on_start_update_flow_failure)--Инициализация rustoreappupdateendfunction_on_start_update_flow_success(self,channel,value)local data=json.decode(value)endfunction_on_start_update_flow_failure(self,channel,value)local data=json.decode(value)end\ncodecodecode\nВызов метода start_update_flow_delayedrustoreappupdate.start_update_flow_delayed()\nparagraphparagraphparagraph\nRESULT_OK (int = -1)— пользователь подтвердил скачивание обновления.\nRESULT_CANCELED (int = 0)— пользователь отказался от скачивания обновления.\nh3h3h3\nПринудительное обновление​\nparagraphparagraphparagraph\nОписание сценария принудительного обновления\nОбновление с UI от RuStore\nПользователю будет показан полноэкранный диалог с UI от RuStore для подтверждения обновления. Использование приложения будет заблокировано до тех пор, пока обновление не будет установлено.\nПри нажатии на кнопку «Обновить» отобразится диалоговое окно для подтверждения установки обновления.\nДалее при нажатии на кнопку «Установить» появится полноэкранный диалог об установке новой версии приложения.\nПосле завершения установки приложение перезапустится.\nadmonitionadmonitionadmonition\nпредупреждение\nparagraphparagraphparagraph\nПриложение будет перезапущено, если версия Rustore больше, либо равна 1.37. Если версия Rustore ниже, то приложение закроется для установки обновления и не будет открыто заново, когда закончится обновление.\nЗапуск сценария обновления\n\nparagraphparagraphparagraph\nПриложение будет перезапущено, если версия Rustore больше, либо равна 1.37. Если версия Rustore ниже, то приложение закроется для установки обновления и не будет открыто заново, когда закончится обновление.\nЗапуск сценария обновления\n\ncodecodecode\nВызов метода check_is_immediate_update_allowedlocal isAvailable=rustoreappupdate.check_is_immediate_update_allowed()\nparagraphparagraphparagraph\ntrue— принудительное обновление доступно.\nfalse— принудительное обновление недоступно.\nrustore_start_update_flow_success.\nrustore_start_update_flow_failure.\nadmonitionadmonitionadmonition\nк сведению\nparagraphparagraphparagraph\nОбъектAppUpdateInfoпосле однократного использования становится невалидным. Для повторного вызова методаstart_update_flow_immediateзапросите объектAppUpdateInfoповторно, используя методget_appupdateinfo.\nСм. разделПроверка наличия обновлений (https://rustore.ru/help#%D0%BF%D1%80%D0%BE%D0%B2%D0%B5%D1%80%D0%BA%D0%B0-%D0%BD%D0%B0%D0%BB%D0%B8%D1%87%D0%B8%D1%8F-%D0%BE%D0%B1%D0%BD%D0%BE%D0%B2%D0%BB%D0%B5%D0%BD%D0%B8%D0%B9).\nparagraphparagraphparagraph\nОбъектAppUpdateInfoпосле однократного использования становится невалидным. Для повторного вызова методаstart_update_flow_immediateзапросите объектAppUpdateInfoповторно, используя методget_appupdateinfo.\nСм. разделПроверка наличия обновлений (https://rustore.ru/help#%D0%BF%D1%80%D0%BE%D0%B2%D0%B5%D1%80%D0%BA%D0%B0-%D0%BD%D0%B0%D0%BB%D0%B8%D1%87%D0%B8%D1%8F-%D0%BE%D0%B1%D0%BD%D0%BE%D0%B2%D0%BB%D0%B5%D0%BD%D0%B8%D0%B9).\ncodecodecode\nПодписка на событияfunctioninit(self)rustorecore.connect(\"rustore_start_update_flow_success\",_on_start_update_flow_success)rustorecore.connect(\"rustore_start_update_flow_failure\",_on_start_update_flow_failure)--Инициализация rustoreappupdateendfunction_on_start_update_flow_success(self,channel,value)local data=json.decode(value)endfunction_on_start_update_flow_failure(self,channel,value)local data=json.decode(value)end\ncodecodecode\nВызов метода start_update_flow_immediaterustoreappupdate.start_update_flow_immediate()\nparagraphparagraphparagraph\nRESULT_OK (int = -1)— обновление выполнено, код может быть не получен, т.к. приложение в момент обновления завершается.\nRESULT_CANCELED (int = 0)— флоу прервано пользователем или произошла ошибка. Предполагается, что при получении этого кода, следует завершить работу приложения.\nACTIVITY_NOT_FOUND (int = 2)— RuStore не установлен, либо установлена версия, которая не поддерживает принудительное обновление (RuStore versionCode<191).\nh3h3h3\nТихое обновление​\nparagraphparagraphparagraph\nОписание сценария тихого обновления\nОбновление без UI от RuStore\nПользователю будет показано диалоговое окно для подтверждения установки обновления (обновление будет скачано в фоне).\nПосле завершения установки приложение закроется.\nrustore_start_update_flow_success.\nrustore_start_update_flow_failure.\nadmonitionadmonitionadmonition\nк сведению\nparagraphparagraphparagraph\nОбъектAppUpdateInfoпосле однократного использования становится невалидным. Для повторного вызова методаstart_update_flow_immediateзапросите объектAppUpdateInfoповторно, используя методget_appupdateinfo.\nСм. разделПроверка наличия обновлений (https://rustore.ru/help#%D0%BF%D1%80%D0%BE%D0%B2%D0%B5%D1%80%D0%BA%D0%B0-%D0%BD%D0%B0%D0%BB%D0%B8%D1%87%D0%B8%D1%8F-%D0%BE%D0%B1%D0%BD%D0%BE%D0%B2%D0%BB%D0%B5%D0%BD%D0%B8%D0%B9).\nparagraphparagraphparagraph\nОбъектAppUpdateInfoпосле однократного использования становится невалидным. Для повторного вызова методаstart_update_flow_immediateзапросите объектAppUpdateInfoповторно, используя методget_appupdateinfo.\nСм. разделПроверка наличия обновлений (https://rustore.ru/help#%D0%BF%D1%80%D0%BE%D0%B2%D0%B5%D1%80%D0%BA%D0%B0-%D0%BD%D0%B0%D0%BB%D0%B8%D1%87%D0%B8%D1%8F-%D0%BE%D0%B1%D0%BD%D0%BE%D0%B2%D0%BB%D0%B5%D0%BD%D0%B8%D0%B9).\ncodecodecode\nПодписка на событияfunctioninit(self)rustorecore.connect(\"rustore_start_update_flow_success\",_on_start_update_flow_success)rustorecore.connect(\"rustore_start_update_flow_failure\",_on_start_update_flow_failure)--Инициализация rustoreappupdateendfunction_on_start_update_flow_success(self,channel,value)local data=json.decode(value)endfunction_on_start_update_flow_failure(self,channel,value)local data=json.decode(value)end\ncodecodecode\nВызов метода start_update_flow_silentrustoreappupdate.start_update_flow_silent()\nparagraphparagraphparagraph\nRESULT_OK (int = -1)— задача на скачивание обновления зарегистрирована.\nadmonitionadmonitionadmonition\nподсказка\nparagraphparagraphparagraph\nДля тихого обновления рекомендуется реализовать свой интерфейс.\nparagraphparagraphparagraph\nДля тихого обновления рекомендуется реализовать свой интерфейс.\nh2h2h2\nУстановка обновления​\n\nadmonitionadmonitionadmonition\nподсказка\nparagraphparagraphparagraph\nРекомендуется уведомить пользователя о готовности обновления к установке.\nПосле завершения скачивания файла обновления вы можете запустить установку обновления. Для запуска установки обновления используйте методcomplete_update. Перед использованием метода необходимо единожды выполнить подписку на событие:\nrustore_complete_update_failure.\nparagraphparagraphparagraph\nРекомендуется уведомить пользователя о готовности обновления к установке.\nПосле завершения скачивания файла обновления вы можете запустить установку обновления. Для запуска установки обновления используйте методcomplete_update. Перед использованием метода необходимо единожды выполнить подписку на событие:\nrustore_complete_update_failure.\ncodecodecode\nПодписка на событиеfunctioninit(self)rustorecore.connect(\"rustore_complete_update_failure\",_on_complete_update_failure)--Инициализация rustoreappupdateendfunction_on_complete_update_failure(self,channel,value)local data=json.decode(value)end\ncodecodecode\nВызов метода complete_updaterustoreappupdate.complete_update()\nh2h2h2\nОбработка ошибок​\n\nadmonitionadmonitionadmonition\nподсказка\nparagraphparagraphparagraph\nПри получении любого события*_failureне рекомендуется самостоятельно отображать ошибку пользователю. Отображение ошибки может негативно повлиять на пользовательский опыт.\nparagraphparagraphparagraph\nПри получении любого события*_failureне рекомендуется самостоятельно отображать ошибку пользователю. Отображение ошибки может негативно повлиять на пользовательский опыт.\ncodecodecode\nОбработка json ошибкиfunction_on_failure(self,channel,value)local data=json.decode(value)local message=data.detailMessageend\nparagraphparagraphparagraph\ndetailMessage– описание ошибки.\nh3h3h3\nВозможные ошибки​\nparagraphparagraphparagraph\nRuStoreNotInstalledException— на устройстве пользователя не установлен RuStore;\nRuStoreOutdatedException— версия RuStore, установленная на устройстве пользователя, не поддерживает платежи;\nRuStoreUserUnauthorizedException— пользователь не авторизован в RuStore;\nRuStoreException— базовая ошибка RuStore, от которой наследуются остальные ошибки;\nRuStoreInstallException(public val code: Int)— ошибка скачивания и установки.ERROR_UNKNOWN(Int = 4001)— неизвестная ошибка.ERROR_DOWNLOAD(Int = 4002)— ошибка при скачивании.ERROR_BLOCKED(Int = 4003)— установка заблокированна системой.ERROR_INVALID_APK(Int = 4004)— некорректный APK обновления.ERROR_CONFLICT(Int = 4005)— конфликт с текущей версией приложения.ERROR_STORAGE(Int = 4006)— недостаточно памяти на устройстве.ERROR_INCOMPATIBLE(Int = 4007)— несовместимо с устройством.ERROR_APP_NOT_OWNED(Int = 4008)— приложение не куплено.ERROR_INTERNAL_ERROR(Int = 4009)— внутренняя ошибка.ERROR_ABORTED(Int = 4010)— пользователь отказался от установки обновления.ERROR_APK_NOT_FOUND(Int = 4011)— APK для запуска установки не найден.ERROR_EXTERNAL_SOURCE_DENIED(Int = 4012)— запуск обновления запрещён. Например, в первом методе вернулся ответ о том, что обновление недоступно, но пользователь вызывает второй метод.ERROR_ACTIVITY_SEND_INTENT(Int = 9901)— ошибка отправки intent на открытие активити.ERROR_ACTIVITY_UNKNOWN(Int = 9902)— неизвестная ошибка отрытия активити."
}