{
    "meta": {
        "language": "ru",
        "parse_date": "2024-07-06T19:33:19.261087",
        "current_url": "https://www.rustore.ru/help/users/app-management/where-downloads-apps/",
        "doc_section": "users",
        "h1_text": "Куда скачиваются приложения из RuStore на Android"
    },
    "text": "h1h1h1\nКуда скачиваются приложения из RuStore на Android\nparagraphparagraphparagraph\nНа Android расположение загруженных приложений из RuStore стандартизировано. Обычно это папка «Android» — находится во внутренней памяти устройства.\nВнутри «Android» две папки:\n«Data» — для хранения данных приложения;\n«Obb» — для кэша игр."
}