{
    "meta": {
        "language": "ru",
        "parse_date": "2024-07-06T19:48:18.871100",
        "current_url": "https://www.rustore.ru/help/sdk/push-notifications/kotlin-java/history/",
        "doc_section": "sdk",
        "h1_text": "История изменений SDK push-уведомлений для Kotlin и Java"
    },
    "text": "h1h1h1\nИстория изменений SDK push-уведомлений для Kotlin и Java\n\nh2h2h2\nВерсия SDK 2.3.0​\nparagraphparagraphparagraph\nВнутреннее обновление SDK\nh2h2h2\nВерсия SDK 2.2.0​\nparagraphparagraphparagraph\nБагфикс\nh2h2h2\nВерсия SDK 2.1.1​\nparagraphparagraphparagraph\nДобавлена поддержка deep links\nБагфикс\nh2h2h2\nВерсия SDK 2.0.0​\nparagraphparagraphparagraph\nОбновили внутреннюю зависимость ru.rustore.sdk:coreдо 2.0.0. Это может привести к несовместимости RuStore Push SDK с некоторыми версиями других RuStore SDK. Совместимость версий смотрите на странице«Совместимость с остальными SDK» (https://rustore.ru/help/sdk/sdk-compatibility).\nВ связи с обновлением ru.rustore.sdk:coreизменилось Task API. Это может привести к \"ломающим\" изменениям в вашем коде. CallbackTask.addOnCompleteListenerзаменился наTask.addOnCompletionListener.\nЧтобы воспроизвести логику старого методаTask.addOnCompleteListener, используейте методыTask.addOnSuccessListenerиTask.addOnFailureListener.\nПереименовали ошибкуPushClientExceptionобратно вRuStorePushClientException, так как в предыдущей версии произошло случайное переименование.\nБагфикс\nh2h2h2\nВерсия SDK 1.4.0​\nparagraphparagraphparagraph\nБагфикс\nДобавлен запрос разрешения на показ уведомлений в Android 13+\nДобавлена автоматическая инициализация\nh2h2h2\nВерсия SDK 1.3.0​\nparagraphparagraphparagraph\nВ структуру получаемого push-уведомления RemoteMessage добавлено поле from. По этому полю можно понять откуда пришло уведомление. Для уведомлений отправленных в топик, поле содержит имя топика. В других случаях - часть вашего сервисного токена.\nВ коде добавлена документация публичных методов и классов.\nh2h2h2\nВерсия SDK 1.2.0​\nparagraphparagraphparagraph\nБагфикс.\nДобавлено использование сегментов.\nh2h2h2\nВерсия SDK 1.1.0​\nparagraphparagraphparagraph\nБагфикс.\nh2h2h2\nВерсия SDK 1.0.0​\nparagraphparagraphparagraph\nОбновлены библиотеки sdk: core и analytics до 1.0.0.\npushclient разбит на несколько модулей, которые подключаются транзитивно:ru.rustore.sdk:push-commonru.rustore.sdk:push-coreru.rustore.sdk:push-core-network\nh2h2h2\nВерсия SDK 0.7.0​\nparagraphparagraphparagraph\nИсправлена некорректная работа методаcheckPushAvailability.\nМетодcheckPushAvailability(context: Context)помечен какdeprecatedи в будущем будет удален. Вместо него используйте версию без аргументовcheckPushAvailability().\nВ методRuStorePushClient.initдобавлен параметрanalyticsCallback: AnalyticsCallback?. Параметр нужен для работы будущей функцииРассылка по таргетингам.\nДругие багфиксы.\nh2h2h2\nВерсия SDK 0.6.0​\nparagraphparagraphparagraph\nБагфикс.\nh2h2h2\nВерсия SDK 0.5.0​\nparagraphparagraphparagraph\nБагфикс.\nh2h2h2\nВерсия SDK 0.4.0​\nparagraphparagraphparagraph\nОбновлён порядок работы с push-уведомлениями. Больше не нужно добавлять правилоProGuard -keep public class com.vk.push.** extends android.os.Parcelable, его можно удалить.Все необходимые правила поставляются с SDK.\nИзменена структура обфускации. Теперь обфусцированные классы не вылезают за пределы корневного пакета Push SDK.\nh2h2h2\nВерсия SDK 0.3.0​\nparagraphparagraphparagraph\nБагфикс.\nДобавлено тестирование интеграции SDK push-уведомлений.\nh2h2h2\nВерсия SDK 0.2.0​\nparagraphparagraphparagraph\nБагфиксы.\nДобавлены методы для работы с push-топиками.\nh2h2h2\nВерсия SDK 0.1.9​\nparagraphparagraphparagraph\nВнутреннее обновление SDK.\nh2h2h2\nВерсия SDK 0.1.8​\nparagraphparagraphparagraph\nИсправлена работа методаawait()дляTask API (https://rustore.ru/help/sdk/task-api).\nh2h2h2\nВерсия SDK 0.1.7​\nparagraphparagraphparagraph\nВнутреннее обновление SDK.\nh2h2h2\nВерсия SDK 0.1.6​\nparagraphparagraphparagraph\nВнутреннее обновление SDK.\nh2h2h2\nВерсия SDK 0.1.5​\nparagraphparagraphparagraph\nВнутреннее обновление SDK.\nh2h2h2\nВерсия SDK 0.1.4​\nparagraphparagraphparagraph\nИсправлена уязвимостьIntent Redirection vulnerability, не позволяющая опубликовать приложение в Google Play.\nh2h2h2\nВерсия SDK 0.1.3​\nparagraphparagraphparagraph\nВнутреннее обновление SDK.\nh2h2h2\nВерсия SDK 0.1.2​\nparagraphparagraphparagraph\nВнутреннее обновление SDK.\nh2h2h2\nВерсия SDK 0.1.1​\nparagraphparagraphparagraph\nВнутреннее обновление SDK.\nМетодgetToken, при отсутствии push-токена создаст и вернёт новый push-токен.\nМетодdeleteToken, теперь не создаёт новый push-токен после удаления текущего.\nh2h2h2\nВерсия SDK 0.1.0​\nparagraphparagraphparagraph\nSuspend методы заменены на task API в методах:\nпроверка возможности получения push-уведомления —checkPushAvailability.\nполучение push-токена пользователя —getToken.\nудаление push-токена пользователя —deleteToken.\nтеперь методcheckPushAvailabilityвозвращает объектFeatureAvailabilityResult.\nh2h2h2\nВерсия SDK 0.0.9​\nparagraphparagraphparagraph\nВнутреннее обновление SDK."
}