{
    "meta": {
        "language": "ru",
        "parse_date": "2024-07-06T19:45:07.835727",
        "current_url": "https://www.rustore.ru/help/sdk/payments/kotlin-java/history/",
        "doc_section": "sdk",
        "h1_text": "История обновлений"
    },
    "text": "h1h1h1\nИстория обновлений\n\nh2h2h2\nВерсия SDK 6.0.0​\nparagraphparagraphparagraph\nДобавлена возможность принимать платежи без установки RuStore на устройстве пользователя.\nДобавлено полеsandboxу моделей результата покупкиPaymentResult\nУбрано полеdescriptionу моделиPurchase.\nh2h2h2\nВерсия SDK 5.1.1​\nparagraphparagraphparagraph\nВнутреннее обновление SDK.\nh2h2h2\nВерсия SDK 5.0.1​\nparagraphparagraphparagraph\nВнутреннее обновление SDK.\nh2h2h2\nВерсия SDK 5.0.0​\nparagraphparagraphparagraph\nДобавлен новый статус покупокPAUSEDдля подписок Внутреннее обновление SDK.\nh2h2h2\nВерсия SDK 4.0.0​\nparagraphparagraphparagraph\nВнутреннее обновление SDK.\nh2h2h2\nВерсия SDK 3.2.0​\nparagraphparagraphparagraph\nВнутреннее обновление SDK.\nh2h2h2\nВерсия SDK 3.1.0​\nparagraphparagraphparagraph\nДобавлена функциональность тестирования платежей (sandbox).\nВнутреннее обновление SDK.\nh2h2h2\nВерсия SDK 3.0.0​\nparagraphparagraphparagraph\nОбновлена функциональность по новой цветовой гамме тёмной темы.\nБагфиксы.\nh2h2h2\nВерсия SDK 2.2.0​\nparagraphparagraphparagraph\nДобавлена функциональность динамической смены темы (светлая и тёмная).\nПроизведены работы по стабилизации работы библиотеки.\nИсправлена проблема с восстановлением состояния после оплаты по deeplink.\nh2h2h2\nВерсия SDK 2.1.2​\nparagraphparagraphparagraph\nИсправлены ошибки при отсутствии приложения RuStore на устройстве.\nh2h2h2\nВерсия SDK 2.1.1​\nparagraphparagraphparagraph\nОбновления безопасности.\nh2h2h2\nВерсия SDK 2.1.0​\nparagraphparagraphparagraph\nИзменены модели ответов:получения списка продуктов;получения списка покупок;покупки товара;потребления покупки;отмены покупки.\nДоработан внешний вид диалога оплаты.\nh2h2h2\nВерсия SDK 1.1.1​\nparagraphparagraphparagraph\nИсправлена работа методаawait()для Task API.\nh2h2h2\nВерсия SDK 1.1.0​\nparagraphparagraphparagraph\nОплата с помощью TinkoffPay.\nВозможность сохранения карты при оплате.\nДоработан внешний вид и поведение диалога оплаты.\nУбраны лишние зависимости и user permissions.\nМодельPurchaseResultдополнена новым полем идентификатора счётаinvoiceId.\nh2h2h2\nВерсия SDK 1.0.0​\nparagraphparagraphparagraph\nПереход от синглтона на создание инстанса:RuStoreBillingClient.init()заменен наRuStoreBillingClientFactory.create().\nМетоды работы с синглтоном (init,products,purchases,getSingleton) помечены как deprecated и будут удалены в следующих версиях.\nМетодcheckPurchasesAvailability()стал статичным — вы можете проверить доступность платежей без создания экземпляраRuStoreBillingClient.\nh2h2h2\nВерсия SDK  0.1.8​\nparagraphparagraphparagraph\nДобавлен методRuStoreBillingClient.purchases.getPurchaseInfo(\"purchaseId\"), возвращающий информацию о покупке.\nИсправлена уязвимостьIntent Redirection vulnerability, не позволяющая опубликовать приложение в Google Play.\nh2h2h2\nВерсия SDK  0.1.7​\nparagraphparagraphparagraph\nВнутреннее обновление SDK.\nh2h2h2\nВерсия SDK 0.1.6​\nparagraphparagraphparagraph\nДобавлено полеsubscriptionTokenв сущностиPurchaseдля серверной валидации покупки.\nh2h2h2\nВерсия SDK 0.1.5​\nparagraphparagraphparagraph\nПереход на сертификаты Минцифры.\nИсправлено отображение кнопки оплаты через СБП при быстром переходе в оферту и обратно.\nПолеtraceId: Stringу интерфейсаResponseWithCodeбыло заменено на полеmeta: RequestMeta, содержащее внутриtraceId.\nh2h2h2\nВерсия SDK 0.1.4​\nparagraphparagraphparagraph\nДобавлены ссылки на оферту для СБП и оплаты со счеты мобильного телефона.\nДобавлен дополнительный дисклеймер для пользователя, если подтверждение оплаты занимает больше 15 секунд.\nИсправлены ошибки при работе с OTP-кодами и отправкой СМС.\nИсправлена генерация поляorderIdдля счета на стороне RuStore, еслиorderIdпередается вpurchaseProduct()какnull.\nДобавлено отображение блокирующей ошибки, если приложение банка не поддерживает deeplink СБП.\nДобавленPurchaseResult.subscriptionToken, позволяющий произвести валидацию покупки на сервере.\nh2h2h2\nВерсия SDK 0.1.3​\nparagraphparagraphparagraph\nДобавлена оплата по номеру телефона вpurchaseProduct().\nВ инициализации параметрexternalPaymentLoggerбыл заменен наexternalPayemtnLoggerFactory— это фабрика, в которой необходимо создать реализациюExternalPaymentLogger.\nh2h2h2\nВерсия SDK 0.1.2​\nparagraphparagraphparagraph\nДобавлена система быстрых платежей (СБП).\nДобавлен параметр deeplinkSсheme в методеinit.\nУдалён параметрdeeplinkPrefixв методеinit.\nИсправлена ошибка потери данных в форме ввода данных карты после сворачивания приложения.\nh2h2h2\nВерсия SDK 0.1.1​\nparagraphparagraphparagraph\nУдалён параметрlanguageу методов:получение списка продуктов —getProducts;получение списка покупок —getPurchases;потребление продукта —confirmPurchase;отмена покупки —deletePurchase.\nДобавлено полеRuStoreBillingClient.isInitialized, возвращающее статус инициализации библиотеки.\nh2h2h2\nВерсия SDK 0.1.0​\nparagraphparagraphparagraph\nИзменились параметры в init.\nДобавлена проверка доступности работы с платежами — метод checkPurchasesAvailability.\nВо всех методах параметр language стал необязательным.\nМетоды Suspend заменены на task API в методах:получение списка продуктов —getProducts;получение списка покупок —getPurchases;покупка продукта —purchaseProduct;потребление продукта —confirmPurchase;.отмена покупки —deletePurchase.\nВ методе покупки продуктаpurchaseProductудалён параметрcontext.\nУдалён методresultObserver, теперь результат покупки возвращаетсяpurchaseProduct.\nВ методеresolveForBillingудалён параметрonFail.\nh2h2h2\nВерсия SDK 0.0.9​\nparagraphparagraphparagraph\nДобавлены необязательные параметрыExternalPaymentLoggerиdebugLogsв функцию инициализацииinit."
}