{
    "meta": {
        "language": "ru",
        "parse_date": "2024-07-06T19:37:09.674180",
        "current_url": "https://www.rustore.ru/help/developers/tools/remote-config/how-it-works/",
        "doc_section": "developers",
        "h1_text": "Принцип работы RuStore Remote Config: основы и применение"
    },
    "text": "h1h1h1\nПринцип работы RuStore Remote Config: основы и применение\nparagraphparagraphparagraph\nПри создании нового приложения его код должен быть сконфигурирован так, чтобы в нём были параметры, которые можно менять с помощью конфига. Из-за этого Remote Config не может работать с любым приложением: сначала нужно адаптировать код сервиса под работу с RuStore Remote Config.\nПри запуске приложения SDK отправляет запрос в RuStore Remote Config и в качестве ответа получает конфиг — JSON с набором определённых параметров. Вместе с конфигом (параметрами, которые меняют поведение приложения) в ответе приходит и хэш от конфига. Этот хэш приложение запоминает и в следующих запросах к Remote Config отправляет его в качестве одного из параметров.\nRemote Config сравнивает полученный хэш с хэшом конфига, который нужно отдать на этот запрос. Если они совпадают, то вместо конфига сервис возвращает ответ «not modified». Это нужно, чтобы не возвращать клиенту неизменённый конфиг.\nПосле получения конфига на устройстве отрисовывается интерфейс или изменяются фичи в зависимости от параметров конфига из RuStore Remote Config.\nadmonitionadmonitionadmonition\nк сведению\nparagraphparagraphparagraph\nПриложение применяет полученный конфиг только после перезапуска. Пользователи не увидят изменения в интерфейсе в реальном времени.\nparagraphparagraphparagraph\nПриложение применяет полученный конфиг только после перезапуска. Пользователи не увидят изменения в интерфейсе в реальном времени."
}