{
    "meta": {
        "language": "ru",
        "parse_date": "2024-07-06T19:53:09.222715",
        "current_url": "https://www.rustore.ru/help/sdk/updates/unity/history/",
        "doc_section": "sdk",
        "h1_text": "История обновлений"
    },
    "text": "h1h1h1\nИстория обновлений\n\nh2h2h2\nВерсия 3.0.0​\nparagraphparagraphparagraph\nВерсия sdk appupdate 3.+.\nОбновлены методы запуска скачивания обновления.\nОбновлены методы установки обновления.\nВнутреннее обновление SDK.\nh2h2h2\nВерсия 2.0.0​\nparagraphparagraphparagraph\nВнутреннее обновление SDK.\nh2h2h2\nВерсия 0.2.1​\nparagraphparagraphparagraph\nВнутреннее обновление SDK.\nh2h2h2\nВерсия 0.2.0​\nparagraphparagraphparagraph\nРелизная версия."
}