{
    "meta": {
        "language": "ru",
        "parse_date": "2024-07-06T19:36:33.031492",
        "current_url": "https://www.rustore.ru/help/developers/advertising-and-promotion/vk-link/",
        "doc_section": "developers",
        "h1_text": "Как вставить ссылку на приложение из RuStore в группе ВКонтакте"
    },
    "text": "h1h1h1\nКак вставить ссылку на приложение из RuStore в группе ВКонтакте\nparagraphparagraphparagraph\nНастройте кнопку «Действия» в сообществе ВКонтакте, чтобы пользователи могли скачивать ваше приложение напрямую из RuStore.\nadmonitionadmonitionadmonition\nпримечание\nparagraphparagraphparagraph\nИзменение настроек доступно только для владельца или администратора сообщества.\nparagraphparagraphparagraph\nИзменение настроек доступно только для владельца или администратора сообщества.\nh2h2h2\nКак настроить кнопку действия?​\nparagraphparagraphparagraph\nОткройте раздел «Управление» в сообществе.\nВ блоке «Кнопка действия» измените статус на «Включена».\nВ поле «Тип действия» выберите пункт «Открыть мобильное» приложение.\nДобавьте ссылку на приложение в поле RuStore.\nНажмите «Сохранить», чтобы применить настройки."
}