{
    "meta": {
        "language": "ru",
        "parse_date": "2024-07-06T19:58:46.981808",
        "current_url": "https://www.rustore.ru/help/sdk/rustore-geo/map-display-services/interactive-map/events/",
        "doc_section": "sdk",
        "h1_text": "7.Events(события)"
    },
    "text": "h1h1h1\n7.Events(события)\n\nh2h2h2\nEvented​\nparagraphparagraphparagraph\nМетоды добавления и удаления слушателей (listeners)\ncodecodecode\nsrc/util/eventedsrc/util/evented.js\n---Table Start---\noff(type, listener)  | Удаляет ранее зарегистрированный слушатель (listener). Параметры: type:string — тип событий; listener:function — функция слушатель (listener).                                               \non(type, listener)   | Регистрирует новый лисенер (listener)                                                                                                                                                        \nonce(type, listener) | Добавляет слушатель (listener), который будет вызываться только один раз для указанного типа события. Параметры: type:string — тип событий; listener:function — функция слушатель (listener).\n---Table End---\nh2h2h2\nMapMouseEvent​\nparagraphparagraphparagraph\nСобытия, связанные с мышью.\nsrc/ui/events.js\nСм. пример ниже.\ncodecodecode\n// The click event is an example of a MapMouseEvent.// Set up an event listener on the map.map.on('click',function(e){// The event object (e) contains information like the// coordinates of the point on the map that was clicked.console.log('A click event has occurred at '+e.lngLat);});\n---Table Start---\nlngLat           | Координаты курсора на карте.                                                                                                                                                                                                                                       \noriginalEvent    | Событие DOM, вызвавшее событие карты.                                                                                                                                                                                                                              \npoint            | Пиксельные координаты курсора мыши относительно карты измеряются из левого верхнего угла.                                                                                                                                                                          \npreventDefault() | Предотвращает последующую обработку событий. Вызов этого метода предотвратит следующее события: mousedown , поведение DragPanHandler ; mousedown поведение DragRotateHandler ; mousedown , поведение BoxZoomHandler ; dblclick , поведение DoubleClickZoomHandler .\ntarget           | Объект карты, который запустил событие.                                                                                                                                                                                                                            \ntype             | Тип события (одно из Map.event:mousedown , Map.event:mouseup , Map.event:click , Map.event:dblclick , Map.event:mousemove , Map.event:mouseover , Map.event:mouseenter , Map.event:mouseleave , Map.event:mouseout , Map.event:contextmenu ).                      \n---Table End---\nh2h2h2\nMapTouchEvent​\nparagraphparagraphparagraph\nСобытия связанные с касаниями (touch).\nsrc/ui/events.js\nСвойства\n---Table Start---\nlngLat           | Координаты касания на карте.                                                                                                                                                               \nlngLats          | Массив координат, соответствующих касаниям на карте.                                                                                                                                       \noriginalEvent    | Событие DOM, вызвавшее событие карты.                                                                                                                                                      \npoint            | Пиксельные координаты курсора мыши относительно карты измеряются из левого верхнего угла.                                                                                                  \npoints           | Массив координат пикселей, соответствующих касаниям.                                                                                                                                       \npreventDefault() | Предотвращает последующую обработку события картой. Вызов этого метода предотвратит следующее события: touchstart , поведение DragPanHandler ; touchstart поведение TouchZoomRotateHandler.\ntarget           | Объект карты, который запустил событие.                                                                                                                                                    \ntype             | Тип события.                                                                                                                                                                               \n---Table End---\nh2h2h2\nMapBoxZoomEvent​\nparagraphparagraphparagraph\nСобытия связанные сboxzoom, используемыхBoxZoomHandler.\nsrc/ui/events.js\nПараметры\noriginalEvent:MouseEvent— DOM-событие, вызвавшее событиеboxzoom. Может бытьMouseEventилиKeyboardEvent.\ntype:string— тип событияboxzoom. Может быть:boxzoomstart,boxzoomendилиboxzoomcancel.\ntarget:Map— экземпляр карты, вызвавший событие.\nh2h2h2\nMapDataEvent​\nparagraphparagraphparagraph\nОбъектMapDataEventсоздается вместе с событиямиMap.event:dataиMap.event:dataloading. Возможные значения для типов данных являются:\nsource: данные, не связанные с тайлами, но связанны с любым источником;\nstyle: стиль карты.\ntype:string— тип события.\ndataType:string— тип данных, которые изменились. Может быть:source,style.\nisSourceLoaded:boolean— true, если событие имеет тип данныхsourceи источник (source) не имеет нерешенных сетевых запросов (outstanding network requests).\nsource:Object— объект типаsource.\nsourceDataType:string— включается, если событие имеет тип данныхsourceи событие сообщает, что внутренние данные были получены или изменены. Возможными значениями являютсяmetadata,contentиvisibility.\ntile:Object— загружаемый или изменяемый тайл, если событие имеет тип данныхsourceи связано с загрузкой тайла.\ncoord:Coordinate— координата тайла, если событие имеет тип данныхsourceи событие связано с загрузкой тайла.\ncodecodecode\n// The sourcedata event is an example of MapDataEvent.// Set up an event listener on the map.map.on('sourcedata',function(e){if(e.isSourceLoaded){// Do something when the source has finished loading}});\nh2h2h2\nMapWheelEvent​\nparagraphparagraphparagraph\nСобытия связанные сwheel.\nsrc/ui/events.js\nСвойства\n---Table Start---\norignalEvent     | Событие DOM, вызвавшее событие map .                                                                      \npreventDefault() | Предотвращает последующую обработку события. Вызов этого метода предотвратит поведение ScrollZoomHandler .\ntarget           | Объект карты, который запустил событие.                                                                   \ntype             | Тип события.                                                                                              \n---Table End---"
}