{
    "meta": {
        "language": "ru",
        "parse_date": "2024-07-06T20:00:44.085537",
        "current_url": "https://www.rustore.ru/help/sdk/rustore-geo/additional-services/height-determination/",
        "doc_section": "sdk",
        "h1_text": "Определение высоты"
    },
    "text": "h1h1h1\nОпределение высоты\nparagraphparagraphparagraph\n/elevation— точка вызова сервиса, который предоставляет возможность получения данных о высоте над уровнем моря. Сервис позволяет запрашивать высоту для:\nотдельной точки на карте;\nнабора не связанных между собой точек;\nмаршрута — последовательности связанных между собой точек (для этого используется полеresample_distanceвjsonзапроса).\nh2h2h2\nЗапрос​\nparagraphparagraphparagraph\nЗапросы к API возможны с помощью HTTP POST.\nh3h3h3\nОбязательные параметры POST-запроса​\n\n---Table Start---\napi_key | hex-string | Доступ к сервисам .                                                                        | api_key=fa749bace6d8a3b1....\njson    | string     | Тело POST-запроса с параметрами, необходимыми для получения интересующих данных о высотах. | N/A                         \n---Table End---\n---Table Start---\nlocations | В данное поле можно передавать координаты в одном из трёх допустимых форматов. • Список координат (см. ниже). [ {\"lat\": 56.1, \"lon\": 43.2}, {\"lat\": 56.2, \"lon\": 43.3}] • Закодированная строка: точки маршрута, специальным образом закодированные в строку (см. также: Декодирование ломаной маршрута . Например, полилинию в таком формате возвращает сервис построения маршрутов (поле ответа shape ). \"s{cplAfiz{pCa]xBxBx`AhC|gApBrz@{[h...\" • Строка: одна и более координат, разделенных символом | . Используются координаты в формате lat , lon , где: • lat — широта (используется до 6 знаков после запятой); • lon — долгота (используется до 6 знаков после запятой). | Перечисление одной и более координат в любом из трех допустимых форматов. Для заданного поля locations сервис возвращает набор высот в метрах. Количество высот равно количеству точек в locations . | { \"locations\" : [ { \"lat\" : 55.601897 , \"lon\" : 37.581305 } , { \"lat\" : 55.885040 , \"lon\" : 37.680869 } ] } | { \"locations\" : [ { \"lat\" : 55.601897 , \"lon\" : 37.581305 } , { \"lat\" : 55.885040 , \"lon\" : 37.680869 } ] , \"height\" : [ 201 , 139 ] }\n---Table End---\n---Table Start---\nrange             | Boolean | Флаг, при установке которого в true вместо одномерного массива height сервис возвращает двумерный массив range_height , в котором содержатся пары значений. Первое — расстояние в метрах от предыдущей точки locations , второе — высота. Флаг удобен для построения профиля высот, а также для расчета уклона для подъемов и спусков. Значение по умолчанию: false .                                                                                                                                                                                 | { \"range\" : true , \"locations\" : [ { \"lat\" : 55.601897 , \"lon\" : 37.581305 } , { \"lat\" : 55.885040 , \"lon\" : 37.680869 } ] }              | { \"locations\" : [ { \"lat\" : 55.601897 , \"lon\" : 37.581305 } , { \"lat\" : 55.885040 , \"lon\" : 37.680869 } ] , \"range_height\" : [ [ 0 , 201 ] , [ 32131 , 139 ] ] }                                                                                                                                                                                          \nresample_distance | Integer | Значение в метрах для указания расстояния между точками, для которых необходимо получить высоты. Исходный маршрут из последовательных точек разбивается на отрезки длиной resample_distance . Сервис возвращает сформированные таким образом точки и значения высот для этих точек. Пример использования: есть маршрут пользователя, необходимо построить для него профиль высот с высотами на расстоянии 50 метров друг от друга. Значение по умолчанию: поле отсутствует, сервис возвращает по одному значению высоты на одну указанную координату. | { \"resample_distance\" : 10000 , \"locations\" : [ { \"lat\" : 55.601897 , \"lon\" : 37.581305 } , { \"lat\" : 55.885040 , \"lon\" : 37.680869 } ] } | { \"locations\" : [ { \"lat\" : 55.601897 , \"lon\" : 37.581305 } , { \"lat\" : 55.690027 , \"lon\" : 37.612137 } , { \"lat\" : 55.778150 , \"lon\" : 37.643109 } , { \"lat\" : 55.866264 , \"lon\" : 37.674221 } , { \"lat\" : 55.885040 , \"lon\" : 37.680869 } ] , \"range_height\" : [ [ 0 , 201 ] , [ 10000 , 143 ] , [ 20000 , 161 ] , [ 30000 , 151 ] , [ 32131 , 139 ] ] }\nheight_precision  | Integer | Значение в метрах для указания расстояния между точками, для которых необходимо получить высоты. Исходный маршрут из последовательных точек разбивается на отрезки длиной resample_distance . Сервис возвращает сформированные таким образом точки и значения высот для этих точек. Пример использования: есть маршрут пользователя, необходимо построить для него профиль высот с высотами на расстоянии 50 метров друг от друга. Значение по умолчанию: поле отсутствует, сервис возвращает по одному значению высоты на одну указанную координату. | { \"resample_distance\" : 10000 , \"locations\" : [ { \"lat\" : 55.601897 , \"lon\" : 37.581305 } , { \"lat\" : 55.885040 , \"lon\" : 37.680869 } ] } | { \"locations\" : [ { \"lat\" : 55.601897 , \"lon\" : 37.581305 } , { \"lat\" : 55.690027 , \"lon\" : 37.612137 } , { \"lat\" : 55.778150 , \"lon\" : 37.643109 } , { \"lat\" : 55.866264 , \"lon\" : 37.674221 } , { \"lat\" : 55.885040 , \"lon\" : 37.680869 } ] , \"range_height\" : [ [ 0 , 201 ] , [ 10000 , 143 ] , [ 20000 , 161 ] , [ 30000 , 151 ] , [ 32131 , 139 ] ] }\n---Table End---\nh2h2h2\nОтвет​\n\nadmonitionadmonitionadmonition\nк сведению\nparagraphparagraphparagraph\nЕсли для какой-то точки не удается определить высоту, вместо значения в метрах возвращаетсяnull.\nparagraphparagraphparagraph\nЕсли для какой-то точки не удается определить высоту, вместо значения в метрах возвращаетсяnull.\n---Table Start---\nlocations    | Формат поля ответа совпадает с форматом, выбранным для запроса.                                                                                                                      | В данном поле возвращаются координаты, для которых была запрошена высота.                                                                                                                                                                                                                                                                                                                      | Формат «список координат» (см. ниже). \"locations\" : [ { \"lat\" : 55.601897 , \"lon\" : 37.581305 } , { \"lat\" : 55.885040 , \"lon\" : 37.680869 } ] Формат «закодированная строка» (см. ниже). \"s{cplAfiz{pCa]xBxBx`AhC|gApBrz@{[h...\" Формат «строка» (см. ниже). 152.2 , 34.8 | 158.8 , 23.0 | 120.0 , 10.0\nheight       | Массив высот                                                                                                                                                                         | В ответе присутствует это поле, если в запросе не задано \"range\":true . Если в запросе не указано поле resample_distance , количество значений в массиве height совпадает с количеством точек, переданных в запросе. Если же поле resample_distance указано, то количество высот соответствует количеству точек на полилинии locations , между которыми расстояние, равное resample_distance . | \"height\" : [ 221 , 172 , 206 , 188 , 153 ]                                                                                                                                                                                                                                                             \nrange_height | Массив пар значений x и y: • x - суммарное расстояние в метрах от начала маршрута. Для первой координаты это всегда 0 м.; • y - высота в метрах для координаты по заданному индексу. | В ответе присутствует это поле, если в запросе задано \"range\":true . Количество пар в массиве range_height определяется по тем же правилам, что и в массиве height .                                                                                                                                                                                                                           | \"range_height\" : [ [ 0 , 221 ] , [ 248 , 172 ] , [ 902 , 206 ] , [ 11308 , 188 ] , [ 1601 , 153 ] ]                                                                                                                                                                                                    \n---Table End---\nh2h2h2\nПримеры​\n\nh3h3h3\nЗапрос с единственной координатой​\n\ncodecodecode\ncurl -X POST-H \"Content-type: application/json\"-H \"Accept: application/json\"-d '{\"locations\":\"55.601897, 37.581305\"}'\"https://geo.rustore.ru/api/elevation?api_key=<YOUR_API_KEY>\"\nh3h3h3\nОтвет​\n\ncodecodecode\n{\"locations\":\"55.601897, 37.581305\",\"height\":[201]}\nh3h3h3\nЗапрос с координатами, для которых нет данных о высотах​\n\ncodecodecode\ncurl -X POST-H  \"Content-type: application/json\"-H  \"Accept: application/json\"-d  '{\"locations\":[{\"lat\":0.0,\"lon\":0.0}, {\"lat\":0.1,\"lon\":0.1}]}'\"https://geo.rustore.ru/api/elevation?api_key=<YOUR_API_KEY>\"\nh3h3h3\nОтвет​\n\ncodecodecode\n{\"locations\":[{\"lat\":0.000000,\"lon\":0.000000},{\"lat\":0.100000,\"lon\":0.100000}],\"height\":[null,null]}"
}