{
    "meta": {
        "language": "ru",
        "parse_date": "2024-07-06T19:47:26.424555",
        "current_url": "https://www.rustore.ru/help/sdk/payments/unreal/5-0-0/",
        "doc_section": "sdk"
    },
    "text": "admonitionadmonitionadmonition\nподсказка\nparagraphparagraphparagraph\nСценарий работы с платежами описан вгайде (https://rustore.ru/help/guides/payments). Изучите его перед началом работы.\nparagraphparagraphparagraph\nСценарий работы с платежами описан вгайде (https://rustore.ru/help/guides/payments). Изучите его перед началом работы.\nh2h2h2\nПример реализации​\nparagraphparagraphparagraph\nОзнакомьтесь сприложением-примеромчтобы узнать, как правильно интегрировать SDK платежей.\nВсе операции с клиентом также доступны из Blueprints. Ниже представлен пример инициализации.\nh2h2h2\nУсловия работы платежей​\nparagraphparagraphparagraph\nНа устройстве пользователя установлена актуальная версия RuStore.\nПользователь авторизован в RuStore.\nПользователь и приложение не должны быть заблокированы в RuStore.\nДля приложения включена возможность покупок вКонсоли RuStore (https://console.rustore.ru/).\nВерсия Unreal Engine 4.26 или выше.\nadmonitionadmonitionadmonition\nпредупреждение\nparagraphparagraphparagraph\nСервис имеет некоторые ограничения на работу за пределами России.\nparagraphparagraphparagraph\nСервис имеет некоторые ограничения на работу за пределами России.\nh2h2h2\nПодготовка к работе​\nparagraphparagraphparagraph\nСкопируйте содержимое папкиPluginsиз официального репозитория RuStore наGitFlic (https://gitflic.ru/project/rustore/rustore-unreal-engine-billing-example)в папкуPluginsвнутри своего проекта.\nПерезапустите Unreal Engine.\nВ списке плагинов (Edit > Plugins > Project > Mobile) отметьте плагиныRuStoreBillingиRuStoreCore.\nПодключите модули модулиRuStoreCoreиRuStoreBillingв файлеYourProject.Build.csв спискеPublicDependencyModuleNames.\nВ настройках проекта (Edit > Project Settings > Android) установите параметрMinimum SDK Versionна уровень не ниже24и параметрTarget SDK Versionне ниже31.\nh2h2h2\nОбработка deeplink​\nparagraphparagraphparagraph\nДля корректной работы оплаты через сторонние приложения (СБП, SberPay и др.) необходимо правильно реализовать обработку deeplink. Плагин RuStore Billing автоматически добавит вAndroidManifest.xmlдополнительную activity с необходимымintent-filter(см. Ниже). Изменить это поведение можно в файлеRuStoreBilling_UPL_Android.xml.\ncodecodecode\nAndroidManifest.xml<activityandroid:name=\"com.Plugins.RuStoreBilling.RuStoreIntentFilterActivity\"android:exported=\"true\"android:launchMode=\"singleTask\"><intent-filter><actionandroid:name=\"android.intent.action.VIEW\"/><categoryandroid:name=\"android.intent.category.DEFAULT\"/><categoryandroid:name=\"android.intent.category.BROWSABLE\"/><!-- Set your appscheme --><dataandroid:scheme=\"@string/rustore_app_scheme\"/></intent-filter></activity>\nadmonitionadmonitionadmonition\nпредупреждение\nparagraphparagraphparagraph\nВашему проекту необходимо реализовать наличие строкового ресурса@string/rustore_app_scheme.\n@string/rustore_app_scheme— схема вашего deeplink. Эта схема должна совпадать со схемой deeplink, указываемой при инициализации библиотеки billing-клиента.\nparagraphparagraphparagraph\nВашему проекту необходимо реализовать наличие строкового ресурса@string/rustore_app_scheme.\n@string/rustore_app_scheme— схема вашего deeplink. Эта схема должна совпадать со схемой deeplink, указываемой при инициализации библиотеки billing-клиента.\nh2h2h2\nИнициализация​\nparagraphparagraphparagraph\nПеред вызовом методов библиотеки необходимо выполнить её инициализацию.\ncodecodecode\nВызов метода InitFURuStoreBillingClientConfigconfig;config.consoleApplicationId=\"123456\";config.deeplinkScheme=\"yourscheme\";config.allowNativeErrorHandling=false;config.enableLogs=false;URuStoreBillingClient::Instance()->Init(config);\nparagraphparagraphparagraph\nconsoleApplicationId— код приложения из консоли разработчика RuStore (пример:https://console.rustore.ru/apps/123456 (https://console.rustore.ru/apps/123456)).Чтобы получить ID приложения, скопируйте цифры из URL-адреса страницы приложения в RuStore Консоли послеapps/.\ndeeplinkSheme— URL-адрес для использования deeplink. В качестве названия может быть использовано любое уникальное имя (пример: yourappscheme).\nallowNativeErrorHandling— разрешить обработку ошибок в нативном SDK (см. подробнее в разделеОбработка ошибок (https://rustore.ru/help#обработка-ошибок)).\nenableLogs— включить ведение журнала событий.\nh3h3h3\nДеинициализация​\n\ncodecodecode\nВызов метода DisposeURuStoreBillingClient::Instance()->Dispose();\nh3h3h3\nПроверка инициализации​\nparagraphparagraphparagraph\nЕсли вам нужно проверить факт инициализации библиотеки, используйте методGetIsInitialized(). Метод вернетtrue, если библиотека инициализирована, иfalse, еслиInitеще не был вызван.\ncodecodecode\nВызов метода GetIsIninializedbool isInitialized=URuStoreBillingClient::Instance()->GetIsIninialized();\nh2h2h2\nКак работают платежи​\n\nh2h2h2\nПроверка доступности работы с платежами​\nparagraphparagraphparagraph\nВо время проверки доступности платежей проверяются следующие условия.\nНа устройстве пользователя установлена актуальная версия RuStore.\nПриложение RuStore поддерживает функциональность платежей.\nПользователь авторизован в RuStore.\nПользователь и приложение не должны быть заблокированы в RuStore.\nДля приложения включена возможность покупок вКонсоли RuStore (https://console.rustore.ru/).\ncodecodecode\nВызов метода CheckPurchasesAvailabilitylong requestId=URuStoreBillingClient::Instance()->CheckPurchasesAvailability([](long requestId,TSharedPtr<FURuStoreFeatureAvailabilityResult,ESPMode::ThreadSafe>response){// Process response},[](long requestId,TSharedPtr<FURuStoreError,ESPMode::ThreadSafe>error){// Process error});\ncodecodecode\nUSTRUCT(BlueprintType)structRUSTORECORE_APIFURuStoreFeatureAvailabilityResult{GENERATED_USTRUCT_BODY()FURuStoreFeatureAvailabilityResult(){isAvailable=false;}UPROPERTY(BlueprintReadWrite)bool isAvailable;UPROPERTY(BlueprintReadWrite)FURuStoreErrorcause;};\nparagraphparagraphparagraph\nisAvailable— выполнение условий выполнения платежей (true/false).\ncause— информация об ошибке.\nh2h2h2\nРабота с SDK​\n\nh3h3h3\nПолучение списка продуктов​\nparagraphparagraphparagraph\nДля получения списка продуктов используйте методGetProducts().\ncodecodecode\nВызов метода GetProductslong requestId=URuStoreBillingClient::Instance()->GetProducts(productIds,[](long requestId,TSharedPtr<FURuStoreProductsResponse,ESPMode::ThreadSafe>response){// Process response},[](long requestId,TSharedPtr<FURuStoreError,ESPMode::ThreadSafe>error){// Process error});\ncodecodecode\nUSTRUCT(BlueprintType)structFURuStoreProductsResponse{GENERATED_USTRUCT_BODY()UPROPERTY(BlueprintReadOnly)TArray<FURuStoreProduct>products;};\ncodecodecode\nUSTRUCT(BlueprintType)structFURuStoreProduct{GENERATED_USTRUCT_BODY()FURuStoreProduct(){productId=\"\";productType=EURuStoreProductType::NON_CONSUMABLE;productStatus=EURuStoreProductStatus::INACTIVE;priceLabel=\"\";price=0;currency=\"\";language=\"\";title=\"\";description=\"\";imageUrl=\"\";promoImageUrl=\"\";}UPROPERTY(BlueprintReadOnly)FStringproductId;UPROPERTY(BlueprintReadOnly)EURuStoreProductTypeproductType;UPROPERTY(BlueprintReadOnly)EURuStoreProductStatusproductStatus;UPROPERTY(BlueprintReadOnly)FStringpriceLabel;UPROPERTY(BlueprintReadOnly)int price;UPROPERTY(BlueprintReadOnly)FStringcurrency;UPROPERTY(BlueprintReadOnly)FStringlanguage;UPROPERTY(BlueprintReadOnly)FStringtitle;UPROPERTY(BlueprintReadOnly)FStringdescription;UPROPERTY(BlueprintReadOnly)FStringimageUrl;UPROPERTY(BlueprintReadOnly)FStringpromoImageUrl;UPROPERTY(BlueprintReadOnly)FURuStoreProductSubscriptionsubscription;};\nparagraphparagraphparagraph\nproductId— идентификатор продукта.\nproductType— тип продукта.\nproductStatus— статус продукта.\npriceLable— отформатированная цена товара, включая валютный знак на языкеlanguage.\nprice— цена в минимальных единицах (в копейках).\ncurrency— код валюты ISO 4217.\nlanguage— язык, указанный с помощью BCP 47 кодирования.\ntitle— название продукта на языкеlanguage.\ndescription— описание на языкеlanguage.\nimageUrl— ссылка на картинку.\npromoImageUrl— ссылка на промокартинку.\nsubscription— описание подписки, возвращается только для продуктов с типомsubscription.\ncodecodecode\nUENUM(BlueprintType)enumclassEURuStoreProductType:uint8{NON_CONSUMABLEUMETA(DisplayName=\"NON_CONSUMABLE\"),CONSUMABLEUMETA(DisplayName=\"CONSUMABLE\"),SUBSCRIPTIONUMETA(DisplayName=\"SUBSCRIPTION\")};\ncodecodecode\nUENUM(BlueprintType)enumclassEURuStoreProductStatus:uint8{ACTIVEUMETA(DisplayName=\"ACTIVE\"),INACTIVEUMETA(DisplayName=\"INACTIVE\")};\ncodecodecode\nUSTRUCT(BlueprintType)structFURuStoreProductSubscription{GENERATED_USTRUCT_BODY()FURuStoreProductSubscription(){introductoryPrice=\"\";introductoryPriceAmount=\"\";}UPROPERTY(BlueprintReadOnly)FURuStoreSubscriptionPeriodsubscriptionPeriod;UPROPERTY(BlueprintReadOnly)FURuStoreSubscriptionPeriodfreeTrialPeriod;UPROPERTY(BlueprintReadOnly)FURuStoreSubscriptionPeriodgracePeriod;UPROPERTY(BlueprintReadOnly)FStringintroductoryPrice;UPROPERTY(BlueprintReadOnly)FStringintroductoryPriceAmount;UPROPERTY(BlueprintReadOnly)FURuStoreSubscriptionPeriodintroductoryPricePeriod;};\nparagraphparagraphparagraph\nsubscriptionPeriod— период подписки.\nfreeTrialPeriod— пробный период подписки.\ngracePeriod— льготный период подписки.\nintroductoryPrice— отформатированная вступительная цена подписки, включая знак валюты, на языкеproduct:language.\nintroductoryPriceAmount— вступительная цена в минимальных единицах валюты (в копейках).\nintroductoryPricePeriod— расчётный период вступительной цены.\ncodecodecode\nUSTRUCT(BlueprintType)structFURuStoreSubscriptionPeriod{GENERATED_USTRUCT_BODY()FURuStoreSubscriptionPeriod(){years=1970;months=1;days=1;}UPROPERTY(BlueprintReadOnly)int years;UPROPERTY(BlueprintReadOnly)int months;UPROPERTY(BlueprintReadOnly)int days;};\nparagraphparagraphparagraph\nyears— количество лет.\nmonths— количество месяцев.\ndays— количество дней.\nh3h3h3\nПокупка продукта​\nparagraphparagraphparagraph\nДля вызова покупки продукта используйте методPurchaseProduct().\nВызов метода покупки продукта\ncodecodecode\nВызов метода PurchaseProductlong requestId=URuStoreBillingClient::Instance()->PurchaseProduct(productId,orderId,quantity,developerPayload,[](long requestId,TShardPtr<FURuStorePaymentResult,ESPMode::ThreadSafe>response){// Process response},[](long requestId,TSharedPtr<FURuStoreError,ESPMode::ThreadSafe>error){// Process error});\nparagraphparagraphparagraph\nproductId— идентификатор продукта.\norderId: String— уникальный идентификатор оплаты, сформированный приложением (UUID).\nquantity— количество продукта.\ndeveloperPayload— указанная разработчиком строка, содержащая дополнительную информацию о заказе.\ncodecodecode\nВызов методов GetTypeName и StaticCastSharedPtr// TShardPtr<FURuStorePaymentResult, ESPMode::ThreadSafe> responseFStringtypeName=response->GetTypeName();if(typeName==\"FURuStoreSuccess\"){auto success=*StaticCastSharedPtr<FURuStoreSuccess>(response);}\nparagraphparagraphparagraph\nFURuStoreSuccess- результат успешного завершения покупки цифрового товара.\nFURuStoreFailure- при отправке запроса на оплату или получения статуса оплаты возникла проблема, невозможно установить статус покупки.\nFURuStoreCancelled— запрос на покупку отправлен, при этом пользователь закрыл «платёжную шторку» на своём устройстве, и результат оплаты неизвестен.\nFURuStoreInvalidPaymentState— ошибка работы SDK платежей. Может возникнуть, в случае некорректного обратного deeplink.\ncodecodecode\nUCLASS(BlueprintType)classRUSTOREBILLING_APIURuStorePaymentResultClass:publicUObject{GENERATED_BODY()};USTRUCT(BlueprintType)structRUSTOREBILLING_APIFURuStorePaymentResult{GENERATED_USTRUCT_BODY()virtual~FURuStorePaymentResult(){}virtualFStringGetTypeName(){return\"FURuStorePaymentResult\";}};\ncodecodecode\nUCLASS(BlueprintType)classRUSTOREBILLING_APIURuStoreSuccess:publicURuStorePaymentResultClass{GENERATED_BODY()public:UPROPERTY(BlueprintReadOnly)FURuStoreSuccessvalue;};USTRUCT(BlueprintType)structRUSTOREBILLING_APIFURuStoreSuccess:publicFURuStorePaymentResult{GENERATED_USTRUCT_BODY()FURuStoreSuccess(){orderId=\"\";purchaseId=\"\";productId=\"\";invoiceId=\"\";subscriptionToken=\"\";}UPROPERTY(BlueprintReadOnly)FStringorderId;UPROPERTY(BlueprintReadOnly)FStringpurchaseId;UPROPERTY(BlueprintReadOnly)FStringproductId;UPROPERTY(BlueprintReadOnly)FStringinvoiceId;UPROPERTY(BlueprintReadOnly)FStringsubscriptionToken;virtualFStringGetTypeName()override{return\"FURuStoreSuccess\";}};\ncodecodecode\nUCLASS(BlueprintType)classRUSTOREBILLING_APIURuStoreCancelled:publicURuStorePaymentResultClass{GENERATED_BODY()public:UPROPERTY(BlueprintReadOnly)FURuStoreCancelledvalue;};USTRUCT(BlueprintType)structRUSTOREBILLING_APIFURuStoreCancelled:publicFURuStorePaymentResult{GENERATED_USTRUCT_BODY()FURuStoreCancelled(){purchaseId=\"\";}UPROPERTY(BlueprintReadOnly)FStringpurchaseId;virtualFStringGetTypeName()override{return\"FURuStoreCancelled\";}};\ncodecodecode\nUCLASS(BlueprintType)classRUSTOREBILLING_APIURuStoreFailure:publicURuStorePaymentResultClass{GENERATED_BODY()public:UPROPERTY(BlueprintReadOnly)FURuStoreFailurevalue;};USTRUCT(BlueprintType)structRUSTOREBILLING_APIFURuStoreFailure:publicFURuStorePaymentResult{GENERATED_USTRUCT_BODY()public:FURuStoreFailure(){purchaseId=\"\";invoiceId=\"\";orderId=\"\";quantity=0;productId=\"\";errorCode=0;}UPROPERTY(BlueprintReadOnly)FStringpurchaseId;UPROPERTY(BlueprintReadOnly)FStringinvoiceId;UPROPERTY(BlueprintReadOnly)FStringorderId;UPROPERTY(BlueprintReadOnly)int quantity;UPROPERTY(BlueprintReadOnly)FStringproductId;UPROPERTY(BlueprintReadOnly)int errorCode;virtualFStringGetTypeName()override{return\"FURuStoreFailure\";}};\ncodecodecode\nUCLASS(BlueprintType)classRUSTOREBILLING_APIURuStoreInvalidPaymentState:publicURuStorePaymentResultBase{GENERATED_BODY()public:UPROPERTY(BlueprintReadOnly)FURuStoreInvalidPaymentStatevalue;};USTRUCT(BlueprintType)structRUSTOREBILLING_APIFURuStoreInvalidPaymentState:publicFURuStorePaymentResult{GENERATED_USTRUCT_BODY()virtualFStringGetTypeName()override{return\"FURuStoreInvalidPaymentState\";}};\nh3h3h3\nПолучение списка покупок​\nparagraphparagraphparagraph\nМетод возвращает только покупки со статусами из таблицы ниже. Подробнее о других возможных состояниях покупки смотрите в разделеПолучение сведений о покупке.\n---Table Start---\nCONSUMABLE     | + |   | +\nNON-CONSUMABLE | + | + |  \nSUBSCRIPTION   | + | + |  \n---Table End---\nadmonitionadmonitionadmonition\nпримечание\nparagraphparagraphparagraph\nМетод возвращает незавершённые состояния покупки и покупки потребляемых товаров, требующих обработки. Помимо этого, он показывает подтверждённые покупки для подписок и непотребляемых товаров — тех, которые нельзя купить повторно.\nДля получения списка покупок пользователя используйте методGetPurchases().\nparagraphparagraphparagraph\nМетод возвращает незавершённые состояния покупки и покупки потребляемых товаров, требующих обработки. Помимо этого, он показывает подтверждённые покупки для подписок и непотребляемых товаров — тех, которые нельзя купить повторно.\nДля получения списка покупок пользователя используйте методGetPurchases().\ncodecodecode\nВызов метода GetPurchaseslong requestId=URuStoreBillingClient::Instance()->GetPurchases([](long requestId,TSharedPtr<FURuStorePurchasesResponse,ESPMode::ThreadSafe>response){// Process response},[](long requestId,TSharedPtr<FURuStoreRuStoreError,ESPMode::ThreadSafe>error){// Process error});\ncodecodecode\nUSTRUCT(BlueprintType)structFURuStorePurchasesResponse:publicFURuStoreResponseWithCode{GENERATED_USTRUCT_BODY()UPROPERTY(BlueprintReadOnly)TArray<FURuStorePurchase>purchases;};\ncodecodecode\nUSTRUCT(BlueprintType)structFURuStorePurchase{GENERATED_USTRUCT_BODY()FURuStorePurchase(){purchaseId=\"\";productId=\"\";invoiceId=\"\";description=\"\";language=\"\";purchaseTime=FDateTime(0);orderId=\"\";amountLabel=\"\";amount=0;currency=\"\";quantity=0;purchaseState=EURuStorePurchaseState::CANCELLED;developerPayload=\"\";subscriptionToken=\"\";}UPROPERTY(BlueprintReadOnly)FStringpurchaseId;UPROPERTY(BlueprintReadOnly)FStringproductId;UPROPERTY(BlueprintReadOnly)FStringinvoiceId;UPROPERTY(BlueprintReadOnly)FStringdescription;UPROPERTY(BlueprintReadOnly)FStringlanguage;UPROPERTY(BlueprintReadOnly)FDateTimepurchaseTime;UPROPERTY(BlueprintReadOnly)FStringpurchaseTimeLabel;UPROPERTY(BlueprintReadOnly)FStringorderId;UPROPERTY(BlueprintReadOnly)FStringamountLabel;UPROPERTY(BlueprintReadOnly)int amount;UPROPERTY(BlueprintReadOnly)FStringcurrency;UPROPERTY(BlueprintReadOnly)int quantity;UPROPERTY(BlueprintReadOnly)EURuStorePurchaseStatepurchaseState;UPROPERTY(BlueprintReadOnly)FStringdeveloperPayload;UPROPERTY(BlueprintReadOnly)FStringsubscriptionToken;};\ncodecodecode\nUENUM(BlueprintType)enumclassEURuStorePurchaseState:uint8{CREATEDUMETA(DisplayName=\"CREATED\"),INVOICE_CREATEDUMETA(DisplayName=\"INVOICE_CREATED\"),CONFIRMEDUMETA(DisplayName=\"CONFIRMED\"),PAIDUMETA(DisplayName=\"PAID UMETA\"),CANCELLEDUMETA(DisplayName=\"CANCELLED\"),CONSUMEDUMETA(DisplayName=\"CONSUMED\"),PAUSEDUMETA(DisplayName=\"PAUSED\"),CLOSEDUMETA(DisplayName=\"CLOSED\")};\nparagraphparagraphparagraph\npurchaseId— идентификатор покупки.\nproductId— идентификатор продукта.\ndescription— описание на языкеlanguage.\ninvoiceId— идентификатор счёта.\nlanguage— язык, указанный с помощью BCP 47 кодирования.\npurchaseTime— время покупки.\norderId— уникальный идентификатор оплаты, сформированный приложением (UUID).\namountLable— отформатированная цена покупки, включая валютный знак на языкеlanguage.\namount— цена в минимальных единицах валюты.\ncurrency— код валюты ISO 4217.\nquantity— количество продукта.\npurchaseState— состояние покупки:CREATED— покупка создана;INVOICE_CREATED— по покупке создан счёт, ожидает оплаты;PAID— только покупки потребляемого товара — промежуточный статус, средства на счёте покупателя зарезервированы. Покупка ожидает подтверждения от разработчика;CONFIRMED— финальный статус, покупка подтверждена (для подписок и непотребляемых товаров). Средства отправлены разработчику. Повторная покупка товара блокируется магазином;CONSUMED— для потребляемых товаров — конечный статус, потребление покупки подтверждено. Можно производить повторную покупку товара;CANCELLED— покупка отменена — оплата не была произведена или был совершен возврат средств покупателю (для подписок после возврата средств покупка не переходит вCANCELLED);PAUSED— для подписок — подписка перешла в HOLD период;TERMINATED— подписка закрылась.\ndeveloperPayload— указанная разработчиком строка, содержащая дополнительную информацию о заказе.\nsubscriptionToken— токен для валидации покупки на сервере.\nh3h3h3\nПолучение сведений о покупке​\n\ncodecodecode\nlong requestId=URuStoreBillingClient::Instance()->GetPurchaseInfo(purchaseId,[](long requestId,TSharedPtr<FURuStorePurchaseInfoResponse,ESPMode::ThreadSafe>response){// Process response},[](long requestId,TSharedPtr<FURuStoreError,ESPMode::ThreadSafe>error){// Process error});\ncodecodecode\nUSTRUCT(BlueprintType)structFURuStorePurchase{GENERATED_USTRUCT_BODY()FURuStorePurchase(){purchaseId=\"\";productId=\"\";invoiceId=\"\";description=\"\";language=\"\";purchaseTime=FDateTime(0);orderId=\"\";amountLabel=\"\";amount=0;currency=\"\";quantity=0;purchaseState=EURuStorePurchaseState::CANCELLED;developerPayload=\"\";subscriptionToken=\"\";}UPROPERTY(BlueprintReadOnly)FStringpurchaseId;UPROPERTY(BlueprintReadOnly)FStringproductId;UPROPERTY(BlueprintReadOnly)FStringinvoiceId;UPROPERTY(BlueprintReadOnly)FStringdescription;UPROPERTY(BlueprintReadOnly)FStringlanguage;UPROPERTY(BlueprintReadOnly)FDateTimepurchaseTime;UPROPERTY(BlueprintReadOnly)FStringpurchaseTimeLabel;UPROPERTY(BlueprintReadOnly)FStringorderId;UPROPERTY(BlueprintReadOnly)FStringamountLabel;UPROPERTY(BlueprintReadOnly)int amount;UPROPERTY(BlueprintReadOnly)FStringcurrency;UPROPERTY(BlueprintReadOnly)int quantity;UPROPERTY(BlueprintReadOnly)EURuStorePurchaseStatepurchaseState;UPROPERTY(BlueprintReadOnly)FStringdeveloperPayload;UPROPERTY(BlueprintReadOnly)FStringsubscriptionToken;};\ncodecodecode\nUENUM(BlueprintType)enumclassEURuStorePurchaseState:uint8{CREATEDUMETA(DisplayName=\"CREATED\"),INVOICE_CREATEDUMETA(DisplayName=\"INVOICE_CREATED\"),CONFIRMEDUMETA(DisplayName=\"CONFIRMED\"),PAIDUMETA(DisplayName=\"PAID UMETA\"),CANCELLEDUMETA(DisplayName=\"CANCELLED\"),CONSUMEDUMETA(DisplayName=\"CONSUMED\"),PAUSEDUMETA(DisplayName=\"PAUSED\"),CLOSEDUMETA(DisplayName=\"CLOSED\")};\nparagraphparagraphparagraph\npurchaseId— идентификатор покупки.\nproductId— идентификатор продукта.\ndescription— описание на языкеlanguage.\ninvoiceId— идентификатор счёта.\nlanguage— язык, указанный с помощью BCP 47 кодирования.\npurchaseTime— время покупки.\norderId— уникальный идентификатор оплаты, сформированный приложением (UUID).\namountLable— отформатированная цена покупки, включая валютный знак на языкеlanguage.\namount— цена в минимальных единицах валюты.\ncurrency— код валюты ISO 4217.\nquantity— количество продукта.\npurchaseState— состояние покупки:CREATED— покупка создана;INVOICE_CREATED— по покупке создан счёт, ожидает оплаты;PAID— только покупки потребляемого товара — промежуточный статус, средства на счёте покупателя зарезервированы. Покупка ожидает подтверждения от разработчика;CONFIRMED— финальный статус, покупка подтверждена (для подписок и непотребляемых товаров). Средства отправлены разработчику. Повторная покупка товара блокируется магазином;CONSUMED— для потребляемых товаров — конечный статус, потребление покупки подтверждено. Можно производить повторную покупку товара;CANCELLED— покупка отменена — оплата не была произведена или был совершен возврат средств покупателю (для подписок после возврата средств покупка не переходит вCANCELLED);PAUSED— для подписок — подписка перешла в HOLD период;TERMINATED— подписка закрылась.\ndeveloperPayload— указанная разработчиком строка, содержащая дополнительную информацию о заказе.\nsubscriptionToken— токен для валидации покупки на сервере.\nh3h3h3\nПодтверждение покупки​\n\nh4h4h4\nПродукты, требующие подтверждения​\nparagraphparagraphparagraph\nRuStore содержит продукты следующих типов.\nSUBSCRIPTION— подписка (можно купить на период времени, например: подписка в стриминговом сервисе).\nNON_CONSUMABLE— непотребляемый (можно купить один раз, например: отключение рекламы в приложении).\nCONSUMABLE— потребляемый (можно купить много раз, например: кристаллы в приложении).\nh4h4h4\nВызов метода подтверждения​\nparagraphparagraphparagraph\n\ncodecodecode\nВызов метода ConfirmPurchaselong requestId=RuStoreBillingClient::Instance()->ConfirmPurchase(purchaseId,[](long requestId,TSharedPtr<FURuStoreError,ESPMode::ThreadSafe>error){// Process error},[](long requestId,TSharedPtr<FURuStoreConfirmPurchaseResponse,ESPMode::ThreadSafe>response){// Process response});\nparagraphparagraphparagraph\npurchaseId— идентификатор покупки.\nh3h3h3\nОтмена покупки​\nparagraphparagraphparagraph\nДля отмены покупки используйте методDeletePurchase.\nВызов метода отмены покупки\ncodecodecode\nВызов метода DeletePurchaselong requestId=URuStoreBillingClient::Instance()->DeletePurchase(purchaseId,[](long requestId,TSharedPtr<FURuStoreDeletePurchaseResponse,ESPMode::ThreadSafe>response){// Process response},[](long requestId,TSharedPtr<FURuStoreRuStoreError,ESPMode::ThreadSafe>error){// Process error});\nparagraphparagraphparagraph\npurchaseId— идентификатор покупки.\nadmonitionadmonitionadmonition\nк сведению\nparagraphparagraphparagraph\nИспользуйте этот метод, если у вас есть логика, завязанная на удалении покупки. Покупка отменяется автоматически через таймаут в 20 минут, либо при повторной покупке от того же клиента.\nОбратный вызов (callback)Failureвозвращает структуруFURuStoreErrorс информацией об ошибке в параметреError. Структура ошибкиFURuStoreErrorописана в разделеОбработка ошибок.\nparagraphparagraphparagraph\nИспользуйте этот метод, если у вас есть логика, завязанная на удалении покупки. Покупка отменяется автоматически через таймаут в 20 минут, либо при повторной покупке от того же клиента.\nОбратный вызов (callback)Failureвозвращает структуруFURuStoreErrorс информацией об ошибке в параметреError. Структура ошибкиFURuStoreErrorописана в разделеОбработка ошибок.\nh3h3h3\nОбработка незавершённых платежей​\nparagraphparagraphparagraph\nОбработка незавершённых платежей производится разработчиком.\nЧтобы подтвердить покупку типаCONSUMABLEи в статусеPAIDвызовите методподтверждения покупки(см.Получение сведений о покупке).\nВ случае с отменой покупки при использовании методов обработки платежей учитывайте свой внутренний процесс. У некоторых разработчиков он предусматривает проверки перед потреблением или отменой покупки. В этом случае запросите отдельно статус такой покупки.\nadmonitionadmonitionadmonition\nподсказка\nparagraphparagraphparagraph\nНапример, если пользователь оплатил товар, который вы по каким-то причинам не можете ему поставить, вызовите методотмены покупки (https://rustore.ru/help#%D0%BE%D1%82%D0%BC%D0%B5%D0%BD%D0%B0-%D0%BF%D0%BE%D0%BA%D1%83%D0%BF%D0%BA%D0%B8)в статусеPAID, чтобы отменить покупку.\nВ случаях, когда методполучения списка покупоквозвращает покупку со статусомINVOICE_CREATEDвы можете использовать методотмены покупки. Например, если не хотите видеть покупку с такими статусами в списке покупок. Делать это самим не обязательно, поскольку RuStore обрабатывает отмену таких покупок на своей стороне.\nparagraphparagraphparagraph\nНапример, если пользователь оплатил товар, который вы по каким-то причинам не можете ему поставить, вызовите методотмены покупки (https://rustore.ru/help#%D0%BE%D1%82%D0%BC%D0%B5%D0%BD%D0%B0-%D0%BF%D0%BE%D0%BA%D1%83%D0%BF%D0%BA%D0%B8)в статусеPAID, чтобы отменить покупку.\nВ случаях, когда методполучения списка покупоквозвращает покупку со статусомINVOICE_CREATEDвы можете использовать методотмены покупки. Например, если не хотите видеть покупку с такими статусами в списке покупок. Делать это самим не обязательно, поскольку RuStore обрабатывает отмену таких покупок на своей стороне.\nadmonitionadmonitionadmonition\nк сведению\nparagraphparagraphparagraph\nИногда после оплаты через приложение банка (СБП, SberPay, Tinkoff Pay и др.) и при последующем возврате обратно в приложение статус покупки остаётсяINVOICE_CREATED, при этом статус платежа — неуспешная покупка. Это связано с временем обработки покупки на стороне банка. Поэтому разработчику необходимо правильно связать логику получения списка покупок с жизненным циклом экрана.\nАльтернативное решение — отмена покупки в статусеINVOICE_CREATEDтолько через взаимодействие пользователя с приложением. Например, вы можете вынести эту логику в отдельную кнопку.\nparagraphparagraphparagraph\nИногда после оплаты через приложение банка (СБП, SberPay, Tinkoff Pay и др.) и при последующем возврате обратно в приложение статус покупки остаётсяINVOICE_CREATED, при этом статус платежа — неуспешная покупка. Это связано с временем обработки покупки на стороне банка. Поэтому разработчику необходимо правильно связать логику получения списка покупок с жизненным циклом экрана.\nАльтернативное решение — отмена покупки в статусеINVOICE_CREATEDтолько через взаимодействие пользователя с приложением. Например, вы можете вынести эту логику в отдельную кнопку.\nh2h2h2\nВедение журнала событий​\nparagraphparagraphparagraph\nЕсли вам необходимо логировать события библиотеки платежей, установите параметрenableLogs = trueв структуреFURuStoreBillingClientConfigпри вызове методаInit.\ncodecodecode\nВызов метода InitFURuStoreBillingClientConfigconfig;config.consoleApplicationId=\"123456\";config.deeplinkScheme=\"yourscheme\";config.allowNativeErrorHandling=false;config.enableLogs=true;URuStoreBillingClient::Instance()->Init(config);\ncodecodecode\nclassBillingClientLogger(privateval tag:String):ExternalPaymentLogger{override fund(e:Throwable?,message:()->String){Log.d(tag,message.invoke(),e)}override fune(e:Throwable?,message:()->String){Log.e(tag,message.invoke(),e)}override funi(e:Throwable?,message:()->String){Log.i(tag,message.invoke(),e)}override funv(e:Throwable?,message:()->String){Log.v(tag,message.invoke(),e)}override funw(e:Throwable?,message:()->String){Log.w(tag,message.invoke(),e)}}\nh2h2h2\nСмена темы интерфейса​\nparagraphparagraphparagraph\nДля динамической смены темы необходимо использовать методSetTheme.\ncodecodecode\nВызов метода SetThemeEURuStoreThemetheme=EURuStoreTheme::DARK;URuStoreBillingClient::Instance()->SetTheme(theme);\nparagraphparagraphparagraph\ntheme— тип темы из перечисленияEURuStoreTheme.\ncodecodecode\nUENUM(BlueprintType)enumclassEURuStoreTheme:uint8{DARKUMETA(DisplayName=\"DARK\"),LIGHTUMETA(DisplayName=\"LIGHT\")};\nparagraphparagraphparagraph\nDARK— тёмная тема.\nLIGHT— светлая тема.\ncodecodecode\nВызов метода GetThemeEURuStoreThemetheme=URuStoreBillingClient::Instance()->GetTheme();\nh2h2h2\nОбработка ошибок​\nparagraphparagraphparagraph\nВозможные ошибки\nRuStoreNotInstalledException— на устройстве пользователя не установлен RuStore;\nRuStoreOutdatedException— версия RuStore, установленная на устройстве пользователя, не поддерживает платежи;\nRuStoreUserUnauthorizedException— пользователь не авторизован в RuStore;\nRuStoreRequestLimitReached— с момента последнего отображения процесса прошло слишком мало времени;\nRuStoreReviewExists— этот пользователь уже оценил ваше приложение;\nRuStoreInvalidReviewInfo— проблемы сReviewInfo;\nRuStoreException— базовая ошибка RuStore, от которой наследуются остальные ошибки.\ncodecodecode\nUSTRUCT(BlueprintType)structRUSTORECORE_APIFURuStoreRuStoreError{GENERATED_USTRUCT_BODY()FURuStoreRuStoreError(){name=\"\";description=\"\";}UPROPERTY(BlueprintReadOnly)FStringname;UPROPERTY(BlueprintReadOnly)FStringdescription;};\nparagraphparagraphparagraph\nname– имя ошибки.\ndescription– описание ошибки.\ncodecodecode\nВызов метода SetAllowNativeErrorHandlingRuStoreBillingClient::Instance()->SetAllowNativeErrorHandling(false);\nparagraphparagraphparagraph\ntrue— показывать диалог.\nfalse— не показывать диалог.\nh2h2h2\nКоды ошибок​\nparagraphparagraphparagraph\nНиже представлено описание возможных ошибок в полеerrorCode.\n---Table Start---\n400 | 40001 | Параметры запроса неверны — не заполнены обязательные параметры/неверный формат параметров.                                                                                                                                              \n400 | 40003 | Приложение не найдено.                                                                                                                                                                                                                   \n400 | 40004 | Статус приложения inactive .                                                                                                                                                                                                             \n400 | 40005 | Продукт не найден.                                                                                                                                                                                                                       \n400 | 40006 | Статус продукта inactive .                                                                                                                                                                                                               \n400 | 40007 | Недопустимый тип продукта. Поддерживаемые типы: consumable , non-consumable , subscription .                                                                                                                                             \n400 | 40008 | Покупка с таким order_id уже существует.                                                                                                                                                                                                 \n400 | 40009 | У текущего клиента найдена покупка этого продукта со статусом invoice_created . Необходимо предложить клиенту оплатить/отменить покупку.                                                                                                 \n400 | 40010 | Для типа продукта consumable . У текущего клиента найдена покупка этого продукта со статусом paid . Сначала требуется подтвердить потребление покупки на устройстве, а затем можно отправлять следующий запрос на покупку этого продукта.\n400 | 40011 | Для типа продукта non-consumable . У текущего клиента найдена покупка этого продукта со статусом pre_confirmed / confirmed . Такой продукт уже приобретён. Более одного раза продукт не продаётся.                                       \n400 | 40012 | Для типа продукта subscription . У текущего клиента найдена покупка этого продукта со статусом pre_confirmed / confirmed . Такой продукт уже приобретён. Более одного раза продукт не продаётся.                                         \n400 | 40013 | Для типа продукта subscription . При обращении в сервис подписок за списком продуктов GET/products ( serviceId , user_id ) данные не были получены.                                                                                      \n400 | 40014 | Обязательный атрибут(-ы) не пришел в запросе.                                                                                                                                                                                           \n400 | 40015 | Не удалось изменить статус при обновлении покупки (переход запрещён).                                                                                                                                                                    \n400 | 40016 | При покупке подписки непотребляемого продукта указано значение quantity > 1 .                                                                                                                                                            \n400 | 40017 | Продукт удалён, новые покупки не доступны.                                                                                                                                                                                               \n400 | 40018 | Нельзя потреблять продукт с типом тип продукта .                                                                                                                                                                                         \n401 | 40101 | Невалидный токен.                                                                                                                                                                                                                        \n401 | 40102 | Время жизни токена истекло.                                                                                                                                                                                                              \n403 | 40301 | Доступ к запрашиваемому ресурсу запрещён (неавторизованно).                                                                                                                                                                              \n403 | 40302 | Для текущего токена текущий вызов не авторизован (метод запрещён).                                                                                                                                                                       \n403 | 40303 | Идентификатор приложения в запросе и токен не совпадают.                                                                                                                                                                                 \n403 | 40305 | Неверный тип токена.                                                                                                                                                                                                                     \n404 | 40401 | Не найдено.                                                                                                                                                                                                                              \n408 | 40801 | Истекло время ожидания уведомления, указанное в запросе.                                                                                                                                                                                 \n500 | 50*** | Внутренняя ошибка платежного сервиса.                                                                                                                                                                                                    \n---Table End---"
}