{
    "meta": {
        "language": "ru",
        "parse_date": "2024-07-06T19:57:19.460986",
        "current_url": "https://www.rustore.ru/help/sdk/rustore-geo/search-and-geocoding-services/adress-and-places-of-interest-prompter/",
        "doc_section": "sdk",
        "h1_text": "Подсказчик адреса и мест интереса"
    },
    "text": "h1h1h1\nПодсказчик адреса и мест интереса\nparagraphparagraphparagraph\nПодсказчик— это сервис, предлагающий подсказки для автозаполнения адреса и/или названий интересных мест при посимвольном вводе в строку поиска.\n/suggest—  точка вызова подсказчика адреса и названий мест интереса при посимвольном вводе.\nh2h2h2\nЗапрос​\n\nh3h3h3\nОбязательные параметры запроса​\n\n---Table Start---\napi_key | hex-string | Доступ к сервисам .      | api_key=fa749bace6d8a3b1....                                                                            \nq       | string     | Тело поискового запроса. | q=Россия Москва q=Москва Ленинградс q=Москва Ленинградский проспект q=Москва Ленинский д. 1 q=метро Аэро\n---Table End---\nh3h3h3\nДополнительные параметры запроса​\n\n---Table Start---\nfields      | fieldname1,fieldname2,.... fieldnameN | Выбор полей, отображаемых в ответе. Возможные значения: &#x2022 name (по умолчанию) — найденный объект; &#x2022 address_details — детальная информация о найденном адресе с почтовым индексом без координат; &#x2022 address (по умолчанию) — полный найденный адрес одной строкой; &#x2022 ref — ID найденного объекта; &#x2022 type (по умолчанию) — тип объекта.                                  | fields=name                 \ntypes       | string                                | Тип объектов по которым осуществляется поиск: &#x2022 address (по умолчанию) — адрес; &#x2022 place — название места интереса.                                                                                                                                                                                                                                                                       | type=address,place          \nlang        | 2-символьный код языка.               | Язык ответа на одном из доступных языков. По умолчанию на языке региона, в котором найден объект.                                                                                                                                                                                                                                                                                                    | lang=en                     \nlocation    | string                                | Координата, относительно которой будет осуществляться поиск и ранжирование результатов ответа. Координаты в формате lat , lon , где: &#x2022 lat — широта искомой точки в градусах, используется 6 знаков после запятой; &#x2022 lon — долгота искомой точки в градусах, используется 6 знаков после запятой. к сведению Результаты поиска будут отсортированы по расстоянию от указанной координаты | location=55.796743,37.537354\nradius      | integer                               | Радиус поиска в метрах относительно параметра location . Параметр location при использовании параметра radius является обязательным. В случае использования малого радиуса объект может быть не найден.                                                                                                                                                                                              | radius=500                  \nadmin_level | rank number                           | Ограничение ответа по административному уровню. Используется совместно с types=address .\nВозможные значения: &#x2022 1 — страна; &#x2022 2 — регион; &#x2022 3 — населённый пункт; &#x2022 4 — улица; &#x2022 5 — дом. По умолчанию ограничение не задано — поиск осуществляется по всем административным уровням.                                                                                   | admin_level=3               \nlimit       | integer                               | Ограничение числа объектов в ответе. Поддерживаются значения в интервале от 1 до 100 . По умолчанию: 5 В случае использования больших значений длительность получения ответа может увеличиться.                                                                                                                                                                                                      | limit=10                    \n---Table End---\nh2h2h2\nОтвет​\nparagraphparagraphparagraph\nОтвет предоставляется только в JSON-формате. Используемый JSON-формат является разработанным для сервиса Подсказчик v.3 и содержит информацию, найденную по запросу.\nh3h3h3\nJSON формат​\n\n---Table Start---\nrequest         | string | Запрос                                                                     | \"request\" : \"/v3/suggest?limit=3&q=Москва Ленинградский 39&fields=name,address_details,address,ref,type\"                                                                                                                                                                                                                                                                                                                                                                                       \nresults         | list   | Найденный результат                                                        | \"results\" : [ { \"address\" : \"Россия, Москва, Северный административный округ, Москва, Хорошёвский, Ленинградский проспект, 39 с79\" , \"address_details\" : { \"building\" : \"39 с79\" , \"country\" : \"Россия\" , \"isocode\" : \"RU\" , \"locality\" : \"Москва\" , \"region\" : \"Москва\" , \"street\" : \"Ленинградский проспект\" , \"subregion\" : \"Северный административный округ\" , \"suburb\" : \"Хорошёвский\" } , \"ref\" : \"1000000C4D63818\" , \"type\" : \"building\" \"name\" : \"Ленинградский проспект, 39 с79\" , } ]\naddress         | string | Полный найденный адрес                                                     | \"address\" : \"Россия, Москва, Северный административный округ, Москва, Хорошёвский, Ленинградский проспект, 39 с79\" ,                                                                                                                                                                                                                                                                                                                                                                           \naddress_details | list   | Детальная информация о найденном адресе                                    | \"address_details\" : { \"building\" : \"39 с79\" , \"country\" : \"Россия\" , \"isocode\" : \"RU\" , \"locality\" : \"Москва\" , \"region\" : \"Москва\" , \"street\" : \"Ленинградский проспект\" , \"subregion\" : \"Северный административный округ\" , \"suburb\" : \"Хорошёвский\" }                                                                                                                                                                                                                                       \nref             | hex    | ID найденного объекта\nID объекта не является стабильным и может изменяться | \"ref\" : \"1000000C4D63818\"                                                                                                                                                                                                                                                                                                                                                                                                                                                                      \ntype            | string | Тип найденного объекта                                                     | \"type\" : \"building\"                                                                                                                                                                                                                                                                                                                                                                                                                                                                            \nname            | string | Название найденного объекта                                                | \"name\" : \"Ленинградский проспект, 39 с79\"                                                                                                                                                                                                                                                                                                                                                                                                                                                      \n---Table End---\nh3h3h3\nОписание полейaddress_details​\n\n---Table Start---\ncountry     | string | Страна                                               | \"country\": \"Россия\"                            \nisocode     | 2char  | Двухбуквенный код страны согласно ISO 3166-1 alpha-2 | \"isocode\": \"RU\"                                \nregion      | string | Область                                              | \"region\": \"Москва\"                             \nsubregion   | string | Район                                                | \"subregion\": \"Северный административный округй\"\nlocality    | string | Населённый пункт                                     | \"locality\": \"Москва\"                           \nsublocality | string | Микрорайон или название жилого комплекса             | \"sublocality\": \"Аэропорт\"                      \nstreet      | string | Улица                                                | \"street\": \"Проспект Ленинградский\"             \nbuilding    | string | Номер дома, части дома или строения                  | \"building\": \"39 с80\"                           \nsuburb      | string | Район/микрорайон населённого пункта                  | \"suburb\": \"Хорошёвский\"                        \npostal_code | string | Почтовый код                                         | \"postal_code\": \"125167\"                        \n---Table End---\nh2h2h2\nПример​\n\nh3h3h3\nЗапрос​\n\ncodecodecode\nhttps://geo.rustore.ru/api/suggest?api_key=<YOUR_API_KEY>&limit=3&q=Москва%20Ленинградский%2039\nh3h3h3\nОтвет​\n\ncodecodecode\n{\"request\":\"/suggest?limit=2&q=Москва Ленинградский 39&api_key=demo_demo_main\",\"results\":[{\"address\":\"Россия, Москва, Северный административный округ, Москва, Хорошёвский, Ленинградский проспект, 39 с79\",\"name\":\"Ленинградский проспект, 39 с79\",\"type\":\"building\"},{\"address\":\"Россия, Москва, Северный административный округ, Москва, Хорошёвский, Ленинградский проспект, 39 с80\",\"name\":\"Ленинградский проспект, 39 с80\",\"type\":\"building\"},{\"address\":\"Россия, Москва, Северный административный округ, Москва, Хорошёвский, Ленинградский проспект, 39 с3\",\"name\":\"УСК ЦСКА им. А.Я. Гомельского\",\"type\":\"building\"}]}"
}