{
    "meta": {
        "language": "ru",
        "parse_date": "2024-07-06T19:57:47.121754",
        "current_url": "https://www.rustore.ru/help/sdk/rustore-geo/map-display-services/interactive-map/quick-start/",
        "doc_section": "sdk",
        "h1_text": "Быстрый старт"
    },
    "text": "h1h1h1\nБыстрый старт\nparagraphparagraphparagraph\nMMR GL JS — JavaScript-библиотека, которая использует WebGL для рендеринга интерактивных карт.\nh2h2h2\nПодключение на HTML-страницу​\nparagraphparagraphparagraph\nНеобходимо добавить<script>и<link>в тэге<head>.\ncodecodecode\n<head>...<scriptsrc=\"https://geo.rustore.ru/sdk/js/<version>/mmr-gl.js\"></script><linkhref=\"https://geo.rustore.ru/sdk/js/<version>/mmr-gl.css\"rel=\"stylesheet\">...</head>\nadmonitionadmonitionadmonition\nподсказка\nparagraphparagraphparagraph\nРекомендуется использовать самую свежую версию SDK. Для получения последней версии SDK можно указать 0 или 0.0 вместо точной версии, таким образом будет загружена последняя актуальная версия с номером 0.x.x либо 0.0.x соответственно.\nДля инициализации карты добавьте следующий код.\nparagraphparagraphparagraph\nРекомендуется использовать самую свежую версию SDK. Для получения последней версии SDK можно указать 0 или 0.0 вместо точной версии, таким образом будет загружена последняя актуальная версия с номером 0.x.x либо 0.0.x соответственно.\nДля инициализации карты добавьте следующий код.\ncodecodecode\n<div id=\"map\"style=\"width: 800px; height: 600px;\"></div><script>mmrgl.accessToken='Token';varmap=newmmrgl.Map({container:'map',zoom:8,center:[37.6165,55.7505],style:'mmr://api/styles/main_style.json',hash:true});</script>\nh2h2h2\nСоздание токена​\nparagraphparagraphparagraph\nДля установки@geors/maps-sdk-jsсоздайте токен наgithub.\nПерейдите в настройки пользователя.\nНайдите кнопкуDeveloper settingsв самом низу слева.\nСоздайтеPersonal access tokenс доступом для чтения пакетов(read:packages).\nСоздайте в корне проекта файл.npmrc.\nДобавьте в созданный файл две строчки.\ncodecodecode\n@geors:registry=https://npm.pkg.github.com//npm.pkg.github.com/:_authToken=ACCESS_TOKEN\nh2h2h2\nУстановка пакета​\nparagraphparagraphparagraph\nПерейдите в корень проекта кpackage.jsonи с помощьюnpmилиyarnустановите пакет\ncodecodecode\nnpmnpm install @geors/maps-sdk-js\ncodecodecode\nyamlyarn add @geors/maps-sdk-js\ncodecodecode\nimportmmrglfrom'@geors/maps-sdk-js';import{useEffect}from'react'import'@geors/maps-sdk-js/dist/mmr-gl.css';exportfunctionMap(){useEffect(()=>{mmrgl.accessToken='accessToken';constmap=newmmrgl.Map({container:'map',zoom:8,center:[37.6165,55.7505],style:'mmr://api/styles/main_style.json',hash:true,})return()=>{if(map)map.remove();}}return<div id=\"map\"style={{width:'800px',height:'600px'}}/>}\nh2h2h2\nДетальная информация​\nparagraphparagraphparagraph\nБолее подробную информацию по использованию MMR GL JS SDK вы найдёте в настоящем разделе."
}