{
    "meta": {
        "language": "ru",
        "parse_date": "2024-07-06T19:51:31.735048",
        "current_url": "https://www.rustore.ru/help/sdk/push-notifications/send-push-notifications/",
        "doc_section": "sdk",
        "h1_text": "Отправка push-уведомлений (API)"
    },
    "text": "h1h1h1\nОтправка push-уведомлений (API)\n\nh2h2h2\nAPI для отправки push-уведомлений​\nparagraphparagraphparagraph\nAPI разрабатывалось с целью предоставлять возможность drop-in replacement для Firebase.\nДля отправки push-уведомления используйте метод POSThttps://vkpns.rustore.ru/v1/projects/$project_id/messages:send.\nУкажитеID проектаиСервисный токен, чтобы отправить push-уведомление. Эти значения вы можете получить вКонсоли RuStore. Для этого на странице приложения перейдите в разделPush-уведомленияи выберитеПроекты.\nСервисный токен нужно указывать в заголовкеAuthorization: Bearer {service-token}.\nh3h3h3\nТело запроса​\n\n---Table Start---\nmessage | object (message) | Структура push-уведомления.\n---Table End---\nh3h3h3\nmessage​\n\n---Table Start---\ntoken        | string                         | Push-токен пользователя, полученный в приложении.               \ndata         | map                            | Объект, содержащий пары \"key\": value .                          \nnotification | object (message.notification). | Базовый шаблон уведомления для использования на всех платформах.\nandroid      | object (message.android)       | Специальные параметры Android для сообщений.                    \n---Table End---\nh3h3h3\nmessage.notification​\n\n---Table Start---\ntitle | string | Название уведомления.                                                    \nbody  | string | Основной текст уведомления.                                              \nimage | string | Содержит URL-адрес изображения, которое будет отображаться в уведомлении.\n---Table End---\nh3h3h3\nmessage.android​\n\n---Table Start---\nttl          | string (duration format)                | Как долго (в секундах) сообщение должно храниться в хранилище. Пример: 3.5s .\nnotification | object ( message.android.notification ) | Уведомление для отправки на устройства Android.                              \n---Table End---\nh3h3h3\nmessage.android.notification​\n\n---Table Start---\ntitle             | string | Название уведомления.                                                                                                                                                       \nbody              | string | Основной текст уведомления.                                                                                                                                                 \nicon              | string | Значок уведомления.                                                                                                                                                         \ncolor             | string | Цвет значка уведомления в формате #rrggbb .                                                                                                                                 \nimage             | string | Содержит URL-адрес изображения, которое будет отображаться в уведомлении.                                                                                                   \nchannel_id        | string | Идентификатор канала уведомления.                                                                                                                                           \nclick_action      | string | Действие, связанное с кликом пользователя по уведомлению.                                                                                                                   \nclick_action_type | int    | Необязательное поле, тип click_action (значение по умолчанию 0 - click_action будет использоваться как intent action , 1 - click_action будет использоваться как deep link )\n---Table End---\nadmonitionadmonitionadmonition\nпредупреждение\nparagraphparagraphparagraph\nОбратите внимание, для корректной работыdeep link(click_action_typeс установленным значением1) версия RuStore должна быть не ниже1.39.0\nparagraphparagraphparagraph\nОбратите внимание, для корректной работыdeep link(click_action_typeс установленным значением1) версия RuStore должна быть не ниже1.39.0\nadmonitionadmonitionadmonition\nк сведению\nparagraphparagraphparagraph\nВ структуреmessageна данный момент поддерживаются только представленные выше поля.\nparagraphparagraphparagraph\nВ структуреmessageна данный момент поддерживаются только представленные выше поля.\nh3h3h3\nТело успешного ответа​\n\n---Table Start---\n— | — | В случае успешного ответа возвращается сообщение с пустым payload .\n---Table End---\nh3h3h3\nТело ответа с ошибкой​\n\n---Table Start---\nerror | object ( error ) | Ошибка.\n---Table End---\nh3h3h3\nerror​\n\n---Table Start---\ncode    | int    | Числовой код ошибки ( 404 , 400 , 403 , 401 , ...).                     \nmessage | string | Детальное описание ошибки.                                              \nstatus  | string | Код ошибки в текстовом формате ( INVALID_ARGUMENT , UNREGISTERED , ...).\n---Table End---\nh3h3h3\nВозможные ошибки при отправке сообщения​\nparagraphparagraphparagraph\nINVALID_ARGUMENT— неправильно указаны параметры запроса при отправке сообщения.\nINTERNAL— внутренняя ошибка сервиса.\nTOO_MANY_REQUESTS— превышено количество попыток отправить сообщение. `\nPERMISSION_DENIED— неправильно указан сервисный ключ.\nNOT_FOUND— неправильно указан push-токен пользователя.\nh3h3h3\nАлгоритм валидацииMessage​\nparagraphparagraphparagraph\nЕсли есть непустойpayloadmessage.data(есть хотя бы одна пара ключ-значение внутри), то сообщение валидно. Секцииmessage.notificationиmessage.androidмогут отсутствовать.\nЕсли поляmessage.dataнет, то обязательно должен бытьnotification. В этом случае проверяется наличие либо поляmessage.notification, либоmessage.android.notification. Хотя бы одно из этих полей должно присутствовать, но могут присутствовать оба (если присутствуют оба, то некоторые поля перезаписываются).\nh3h3h3\nОграничения​\nparagraphparagraphparagraph\nЕсли в push нет поляttlили оно равно0, то учитывается значение по умолчанию, равное 4 неделям. Если в push отсутствует секцияmessage.android, она добавляется с полемttl.\nМаксимальный объем сообщения 4096 байт.\nh2h2h2\nПримеры отправки push-уведомлений​\n\nh3h3h3\nПример успешного запроса​\n\ncodecodecode\nPOST https://vkpns.rustore.ru/v1/projects/myproject-b5ae1/messages:send HTTP/2Content-Type: application/jsonAuthorization: Bearer $ss_token{\"message\" :{\"token\" : \"bk3RNwTe3H0:CI2k_HHwgIpoDKCIZvvDMExUdFQ3P1...\" ,\"notification\" :{\"body\" : \"This is a notification message!\" ,\"title\" : \"Message\" ,\"image\" : \"https://image-hosting.org/284239234.jpeg\"}}}\nh3h3h3\nОтвет на успешный запрос​\n\ncodecodecode\nHTTP/ 2 200{}\nh3h3h3\nПример запроса с невалидным push-токеном​\n\ncodecodecode\nPOST https://vkpns.rustore.ru/v1/projects/U95076bdd5KDJ3LjYkNp91o05Y6LkfQk/messages:send HTTP/2Content-Type: application/jsonAuthorization: Bearer Fw9FgDx9FQtya6k-7UkSOnzpHYhDq0SQY4-8QKJ6wKZI9OUPiCCYyNmS-CV2-ZQ5{\"message\" : {\"token\" :  \"bad-push-token\" ,\"notification\" : {\"body\" : \"This is a notification message!\" ,\"title\" : \"Message\" ,\"image\" : \"https://image-hosting.org/284239234.jpeg\"}}}\nh3h3h3\nОтвет на запрос с невалидным push-токеном​\n\ncodecodecode\nHTTP/ 2 400{\"error\" : {\"code\" :  400 ,\"message\" :  \"The registration token is not a valid FCM registration token\" ,\"status\" :  \"INVALID_ARGUMENT\"}}\nh3h3h3\nПример запроса с валидным push-токеном с истекшим сроком действия​\n\ncodecodecode\nPOST https://vkpns.rustore.ru/v1/projects/U95076bdd5KDJ3LjYkNp91o05Y6LkfQk/messages:send HTTP/2Content-Type: application/jsonAuthorization: Bearer Fw9FgDx9FQtya6k-7UkSOnzpHYhDq0SQY4-8QKJ6wKZI9OUPiCCYyNmS-CV2-ZQ5{\"message\" : {\"token\" :  \"eH4tgqKEfFKqH6cMJ2WLttVibgQO9hfn\" ,\"notification\" : {\"body\" :  \"This is a notification message!\" ,\"title\" :  \"Message\" ,\"image\" :  \"https://image-hosting.org/284239234.jpeg\"}}}\nh3h3h3\nОтвет на запрос с валидным push-токеном с истекшим сроком действия​\n\ncodecodecode\nHTTP/ 2 404{\"error\" : {\"code\" :  404 ,\"message\" :  \"Requested entity was not found.\" ,\"status\" :  \"NOT_FOUND\"}}\nh3h3h3\nПример успешного запроса с использованиемdeep link​\n\ncodecodecode\nPOST https://vkpns.rustore.ru/v1/projects/myproject-b5ae1/messages:send HTTP/2Content-Type: application/jsonAuthorization: Bearer $ss_token{\"message\" :{\"token\" : \"bk3RNwTe3H0:CI2k_HHwgIpoDKCIZvvDMExUdFQ3P1...\" ,\"notification\" :{\"body\" : \"This is a notification message!\" ,\"title\" : \"Message\" ,\"image\" : \"https://image-hosting.org/284239234.jpeg\"}\"android\": {\"notification\": {\"body\" : \"This is a notification message!\" ,\"title\" : \"Message\" ,\"image\" : \"https://image-hosting.org/284239234.jpeg\"\"click_action\": \"https://sample.com/\",\"click_action_type\": 1}}}}\nh3h3h3\nОтвет на успешный запрос с использованиемdeep link​\n\ncodecodecode\nHTTP/ 2 200{}\nh3h3h3\nПример успешного запроса с использованиемintent action​\n\ncodecodecode\nPOST https://vkpns.rustore.ru/v1/projects/myproject-b5ae1/messages:send HTTP/2Content-Type: application/jsonAuthorization: Bearer $ss_token{\"message\" :{\"token\" : \"bk3RNwTe3H0:CI2k_HHwgIpoDKCIZvvDMExUdFQ3P1...\" ,\"notification\" :{\"body\" : \"This is a notification message!\" ,\"title\" : \"Message\" ,\"image\" : \"https://image-hosting.org/284239234.jpeg\"}\"android\": {\"notification\": {\"body\" : \"This is a notification message!\" ,\"title\" : \"Message\" ,\"image\" : \"https://image-hosting.org/284239234.jpeg\"\"click_action\": \"some_unique_intent_action\",\"click_action_type\": 0}}}}\nh3h3h3\nОтвет на успешный запрос с использованиемintent action​\n\ncodecodecode\nHTTP/ 2 200{}"
}