{
    "meta": {
        "language": "ru",
        "parse_date": "2024-07-06T20:07:50.101405",
        "current_url": "https://www.rustore.ru/help/work-with-rustore-api/api-subscription-payment/api-token-payment-method/",
        "doc_section": "",
        "h1_text": "Получение данных платежа"
    },
    "text": "h1h1h1\nПолучение данных платежа\nparagraphparagraphparagraph\nМетод позволяет получить информацию о платеже по токену покупки.\nadmonitionadmonitionadmonition\nподсказка\nparagraphparagraphparagraph\nСценарий работы с платежами описан вгайде (https://rustore.ru/help/guides/payments). Изучите его перед началом работы.\nparagraphparagraphparagraph\nСценарий работы с платежами описан вгайде (https://rustore.ru/help/guides/payments). Изучите его перед началом работы.\nh2h2h2\nПараметры взаимодействия​\nparagraphparagraphparagraph\nДля реальных платежей:\ncodecodecode\nGEThttps://public-api.rustore.ru/public/purchase/{purchaseToken}\ncodecodecode\nGEThttps://public-api.rustore.ru/public/sandbox/purchase/{purchaseToken}\n---Table Start---\nPublic-Token                                                                                      | string | Jwe-токен авторизации в Public API Rustore. Как получить токен авторизации . | Да | header | N/A    \npurchaseToken примечание purchaseToken = subscriptionToken из SDK для платежей in-app и подписок. | string | Как получить токен подписки, см. документацию по SDK платежей .              | Да | path   | 111.123\n---Table End---\nh2h2h2\nПараметры ответа​\n\n---Table Start---\ncode      | string | Код ответа.              | Да  | body | • ОК ; • ERROR ; • BAD_REQUEST ; • NOT_FOUND .\nmessage   | string | Расшифровка кода ответа. | Нет | body | Jwe token is expired                          \nbody{}    | object | Тело ответа              | Нет | body | N/A                                           \ntimestamp | string | Время ответа.            | Да  | body | 2023-08-02T10:11:04.655684723+03:00           \n---Table End---\nh3h3h3\nbody{}​\n\n---Table Start---\nerror {}          | object | Расшифровка ошибки.                | N/A                                                                                                                                                                                                                                                                                                                                          \ninvoice_id        | string | Номер счёта.                       | 12345                                                                                                                                                                                                                                                                                                                                        \ninvoice_date      | string | Дата создания счёта.               | 2020-04-29T08:18:03+03                                                                                                                                                                                                                                                                                                                       \ninvoice_status    | string | Статус счёта.                      | • created — создан; • executed — пользователь выбрал способ оплаты, платёж исполняется; • cancelled — отменён пользователем; • paid — средства зарезервированы, счёт ожидает подтверждения (только для покупки потребляемых продуктов); • confirmed — оплата прошла успешно; • reversed , refunded — средства по счёту возвращены покупателю.\ninvoice {}        | object | Информация о счёте.                | N/A                                                                                                                                                                                                                                                                                                                                          \nimage             | string | Ссылка на картинку.                | https://i-love-png.com/images/grim-reaper-icon.png                                                                                                                                                                                                                                                                                           \napplication_code  | string | Код приложения.                    | com.MashaAndTheBear.HairSalon                                                                                                                                                                                                                                                                                                                \napplication_name  | string | Наименование приложения.           | Салон красоты «Маша и медведь»                                                                                                                                                                                                                                                                                                               \nowner_code        | string | Код владельца приложения.          | com.MashaAndTheBear                                                                                                                                                                                                                                                                                                                          \nowner_name        | string | Наименование владельца приложения. | Маша и медведь                                                                                                                                                                                                                                                                                                                               \npayment_info {}   | object | Информация о платеже.              | N/A                                                                                                                                                                                                                                                                                                                                          \npayment_methods{} | object | Платежные инструменты.             | N/A                                                                                                                                                                                                                                                                                                                                          \n---Table End---\nh3h3h3\nbody.error {}​\n\n---Table Start---\nuser_message      | string | Текст ошибки.        | Счёт подтверждён\nerror_description | object | Описание ошибки.     | N/A             \nerror_code        | number | Числовой код ошибки. | 0               \n---Table End---\nh3h3h3\nbody.invoice {}​\n\n---Table Start---\npurchaser{}      | object | Информация о покупателе.         | N/A\ndelivery_info{}  | object | Информация для доставки.         | N/A\ninvoice_params[] | array  | Дополнительные параметры заказа. | N/A\norder{}          | object | Информация о заказе.             | N/A\n---Table End---\nh3h3h3\nbody.invoice.purchaser {}​\n\n---Table Start---\nemail   | string | Email покупателя.         | qq@dd.eof \nphone   | string | Номер телефона            | 9123456789\ncontact | string | Предпочитаемый вид связи. | email     \n---Table End---\nh3h3h3\nbody.invoice.delivery_info {}​\n\n---Table Start---\naddress{}     | object | Адрес.                     | N/A                     \ndelivery_type | string | Способ доставки.           | courier                 \ndescription   | string | Дополнительная информация. | Перезвонить за 1,5 часа.\n---Table End---\nh3h3h3\nbody.invoice.delivery_info.address {}​\n\n---Table Start---\ncountry | string | Идентификатор страны. | RU                      \ncity    | string | Город.                | Москва                  \naddress | string | Адрес.                | ул. Вавилова, 19, офис 1\n---Table End---\nh3h3h3\nbody.invoice.invoice_params []​\n\n---Table Start---\nkey   | string | Название параметра. | packageName                  \nvalue | string | Значение параметра. | com.MashaAndTheBear.HairSalon\n---Table End---\nh3h3h3\nbody.invoice.order {}​\n\n---Table Start---\norder_id        | string | Уникальный идентификатор заказа.                         | d290f1ee-6c54-4b01-90e6-d701748f0851                                            \norder_number    | string | Номер заказа.                                            | 145                                                                             \norder_date      | string | Дата заказа.                                             | 2020-04-29T08:17:03+03                                                          \nservice_id      | string | Идентификатор сервиса.                                   | 223                                                                             \namount          | number | Сумма заказа в минимальных единицах валюты (в копейках). | 11836                                                                           \ncurrency        | string | Код валюты.                                              | RUB                                                                             \npurpose         | string | Краткое назначение платежа.                              | Покупка в игре «Маша и Медведь, салон красоты Чародейка»                        \ndescription     | string | Описание заказа.                                         | Покупка внутриигрового контента в игре «Маша и Медведь, салон красоты Чародейка»\nlanguage        | string | Язык.                                                    | ru-RU                                                                           \nexpiration_date | string | Дата и время окончания жизни счёта.                      | 2022-10-11T14:05:44.741Z                                                        \ntax_system      | number | Система налогообложения.                                 | 0                                                                               \ntrade_name      | string | Торговое наименование организации.                       | Romashka                                                                        \nvisual_name     | string | Наименование операции.                                   | Покупка/продление подписки                                                      \norg_name        | string | Наименование организации.                                | ООО Ромашка                                                                     \norg_inn         | string | ИНН организации.                                         | 1234567890                                                                      \nvisual_amount   | string | Сумма.                                                   | 1 500,45 ₽                                                                      \norder_bundle [] | array  | Состав заказа.                                           | N/A                                                                             \n---Table End---\nh3h3h3\nbody.invoice.order.order_bundle []​\n\n---Table Start---\nposition_id    | number | Уникальный идентификатор товарной позиции.                                        | 1                                                 \nname           | string | Наименование или описание товарной позиции.                                       | Кристаллы                                         \nitem_params[]  | array  | Дополнительные параметры заказа.                                                  | N/A                                               \nquantity{}     | object | Описание общего количества товарных позиций.                                      | N/A                                               \nitem_amount    | number | Сумма стоимости всех товарных позиций в минимальных единицах валюты (в копейках). | 11836                                             \ncurrency       | string | Код валюты.                                                                       | RUB                                               \nitem_code      | string | Номер (идентификатор) товарной позиции.                                           | com.MashaAndTheBear.HairSalon.crystal100          \nitem_price     | number | Стоимость одной товарной позиции в минимальных единицах валюты (в копейках).      | 11836                                             \ndiscount_type  | string | Тип скидки на товарную позицию.                                                   | percent                                           \ndiscount_value | float  | Значение скидки на товарную позицию.                                              | 5.25                                              \ninterest_type  | string | Тип агентской комиссии за продажу товара                                          | agentPercent                                      \ninterest_value | float  | Значение агентской комиссии за продажу товара.                                    | 15.105                                            \ntax_type       | number | Ставка НДС.                                                                       | 6                                                 \ntax_sum        | number | Сумма налога в минимальных единицах валюты (в копейках).                          | 2367                                              \nimage          | string | Ссылка на картинку.                                                               | https://i-love-png.com/images/grim-reaper-icon.png\n---Table End---\nh3h3h3\nbody.invoice.order.order_bundle.item_params []​\n\n---Table Start---\nkey   | string | Название параметра. | packageName                  \nvalue | string | Значение параметра. | com.MashaAndTheBear.HairSalon\n---Table End---\nh3h3h3\nbody.invoice.order.order_bundle.quantity {}​\n\n---Table Start---\nvalue   | float  | Значение.          | 1.05\nmeasure | string | Единица измерения. | кг  \n---Table End---\nh3h3h3\nbody.payment_info {}​\n\n---Table Start---\npayment_date                                  | number | Дата и время оплаты счета.                 | 2022-10-11T14:05:44.741Z                                                                                                      \npayment_id                                    | string | Уникальный идентификатор платежа.          | 82022-123456                                                                                                                  \npayment_params{}                              | object | Дополнительные параметры платежа.          | N/A                                                                                                                           \ndevice_info{}                                 | object | Информация об устройстве.                  | N/A                                                                                                                           \nloyalty_info{}                                | object | Информация о программе лояльности.         | N/A                                                                                                                           \ncard_id                                       | string | Уникальный идентификатор банковской карты. | ad454ffg-6c54-4b01-90e6-d701748f0851                                                                                          \nname                                          | string | Алиас карты.                               | Главная                                                                                                                       \npaysys_code                                   | string | N/A                                        | RBS-shortname                                                                                                                 \nmasked_pan                                    | string | Маскированный номер карты.                 | **1111                                                                                                                        \nexpiry_date                                   | string | Дата окончания действия карты.             | 201912                                                                                                                        \ncardholder                                    | string | Имя держателя карты.                       | Ivan Petrov                                                                                                                   \npayment_system                                | string | Платежная система.                         | Visa                                                                                                                          \npayment_system_image                          | string | Ссылка на логотип платёжной системы.       | https://smartmarkettestift.online.sberbank.ru/icons/logo_visa.png                                                             \nimage                                         | string | Ссылка на логотип карты.                   | https://smartmarkettestift.online.sberbank.ru/icons/sberbank_mastercard_league_legends.jpeg                                   \npaysys                                        | string | Наименование платёжного оператора.         | RBS                                                                                                                           \npaysys_image                                  | string | Ссылка на логотип платёжного оператора.    | https://www.sberbank.ru/common/img/uploaded/redirected/s_m_business/acquiring/assets/images/intro@2x.png                      \npayment_way                                   | string | Способ оплаты.                             | SberPay                                                                                                                       \npayment_way_code                              | string | Идентификатор способа оплаты.              | SberPay                                                                                                                       \npayment_way_logo                              | string | Ссылка на логотип способа оплаты.          | https://cdn1.telegram.one/i/f7640dada78306b1c993e04001b8738d/828b1eb30921659e22e53a9edc92c4c4/24e01830d213d75deb99c22b9cd91ddd\n[ bank_info{} ](#bodypayment_info bank_info-) | object | Информация о банке.                        | N/A                                                                                                                           \n---Table End---\nh3h3h3\nbody.payment_info.payment_params {}​\n\n---Table Start---\nkey   | string | Название параметра. | googlePurchaseToken     \nvalue | string | Значение параметра. | ameinkbophchljaejnocadib\n---Table End---\nh3h3h3\nbody.payment_info.device_info {}​\n\n---Table Start---\ndevice_platform_type    | string | Платформа устройства.      | Android                             \ndevice_platform_version | string | Версия ОС платформы.       | Android 13                          \ndevice_model            | string | Модель устройства.         | Samsung Galaxy A14                  \ndevice_manufacturer     | string | Производитель.             | Samsung                             \ndevice_id               | string | Серийный номер устройства. | 83c3f257-46d8-41fe-951b-f79d04e288c2\nsurface                 | string | N/A                        | RuStore                             \nsurface_version         | string | Версия ПО.                 | 11.5.0                              \n---Table End---\nh3h3h3\nbody.payment_info.loyalty_info {}​\n\n---Table Start---\nservice_code  | string | Код бонусной программы.                                                                                                        | sbrf_spasibo                                      \nservice_name  | string | Наименование бонусной программы.                                                                                               | Сбербанк Спасибо                                  \nchange_rate   | number | Коэффициент обмена баллов на рубли.                                                                                            | 1                                                 \npayment_bonus | number | Сумма бонусных баллов, использованная при оплате счёта, в копейках.                                                            | 19800                                             \naward_bonus   | number | Сумма средств, использованных для начисления баллов при оплате заказа. Указывается в минимальных единицах валюты (в копейках). | 21850                                             \nimage         | string | Ссылка на картинку.                                                                                                            | https://i-love-png.com/images/grim-reaper-icon.png\n---Table End---\nh3h3h3\nbody.payment_info.bank_info {}​\n\n---Table Start---\nbank_name         | string | Название банка-эмитента.            | ПАО Сбербанк                                                    \nbank_country_code | string | Код страны банка-эмитента.          | RU                                                              \nbank_country_name | string | Наименование страны банка-эмитента. | Россия                                                          \nbank_image        | string | Ссылка на логотип банка.            | https://emoji.slack-edge.com/TKK9DHNCV/sber/ad2df81a6cd9812d.png\n---Table End---\nh3h3h3\nbody.payment_methods {}​\n\n---Table Start---\nuser_message | string | Сообщение пользователю (необязательное). | Для подключения подписки сохраните банковскую карту в мобильном приложении.\nmethods[]    | array  | Варианты оплаты.                         | N/A                                                                        \n---Table End---\nh3h3h3\nbody.payment_methods.methods []​\n\n---Table Start---\nmethod | string | Код.      | QR                 \naction | string | Название. | Оплатить по QR-коду\n---Table End---\nh2h2h2\nПример ответа​\n\ncodecodecode\n{\"code\": \"OK\",\"message\": null,\"body\": {\"invoice_id\": \"2850\",\"invoice_date\": \"2023-07-18T14:31:33+03\",\"invoice_status\": \"confirmed\",\"application_code\": \"3399750\",\"application_name\": \"Маша и медведь\",\"owner_code\": \"4384191\",\"owner_name\": \"ООО \\\"Нарана\\\"\",\"payment_info\": {\"payment_date\": \"2023-07-18T14:31:42+03\",\"payment_id\": \"82022-123456\",\"payment_params\": null,\"loyalty_info\": null,\"card_id\": \"193\",\"paysys_code\": \"RBS-shortname\",\"masked_pan\": \"XX1111\",\"expiry_date\": \"202412\",\"payment_system\": \"Visa\",\"payment_system_image\": \"https://smartmarket.online.sberbank.ru/image/visa.png\",\"paysys_image\": null,\"payment_way\": \"Оплата сохраненной картой\",\"payment_way_code\": \"CARD_BINDING\",\"payment_way_logo\": \"https://static.tildacdn.com/tild6236-3530-4235-b966-326630656238/___14_-removebg-prev.png\",\"bank_info\": {\"bank_name\": \"Sberbank\",\"bank_country_code\": \"SU\",\"bank_country_name\": null,\"bank_image\": null},\"device_info\": null,\"name\": null,\"cardholder\": \"CARDHOLDER NAME\",\"image\": null,\"paysys\": \"RBS\"},\"payment_methods\": null,\"error\": {\"user_message\": \"Счет подтвержден\",\"error_description\": \"\",\"error_code\": 0},\"invoice\": {\"delivery_info\": {\"delivery_type\": null,\"address\": {\"country\": null,\"city\": null,\"address\": null},\"description\": null},\"invoice_params\": [{\"key\": \"inapp_serviceparam_message_about_loyalty\",\"value\": \"Оплатить подписку сейчас можно бонусами, а продлить её — только за рубли.\"},{\"key\": \"inapp_serviceparam_action_name\",\"value\": \"Подключить подписку\"},{\"key\": \"inapp_serviceparam_features\",\"value\": \"VERIFY\"},{\"key\": \"period_type\",\"value\": \"DAY\"},{\"key\": \"period_duration\",\"value\": \"1\"},{\"key\": \"current_period\",\"value\": \"STANDARD\"},{\"key\": \"payment_type\",\"value\": \"INITIAL\"}],\"purchaser\": {\"email\": null,\"phone\": null,\"contact\": null},\"order\": {\"order_id\": \"a090a93c-ca06-493d-a90a-ce2bac722358\",\"order_number\": \"311\",\"order_date\": \"2023-07-18T14:31:33+03\",\"service_id\": \"4720\",\"expiration_date\": \"2023-07-18T14:51:33+03\",\"tax_system\": null,\"trade_name\": null,\"visual_name\": \"Покупка/Продление подписки\",\"org_name\": \"ООО Супер ООО\",\"org_inn\": \"4419198349\",\"visual_amount\": \"1 ₽\",\"order_bundle\": [{\"position_id\": 1,\"item_params\": [{\"key\": \"_auto_itemAttributes_agent_info.type\",\"value\": \"7\"},{\"key\": \"_auto_itemAttributes_supplier_info.name\",\"value\": \"ООО \\\"Нарана\\\"\"},{\"key\": \"_auto_itemAttributes_supplier_info.inn\",\"value\": \"4419198349\"}],\"item_amount\": 100,\"item_code\": \"1day\",\"item_price\": 100,\"discount_type\": null,\"discount_value\": null,\"interest_type\": null,\"interest_value\": null,\"tax_type\": 6,\"tax_sum\": null,\"name\": \"Оплата за покупку подписки \\\"1day\\\". Провайдер: \\\"Покупка/Продление подписки\\\"\",\"quantity\": {\"value\": 1,\"measure\": \"шт\"},\"currency\": \"RUB\",\"image\": \"\"}],\"amount\": 100,\"currency\": \"RUB\",\"purpose\": \"1day\",\"description\": \"1day\",\"language\": \"ru-RU\"}},\"image\": \"\"},\"timestamp\": \"2023-08-02T10:11:04.655684723+03:00\"}\nh2h2h2\nПример ответа с ошибкой​\n\ncodecodecode\n{\"code\": \"ERROR\",\"message\": \"Jwe token is expired\",\"body\": null,\"timestamp\": \"2024-01-21T13:51:59.654427798+03:00\"}\nh2h2h2\nВалидация запроса​\nparagraphparagraphparagraph\nПри получении запроса проверяется токен авторизации, полученный методомполучения токена авторизации:\nвладелец и/или приложение не должны быть заблокированы;\nтокен должен быть действительным;\nкод приложенияapplication_codeсоответствует владельцу, получившему токен авторизации."
}