{
    "meta": {
        "language": "ru",
        "parse_date": "2024-07-06T19:44:08.022690",
        "current_url": "https://www.rustore.ru/help/sdk/payments/dependencies/",
        "doc_section": "sdk",
        "h1_text": "Список зависимостей"
    },
    "text": "h1h1h1\nСписок зависимостей\nparagraphparagraphparagraph\njavax.inject:javax.inject:1— The Apache Software License, Version 2.0;\nandroidx.annotation:annotation:1.3.0— The Apache Software License, Version 2.0;\nandroidx.biometric:1.1.0— The Apache Software License, Version 2.0;\nandroidx.constraintlayout:2.0.4— The Apache Software License, Version 2.0;\nandroidx.coordinatorlayout:coordinatorlayout:1.2.0— The Apache Software License, Version 2.0;\nandroidx.core:core-ktx:1.7.0— The Apache Software License, Version 2.0;\nandroidx.databinding:viewbinding:7.4.2— The Apache Software License, Version 2.0;\nandroidx.fragment:fragment-ktx:1.3.6— The Apache Software License, Version 2.0;\nandroidx.lifecycle:lifecycle-runtime-ktx:2.4.1— The Apache Software License, Version 2.0;\nandroidx.lifecycle:lifecycle-common-java8:2.4.1— The Apache Software License, Version 2.0;\nandroidx.recyclerview:recyclerview:1.2.1— The Apache Software License, Version 2.0;\ncom.google.android.material:material:1.1.0— The Apache Software License, Version 2.0;\ncom.google.dagger:dagger:2.42— The Apache Software License, Version 2.0;\norg.jetbrains.kotlin:kotlin-stdlib:1.7.10— The Apache Software License, Version 2.0;\norg.jetbrains.kotlinx:kotlinx-coroutines-core:1.6.1— The Apache Software License, Version 2.0;\norg.jetbrains.kotlinx:kotlinx-serialization-json:1.3.2— The Apache Software License, Version 2.0;\ncom.github.bumptech.glide:4.15.1— Simplified BSD License, The Apache Software License, Version 2.0;\ncom.squareup.okhttp3:okhttp:4.9.3— The Apache Software License, Version 2.0;\ncom.facebook.shimmer:shimmer:0.5.0— BSD 2-Clause License."
}