{
    "meta": {
        "language": "ru",
        "parse_date": "2024-07-06T20:03:11.651356",
        "current_url": "https://www.rustore.ru/help/sdk/reviews-ratings/kotlin-java/history/",
        "doc_section": "sdk",
        "h1_text": "История обновлений"
    },
    "text": "h1h1h1\nИстория обновлений\n\nh2h2h2\nВерсия SDK 2.0.0​\nparagraphparagraphparagraph\nВнутреннее обновление SDK.\nh2h2h2\nВерсия SDK 1.0.0​\nparagraphparagraphparagraph\nВнутреннее обновление SDK.\nh2h2h2\nВерсия SDK 0.2.0​\nparagraphparagraphparagraph\nПакеты классов приведены к единому видуru.rustore.*.\nh2h2h2\nВерсия SDK 0.1.6​\nparagraphparagraphparagraph\nИсправлена работа методаawait()дляTask API.\nh2h2h2\nВерсия SDK 0.1.5​\nparagraphparagraphparagraph\nИсправлена уязвимостьIntent Redirection vulnerabilityне позволяющая опубликовать приложение в Google Play.\nh2h2h2\nВерсия SDK 0.1.4​\nparagraphparagraphparagraph\nВнутреннее обновление SDK.\nh2h2h2\nВерсия SDK 0.1.3​\nparagraphparagraphparagraph\nМетодlaunchReviewFlow(activity, reviewInfo)помечен какdeprecated. ИспользуйтеlaunchReviewFlow(reviewInfo)."
}