{
    "meta": {
        "language": "ru",
        "parse_date": "2024-07-06T19:35:24.878408",
        "current_url": "https://www.rustore.ru/help/developers/monetization/monetization-report/",
        "doc_section": "developers",
        "h1_text": "Эффективное управление финансами: отчёт по монетизации в RuStore"
    },
    "text": "h1h1h1\nЭффективное управление финансами: отчёт по монетизации в RuStore\n\nh2h2h2\nПример отчёта о выполнении Поручений по Соглашению RuStore о распространении программных продуктов​\nparagraphparagraphparagraph\nЮридическим лицам, индивидуальным предпринимателям, самозанятым и нерезидентам, подключившим монетизацию, на почту ежемесячно приходит отчёт по монетизации.\nh2h2h2\nОписание полей в отчёте​\n\n\nЮр. лица/ИП\n\n\nСамозанятые\n\n\nНерезиденты\n"
}