{
    "meta": {
        "language": "ru",
        "parse_date": "2024-07-06T19:45:37.832491",
        "current_url": "https://www.rustore.ru/help/sdk/payments/unity/history/",
        "doc_section": "sdk",
        "h1_text": "История обновлений"
    },
    "text": "h1h1h1\nИстория обновлений\n\nh2h2h2\nВерсия плагина 5.0.2​\nparagraphparagraphparagraph\nИсправления багов.\nh2h2h2\nВерсия плагина 5.0.1​\nparagraphparagraphparagraph\nИсправления багов.\nh2h2h2\nВерсия плагина 5.0.0​\nparagraphparagraphparagraph\nДобавлен новый статус покупокPAUSEDдля подписок.\nВнутреннее обновление плагина.\nh2h2h2\nВерсия плагина 3.1.0​\nparagraphparagraphparagraph\nДобавлена функциональность изменения темы (тёмная/светлая).\nВнутреннее обновление плагина.\nh2h2h2\nВерсия плагина 2.2.1​\nparagraphparagraphparagraph\nИсправления багов.\nh2h2h2\nВерсия плагина 2.2.0​\nparagraphparagraphparagraph\nВнутреннее обновление плагина.\nh2h2h2\nВерсия плагина 2.1.1​\nparagraphparagraphparagraph\nИзменён формат возвращаемого значения в методе получения списка продуктовGetProducts().\nИзменён формат возвращаемого значения в методе получения списка покупокGetPurchases().\nИзменён формат возвращаемого значения в методе получения информации о покупкеGetPurchaseInfo().\nИзменён формат возвращаемого значения в методе потребления покупкиConfirmPurchase().\nИзменён формат возвращаемого значения в методе удаления покупкиDeletePurchase().\nИзменён формат возвращаемого значения в методе покупки продуктаPurchaseProduct().\nh2h2h2\nВерсия плагина 1.1.1​\nparagraphparagraphparagraph\nДобавлена возможность настройки параметров SDK в редакторе Unity.\nПараметрorderIdв функцииPurchaseProduct()сделан необязательным.\nВ классыPurchaseиPurchaseResultдобавлено полеinvoiceId, идентификатор счёта.\nИсправлена инициализация SDK изActivity.\nh2h2h2\nВерсия плагина 0.3.0​\nparagraphparagraphparagraph\nВнутреннее обновление плагина.\nh2h2h2\nВерсия плагина 0.1.9​\nparagraphparagraphparagraph\nДобавлен флагRuStoreBillingClientConfig.enableLogs, позволяющий включить ведение журнала событий.\nИсправлена ошибка инициализацииCallbackHandler.\nh2h2h2\nВерсия плагина 0.1.8​\nparagraphparagraphparagraph\nДобавлено полеsubscriptionTokenв сущностиPurchaseдля серверной валидации покупки.\nh2h2h2\nВерсия плагина 0.1.7​\nparagraphparagraphparagraph\nВнутреннее обновление плагина."
}