{
    "meta": {
        "language": "ru",
        "parse_date": "2024-07-06T19:40:31.941693",
        "current_url": "https://www.rustore.ru/help/developers/developer-statistics/versions-download-stat/",
        "doc_section": "developers",
        "h1_text": "Просмотр и анализ скачиваний: RuStore Консоль в действии"
    },
    "text": "h1h1h1\nПросмотр и анализ скачиваний: RuStore Консоль в действии\nparagraphparagraphparagraph\nВКонсоли RuStoreреализована возможность просмотра статистики по приложениям.\nadmonitionadmonitionadmonition\nпримечание\nparagraphparagraphparagraph\nПросмотр статистики доступен только авторизованным пользователям.\nКак просмотреть статистику загрузки версий?\nОткройтеКонсоль RuStore (https://console.rustore.ru/sign-in).\nПерейдите на вкладку «Приложения».\nВ боковом меню нажмите «Статистика по приложениям».\nТаблица с общей статистикой по приложению, содержащая:Общее количество просмотров приложения в интерфейсе RuStore (Web и МП);Общее количество скачиваний приложения в интерфейсе RuStore;\nТаблица со статистикой по версиям операционной системы (далее ОС) пользователей RuStore, содержащая:Название версии ОС пользователя RuStore;Количество скачиваний приложения на устройство с определенной версией ОС;Процент скачиваний приложения на устройство с определенной версией ОС;\nТаблица со статистикой по моделям устройств пользователей RuStore, содержащая:Название модели устройства пользователя RuStore;Количество скачиваний приложения на ту или иную модель устройства;Процент скачиваний приложения на ту или иную модель устройства;\nНажмите на иконку сортировки один раз – все элементы таблицы будут отсортированы от большего к меньшему значению этого параметра;\nНажмите на иконку сортировки два раза – все элементы таблицы будут отсортированы от меньшего к большему значению этого параметра;\nНажмите на иконку сортировки три раза – список элементов вернется к состоянию по умолчанию.\nparagraphparagraphparagraph\nПросмотр статистики доступен только авторизованным пользователям.\nКак просмотреть статистику загрузки версий?\nОткройтеКонсоль RuStore (https://console.rustore.ru/sign-in).\nПерейдите на вкладку «Приложения».\nВ боковом меню нажмите «Статистика по приложениям».\nТаблица с общей статистикой по приложению, содержащая:Общее количество просмотров приложения в интерфейсе RuStore (Web и МП);Общее количество скачиваний приложения в интерфейсе RuStore;\nТаблица со статистикой по версиям операционной системы (далее ОС) пользователей RuStore, содержащая:Название версии ОС пользователя RuStore;Количество скачиваний приложения на устройство с определенной версией ОС;Процент скачиваний приложения на устройство с определенной версией ОС;\nТаблица со статистикой по моделям устройств пользователей RuStore, содержащая:Название модели устройства пользователя RuStore;Количество скачиваний приложения на ту или иную модель устройства;Процент скачиваний приложения на ту или иную модель устройства;\nНажмите на иконку сортировки один раз – все элементы таблицы будут отсортированы от большего к меньшему значению этого параметра;\nНажмите на иконку сортировки два раза – все элементы таблицы будут отсортированы от меньшего к большему значению этого параметра;\nНажмите на иконку сортировки три раза – список элементов вернется к состоянию по умолчанию."
}