{
    "meta": {
        "language": "ru",
        "parse_date": "2024-07-06T19:56:41.916099",
        "current_url": "https://www.rustore.ru/help/sdk/rustore-geo/general/intro/",
        "doc_section": "sdk",
        "h1_text": "Общие сведения"
    },
    "text": "h1h1h1\nОбщие сведения\nparagraphparagraphparagraph\nRuStore Geo — это картографические продукты и высоконагруженные сервисы на базе открытых данных OpenStreetMap.\nДля использования продуктов RuStore Geo вам необходимо использоватьключ доступа.\nh2h2h2\nПоддерживаемые языки​\nparagraphparagraphparagraph\nМы стремимся к созданию полнофункциональных карт всего мира с максимальной поддержкой языков, интересующих наших клиентов. На текущий момент доступность того или иного языка определяется географическим регионом. Основными поддерживаемыми языками являются русский, английский и локальный в регионе.\nh2h2h2\nОграничение скорости запросов​\nparagraphparagraphparagraph\nПо умолчанию, все ключи доступа имеют одинаковое ограничение числа запросов в секунду. При необходимости вы можете как уменьшить скорость запросов по отдельному ключу, так и увеличить. Для увеличения скорости запросов вам необходимо обратиться к вашему менеджеру со стороны RuStore Geo.\nСтандартное ограничение скорости обращения к сервисам: 10 RPS (для отображения карты 10 SPS, для сервисов расчёта матрицы расстояний и решения задачи коммивояжёра — 10 EPS)."
}