{
    "meta": {
        "language": "ru",
        "parse_date": "2024-07-06T19:48:58.080181",
        "current_url": "https://www.rustore.ru/help/sdk/push-notifications/unity/1-0-0/",
        "doc_section": "sdk",
        "h1_text": "SDK push-уведомлений для Unity (версия 1.0.0)"
    },
    "text": "h1h1h1\nSDK push-уведомлений для Unity (версия 1.0.0)\nparagraphparagraphparagraph\nУсловия работы push-уведомлений:\nНа устройстве пользователя установлена актуальная версия RuStore.\nПриложение RuStore должно поддерживать функциональность push-уведомлений.\nПриложению RuStore разрешен доступ к работе в фоновом режиме.Без этого разрешения push-уведомления будут приходить, но со значительной задержкой.\nОтпечаток подписи приложения должен совпадать с отпечатком, добавленным вКонсоль RuStore (https://dev.rustore.ru/).\nh2h2h2\nПример реализации​\nparagraphparagraphparagraph\nОзнакомьтесь сприложением-примером, чтобы узнать, как правильно интегрировать SDK push-уведомлений.\nh2h2h2\nПодключение в проект​\nparagraphparagraphparagraph\nСкачайтеRuStore Push SDK (https://gitflic.ru/project/rustore/unity-rustore-push-sdk).\nИмпортируйте SDK в проект: Assets — Import Package — Custom Package.\nЗависимости подключаются автоматически с помощью External Dependency Manager, который включен в SDK.\nУстановитеMinimum API levelне ниже24.\nОтключите минификацию приложения (ProGuard/R8) в настройках проекта: File — Build Settings — Player Settings — Publishing Settings— Minify.\nОна не поддерживается.\nh3h3h3\nРедактирование манифеста приложения​\nparagraphparagraphparagraph\nОбъявите службуRuStoreUnityMessagingService:\ncodecodecode\n<serviceandroid:name=\"ru.rustore.unitysdk.pushclient.RuStoreUnityMessagingService\"android:exported=\"true\"tools:ignore=\"ExportedService\"><intent-filter><actionandroid:name=\"ru.rustore.sdk.pushclient.MESSAGING_EVENT\"/></intent-filter></service>\ncodecodecode\nAndroidManifest.xml<meta-dataandroid:name=\"ru.rustore.sdk.pushclient.default_notification_icon\"android:resource=\"@drawable/ic_baseline_android_24\"/><meta-dataandroid:name=\"ru.rustore.sdk.pushclient.default_notification_color\"android:resource=\"@color/your_favorite_color\"/>\ncodecodecode\nAndroidManifest.xml<meta-dataandroid:name=\"ru.rustore.sdk.pushclient.default_notification_channel_id\"android:value=\"@string/pushes_notification_channel_id\"/>\nh2h2h2\nИнициализация​\nparagraphparagraphparagraph\nДля инициализации переопределите в проекте классApplication.\nНеобходимый исходный код уже содержится в файлеAssets/RuStoreSDK/PushClient/Android/RuStoreUnityApplication.java:\ncodecodecode\nRuStoreUnityApplication.javapackageru.rustore.unitysdk;importandroid.app.Application;importru.rustore.unitysdk.pushclient.RuStoreUnityPushClient;publicclassRuStoreUnityApplicationextendsApplication{@OverridepublicvoidonCreate(){super.onCreate();RuStoreUnityPushClient.init(application=this);}}\nparagraphparagraphparagraph\napplication— экземпляр классаApplication.\ncodecodecode\nAndroidManifest.xml<applicationandroid:name=\"ru.rustore.unitysdk.RuStoreUnityApplication\">\nparagraphparagraphparagraph\nVKPNS Project Id—идентификатор проекта изRuStore Консоль (https://console.rustore.ru/waiting). Чтобы получить его, на странице приложения перейдите в раздел «Push-уведомления» — «Проекты» и скопируйте значение в поле «ID проекта».\nAllow Native Error Handling— разрешить обработку ошибок в нативном SDK.\ncodecodecode\nvarсonfig=newRuStorePushClientConfig(){allowNativeErrorHandling=true,messagingServiceListener=pushServiceListener,logListener=pushLogListener};RuStorePushClient.Instance.Init(сonfig);\nparagraphparagraphparagraph\nallowNativeErrorHandling— разрешить обработку ошибок в нативном SDK, см. разделОбработка ошибок (https://rustore.ru/help#errors).\nmessagingServiceListener— объект класса, который реализует интерфейсIMessagingServiceListener.\nlogListener— объект класса, который реализует интерфейсILogListener.\nh2h2h2\nПроверка возможности получать push-уведомления​\n\ncodecodecode\nRuStorePushClient.Instance.CheckPushAvailability(onFailure:(error)=>{// Process error},onSuccess:(response)=>{if(!response.isAvailable){// Process push unavailable}});\nh2h2h2\nМетоды для работы с push-токеном​\n\nh3h3h3\nПолучение push-токена пользователя​\n\nadmonitionadmonitionadmonition\nпредупреждение\nparagraphparagraphparagraph\nЕсли у пользователя нет push-токена, метод создаст и вернёт новый push-токен.\nparagraphparagraphparagraph\nЕсли у пользователя нет push-токена, метод создаст и вернёт новый push-токен.\ncodecodecode\nRuStorePushClient.Instance.GetToken(onFailure:(error)=>{// Process error},onSuccess:(token)=>{// Process success});\nh3h3h3\nУдаление push-токена пользователя​\n\ncodecodecode\nRuStorePushClient.Instance.DeleteToken(onFailure:(error)=>{// Process error},onSuccess:()=>{// Process success});\nh2h2h2\nМетоды для работы с push-топиком​\n\nh3h3h3\nПодписка на push-уведомления по топику​\n\ncodecodecode\nRuStorePushClient.Instance.SubscribeToTopic(topicName:\"your_topic_name\",onFailure:(error)=>{// Process error},onSuccess:()=>{// Process success});\nh3h3h3\nОтписка от push-уведомлений по топику​\n\ncodecodecode\nRuStorePushClient.Instance.UnsubscribeFromTopic(topicName:\"your_topic_name\",onFailure:(error)=>{// Process error},onSuccess:()=>{// Process success});\nh2h2h2\nПолучение данных от RuStore SDK​\n\ncodecodecode\npublicinterfaceIMessagingServiceListener{publicvoidOnNewToken(string token);publicvoidOnMessageReceived(RemoteMessagemessage);publicvoidOnDeletedMessages();publicvoidOnError(List<RuStoreError>errors);}\n---Table Start---\nonNewToken              | Метод вызывается при получении нового push-токена.\nПосле вызова этого метода ваше приложение становится ответственно за передачу нового push-токена на свой сервер.\nМетод возвращает значение нового токена.                                                                                                                                                                                                                    \nonMessageReceived       | Метод вызывается при получении нового push-уведомления.\n< p/>\nЕсли в объекте notification есть данные, RuStore SDK самостоятельно отображает уведомление.\nЕсли вы не хотите этого, используйте объект data , а notification оставьте пустым.\nМетод вызывается в любом случае.\n< p/>\nПолучить payload push-уведомления Dictionary<string, string> можно из поля message.data .                                                   \nDeletedMessagesResponse | Метод вызывается, если один или несколько push-уведомлений не доставлены на устройство.\nНапример, если время жизни уведомления истекло до момента доставки.\n< p/>\nПри вызове этого метода рекомендуется синхронизироваться со своим сервером, чтобы не пропустить данные.                                                                                                                                                       \nErrorResponse           | Метод вызывается, если в момент инициализации возникает ошибка.\nОн возвращает массив объектов с ошибками.\n< p/>\nВозможные ошибки: UnauthorizedException — пользователь не авторизован в RuStore. HostAppNotInstalledException — RuStore отсутствует на устройстве пользователя. HostAppBackgroundWorkPermissionNotGranted — у RuStore нет разрешения на работу в фоне. Все возможные ошибки описаны в разделе Обработка ошибок .\n---Table End---\nh3h3h3\nСтруктура уведомления​\n\ncodecodecode\nСтруктура полного уведомленияpublicclassRemoteMessage{publicstring collapseKey;publicDictionary<string,string>data;publicstring messageId;publicNotificationnotification;publicint priority;publicsbyte[]rawData;publicint ttl;}\nparagraphparagraphparagraph\nmessageId— уникальный ID сообщения. Является идентификатором каждого сообщения.\npriority— возвращает значение приоритетности (на данный момент не учитывается).Сейчас заложены следующие варианты:0—UNKNOWN.1—HIGH.2—NORMAL.< p/>\nttl— время жизни push-уведомления типаIntв секундах.\nfrom— поле, по которому можно понять, откуда пришло уведомление:\n< p/>Для уведомлений, отправленных в топик, в поле отображается имя топика.В других случаях — часть вашего сервисного токена.< p/>\ncollapseKey— идентификатор группы уведомлений (на данный момент не учитывается).\ndata— словарь, в который можно передать дополнительные данные для уведомления.\nrawData— словарьdataв виде массива байтов.\nnotification— объект уведомления.\ncodecodecode\nСтруктура объекта NotificationpublicclassNotification{publicstring title;publicstring body;publicstring channelId;publicstring imageUrl;publicstring color;publicstring icon;publicstring clickAction;}\nparagraphparagraphparagraph\ntitle— заголовок уведомления.\nbody— тело уведомления\nchannelId— возможность задать канал, в который отправится уведомление. Актуально для Android 8.0 и выше.\nimageUrl— прямая ссылка на изображение для вставки в уведомление. Изображение должно быть не более 1 Мбайт.\ncolor— цвет уведомления в HEX-формате, строкой. Например,#0077FF.\nicon— значок уведомления изres/drawableв формате строки, которая совпадает с названием ресурса.\n< p/>\nНапример, вres/drawableесть значокsmall_icon.xml, который доступен в коде черезR.drawable.small_icon.\nЧтобы значок отображался в уведомлении, сервер должен указать в параметреiconзначениеsmall_icon.\n< p/>\nclickAction—intent action, с помощью которого будет открыта активити при клике на уведомление.\nh3h3h3\nСоздание канала для отправки уведомления​\nparagraphparagraphparagraph\nДля канала, в который отправляется уведомление, действует следующий приоритет:\nЕсли в push-уведомлении есть полеchannelId, RuStore SDK отправит уведомление в указанный канал.\nВаше приложение должно создать этот канал заранее.\nЕсли в push-уведомлении нет поляchannelId, но ваше приложение указало параметр с каналом вAndroidManifest.xml, используется указанный канал.\nВаше приложение должно создать этот канал заранее.\nЕсли в push-уведомлении нет поляchannelId, и канал по умолчанию не задан вAndroidManifest.xml, RuStore SDK создаст канал и отправит уведомление в него.\nВ дальнейшем все уведомления без явного указания канала будут отправляться в этот канал.\nh2h2h2\nОбработка ошибок​\nparagraphparagraphparagraph\nRuStoreNotInstalledException— на устройстве пользователя не установлен RuStore.\nRuStoreOutdatedException— версия RuStore, установленная на устройстве пользователя, не поддерживает push-уведомления.\nRuStoreUserUnauthorizedException— пользователь не авторизован в RuStore.\nRuStoreFeatureUnavailableException— RuStore не имеет разрешения на работу в фоне.\nRuStoreException— базовая ошибка RuStore, от которой наследуются остальные ошибки.\nВызовется соответствующий обработчикonFailure.\nОшибка передастся в методresolveForPushнативного SDK.\nЭто нужно, чтобы показать пользователю диалог с ошибкой.\ncodecodecode\nМетод resolveForPushfunRuStoreException.resolveForPush(context:Context)\ncodecodecode\nЗапрет нативной обработки ошибокRuStorePushClient.Instance.AllowNativeErrorHandling=false;\nh2h2h2\nСм. также​\nparagraphparagraphparagraph\nОтправка push-уведомлений (API) (https://rustore.ru/help/sdk/push-notifications/send-push-notifications)\nОтправка push-уведомлений по топикам (API) (https://rustore.ru/help/sdk/push-notifications/topic-notifications)\nРабота с сегментами пользователей (API) (https://rustore.ru/help/sdk/push-notifications/work-with-segments-push-api)"
}