{
    "meta": {
        "language": "ru",
        "parse_date": "2024-07-06T19:39:46.346695",
        "current_url": "https://www.rustore.ru/help/developers/tools/app-tracer/android/modules/sampling-profiler/",
        "doc_section": "developers",
        "h1_text": "Sampling Profiler: эффективное профилирование с Tracer SDK"
    },
    "text": "h1h1h1\nSampling Profiler: эффективное профилирование с Tracer SDK\n\nh2h2h2\nПодключение зависимостей к проекту​\nparagraphparagraphparagraph\nВ вашем<project>/<app-module>/build.gradle.\ncodecodecode\ndependencies{implementation\"ru.ok.tracer:tracer-profiler-sampling:0.2.7\"}\nh2h2h2\nОписаниеSamplingProfilerConfiguration​\nparagraphparagraphparagraph\nВ вашемApplication.kt.\ncodecodecode\nclassMyApplication:Application(),HasTracerConfiguration{override val tracerConfiguration:List<TracerConfiguration>get()=listOf(SamplingProfilerConfiguration.build{// ваши опции},)}\nparagraphparagraphparagraph\nsetEnabled— включает/выключает профилирование. По умолчанию включён.\nsetBufferSizeMb— смотрите описаниеandroid.os.Debug.startMethodTracingSampling;\nsetSamplingIntervalUs— смотрите описаниеandroid.os.Debug.startMethodTracingSampling. По умолчанию 5000.\nsetDurationMs— время работы профайлера в миллисекундах.\naddCondition— добавляетConditionдля начала профилирования.\nh2h2h2\nОписаниеCondition.Deprecated.​\nparagraphparagraphparagraph\nКонструкцияConditionиспользуется для управления запуском и отправкой результатов профилирования. Ниже представлен пример использования.\ncodecodecode\nCondition.appStart(10_000,7_000)\ncodecodecode\nval condition=Condition.build{// ваши опции }\nparagraphparagraphparagraph\nsetTag(\"my_tag\")— тег, с которым результат будет загружен в Tracer.\nsetTagLimit(n)— максимальное количество отчетов в день для данного тега которое примет сервер.\nsetProbability(n)— вероятность(1/n) с которой будет запущен профайлер при наступлении события изstartEvent.\nsetStartEvent(\"my_event\")— при наступлении этого события с указанной выше вероятностью будет запущен профайлер.\nsetInterestingEvent(\"my_other_event\")— необязательно. Если присутствует, то результат профилирования будет отправлен на бэкенд, только если данное событие встретилось за время работы профайлера.\nsetInterestingDuration(n)— если время между стартовым и интересующим событием превысит это число, результат профилирования будет отправлен на бэкенд.\nadmonitionadmonitionadmonition\nк сведению\nparagraphparagraphparagraph\nЕсли интересующее событие будет иметь свой счётчик, сравнение будет происходить с ним. К примеру,app_freezeимеет счетчик — время которое UI-поток «висел». Следовательно, еслиinterestingEvent == \"app_freeze\"иinterestingDuration == 700, то отправка произойдет, если во время работы профайлера случился фриз на 700+ мс.\nparagraphparagraphparagraph\nЕсли интересующее событие будет иметь свой счётчик, сравнение будет происходить с ним. К примеру,app_freezeимеет счетчик — время которое UI-поток «висел». Следовательно, еслиinterestingEvent == \"app_freeze\"иinterestingDuration == 700, то отправка произойдет, если во время работы профайлера случился фриз на 700+ мс.\nh2h2h2\nРучное профилирование​\nparagraphparagraphparagraph\nТакже есть возможность размечать в коде начало и конец профилирования.\nSamplingProfiler.start()— запускает профайлер. Принимает параметры:context: Context—App contextприложения;tag: String— тег, с которым результат будет загружен в трейсер;duration: Long— время работы профайлера в миллисекундах.\nSamplingProfiler.abort()— прекращает работу профайлера и очищает результат.\nSamplingProfiler.commit() — прекращает работу профайлера и отправляет результат на бэкенд. Если на момент вызова профайлер ещё не закончил работу, то результирующий тег будет равен<tag>_<tagSuffix>.\ntagSuffix: String— суффикс, который будет добавлен к тегу в случае досрочной остановки профайлера (необязательно).\ncodecodecode\nif(Random.nextInt(100_000)==0){SamplingProfiler.start(context=appContext,tag=\"stream_request\",duration=10_000,)}// ... Код. Например, загрузка лентыSamplingProfiler.commit(\"loaded\")\nh2h2h2\nОписание «системных» событий​\nparagraphparagraphparagraph\n«Системные» события используются в классеConditionи ручном профилировании:\nTracerEvents.EVENT_APP_START_BEGIN—\"app_start_begin\": начало работы приложения.\nTracerEvents.EVENT_APP_START_END—\"app_start_end\": окончание работы методаApplication.onCreate().\nTracerEvents.EVENT_FIRST_ACTIVITY_CREATED—\"app_first_activity_created\": создана первая активити.\nTracerEvents.EVENT_ACTIVITY_CREATED—\"activity_created\"— любая активити перешла в состояниеcreated.\nTracerEvents.EVENT_FREEZE—\"app_freeze\"— UI поток завис на N мс. Если это событие используется какinteresting event, тогдаinteresting durationбудет сравниваться с N. К примеру, еслиN == 500, тогда результат профайлинга будет отправлен, если UI поток за время работы профайлера зависал на более чем 500 мс.\nEVENT_ANR—\"app_anr\": UI-поток завис и не продолжил свою работу на момент окончания профайлера. Прошло N мс с момента обнаружения зависания до окончания работы профайлера. Если это событие используется какinteresting event, тогдаinteresting durationбудет сравниваться с N. К примеру, еслиN == 5000, результат профайлинга будет отправлен, если UI-поток за время работы профайлера завис на более чем 5000 мс.\ncodecodecode\nTracerEvents.addEvent(eventName,duration)\nparagraphparagraphparagraph\neventName— имя события. Используется в классеConditionв методахstartEventиinterestingEvent.\nduration— время ассоциированное с этим событием. Если задано, тоinterestingDurationбудет вычисляться не как разница междуstartEventиinterestingEvent, а сравниваться сdurationэтого события."
}