{
    "meta": {
        "language": "ru",
        "parse_date": "2024-07-06T19:48:16.457620",
        "current_url": "https://www.rustore.ru/help/sdk/push-notifications/kotlin-java/6-0-0/",
        "doc_section": "sdk",
        "h1_text": "SDK push-уведомлений для Kotlin и Java (версия 6.0.0)"
    },
    "text": "h1h1h1\nSDK push-уведомлений для Kotlin и Java (версия 6.0.0)\nparagraphparagraphparagraph\nУсловия работы push-уведомлений:\nНа устройстве пользователя установлена актуальная версия RuStore.\nПриложение RuStore должно поддерживать функциональность push-уведомлений.\nПриложению RuStore разрешен доступ к работе в фоновом режиме.Без этого разрешения push-уведомления будут приходить, но со значительной задержкой.\nОтпечаток подписи приложения должен совпадать с отпечатком, добавленным вКонсоль RuStore (https://dev.rustore.ru/).\nh2h2h2\nПример реализации​\nparagraphparagraphparagraph\nОзнакомьтесь с приложением-примером, чтобы узнать, как правильно интегрировать SDK push-уведомлений:\nKotlin (https://gitflic.ru/project/rustore/rustore-sdk-push-example)\nJava (https://gitflic.ru/project/rustore/rustore-java-push-example)\nh2h2h2\nПодключение в проект​\n\nh3h3h3\nДобавление репозитория​\n\ncodecodecode\nbuild.gradlerepositories{maven{url=uri(\"https://artifactory-external.vkpartner.ru/artifactory/maven\")}}\nh3h3h3\nПодключение зависимости​\n\n\nПодключение BOM\nparagraphparagraphparagraph\nЕдиное управление версиями:\nУпрощение обновлений:\nПовышение совместимости:\n\nПодключение версии напрямую\n\nh3h3h3\nРедактирование манифеста приложения​\nparagraphparagraphparagraph\nОбъявите службу, расширяющуюRuStoreMessagingService:\ncodecodecode\nAndroidManifest.xml<serviceandroid:name=\".MyRuStoreMessagingService\"android:exported=\"true\"tools:ignore=\"ExportedService\"><intent-filter><actionandroid:name=\"ru.rustore.sdk.pushclient.MESSAGING_EVENT\"/></intent-filter></service>\ncodecodecode\nAndroidManifest.xml<meta-dataandroid:name=\"ru.rustore.sdk.pushclient.default_notification_icon\"android:resource=\"@drawable/ic_baseline_android_24\"/><meta-dataandroid:name=\"ru.rustore.sdk.pushclient.default_notification_color\"android:resource=\"@color/your_favorite_color\"/>\ncodecodecode\nAndroidManifest.xml<meta-dataandroid:name=\"ru.rustore.sdk.pushclient.default_notification_channel_id\"android:value=\"@string/pushes_notification_channel_id\"/>\nh3h3h3\nЗапрос разрешения на показ уведомлений в Android 13+​\n\n\nKotlin\n\n\nJava\n\nh2h2h2\nИнициализация​\nparagraphparagraphparagraph\nДля инициализации понадобитсяидентификатор проекта изRuStore Консоль. Чтобы получить его, на странице приложения перейдите в раздел «Push-уведомления» — «Проекты» и скопируйте значение в поле «ID проекта».\nh3h3h3\nРучная инициализация в Application​\n\n\nKotlin\n\n\nJava\n\nh3h3h3\nАвтоматическая инициализация​\n\n\nKotlin\n\n\nJava\n\nh3h3h3\nЛогирование событий​\n\n\nKotlin\n\n\nJava\n\nh2h2h2\nПроверка возможности получать push-уведомления​\nparagraphparagraphparagraph\nУсловия работы push-уведомлений:\nНа устройстве пользователя установлена актуальная версия RuStore.\nПриложение RuStore должно поддерживать функциональность push-уведомлений.\nПриложению RuStore разрешен доступ к работе в фоновом режиме.Без этого разрешения push-уведомления будут приходить, но со значительной задержкой.\nОтпечаток подписи приложения должен совпадать с отпечатком, добавленным вКонсоль RuStore (https://dev.rustore.ru/).\n\nKotlin\n\n\nJava\n\nh2h2h2\nМетоды для работы с push-токеном​\n\nh3h3h3\nПолучение push-токена пользователя​\n\n\nKotlin\n\n\nJava\n\nh3h3h3\nУдаление push-токена пользователя​\n\n\nKotlin\n\n\nJava\n\nh2h2h2\nМетоды для работы с push-топиком​\n\nh3h3h3\nПодписка на push-уведомления по топику​\n\n\nKotlin\n\n\nJava\n\nh3h3h3\nОтписка от push-уведомлений по топику​\n\n\nKotlin\n\n\nJava\n\nh2h2h2\nПолучение данных от RuStore SDK​\n\n\nKotlin\n\n\nJava\n\nh3h3h3\nСтруктура уведомления​\n\n\nKotlin\nparagraphparagraphparagraph\nmessageId— уникальный ID сообщения. Является идентификатором каждого сообщения.\npriority— возвращает значение приоритетности (на данный момент не учитывается).\nttl— время жизни push-уведомления типаIntв секундах.\nfrom— поле, по которому можно понять, откуда пришло уведомление:\n< p/>\ncollapseKey— идентификатор группы уведомлений (на данный момент не учитывается).\ndata— словарь, в который можно передать дополнительные данные для уведомления.\nrawData— словарьdataв виде массива байтов.\nnotification— объект уведомления.\ntitle— заголовок уведомления.\nchannelId— возможность задать канал, в который отправится уведомление. Актуально для Android 8.0 и выше.\nimageUrl— прямая ссылка на изображение для вставки в уведомление. Изображение должно быть не более 1 Мбайт.\ncolor— цвет уведомления в HEX-формате, строкой. Например,#0077FF.\nicon— значок уведомления изres/drawableв формате строки, которая совпадает с названием ресурса.\n< p/>\nНапример, вres/drawableесть значокsmall_icon.xml, который доступен в коде черезR.drawable.small_icon.\nЧтобы значок отображался в уведомлении, сервер должен указать в параметреiconзначениеsmall_icon.\n< p/>\nclickAction— поле с помощью которого будет сформировано действие при клике на уведомление.\nclickActionType— тип поляclickAction.\nDEFAULT— тип поляclickActionпри которомclickActionбудет использоваться какintent actionдля открытия активити по клику на уведомление. Подробнее смотридокументацию (https://developer.android.com/reference/android/content/Intent#intent-structure).\nDEEP_LINK— тип поляclickActionпри которомclickActionбудет использоваться какdeep linkдля открытия активити по клику на уведомление. Подробнее смотридокументацию (https://developer.android.com/training/app-links/deep-linking).\n\nJava\nparagraphparagraphparagraph\nmessageId— уникальный ID сообщения. Является идентификатором каждого сообщения.\npriority— возвращает значение приоритетности (на данный момент не учитывается).\nttl— время жизни push-уведомления типаIntв секундах.\nfrom— поле, по которому можно понять, откуда пришло уведомление:\n< p/>\ncollapseKey— идентификатор группы уведомлений (на данный момент не учитывается).\ndata— словарь, в который можно передать дополнительные данные для уведомления.\nrawData— словарьdataв виде массива байтов.\nnotification— объект уведомления.\ntitle— заголовок уведомления.\nchannelId— возможность задать канал, в который отправится уведомление. Актуально для Android 8.0 и выше.\nimageUrl— прямая ссылка на изображение для вставки в уведомление. Изображение должно быть не более 1 Мбайт.\ncolor— цвет уведомления в HEX-формате, строкой. Например,#0077FF.\nicon— значок уведомления изres/drawableв формате строки, которая совпадает с названием ресурса.\n< p/>\nНапример, вres/drawableесть значокsmall_icon.xml, который доступен в коде черезR.drawable.small_icon.\nЧтобы значок отображался в уведомлении, сервер должен указать в параметреiconзначениеsmall_icon.\n< p/>\nclickAction— поле с помощью которого будет сформировано действие при клике на уведомление.\nclickActionType— тип поляclickAction.\nDEFAULT— тип поляclickActionпри которомclickActionбудет использоваться какintent actionдля открытия активити по клику на уведомление. Подробнее смотридокументацию (https://developer.android.com/reference/android/content/Intent#intent-structure).\nDEEP_LINK— тип поляclickActionпри которомclickActionбудет использоваться какdeep linkдля открытия активити по клику на уведомление. Подробнее смотридокументацию (https://developer.android.com/training/app-links/deep-linking).\nh3h3h3\nСоздание канала для отправки уведомления​\nparagraphparagraphparagraph\nДля канала, в который отправляется уведомление, действует следующий приоритет:\nЕсли в push-уведомлении есть полеchannelId, RuStore SDK отправит уведомление в указанный канал.\nВаше приложение должно создать этот канал заранее.\nЕсли в push-уведомлении нет поляchannelId, но ваше приложение указало параметр с каналом вAndroidManifest.xml, используется указанный канал.\nВаше приложение должно создать этот канал заранее.\nЕсли в push-уведомлении нет поляchannelId, и канал по умолчанию не задан вAndroidManifest.xml, RuStore SDK создаст канал и отправит уведомление в него.\nВ дальнейшем все уведомления без явного указания канала будут отправляться в этот канал.\nh2h2h2\nОбработка ошибок​\n\n\nKotlin\nparagraphparagraphparagraph\nRuStoreNotInstalledException— на устройстве пользователя не установлен RuStore.\nRuStoreOutdatedException— версия RuStore, установленная на устройстве пользователя, не поддерживает push-уведомления.\nRuStoreUserUnauthorizedException— пользователь не авторизован в RuStore.\nRuStoreFeatureUnavailableException— RuStore не имеет разрешения на работу в фоне.\nRuStoreException— базовая ошибка RuStore, от которой наследуются остальные ошибки.\n\nJava\nparagraphparagraphparagraph\nRuStoreNotInstalledException— на устройстве пользователя не установлен RuStore.\nRuStoreOutdatedException— версия RuStore, установленная на устройстве пользователя, не поддерживает push-уведомления.\nRuStoreUserUnauthorizedException— пользователь не авторизован в RuStore.\nRuStoreFeatureUnavailableException— RuStore не имеет разрешения на работу в фоне.\nRuStoreException— базовая ошибка RuStore, от которой наследуются остальные ошибки.\nh2h2h2\nТестирование интеграции SDK​\nparagraphparagraphparagraph\nУсловия работы push-уведомлений:\nНа устройстве пользователя установлена актуальная версия RuStore.\nПриложение RuStore должно поддерживать функциональность push-уведомлений.\nПриложению RuStore разрешен доступ к работе в фоновом режиме.Без этого разрешения push-уведомления будут приходить, но со значительной задержкой.\nОтпечаток подписи приложения должен совпадать с отпечатком, добавленным вКонсоль RuStore (https://dev.rustore.ru/).\n\nKotlin\n\n\nJava\n\nh2h2h2\nСм. также​\nparagraphparagraphparagraph\nОтправка push-уведомлений (API) (https://rustore.ru/help/sdk/push-notifications/send-push-notifications)\nОтправка push-уведомлений по топикам (API) (https://rustore.ru/help/sdk/push-notifications/topic-notifications)\nРабота с сегментами пользователей (API) (https://rustore.ru/help/sdk/push-notifications/work-with-segments-push-api)"
}