{
    "meta": {
        "language": "ru",
        "parse_date": "2024-07-06T19:59:40.816029",
        "current_url": "https://www.rustore.ru/help/sdk/rustore-geo/routing-services/distance-matrix/",
        "doc_section": "sdk",
        "h1_text": "Матрица расстояний"
    },
    "text": "h1h1h1\nМатрица расстояний\nparagraphparagraphparagraph\nСервис построения матрицы расстояний позволяет осуществлять расчёт ETA и расстояния для пар пунктов отправления и назначения, определяющих матрицу. Сервис поддерживает матрицы различной размерности:\nодин ко многим;\nмногие ко многим;\nмногие к одному.\nh2h2h2\nЗапрос​\nparagraphparagraphparagraph\nЗапрос передается методом HTTP POST. В теле POST-запроса указывается json с обязательными и необязательными полями.\nНиже представлен простой пример JSON.\ncodecodecode\n{\"sources\":[{\"lat\":55.796932,\"lon\":37.537849},{\"lat\":55.801551,\"lon\":37.531575}],\"targets\":[{\"lat\":55.790412,\"lon\":37.534313},{\"lat\":55.788644,\"lon\":37.536507}],\"costing\":\"pedestrian\",\"id\":\"DM_Test\"}\nh3h3h3\nОбязательные параметры URL запроса​\n\n---Table Start---\napi_key | hex-string | Доступ к сервисам . | api_key = fa749bace6d8a3b1 ... .\n---Table End---\nh3h3h3\nОбязательные параметры JSON для тела запроса​\n\n---Table Start---\nsources | list | Список точек отправления, где lat и lon — широта точки в градусах (используется 6 знаков после запятой). | \"sources\" : [ { \"lat\" : 55.796932 , \"lon\" : 37.537849 } , { \"lat\" : 55.801551 , \"lon\" : 37.531575 } ]\ntargets | list | Список точек назначения, где lat и lon — широта точки в градусах (используется 6 знаков после запятой).  | \"targets\" : [ { \"lat\" : 55.790412 , \"lon\" : 37.534313 } , { \"lat\" : 55.788644 , \"lon\" : 37.536507 } ]\n---Table End---\nadmonitionadmonitionadmonition\nк сведению\nparagraphparagraphparagraph\nМаксимальное суммарное число точек отправления (sources) и назначения (targets) не должно превышать 50 точек.\nparagraphparagraphparagraph\nМаксимальное суммарное число точек отправления (sources) и назначения (targets) не должно превышать 50 точек.\nh3h3h3\nДополнительные параметры JSON для тела запроса​\n\n---Table Start---\ncosting         | string | Тип транспорта для построения маршрута: • auto (по умолчанию) — автомобильный; • truck (не поддерживается) — грузовой; • pedestrian — пешеходный; • bicycle — велосипедный.           | \"costing\" : \"pedestrian\"                                           \nid              | string | Идентификатор запроса, который возвращается вместе с ответом, что позволяет точно установить соответствие запроса и ответа.                                                           | \"id\" : \"DM_Test\"                                                   \ncosting_options | dict   | Список параметров расчёта маршрута. Для различных типов транспорта используются различные опции и ограничения , аналогичные тем, которые используются в сервисе построения маршрута . | \"costing_options\" : { \"use_border_crossing\" : 0 , \"use_tolls\" : 0 }\nunits           | string | Единица измерения расстояния в ответе: • kilometers (по умолчанию) — километры; • miles — мили.                                                                                       | \"units\" : \"miles\"                                                  \n---Table End---\nh2h2h2\nОтвет​\n\n---Table Start---\nid                 | string  | Идентификатор запроса, который возвращается вместе с ответом, что позволяет точно установить соответствие запроса и ответа.                                  | \"id\" : \"DM_Test\"                                                                                                                                                                                                                                                                                                                                   \ntargets            | list    | Список точек назначения, где lat и lon — широта точки в градусах (используется 6 знаков после запятой).                                                      | \"targets\" : [ [ { \"lon\" : 37.534313 , \"lat\" : 55.790413 } , { \"lon\" : 37.536507 , \"lat\" : 55.788643 } ] ]                                                                                                                                                                                                                                          \nsources            | list    | Список точек отправления, где lat и lon — широта точки в градусах (используется 6 знаков после запятой).                                                     | \"sources\" : [ [ { \"lon\" : 37.537849 , \"lat\" : 55.796932 } , { \"lon\" : 37.531574 , \"lat\" : 55.801552 } ] ]                                                                                                                                                                                                                                          \nsources_to_targets | list    | Рассчитанная матрица, содержащая номера элементов матрицы отправления и назначения для каждого из результатов расчёта, а также расчётные значения ETA и EDA. | \"sources_to_targets\" : [ [ { \"distance\" : 1.076 , \"time\" : 773 , \"to_index\" : 0 , \"from_index\" : 0 } , { \"distance\" : 1.459 , \"time\" : 1041 , \"to_index\" : 1 , \"from_index\" : 0 } ] , [ { \"distance\" : 1.828 , \"time\" : 1311 , \"to_index\" : 0 , \"from_index\" : 1 } , { \"distance\" : 2.211 , \"time\" : 1579 , \"to_index\" : 1 , \"from_index\" : 1 } ] ]\ndistance           | float   | Общая длина маршрута, указывается в выбранных единицах измерения (EDA).                                                                                      | \"distance\" : 1.828                                                                                                                                                                                                                                                                                                                                 \ntime               | float   | Расчётное время, требуемое на движение по маршруту (ETA). Расчётное время указывается в секундах.                                                            | \"time\" : 1311                                                                                                                                                                                                                                                                                                                                      \nto_index           | integer | Порядковый номер элемент матрицы назначения в запросе.                                                                                                       | \"to_index\" : 0                                                                                                                                                                                                                                                                                                                                     \nfrom_index         | integer | Порядковый номер элемента матрицы отправления в запросе.                                                                                                     | \"from_index\" : 0                                                                                                                                                                                                                                                                                                                                   \nunits              | string  | Единица измерения расстояния в ответе.                                                                                                                       | \"units\" : \"kilometers\"                                                                                                                                                                                                                                                                                                                             \n---Table End---\ncodecodecode\n{\"status_code\":400,\"status\":\"Bad Request\"}\nh2h2h2\nПример​\nparagraphparagraphparagraph\nPOST-запрос с помощью утилиты curl\ncodecodecode\ncurl-XPOST-H\"Content-type: application/json\"-H\"Accept: application/json\"-d'{\"sources\":[{\"lat\":55.796932,\"lon\":37.537849},{\"lat\":55.801551,\"lon\":37.531575}],\"targets\":[{\"lat\":55.790412,\"lon\":37.534313},{\"lat\":55.788644,\"lon\":37.536507}],\"costing\":\"pedestrian\",\"id\":\"DM_Test\"}'\"https://geo.rustore.ru/api/dm?api_key=<YOUR_API_KEY>\""
}