{
    "meta": {
        "language": "ru",
        "parse_date": "2024-07-06T19:39:39.451604",
        "current_url": "https://www.rustore.ru/help/developers/tools/app-tracer/android/modules/heap-dumps/",
        "doc_section": "developers",
        "h1_text": "Heap Dumps: эффективный мониторинг и управление с Tracer SDK"
    },
    "text": "h1h1h1\nHeap Dumps: эффективный мониторинг и управление с Tracer SDK\n\nh2h2h2\nПодключение зависимостей к проекту​\nparagraphparagraphparagraph\nВ вашем<project>/<app-m,odule>/build.gradle.\ncodecodecode\ndependencies{implementation\"ru.ok.tracer:tracer-heap-dumps:0.2.7\"}\nh2h2h2\nОписаниеHeapDumpConfiguration​\nparagraphparagraphparagraph\nВ вашемApplication.kt.\ncodecodecode\nclassMyApplication:Application(),HasTracerConfiguration{override val tracerConfiguration:List<TracerConfiguration>get()=listOf(HeapDumpConfiguration.build{// ваши опции},)}\nparagraphparagraphparagraph\nsetEnabled— включает/выключает сбор хипдампов при OOM. По умолчанию включён.\nsetProbability— устарела и ничего не делает, будет удалена в версии 0.3.x.\nsetInterestingSize— устарела и ничего не делает, будет удалена в версии 0.3.x\nadmonitionadmonitionadmonition\nк сведению\nparagraphparagraphparagraph\nХипдампы отправляются ночью, когда пользователь не пользуется устройством.\nparagraphparagraphparagraph\nХипдампы отправляются ночью, когда пользователь не пользуется устройством."
}