{
    "meta": {
        "language": "ru",
        "parse_date": "2024-07-06T19:42:07.679562",
        "current_url": "https://www.rustore.ru/help/developers/publishing-and-verifying-apps/app-publication/",
        "doc_section": "developers",
        "h1_text": "Публикация приложений в RuStore: полное руководство"
    },
    "text": "h1h1h1\nПубликация приложений в RuStore: полное руководство\nparagraphparagraphparagraph\nОпубликуйте свое приложение, чтобы пользователи могли скачать его из RuStore.\nОткройтеКонсоль RuStore (https://console.rustore.ru/sign-in).\nПерейдите на вкладку «Приложения».\nНажмите «Добавить приложение».\nВ открывшемся окне введите название приложения.\nНажмите «Добавить».\nВыберите добавленное приложение.\nНажмите «Загрузить версию».\nh2h2h2\nЗагрузка версии приложения​\nparagraphparagraphparagraph\nRuStore поддерживает загрузку приложений в форматах APK и ААВ.\nТребования к загрузке файла APK\nПри загрузке первой версии убедитесь, что:\nразмер файла не превышает 2,5 ГБ;\nфайл подписанцифровым сертификатом (https://rustore.ru/help/developers/publishing-and-verifying-apps/app-publication/apk-signature);\nимя пакета уникально;\nсборка проверена и настроена.\nразмер файла не превышает 2,5 ГБ;\nфайл подписанцифровым сертификатом (https://rustore.ru/help/developers/publishing-and-verifying-apps/app-publication/apk-signature);\nподпись соответствует предыдущей;\nпакет соответствует предыдущему;\nсборка проверена и настроена;\nномер новой версии приложения больше предыдущего.\nподписи приложения должны быть добавлены отдельно перед загрузкой .aab файла.\nразмер файла приложения не должен превышать 500 MB;\nимя пакета должно быть уникально;\nсборка должна быть проверена и настроена.\nadmonitionadmonitionadmonition\nк сведению\nparagraphparagraphparagraph\nКак работать с ключами подписи APK-файлов? (https://rustore.ru/help/developers/publishing-and-verifying-apps/app-publication/apk-signature?utm_source=direct_none)\nЗагрузка приложений в формате ААВ (https://rustore.ru/help/developers/publishing-and-verifying-apps/app-publication/upload-aab/)\nparagraphparagraphparagraph\nКак работать с ключами подписи APK-файлов? (https://rustore.ru/help/developers/publishing-and-verifying-apps/app-publication/apk-signature?utm_source=direct_none)\nЗагрузка приложений в формате ААВ (https://rustore.ru/help/developers/publishing-and-verifying-apps/app-publication/upload-aab/)\nh2h2h2\nРаздел «Что нового?»​\nparagraphparagraphparagraph\nРаздел «Что нового?» заполняется при загрузке новой версии приложения. Расскажите здесь о главных обновлениях, какие функции появились или какие баги были исправлены. При загрузке универсальной версии приложения также вы можете добавить историю изменений для ТВ-версии.\nh2h2h2\nБезопасность данных пользователя​\nparagraphparagraphparagraph\nЗаполните информацию о категориях и типах данных, доступ к которым запрашивает приложение, а также предоставьте информацию о чувствительных разрешениях. Подробнее читайте в разделеКак декларировать разрешения.\nh2h2h2\nИнформация о приложении​\nparagraphparagraphparagraph\nУкажите наименование приложения:не более 30 символов;наименование приложения должно быть уникально.\nВыберите категорию из предложенного списка.Как это сделать? (https://rustore.ru/help/developers/publishing-and-verifying-apps/category)\nВыберите возрастное ограничение из предложенного списка.Как правильно выбрать возрастное ограничение? (https://rustore.ru/help/developers/publishing-and-verifying-apps/age-restrictions)\nВведите краткое описание приложения для мобильных устройств и для ТВ-версии (до 80 символов).\nВведите подробное описание приложения (до 4000 символов, при формировании необходимо учесть возможность пользователя сворачивать описание до 2000 символов).\nh2h2h2\nМедиафайлы для каталога​\n\nh3h3h3\nИконка​\nparagraphparagraphparagraph\nПеретащите иконку приложения с рабочего стола или из папки на компьютере в область «Иконка для мобильных устройств». Также вы можете добавить отдельную иконку для ТВ-версии приложения, нажав «Добавить иконку для ТВ».\nadmonitionadmonitionadmonition\nпримечание\nparagraphparagraphparagraph\nЕсли оставить это поле пустым, то иконка мобильных устройств будет также отображаться для ТВ-версии.\nТребования к иконке\nразрешение изображения и размер файла: 512х512 px, до 3 МБ;\nдопустимый формат:.pngили.jpg.\nparagraphparagraphparagraph\nЕсли оставить это поле пустым, то иконка мобильных устройств будет также отображаться для ТВ-версии.\nТребования к иконке\nразрешение изображения и размер файла: 512х512 px, до 3 МБ;\nдопустимый формат:.pngили.jpg.\nh3h3h3\nСкриншоты​\nparagraphparagraphparagraph\nВы можете добавить скриншоты только для телефона. В этом случае одинаковые скриншоты будут отображаться на всех типах устройств: телефонах и планшетах.\nВы также можете загрузить отдельные скриншоты для планшетов. В этом случае скриншоты для телефона будут отображаться на устройствах с экраном меньше 7 дюймов, а скриншоты для планшетов появятся вкарточке приложенияна устройствах с экраном от 7 дюймов и более.\nadmonitionadmonitionadmonition\nпримечание\nparagraphparagraphparagraph\nОбязательно загрузите скриншоты для мобильной версии приложения.\nЕсли файл вашего приложения в формате APK или AAB подходит для ТВ, загрузите также скриншоты и баннер для ТВ.\nparagraphparagraphparagraph\nОбязательно загрузите скриншоты для мобильной версии приложения.\nЕсли файл вашего приложения в формате APK или AAB подходит для ТВ, загрузите также скриншоты и баннер для ТВ.\ndetailsdetailsdetails\nКак добавить скриншоты?\nparagraphparagraphparagraph\nСкриншоты загрузятся в том порядке, в котором расположены в выбранной папке.\nТребования к изображениям\nразмер файла: не более 3 МБ для телефонов и не более 5 МБ для планшетов;\nдопустимый формат формат:.pngили.jpg;\nмаксимальное разрешение: 2160х3840 px для мобильной версии; 1920х1080 px для ТВ-версии;\nрекомендуемое соотношение сторон — 16:9;\nесли ширина или высота меньше рекомендованной — скриншот растягивается до пропорций 16:9;\nесли ширина или высота больше рекомендованной — скриншот обрезается до пропорций 16:9.\nparagraphparagraphparagraph\nСкриншоты загрузятся в том порядке, в котором расположены в выбранной папке.\nТребования к изображениям\nразмер файла: не более 3 МБ для телефонов и не более 5 МБ для планшетов;\nдопустимый формат формат:.pngили.jpg;\nмаксимальное разрешение: 2160х3840 px для мобильной версии; 1920х1080 px для ТВ-версии;\nрекомендуемое соотношение сторон — 16:9;\nесли ширина или высота меньше рекомендованной — скриншот растягивается до пропорций 16:9;\nесли ширина или высота больше рекомендованной — скриншот обрезается до пропорций 16:9.\nh2h2h2\nДобавление ссылки на видео​\nparagraphparagraphparagraph\nВы можете также добавить ссылку на ВК Видео с публичным доступом. Видео по ссылке будет доступно в карточке приложения для телефонов и планшетов.\nТребования к видео\nвидео должно относиться непосредственно к приложению (например, вы можете загрузить трейлер, запись геймплея и т. п.);\nвидео не должно содержать недопустимого контента (см.Требования к приложениям (https://rustore.ru/help/developers/publishing-and-verifying-apps/requirement-apps));\nвидео должно быть публичным;\nмаксимальная продолжительность видеоролика: 1 мин;\nможно добавить только одно видео;\nполе для ссылки на видео становится обязательным, если для видео добавлена обложка; если заполнено поле ссылки на видео, обложка также станет обязательной.\nh2h2h2\nСоздание черновика версии и отправка на модерацию​\nparagraphparagraphparagraph\nНажмите «Отправить на модерацию», если вы полностью заполнили форму загрузки версии приложения. Приложение отправляется на модерацию.\nadmonitionadmonitionadmonition\nпримечание\nparagraphparagraphparagraph\nПеред отправкой приложения на модерацию обязательно проверьте приложение на соответствиетребованиям к приложениям (https://rustore.ru/help/developers/publishing-and-verifying-apps/requirement-apps).\nВыберите «Сохранить как черновик», чтобы создать черновик и вернуться к редактированию версии приложения позже.\nЧтобы работать с черновиками, необходимо соблюдать следующие условия:\nсоздание, редактирование и удаление черновика доступно для роли владельца аккаунта, релиз-менеджера и разработчика;\nвы можете создать только 1 черновик версии приложения;\nчерновик в RuStore Консоли можно сохранить только без APK или AAB файла. Удалите файл из формы, чтобы сохранить версию как черновик, или сразу отправьте версию приложения на на модерацию.\nparagraphparagraphparagraph\nПеред отправкой приложения на модерацию обязательно проверьте приложение на соответствиетребованиям к приложениям (https://rustore.ru/help/developers/publishing-and-verifying-apps/requirement-apps).\nВыберите «Сохранить как черновик», чтобы создать черновик и вернуться к редактированию версии приложения позже.\nЧтобы работать с черновиками, необходимо соблюдать следующие условия:\nсоздание, редактирование и удаление черновика доступно для роли владельца аккаунта, релиз-менеджера и разработчика;\nвы можете создать только 1 черновик версии приложения;\nчерновик в RuStore Консоли можно сохранить только без APK или AAB файла. Удалите файл из формы, чтобы сохранить версию как черновик, или сразу отправьте версию приложения на на модерацию.\nh2h2h2\nРедактирование черновика​\nparagraphparagraphparagraph\nЧтобы продолжить заполнение формы загрузки приложения, выполните следующие шаги:\nПерейдите на вкладку «Приложения» и выберите раздел «Версии».\nНажмите «Редактировать» рядом с черновиком, чтобы перейти в форму загрузки приложения.\nh2h2h2\nУсловия добавления разработчика​\nparagraphparagraphparagraph\nЧтобы добавить разработчика, который будет вести операционную деятельность с конкретным приложением, необходимо соблюдение условий:\nразработчик авторизовался вКонсоли RuStore (https://dev.rustore.ru/);\nразработчик передал VK ID сотруднику, загрузившему приложение (в цифровом формате).\nadmonitionadmonitionadmonition\nк сведению\nparagraphparagraphparagraph\nКак добавить дополнительных разработчиков? (https://rustore.ru/help/developers/developer-account/add-developer)\nparagraphparagraphparagraph\nКак добавить дополнительных разработчиков? (https://rustore.ru/help/developers/developer-account/add-developer)"
}