{
    "meta": {
        "language": "ru",
        "parse_date": "2024-07-06T19:33:32.826474",
        "current_url": "https://www.rustore.ru/help/users/app-management/app-safety/",
        "doc_section": "users",
        "h1_text": "Как проверить безопасность приложений в RuStore"
    },
    "text": "h1h1h1\nКак проверить безопасность приложений в RuStore\nparagraphparagraphparagraph\nВы можете бесплатно проверить все установленные приложения на вашем устройстве через антивирусный сканер от Kaspersky.\nadmonitionadmonitionadmonition\nпримечание\nparagraphparagraphparagraph\nАвтоматическая проверка безопасности проходит в ночное время. Если устройство выключено, проверка запустится сразу после включения.\nparagraphparagraphparagraph\nАвтоматическая проверка безопасности проходит в ночное время. Если устройство выключено, проверка запустится сразу после включения.\nh2h2h2\nКак запустить автоматическую проверку​\nparagraphparagraphparagraph\nНовым пользователям:\nАвторизуйтесь в приложении RuStore.Как это сделать? (https://rustore.ru/help/users/authorization/login-vk-id)\nНа главном экране приложения появится уведомление о проверке через антивирусный сканер от Kaspersky.\nНажмите «Продолжить».\nadmonitionadmonitionadmonition\nпримечание\nparagraphparagraphparagraph\nВы можете пропустить авторизацию и позже запустить проверку вручную.\nПосле установки и начала работы:\nОбновите приложение RuStore.Как это сделать? (https://rustore.ru/help/users/start/update-rustore-app)\nНа главном экране приложения появится уведомление о проверке через антивирусный сканер от Kaspersky.\nНажмите «Продолжить».\nparagraphparagraphparagraph\nВы можете пропустить авторизацию и позже запустить проверку вручную.\nПосле установки и начала работы:\nОбновите приложение RuStore.Как это сделать? (https://rustore.ru/help/users/start/update-rustore-app)\nНа главном экране приложения появится уведомление о проверке через антивирусный сканер от Kaspersky.\nНажмите «Продолжить».\nh2h2h2\nКак запустить проверку вручную​\nparagraphparagraphparagraph\nЗапустить проверку могут как авторизованные, так и не авторизованные пользователи RuStore.\nНажмитев нижнем меню.\nНажмите на название своего аккаунта.\nПерейдите в раздел «Безопасность».\nНажмите «Сканировать».\nadmonitionadmonitionadmonition\nпримечание\nparagraphparagraphparagraph\nЕсли вы не авторизованы, перейдите в раздел «Аккаунт».\n\n\nparagraphparagraphparagraph\nЕсли вы не авторизованы, перейдите в раздел «Аккаунт».\n\n\nh2h2h2\nКак удалить небезопасные приложения​\nparagraphparagraphparagraph\nПосле проверки вы увидите список небезопасных приложений на вашем устройстве и сможете удалить каждое из них. Если антивирус не найдет ничего подозрительного, удалять приложения не нужно.\nНажмитена домашнем экране вашего устройства.\nНайдите сообщение о результатах проверки.\nНажмите «Посмотреть».\nОткройте список вредоносных приложений.\nНайдите в нем приложение, которое хотите удалить.\nНажмите «Удалить».\nНажмите «Allow» в открывшемся диалоговом окне."
}