{
    "meta": {
        "language": "ru",
        "parse_date": "2024-07-06T19:58:57.029268",
        "current_url": "https://www.rustore.ru/help/sdk/rustore-geo/map-display-services/interactive-map/additional-objects/",
        "doc_section": "sdk",
        "h1_text": "Описание дополнительных объектов карты"
    },
    "text": "h1h1h1\nОписание дополнительных объектов карты\n\nh2h2h2\nAttributionControl​\nparagraphparagraphparagraph\nЭлемент управления AttributionControl представляет информацию об атрибутах карты (копирайтинг и так далее).\nsrc/ui/control/attribution_control.js\nНиже представлены доступные параметры.\ncompact:boolean— еслиtrue, то всегда отображается в компактном виде, еслиfalse, то будет всегда в полный размер, по умолчанию это работает в зависимости от размера карты (viewport < 640 ? compact : full).\ncustomAttribution:string|Array<string>— строка или строки для отображения в атрибутах карты (см. пример ниже).\ncodecodecode\nvarmap=newmmrgl.Map({attributionControl:false}).addControl(newmmrgl.AttributionControl({compact:true}));js\nh2h2h2\nLngLatBoundsLike​\nparagraphparagraphparagraph\nОбъектLngLatBounds, массивLngLatLikeобъектов в порядке[sw, ne]или массив чисел в порядке[west, south, east, north].\nsrc/geo/lng_lat_bound.js\nСм. пример ниже.\ncodecodecode\nvarv1=newmmrgl.LngLatBounds(newmmrgl.LngLat(-73.9876,40.7661),newmmrgl.LngLat(-73.9397,40.8002));varv2=newmmrgl.LngLatBounds([-73.9876,40.7661],[-73.9397,40.8002])varv3=[[-73.9876,40.7661],[-73.9397,40.8002]];"
}