{
    "meta": {
        "language": "ru",
        "parse_date": "2024-07-06T19:54:47.037980",
        "current_url": "https://www.rustore.ru/help/sdk/updates/flutter/history/",
        "doc_section": "sdk",
        "h1_text": "История обновлений"
    },
    "text": "h1h1h1\nИстория обновлений\n\nh2h2h2\nВерсия SDK 6.0.0​\nparagraphparagraphparagraph\nВнутреннее обновление\nh2h2h2\nВерсия SDK 3.0.0​\nparagraphparagraphparagraph\nВнутреннее обновление\nh2h2h2\nВерсия SDK 2.0.0​\nparagraphparagraphparagraph\nВнутреннее обновление\nh2h2h2\nВерсия SDK 1.0.0​\nparagraphparagraphparagraph\nВнутреннее обновление\nh2h2h2\nВерсия SDK 0.0.3​\nparagraphparagraphparagraph\nВнутреннее обновление\nh2h2h2\nВерсия SDK 0.0.2​\nparagraphparagraphparagraph\nВнутреннее обновление\nh2h2h2\nВерсия SDK 0.0.1​\nparagraphparagraphparagraph\nРеализован функционал обновлений"
}