{
    "meta": {
        "language": "ru",
        "parse_date": "2024-07-06T19:57:02.718905",
        "current_url": "https://www.rustore.ru/help/sdk/rustore-geo/search-and-geocoding-services/search-places-of-interest/",
        "doc_section": "sdk",
        "h1_text": "Поиск мест интереса"
    },
    "text": "h1h1h1\nПоиск мест интереса\nparagraphparagraphparagraph\nПоиск интересных мест и достопримечательностей— это сервис, который позволяет осуществлять поиск мест интереса и дополнительной информации о них.\n/places— точка вызова сервиса поиска мест интереса и получения дополнительной информации о них.\nh2h2h2\nЗапрос​\n\nh3h3h3\nОбязательные параметры запроса​\n\n---Table Start---\napi_key | hex-string | Доступ к сервисам .                                                                                                                                                                                                                                                                                                                                                 | api_key=fa749bace6d8a3b1....              \nq       | string     | Тело поискового запроса. В запросе можно использовать один из варинтов для поиска: • координаты в формате lat,lon , где: • lat — широта искомой точки в градусах (используется 6 знаков после запятой); • lon — долгота искомой точки в градусах (используется 6 знаков после запятой); • текстовая строка (может содержать имя искомого места интереса или адрес). | q=rustore.ru q=метро q=55.797041,37.537830\n---Table End---\nh3h3h3\nДополнительные параметры запроса​\n\n---Table Start---\nfields   | fieldname1,fieldname2,....fieldnameN | Выбор полей, отображаемых в ответе. Возможные значения: • name (по умолчанию) — название места интереса; • place_details — детальная информация о месте интереса (на текущий момент не поддерживается); • address_details (по умолчанию) — детальная информация о найденном адресе с почтовым индексом без координат; • address — адрес найденного места интереса одной строкой; • pin (по умолчанию) — координаты найденного объекта (долгота и широта); • bbox — область местонахождения объекта; • geometry — границы объекта; • type — тип объекта. | fields=pin,bbox,name        \ntypes    | string                               | к сведению На текущий момент не поддерживается. Тип объектов, по которым осуществляется поиск. По умолчанию поиск осуществляется по всем типам мест интересов. Справочник постоянно актуализируется. Для получения полного и актуального справочника типов можно воспользоваться сервисом /v3/places/types .                                                                                                                                                                                                                                            | types=hotel,metro           \nlang     | 2-х символьный код языка             | Язык ответа на одном из доступных языков. По умолчанию на языке региона в котором найден объект.                                                                                                                                                                                                                                                                                                                                                                                                                                                        | lang=en                     \nlocation | string                               | Координата, относительно которой будет осуществляться поиск. Координаты в формате lat,lon , где: • lat — широта искомой точки в градусах (используется 6 знаков после запятой); • lon — долгота искомой точки в градусах (используется 6 знаков после запятой). предупреждение Результаты поиска будут отсортированы по расстоянию от указанной координаты.                                                                                                                                                                                             | location=55.796743,37.537354\nradius   | integer                              | Радиус поиска в метрах относительно параметра location . к сведению Параметр location при использовании параметра radius является обязательным. предупреждение В случае использования малого радиуса объект может быть не найден.                                                                                                                                                                                                                                                                                                                       | radius=500                  \nlimit    | integer                              | Ограничение числа объектов в ответе. Поддерживаются значения в интервале от 1 до 100 . По умолчанию: 5 . предупреждение В случае использования больших значений, длительность получения ответа может увеличиться                                                                                                                                                                                                                                                                                                                                        | limit=10                    \nisocode  | 2char                                | Двухбуквенный код страны согласно ISO 3166-1 alpha-2                                                                                                                                                                                                                                                                                                                                                                                                                                                                                                    | isocode=RU                  \n---Table End---\nh2h2h2\nОтвет​\nparagraphparagraphparagraph\nОтвет предоставляется только в JSON-формате и содержит информацию найденную по запросу.\nJSON-формат\n---Table Start---\nrequest         | string | Запрос                                                                   | \"request\" : \"/v3/places?location=55.7967432,37.5373542&api_key=internal_&q=prime&fields=name,place_details,address,address_details,pin,bbox,geometry,type\"                                                                                                                                                                                                                                                                                                                                                                                                                           \nresults         | list   | Найденный результат                                                      | \"results\" : [ { \"address\" : \"Россия, Москва, Северный административный округ, Москва, район Аэропорт, Ленинградский проспект, 72 к4\" , \"address_details\" : { \"building\" : \"72 к4\" , \"country\" : \"Россия\" , \"isocode\" : \"RU\" , \"locality\" : \"Москва\" , \"region\" : \"Москва\" , \"street\" : \"Ленинградский проспект\" , \"subregion\" : \"Северный административный округ\" , \"suburb\" : \"район Аэропорт\" } , \"bbox\" : null , \"geometry\" : { \"coordinates\" : [ 37.519963 , 55.805396 ] , \"type\" : \"Point\" } , \"name\" : \"Прайм\" , \"pin\" : [ 37.519963 , 55.805396 ] , \"type\" : \"food/cafe\" } ] }\naddress         | string | Полный адрес найденного объекта                                          | \"address\" : \"Россия, Москва, Северный административный округ, Москва, Хорошёвский, Ленинградский проспект, 39 с14\"                                                                                                                                                                                                                                                                                                                                                                                                                                                                   \naddress_details | list   | Детальная информация об адресе найденного объекта                        | \"address_details\" : { \"building\" : \"39 с80\" , \"country\" : \"Россия\" , \"isocode\" : \"RU\" , \"locality\" : \"Москва\" , \"postal_code\" : \"125167\" , \"region\" : \"Москва\" , \"street\" : \"Ленинградский проспект\" , \"subregion\" : \"Северный административный округ\" , \"suburb\" : \"Хорошёвский\" }                                                                                                                                                                                                                                                                                                  \npin             | list   | Координаты найденного объекта (долгота и широта)                         | \"pin\" : [ 37.538851 , 55.796731 ]                                                                                                                                                                                                                                                                                                                                                                                                                                                                                                                                                    \nbbox            | list   | Границы местонахождения найденного объекта для позиционирования на карте | \"bbox\" : [ 37.538253 , 55.796405 , 37.539368 , 55.79694 ]                                                                                                                                                                                                                                                                                                                                                                                                                                                                                                                            \ngeometry        | list   | Геометрия найденного объекта объекта                                     | \"geometry\" : { \"coordinates\" : [ 44.795525 , 41.775552 ] , \"type\" : \"Point\" }                                                                                                                                                                                                                                                                                                                                                                                                                                                                                                        \nname            | string | Название найденного объекта                                              | \"name\" : \"метро Аэропорт\"                                                                                                                                                                                                                                                                                                                                                                                                                                                                                                                                                            \ntype            | string | Тип найденного объекта.                                                  | \"type\" : \"public_transport/station_train\"                                                                                                                                                                                                                                                                                                                                                                                                                                                                                                                                            \n---Table End---\n---Table Start---\ncountry     | string | Страна                                               | \"country\": \"Россия\"                           \nisocode     | 2char  | Двухбуквенный код страны согласно ISO 3166-1 alpha-2 | \"isocode\": \"RU\"                               \nregion      | string | Область                                              | \"region\": \"Москва\"                            \nsubregion   | string | Район                                                | \"subregion\": \"Северный административный округ\"\nlocality    | string | Населённый пункт                                     | \"locality\": \"Москва\"                          \nsublocality | string | Микрорайон или название жилого комплекса             | \"sublocality\": \"Аэропорт\"                     \nstreet      | string | Улица                                                | \"street\": \"Проспект Ленинградский\"            \nbuilding    | string | Номер дома, части дома или строения                  | \"building\": \"39 с80\"                          \nsuburb      | string | Район/микрорайон населённого пункта                  | \"suburb\": \"Хорошёвский\"                       \npostal_code | string | Почтовый код                                         | \"postal_code\": \"125167\"                       \n---Table End---\n---Table Start---\ntype        | string | Тип геометрии: • Point — точка; • MultiPoint — несколько точек; • Linestring — линия; • MultiLineString — несколько линий; • Polygon — полигон; • MultiPoligon — несколько полигонов. | \"type\" : \"Polygon\"                                                                                         \ncoordinates | list   | Массив точек (долгота и широта), описывающий геометрию объекта                                                                                                                        | \"coordinates\" : [ [ 100.0 , 0.0 ] , [ 101.0 , 0.0 ] , [ 101.0 , 1.0 ] , [ 100.0 , 1.0 ] , [ 100.0 , 0.0 ] ]\n---Table End---\nh2h2h2\nПример​\n\ncodecodecode\nhttps://geo.rustore.ru/api/places?api_key=<YOUR_API_KEY>&q=prime&fields=name,place_details,address,address_details,pin,bbox,geometry,type&location=55.7967432,37.5373542&limit=1|"
}