{
    "meta": {
        "language": "ru",
        "parse_date": "2024-07-06T19:41:21.763810",
        "current_url": "https://www.rustore.ru/help/legal/privacy-policy-users/",
        "doc_section": "",
        "h1_text": "Политика конфиденциальности RuStore для Пользователей"
    },
    "text": "h1h1h1\nПолитика конфиденциальности RuStore для Пользователей\nparagraphparagraphparagraph\n1. Общие положения\n1.1.      Настоящая Политика конфиденциальности (далее - «Политика») являются неотъемлемой частью Пользовательского соглашения сервиса RuStore и регулирует отношения между ООО «ВК» (ОГРН 1027739850962, Российская Федерация, 125167, г. Москва, Ленинградский проспект д.39, строение 79), именуемым далее «ВК» или «Компания», являющимся правообладателем сервиса RuStore (далее – «RuStore», «Сервис»), доступного в сети Интернет на сайте по адресуhttp://rustore.ru(далее – «Сайт»), а также через мобильное приложение, и Вами (физическим лицом пользователем сети Интернет), далее «Пользователь», по поводу обработки информации о Пользователе, включая его персональные данные, в процессе использования таким лицом Сервиса (далее – «Информация»). Настоящая Политика размещена по адресу:https://rustore.ru/help/legal/privacy-policy-users.\n1.2.      Отношения, связанные с обработкой информации, включая, но не ограничивая сбор, использование, хранение, распространение и защиту информации о Пользователях Сервиса, регулируются настоящей Политикой и иными правилами, размещёнными в рамках Сервиса, а также действующим законодательством Российской Федерации. Перед тем как начать использование Сервиса Компании Пользователь обязан ознакомиться с настоящей Политикой, а также со всеми применимыми правилами.\n1.3.      При регистрации, каждом доступе и/или фактическом использовании Сервиса, Пользователь соглашается с условиями настоящей Политики, а также с условиями соглашений и правил Сервиса, которые размещены на страницах (в разделах) Сервиса, в редакциях, которые действовали на момент фактического использования Сервиса.\n1.4.      При использовании Сервиса и его функциональных возможностей Пользователь выражает своё согласие с условиями настоящей Политики. В случае несогласия Пользователя с условиями настоящей Политики использование Сервиса должно быть немедленно прекращено.\n2. Состав Информации\n2.1.      В таблице ниже подробно изложена Информация, которую Компания собирает и обрабатывает при использовании Пользователем Сервиса, причины, цели обработки Информации и юридические основания:\n---Table Start---\nУчетные данные , а именно: 1) Данные о Пользователе, предоставляемые Пользователем (в том числе путем регистрации/авторизации в Сервис с использованием VK ID) для создания учетной записи в процессе регистрации в Сервисе, включая: номер VK ID, имя, фамилия, номер мобильного телефона, адрес электронной почты. В ходе регистрации Пользователю присваивается внутренний ID-номер, идентифицирующий Пользователя в Сервисе. 2) Данные, дополнительно предоставляемые Пользователем по запросу Компании (сведения, указанные Пользователем в учетной записи, как например, имя и фамилия, адрес электронной почты, номер телефона). 3) Данные, дополнительно предоставляемые Пользователем в процессе использования Сервиса, в том числе маскированный номер банковской карты.                                                                                           | Исполнение соглашения с Пользователем по предоставлению функционала Сервиса, а именно, для управления и администрирования Сервисом, включая предоставление Пользователю доступа к Сервису и функционалу Сервиса, а также осуществление верификации. Компания получает данные от сторонних сервисов в случае авторизации Пользователем в Сервисе с помощью учетных записей в данных сервисах. Компания использует эти данные, чтобы она могла выполнить условия Пользовательского соглашения, в частности, свои обязательства перед Пользователями при использовании ими Сервиса (например, в тех случаях, когда Пользователю необходимо пройти процедуру авторизации в Сервисе). Исполнение соглашения с Пользователем по предоставлению функционала Сервиса, а именно Компания использует эти данные, чтобы проверить его учетную запись и предотвратить злоупотребления и нарушения прав Пользователя или прав других лиц. Например, Компания может использовать эту информацию для подтверждения принадлежности аккаунта Пользователю, если он потерял свои учетные данные и хочет получить доступ к своей учетной записи. Компания вправе, но не обязана, предпринять дополнительные меры проверки, которые Компания сочтет разумными для проверки учетной записи Пользователя. Исполнение соглашения с Пользователем по предоставлению функционала Сервиса, а именно: для информирования Пользователя о способе совершения им оплаты Услуг Разработчика на Сервисе.\nИные данные , а именно: 4) Данные, которые становятся доступными Компании в процессе использования Пользователем Сервиса: данные об устройстве (тип, имя, модель, производитель и пр.), ip-адрес, сведения о браузере Пользователя (в том числе язык интерфейса, размеры экрана и пр.), часовой пояс, геопозиция, язык системы, GAID, сведения об операционной системе (имя ОС, версия ОС), версия Сервиса, тип интернет соединения, название оператора сотовой связи, версия и идентификатор установленных на устройство приложений. 5) информация, автоматически получаемая при доступе к Сервису с использованием cookies. 6) информация об активности Пользователя во время использования Сервиса, в том числе клики и переходы в рамках интерфейса Сервиса. 7) информация, созданная Пользователем на Сервисе вне раздела редактирования профиля Пользователя (отзывы). | Исполнение соглашения с Пользователем по предоставлению функционала Сервиса, а именно, для внутреннего контроля, чтобы постоянно улучшать содержание и работы Сервиса, для управления и администрирования Сервисом, чтобы предотвращать и пресекать любые ошибки, которые могут возникнуть при использовании Сервиса, уведомлять Пользователя об изменениях в Сервисе и персонализировать использование Сервиса, а также для показа рекламы, анализа и оптимизации рекламных кампаний.                                                                                                                                                                                                                                                                                                                                                                                                                                                                                                                                                                                                                                                                                                                                                                                                                                                                                                                                                                                  \n---Table End---"
}