{
    "meta": {
        "language": "ru",
        "parse_date": "2024-07-06T20:06:43.253900",
        "current_url": "https://www.rustore.ru/help/guides/payments/",
        "doc_section": "guides",
        "h1_text": "Работа с платежами в RuStore"
    },
    "text": "h1h1h1\nРабота с платежами в RuStore\nparagraphparagraphparagraph\nВы можете монетизировать своё приложение через покупки в RuStore. Вот 4 варианта, как это сделать:\nПродать приложение на витрине. Создайтеплатное приложение (https://rustore.ru/help/developers/publishing-and-verifying-apps/paid-app/), загрузите его на витрину RuStore и получайте выплаты за скачивания.\nadmonitionadmonitionadmonition\nподсказка\nparagraphparagraphparagraph\nУчитывайте, что продажа приложения на витрине приносит доход только один раз. Если вы хотите регулярно получать выплаты за работу своего приложения, рекомендуем рассмотреть добавление подписок и платных товаров.\nДобавить возобновляемые подписки.Подписки (https://rustore.ru/help/developers/monetization/create-app-subscription/)дают пользователям дополнительные преимущества внутри приложения или игры за фиксированную оплату в месяц.\nДобавить потребляемые товары. Этопокупки (https://rustore.ru/help/developers/monetization/create-paid-product-in-application/), которые можно купить более одного раза, чтобы использовать в приложении. Например, бусты для здоровья, подсказки, кристаллы и монетки в играх.\nДобавить непотребляемые товары (https://rustore.ru/help/developers/monetization/create-paid-product-in-application/). В отличие от потребляемых, их можно купить только один раз и нельзя потратить в приложении или игре. Приобретая такиетовары (https://rustore.ru/help/developers/monetization/create-paid-product-in-application/), пользователь становится их владельцем. Это может быть отключение рекламы, скрытый уровень или премиальная техника в играх.\nparagraphparagraphparagraph\nУчитывайте, что продажа приложения на витрине приносит доход только один раз. Если вы хотите регулярно получать выплаты за работу своего приложения, рекомендуем рассмотреть добавление подписок и платных товаров.\nДобавить возобновляемые подписки.Подписки (https://rustore.ru/help/developers/monetization/create-app-subscription/)дают пользователям дополнительные преимущества внутри приложения или игры за фиксированную оплату в месяц.\nДобавить потребляемые товары. Этопокупки (https://rustore.ru/help/developers/monetization/create-paid-product-in-application/), которые можно купить более одного раза, чтобы использовать в приложении. Например, бусты для здоровья, подсказки, кристаллы и монетки в играх.\nДобавить непотребляемые товары (https://rustore.ru/help/developers/monetization/create-paid-product-in-application/). В отличие от потребляемых, их можно купить только один раз и нельзя потратить в приложении или игре. Приобретая такиетовары (https://rustore.ru/help/developers/monetization/create-paid-product-in-application/), пользователь становится их владельцем. Это может быть отключение рекламы, скрытый уровень или премиальная техника в играх.\nh2h2h2\nС чего начать​\nparagraphparagraphparagraph\nЧтобы начать работу с платежами, заполните заявление на подключение монетизации в соответствии с формой регистрации бизнеса:\nЮрлица (https://rustore.ru/help/developers/monetization/enable-monetization)и ИП, зарегистрированные в РФ.\nИностранные компании (https://rustore.ru/help/developers/monetization/monetization-foreign-company), незарегистрированные в РФ.\nФизические лица со статусомсамозанятых (https://rustore.ru/help/developers/monetization/monetization-self-employed).\nh2h2h2\nЧто дальше​\n\nh3h3h3\n1. Создание платных приложений или продуктов​\nparagraphparagraphparagraph\nДобавьтеприложение для продажина витрине вRuStore Консоль, если вы выбрали этот способ монетизации.\nЕсли вы хотите монетизировать приложение с помощью платных продуктов, создайте товары или подписки, которые будут встроены в ваше приложение, через системуRuStore Консоль.\nadmonitionadmonitionadmonition\nк сведению\nparagraphparagraphparagraph\nВы сможете изменить цену товаров и подписок в любой момент. После сохранения изменений, товары будут сразу продаваться по новой стоимости. В случае с подписками, понижение цены коснётся всех пользователей, в том числе тех, у кого ваша подписка активна, а повышение — только новых приобретателей подписки.\nСм.Как создать платный товар,Как создать подписку\nparagraphparagraphparagraph\nВы сможете изменить цену товаров и подписок в любой момент. После сохранения изменений, товары будут сразу продаваться по новой стоимости. В случае с подписками, понижение цены коснётся всех пользователей, в том числе тех, у кого ваша подписка активна, а повышение — только новых приобретателей подписки.\nСм.Как создать платный товар,Как создать подписку\nh3h3h3\n2. Настройка SDK​\nparagraphparagraphparagraph\nВстройте в своё приложениеRuStore SDK, чтобы покупатели могли приобрести товары или подписки.\nС помощью SDK можно:\nПолучить информацию о созданных через RuStore Консоль продуктах.\nИнициализировать оплату, чтобы пользователи могли купить добавленные вами товары в приложении.\nКонтролировать потребление товаров, чтобы они начислились пользователям без ошибок.\nh3h3h3\n3. Получение уведомлений на сервер​\nparagraphparagraphparagraph\nЧтобы получать уведомления о платежах в приложении в режиме онлайн, настройтеуведомления на сервер. Это упростит работу: вам не понадобится регулярно запрашивать статус платежа — RuStore сам пришлёт уведомления при любом изменении статуса платежа.\nh3h3h3\n4. Подключение API​\nparagraphparagraphparagraph\nИспользование API обезопасит ваше приложение. Его не смогут взломать, чтобы получить товары и подписки бесплатно.\nЧтобы работать с RuStore APIпройдите авторизациюиполучите JWE-токен.\nИспользуйте методы API для:\nПолучения данных платежа (https://rustore.ru/help/work-with-rustore-api/api-subscription-payment/api-token-payment-method/), чтобы следить за покупками приложений, платных товаров и платежами подписок.\nПолучения данных подписки. Вы можете использоватьметод (https://rustore.ru/help/work-with-rustore-api/api-subscription-payment/api-token-subscription-method/), в структуре кторого подробно указаны сроки действия подписки, статусы подписки, например, активна она или приостановлена. Другой метод (https://rustore.ru/help/work-with-rustore-api/api-subscription-payment/api-token-subscription-method/)получения данных подписки (https://rustore.ru/help/work-with-rustore-api/api-subscription-payment/api-id-payment-method-v3/)подойдёт разработчикам, которые уже используют похожие инструменты.\nПолучения статуса подписки (https://rustore.ru/help/work-with-rustore-api/api-subscription-payment/api-token-substatus-method/), если не хотите отслеживать остальные параметры.\nh3h3h3\n5. Тестирование платежей​\nparagraphparagraphparagraph\nПроверьте интеграцию SDK и API с помощьютестовых платежей. Процесс покупки в тестовом режиме повторяет обычный платёж, но с использованием тестовых банковских карт.\nh2h2h2\nУправление платежами​\nparagraphparagraphparagraph\nКак только у вас появятся первые платежи, вы можете управлять ими в системеRuStore Консоль.\nКак управлять платежами (https://rustore.ru/help/developers/monetization/manage-payments)\nКак найти платёж (https://rustore.ru/help/developers/monetization/manage-payments#%D0%BF%D0%BE%D0%B8%D1%81%D0%BA-%D0%BF%D0%BB%D0%B0%D1%82%D0%B5%D0%B6%D0%B0)\nКак вернуть платёж (https://rustore.ru/help/developers/monetization/manage-payments#%D0%B2%D0%BE%D0%B7%D0%B2%D1%80%D0%B0%D1%82-%D0%BF%D0%BB%D0%B0%D1%82%D0%B5%D0%B6%D0%B0)\nКак смотреть статистику по платежам (https://rustore.ru/help/developers/developer-statistics/monetization-stat/)\nКак получить отчёт по монетизации (https://rustore.ru/help/developers/monetization/monetization-report)"
}