{
    "meta": {
        "language": "ru",
        "parse_date": "2024-07-06T19:33:23.664861",
        "current_url": "https://www.rustore.ru/help/users/app-management/update-app-from-rustore/",
        "doc_section": "users",
        "h1_text": "Как обновить приложения в RuStore"
    },
    "text": "h1h1h1\nКак обновить приложения в RuStore\nparagraphparagraphparagraph\nВы можете обновить любое установленное на устройстве приложение, для которого в RuStore доступна более новая версия. Для этого необязательно авторизовываться в RuStore.\nadmonitionadmonitionadmonition\nпримечание\nparagraphparagraphparagraph\nПолный список доступных к обновлению приложений доступен дляавторизованных (https://rustore.ru/help/users/authorization/login-vk-id)пользователей в разделе «Моё».\nОткройте приложение RuStore.\nВ нижнем меню выберите «Моё».\n(Опционально) Нажмите «Обновить всё», если хотите обновить все доступные для обновления приложения.\nПерейдите в раздел «Все приложения» и выберите «На этом устройстве».\nВыберите приложение из списка и нажмите «Обновить».\nparagraphparagraphparagraph\nПолный список доступных к обновлению приложений доступен дляавторизованных (https://rustore.ru/help/users/authorization/login-vk-id)пользователей в разделе «Моё».\nОткройте приложение RuStore.\nВ нижнем меню выберите «Моё».\n(Опционально) Нажмите «Обновить всё», если хотите обновить все доступные для обновления приложения.\nПерейдите в раздел «Все приложения» и выберите «На этом устройстве».\nВыберите приложение из списка и нажмите «Обновить».\nadmonitionadmonitionadmonition\nк сведению\nparagraphparagraphparagraph\nСбой обновления приложения через RuStore (https://rustore.ru/help/users/app-management/update-failure)\nparagraphparagraphparagraph\nСбой обновления приложения через RuStore (https://rustore.ru/help/users/app-management/update-failure)"
}