{
    "meta": {
        "language": "ru",
        "parse_date": "2024-07-06T20:00:28.135223",
        "current_url": "https://www.rustore.ru/help/sdk/rustore-geo/maps-mobile-sdk/mobile-sdk-ios/",
        "doc_section": "sdk",
        "h1_text": "iOS"
    },
    "text": "h1h1h1\niOS\nparagraphparagraphparagraph\nMaps SDK позволяет добавить карту в ваше iOS приложение.\nДля подключения Maps SDK вы можете использовать Swift Package Manager.\nh2h2h2\nУстановка с помощью Swift Package Manager​\nparagraphparagraphparagraph\nMaps SDK доступен в виде пакета для Swift Package Manager (SPM). SPM — это менеджер зависимостей, он интегрирован в систему сборки Swift и автоматизирует процесс загрузки, компиляции и линковки зависимостей. Для установки пакета выполните следующие действия.\nОткройте проект в Xcode.\nНажмитеFile→Add Packages.\nadmonitionadmonitionadmonition\nк сведению\nparagraphparagraphparagraph\nТакже вы можете выбрать файл проекта на панелиProject Navigator, перейти к настройкам проекта, далее выбрать вкладкуPackage Dependenciesи нажать кнопкуAdd Package Dependency.\nВ появившемся окне введите адрес репозитория:https://github.com/geors/maps-sdk-ios.\nparagraphparagraphparagraph\nТакже вы можете выбрать файл проекта на панелиProject Navigator, перейти к настройкам проекта, далее выбрать вкладкуPackage Dependenciesи нажать кнопкуAdd Package Dependency.\nВ появившемся окне введите адрес репозитория:https://github.com/geors/maps-sdk-ios.\nh2h2h2\nИнтеграция карт в приложение​\nparagraphparagraphparagraph\nИмпортируйте Maps SDK в файл, в котором вы будете использовать карту.\ncodecodecode\nimportMapsSDK\nparagraphparagraphparagraph\nСоздайте объект типаMapView.\nСконфигурируйте карту.\nУкажите делегат карты.\nh2h2h2\nСоздание объектаMapView​\n\ncodecodecode\nletmapView=MapView()\nh3h3h3\nКонфигурация объектаMapView​\nparagraphparagraphparagraph\nДля конфигурации необходимо создать объект типаMapViewConfig, содержащий следующие сведения:\nAPI-ключ (https://platform.vk.com/docs/vkmaps/general-information/api-key)для работы с SDK;\nкоординаты центра карты;\nначальный уровень zoom;\nстиль тайлов.\nh3h3h3\nПример настройки и установки конфигурации​\n\ncodecodecode\nletmapConfig=MapViewConfig(apiKey:\"##API_KEY##\",center:Coordinates(lng:33,lat:55),zoomLevel:11,style:.automatic)mapView.setup(mapConfig)\nparagraphparagraphparagraph\n.automatic— автоматический выбор стиля в зависимости от isDriveMode и текущей цветовой схемы устройства;\n.main— базовый стиль;\n.light— светлый стиль;\n.dark— темный стиль;\n.navMain— базовый стиль для навигации с акцентом на дороги;\n.navDark— темный стиль для навигации с акцентом на дороги.\nh3h3h3\nУказание делегата карты​\nparagraphparagraphparagraph\nДелегат должен реализовывать требования протоколаMapViewDelegate. Он будет использоваться для обработки оповещений от карты о различных событиях, таких как:\nкарта была загружена;\nбыло получено событие, иницированное пользователем (например касание);\nбыло получено событие, инициированное элементами управления картой и т. д.\nh3h3h3\nПример интеграции карты в приложение​\n\ncodecodecode\nimportMapsSDK...override funcviewDidLoad(){letmapView=MapView()letmapConfig=MapViewConfig(apiKey:\"##API_KEY##\",center:Coordinates(lng:33,lat:55),zoomLevel:11,style:.automatic)mapView.setup(mapConfig)mapView.delegate=selfview.addSubview(mapView)}\nh3h3h3\nИспользование и управление картой​\nparagraphparagraphparagraph\nУстановка текущих параметров пользователя\nМетодsetCurrentLocationустанавливает:\nтекущие координаты пользователя;\nнаправление, в котором смотрит или движется пользователь (bearing);\nточность позиции пользователя в метрах (accuracy);\nуровень зума (zoom). Данный аргумент является необязательным.\nh3h3h3\nУстановка текущей координаты и направления пользователя​\n\ncodecodecode\n// без установки зумаmapView.setCurrentLocation(Coordinates(lng:33,lat:55),bearing:0,accuracy:0)// с установкой зумаmapView.setCurrentLocation(Coordinates(lng:33,lat:55),bearing:0,accuracy:0,zoom:10)\nh2h2h2\nУправление камерой​\nparagraphparagraphparagraph\nДля управления камерой используется методflyTo, а такжеsetBearingиsetZoom.\nh3h3h3\nМетодflyTo​\nparagraphparagraphparagraph\nПозволяет изменить координаты центра карты. За анимацию изменений отвечает аргументanimated, а за длительность —duration.\ncodecodecode\n// без указания длительности анимацииmapView.flyTo(Coordinates(lng:33,lat:55),animated:true)// с указание длительности анимацииmapView.flyTo(Coordinates(lng:33,lat:55),animated:true,duration:2)\nparagraphparagraphparagraph\nазимут (bearing) — угол поворота карты;\nзум (zoom) — уровень зума карты;\nотступы (padding) — отступы с каждой стороны окна для смещения центральной точки вьюпорта;\nкривую движения камеры (curve) — коэфициент для определения траектории движения камеры;\nфлаг сброса режима следования (resetFollowMode) см. разделУстановка режимов следования (https://rustore.ru/help#%D1%83%D1%81%D1%82%D0%B0%D0%BD%D0%BE%D0%B2%D0%BA%D0%B0-%D1%80%D0%B5%D0%B6%D0%B8%D0%BC%D0%BE%D0%B2-%D1%81%D0%BB%D0%B5%D0%B4%D0%BE%D0%B2%D0%B0%D0%BD%D0%B8%D1%8F-followlocation-followbearingandlocation-free).\ncodecodecode\nletoptions=MapCameraOptions(bearing:180,zoom:12,padding:UIEdgeInsets.init(top:20,left:20,bottom:150,right:20),curve:1.42,resetFollowMode:false)mapView.flyTo(Coordinates(lng:33,lat:55),options:options,animated:true)\nh2h2h2\nУстановка направления карты​\nparagraphparagraphparagraph\nМетодsetBearingустанавливает направление карты и является облегченной версией методаflyTo.\ncodecodecode\nmapView.setBearing(90,animated:true)\nh3h3h3\nФиксация севера карты сверху​\nparagraphparagraphparagraph\nСвойствоisNorthAlwaysUpзапрещает вращать карту любым способом, если установлено вtrue. Север будет всегда сверху карты. По умолчаниюfalse.\ncodecodecode\nmapView.isNorthAlwaysUp=true\nh3h3h3\nСкрытие маркера текущей локации​\nparagraphparagraphparagraph\nСвойствоisCurrentLocationHiddenпозволяет скрывать маркер текущей локации, когда она определена. По умолчаниюfalse.\ncodecodecode\nmapView.isCurrentLocationHidden=true\nh3h3h3\nУстановка уровня зума​\nparagraphparagraphparagraph\nМетодsetZoomустанавливает зум карты и является облегченной версией методаflyTo.\ncodecodecode\nmapView.setZoom(11,animated:true)\nh3h3h3\nУстановка режимов следования (followLocation,followBearingAndLocation,free)​\n\ncodecodecode\nmapView.mode=.followLocation\ncodecodecode\nmapView.fitBounds(northWest:coords1,southEast:coords2,animated:true)\nh3h3h3\nДополнительные возможности карты​\nparagraphparagraphparagraph\nУстановка минимального и максимального уровня зума\ncodecodecode\nmapView.setMinZoom(10,maxZoom:15)\ncodecodecode\nmapView.isZoomButtonsHidden=truemapView.isCompassHidden=truemapView.isMyLocationButtonHidden=true\ncodecodecode\nmapView.isDragPanEnabled=truemapView.isZoomRotateEnabled=true\ncodecodecode\nmapView.logoAlignment=.bottomRightmapView.logoIgnoresSafeArea=falsemapView.logoInsets=.zero\nh2h2h2\nМаркеры​\nparagraphparagraphparagraph\nДля создания маркеров используется структураMarker. В инициализатор передаются уникальный идентификатор маркера, координату и картинку, а также, опционально, выравнивание. Для картинки рекомендуется использовать изображение размером 48х48 пикселей. Можно использовать набор из предоставляемых картинок или использовать свою собственную.\nh3h3h3\nДобавление отдельных маркеров​\n\ncodecodecode\nletmarker1=Marker(id:\"marker_id_1\",coords:Coordinates(lng:33,lat:55),pin:.electricPin)letmarker2=Marker(id:\"marker_id_2\",coords:Coordinates(lng:33,lat:55),pin:.electricInfo,alignment:.bottomLeft)\ncodecodecode\nletmarkerImage=UIImage(...)letmarker3=Marker(id:\"marker_id_3\",coords:Coordinates(lng:33,lat:55),pin:.custom(markerImage),alignment:.center)\ncodecodecode\n// Выравнивание по центру нижней граниletmarker4=Marker(id:\"marker_id_4\",coords:Coordinates(lng:33,lat:55),pin:.electricPhoto,alignment:.bottom)// Выравнивание со смещением// Смещение высчитывается относительно центра маркераletmarker5=Marker(id:\"marker_id_5\",coords:Coordinates(lng:33,lat:55),pin:.electricStar,alignment:.center(offsetByX:10,byY:-10))\nh3h3h3\nДобавление маркеров по одному​\n\ncodecodecode\nmapView.addMarker(marker1)mapView.addMarker(marker2)\nh3h3h3\nДобавление маркеров массивом​\n\ncodecodecode\nmapView.addMarkers([marker1,marker2])\nh3h3h3\nУдаление отдельного маркера с указанием его идентификатора​\n\ncodecodecode\nmapView.removeMarker(id:\"marker_id_1\")\nh3h3h3\nУдаление всех маркеров​\n\ncodecodecode\nmapView.removeAllMarkers()\nh3h3h3\nОтслеживание события нажатия на маркер​\n\ncodecodecode\nfuncMapDelegate:MapViewDelegate{funcmapView(_map:MapView,didSelectMarkerID markerid:String){// ...// markerID * ID выбранного маркера// ...}}\ncodecodecode\nfuncMapDelegate:MapViewDelegate{funcmapView(_map:MapView,didReceiveEvent event:String){// ...// Для события нажатия на маркер// event.type = .clickOnMarker// ...}}\nh2h2h2\nКластеризация​\nparagraphparagraphparagraph\nМаркеры можно объединять в кластеры. Кластеризация создает новый источник данных на карте. Вы можете указать радиус кластеров в метрах, цвет текста и фона.\ncodecodecode\nfuncmapViewDidLoad(_mapView:MapView){letmarkers:[Marker]=...mapView.addCluster(markers,id:\"clusterId\",radius:50,textColor:.white,backgroundColor:.blue)}\ncodecodecode\nmapView.removeCluster(id:\"clusterId\")\nh2h2h2\nПопапы​\nparagraphparagraphparagraph\nДля показа попапа на карте нужно указать идентификатор маркера, для которого он будет отображен, а также текст внутри попапа.\ncodecodecode\nmapView.displayPopup(markerId:\"marker_id_1\",content:\"Hello world\")\ncodecodecode\nmapView.hidePopup(markerId:\"marker_id_1\")\ncodecodecode\nextensionMyController:MapViewDelegate{funcmapView(_mapView:MapView,didSelectMarkerID id:String){mapView.displayPopup(id:id,content:\"Hello world\")}}\nh2h2h2\nСтили​\nparagraphparagraphparagraph\nКарта поддерживает смену стилей. Стиль.automaticозначает, что карта будет автоматически менять светлый и темный стили в зависимости от настройки системной темы интерфейса.\ncodecodecode\nmapView.changeStyle(.automatic)mapView.changeStyle(.dark)\nh3h3h3\nGeoJSON​\nparagraphparagraphparagraph\nКарта поддерживает отрисовку полигонов и линий из GeoJSON источника.\nh3h3h3\nДобавление источника данных и отрисовка слоёв​\n\ncodecodecode\nletsourceData=Data(...)letsource=MapDataSource(id:\"sourceID\",type:.geoJSON(sourceData))mapView.addSource(source)letfillLayer=MapLayer(id:\"fillLayer\",sourceid:\"sourceID\",paint:FillPaintProperties(fillColor:.iuColor(.green),fillOpacity:.value(0.3)))letstrokeLayer=MapLayer(id:\"strokeLayer\",sourceid:\"sourceID\",paint:LinePaintProperties())mapView.addLayer(fillLayer)mapView.addLayer(strokeLayer)\ncodecodecode\nmapView.removeLayer(\"fillLayer\")mapView.removeLayer(\"strokeLayer\")mapView.removeSource(\"sourceID\"))\ncodecodecode\nletrouteSource=MapDataSource(id:\"routeSourceID\",type:.encodedString(encodedRoute))mapView.addSource(routeSource)letrouteLayer=MapLayer(id:\"routeLineLayer\",sourceid:\"routeSourceID\",paint:LinePaintProperties(lineColor:.iuColor(.red),lineWidth:2))mapView.addLayer(routeLayer)\ncodecodecode\nletencodedRoute:String=...letrouteSourceID=\"route\"letrouteSource=MapDataSource(id:routeSourceID,type:.encodedString(encodedRoute),lineMetrics:true)letgradient=LineGradient(stops:[LineGradientStop(offset:0,color:\"#0000FF\"),LineGradientStop(offset:0.1,color:\"royalblue\"),LineGradientStop(offset:0.3,color:\"cyan\"),LineGradientStop(offset:0.5,color:\"lime\"),LineGradientStop(offset:0.7,color:\"yellow\"),LineGradientStop(offset:1,color:\"#FF0000\")])letrouteLayer=MapLayer(id:\"routeLineLayer\",sourceid:routeSourceID,paint:LinePaintProperties(lineColor:.iuColor(.green),lineWidth:6,lineGradient:gradient))mapView.addSourcesAndLayers(sources:[routeSource],layers:[routeLayer])\ncodecodecode\nmapView.addCircleSource(center:coords,radius:500,steps:32,id:sourceID)\ncodecodecode\nmapView.addSourcesAndLayers(sources:[source,routeSource],layers:[fillLayer,strokeLayer,routeLayer])\nh2h2h2\nПробки и изолинии​\nparagraphparagraphparagraph\nКарта может показывать пробки на дорогах, линии метро и уровни высот (изолинии). Для включения воспользуйтесь методомsetLayoutVisible.\ncodecodecode\nmapView.setLayoutVisible(true,layout:.traffic)mapView.setLayoutVisible(true,layout:.isolines)mapView.setLayoutVisible(true,layout:.isolinesLabel)mapView.setLayoutVisible(true,layout:.subway)\nh2h2h2\nОбработка ошибок​\nparagraphparagraphparagraph\nДля обработки ошибок используется методmapView(_:, didFailWithError:)делегатаMapViewDelegate.\ncodecodecode\nextensionMyController:MapViewDelegate{funcmapView(_mapView:MapView,didFailWithError error:Error){print(\"Did fail with error: (error.localizedDescription)\")}}\nh2h2h2\nГеокодирование​\nparagraphparagraphparagraph\nGeocoder — компонент Maps SDK для прямого и обратного геокодирования. Для инициализации необходимAPI_KEY.\nh2h2h2\nПример прямого геокодирования​\n\ncodecodecode\nletgeocoder=Geocoder(apiKey:\"your apiKey\")geocoder.geocode(query:\"Ленинградский проспект 39с79\",lang:\"ru\",location:Coordinates(lng:37.537892,lat:55.796926)){resultinswitchresult{caselet.success(response):print(response)caselet.failure(error):print(error.localizedDescription)}}\nh2h2h2\nSwiftUI​\nparagraphparagraphparagraph\nДля использования карты вSwiftUIпредусмотрен компонентMap.\nh2h2h2\nПример использования в SwiftUI​\n\ncodecodecode\nimportSwiftUIimportMapsSDKclassStateObject:ObservableObject{letmapConfig=MapViewConfig(apiKey:apiKey,center:Coordinates(lng:37.537892,lat:55.796926)zoomLevel:15,style:.automatic)letmapView=MapView()}extensionStateObject:MapViewDelegate{// методы делегата}structContentView:View{@StateObjectprivatevarstate=StateObject()varbody:someView{Map(config:state.mapConfig,view:state.mapView,delegate:state)}}\nh2h2h2\nОграничения​\nparagraphparagraphparagraph\nMaps SDK может быть интегрирован в приложения с поддержкой iOS 12.4 и более поздних версий.\nНачиная с iPadOS 13 у пользователей появилась возможность использовать многооконный режим. Maps SDK не был оптимизирован для работы в этом режиме.\nВы можете с легкостью интегрировать Maps SDK в приложения, основанные на фреймворках UIKit или SwiftUI."
}