{
    "meta": {
        "language": "ru",
        "parse_date": "2024-07-06T19:27:41.280854",
        "current_url": "https://www.rustore.ru/help/sdk/",
        "doc_section": "sdk",
        "h1_text": "Список доступных SDK для разработчиков"
    },
    "text": "h1h1h1\nСписок доступных SDK для разработчиков\n\n---Table Start---\nПлатежи in-app и подписки      | ✔ Документация | ✔ SDK | ✔ SDK | ✔ SDK | ✔ SDK | ✔ SDK | ✖    \nПодключение push-уведомлений   | ✔ Документация | ✔ SDK | ✔ SDK | ✔ SDK | ✔ SDK | ✔ SDK | ✔ SDK\nУниверсальные push-уведомления | ✔ Документация | ✔ SDK | ✔ SDK | ✖     | ✖     | ✖     | ✖    \nПодключение отзывов и оценок   | ✔ Документация | ✔ SDK | ✔ SDK | ✔ SDK | ✔ SDK | ✔ SDK | ✖    \nОбновление приложения          | ✔ Документация | ✔ SDK | ✔ SDK | ✔ SDK | ✔ SDK | ✔ SDK | ✔ SDK\nRemote Config                  | ✔ Документация | ✔ SDK | ✔ SDK | ✔ SDK | ✖     | ✔ SDK | ✔ SDK\nInstall Referrer               | ✔ Документация | ✖     | ✖     | ✖     | ✖     | ✖     | ✖    \n---Table End---\nh1h1h1\nСписок доступных примеров использования SDK\n\n---Table Start---\nПлатежи in-app и подписки      | ✔ Пример | ✔ Пример | ✔ Пример | ✔ Пример | ✔ Пример | ✔ Пример | ✔ Пример | ✖       \nПодключение push-уведомлений   | ✔ Пример | ✔ Пример | ✔ Пример | ✔ Пример | ✔ Пример | ✔ Пример | ✔ Пример | ✔ Пример\nУниверсальные push-уведомления | ✔ Пример | ✔ Пример | ✖        | ✖        | ✖        | ✖        | ✖        | ✖       \nПодключение отзывов и оценок   | ✔ Пример | ✔ Пример | ✔ Пример | ✔ Пример | ✔ Пример | ✔ Пример | ✔ Пример | ✖       \nОбновление приложения          | ✔ Пример | ✔ Пример | ✔ Пример | ✔ Пример | ✔ Пример | ✔ Пример | ✔ Пример | ✔ Пример\nRemote Config                  | ✔ Пример | ✖        | ✔ Пример | ✔ Пример | ✔ Пример | ✖        | ✔ Пример | ✔ Пример\nInstall Referrer               | ✖        | ✖        | ✖        | ✖        | ✖        | ✖        | ✖        | ✖       \n---Table End---"
}