{
    "meta": {
        "language": "ru",
        "parse_date": "2024-07-06T20:00:37.143321",
        "current_url": "https://www.rustore.ru/help/sdk/rustore-geo/additional-services/main/",
        "doc_section": "sdk",
        "h1_text": "Список дополнительных сервисов"
    },
    "text": "h1h1h1\nСписок дополнительных сервисов\nparagraphparagraphparagraph\nНа странице собраны дополнительные сервисы, которые необходимы для получения дополнительной нестандартной информации.\n---Table Start---\n/elevation | Определение высоты в точке или профиля высот по маршруту.                                                                        \n/ip2geo    | Определение местоположения по IP-адресу.                                                                                         \n/timezone  | Определение часового пояса в любой точке земли, а также смещения времени относительно UTC.                                       \n/postcode  | Определение почтового индекса по адресу и адресов, использующих индекс. Для России доступен поиск почтового отделения по индексу.\n---Table End---"
}