{
    "meta": {
        "language": "ru",
        "parse_date": "2024-07-06T19:35:11.183706",
        "current_url": "https://www.rustore.ru/help/developers/monetization/monetization-self-employed/",
        "doc_section": "developers",
        "h1_text": "Подключение монетизации для самозанятых: руководство от RuStore"
    },
    "text": "h1h1h1\nПодключение монетизации для самозанятых: руководство от RuStore\nparagraphparagraphparagraph\nФизические лица могут подключить монетизацию, если у них есть статус самозанятых. Если статуса нет — его можно оформить при настройке монетизации в RuStore.\nh2h2h2\nКто может подключить монетизацию​\nparagraphparagraphparagraph\nПодключить и настроить монетизацию может только владелец приложения.\nh2h2h2\nКак настроить монетизацию​\nparagraphparagraphparagraph\nНастройка монетизации делится на два этапа: подключение «VK Pay Самозанятые» и добавление карты для выплат.\nh3h3h3\nПодключение «VK Pay Самозанятые»​\nparagraphparagraphparagraph\nОткройте раздел Монетизация на странице разработчика и нажмите «Подключить монетизацию».\nadmonitionadmonitionadmonition\nк сведению\nparagraphparagraphparagraph\nПодключить монетизацию также можно из карточки приложения со страниц Подписки или Разовые покупки в разделе Монетизация.\nВ блоке «VK Pay Самозанятые» нажмите «Подключить».\nУкажите ИНН, ФИО и согласитесь с офертой.\nНажмите кнопку «Привязать».\nНажмите кнопку «Перейти в Мой налог».\nНайдите VK Pay в списке партнеров и нажмите на него.\nИзучите список базовых разрешений и нажмите кнопку «Подтвердить».\nГотово — вы подключили VK Pay для самозанятых.\nНажмите кнопку «Перейти в Мой налог».\nАвторизуйтесь через приложение «Госуслуги».\nНа странице с разрешением прав доступа нажмите кнопку «Предоставить».\nВернитесь в RuStore.\nУкажите данные для постановки на налоговый учет.\nВернитесь в приложение «Мой налог».\nНайдите VK Pay в списке партнеров и нажмите на него.\nИзучите список базовых разрешений и нажмите кнопку «Подтвердить».\nГотово — вы подключили VK Pay для самозанятых.\nparagraphparagraphparagraph\nПодключить монетизацию также можно из карточки приложения со страниц Подписки или Разовые покупки в разделе Монетизация.\nВ блоке «VK Pay Самозанятые» нажмите «Подключить».\nУкажите ИНН, ФИО и согласитесь с офертой.\nНажмите кнопку «Привязать».\nНажмите кнопку «Перейти в Мой налог».\nНайдите VK Pay в списке партнеров и нажмите на него.\nИзучите список базовых разрешений и нажмите кнопку «Подтвердить».\nГотово — вы подключили VK Pay для самозанятых.\nНажмите кнопку «Перейти в Мой налог».\nАвторизуйтесь через приложение «Госуслуги».\nНа странице с разрешением прав доступа нажмите кнопку «Предоставить».\nВернитесь в RuStore.\nУкажите данные для постановки на налоговый учет.\nВернитесь в приложение «Мой налог».\nНайдите VK Pay в списке партнеров и нажмите на него.\nИзучите список базовых разрешений и нажмите кнопку «Подтвердить».\nГотово — вы подключили VK Pay для самозанятых.\nadmonitionadmonitionadmonition\nк сведению\nparagraphparagraphparagraph\nЕсли у вас возникли проблемы с постановкой на налоговый учет, обратитесь в поддержку приложения «Мой налог».\nparagraphparagraphparagraph\nЕсли у вас возникли проблемы с постановкой на налоговый учет, обратитесь в поддержку приложения «Мой налог».\nh3h3h3\nДобавление карты​\nparagraphparagraphparagraph\nИзучите условия подключения монетизации и нажмите кнопку «Согласиться с условиями».\nНажмите кнопку «Добавить карту».\nУкажите данные карты и нажмите кнопку «Оплатить 1.00 RUB».\nadmonitionadmonitionadmonition\nк сведению\nparagraphparagraphparagraph\nСписание нужно, чтобы убедиться, что карта принадлежит вам. Списанная сумма вернется на счет.\n\nparagraphparagraphparagraph\nСписание нужно, чтобы убедиться, что карта принадлежит вам. Списанная сумма вернется на счет.\n\nadmonitionadmonitionadmonition\nподсказка\nparagraphparagraphparagraph\nЕсли возникла ошибка (например, на карте нет средств), вы можете повторить попытку с этой же картой или привязать новую. Заменить привязанную карту, если она станет неактивной (например, истечет срок действия), можно в Консоли RuStore.\nparagraphparagraphparagraph\nЕсли возникла ошибка (например, на карте нет средств), вы можете повторить попытку с этой же картой или привязать новую. Заменить привязанную карту, если она станет неактивной (например, истечет срок действия), можно в Консоли RuStore.\nh2h2h2\nПорядок выплат​\nparagraphparagraphparagraph\nВыплаты на привязанную карту происходят раз в месяц при достижении минимального порога в 5 000 рублей (с момента начала платежей или с месяца предыдущей выплаты).\nRuStore также оставляет за собой право на отложенную выплату за первый отчетный период, в котором ваш доход составил более 5 000 рублей.\nh2h2h2\nЧто делать, если не получил выплаты​\nparagraphparagraphparagraph\nСамозанятый не получит выплаты в следующих ситуациях:\nНе согласился с условиями получения выплат.\nЗаблокировал подключенную для выплат карту.\nПревысил годовой лимит для самозанятых в 2,4 миллиона рублей."
}