{
    "meta": {
        "language": "ru",
        "parse_date": "2024-07-06T19:31:04.264794",
        "current_url": "https://www.rustore.ru/help/users/authorization/login-yandex-id/",
        "doc_section": "users",
        "h1_text": "Как авторизоваться в RuStore через Яндекс"
    },
    "text": "h1h1h1\nКак авторизоваться в RuStore через Яндекс\nparagraphparagraphparagraph\nВы можете авторизоваться в RuStore через Яндекс:\nНажмитена домашнем экране вашего устройства.\nНажмите «Войти».\nНажмите, чтобы авторизоваться через приложение Яндекс.\nНажмите «Войти как».\nПроверьте актуальность номера телефона.\nНажмите «Подтвердить».\nВведите код.\nНажмите «Продолжить».\nВведите пароль от своего VK ID.\nНажмите «Продолжить как»."
}