{
    "meta": {
        "language": "ru",
        "parse_date": "2024-07-06T19:30:19.106220",
        "current_url": "https://www.rustore.ru/help/users/start/change-theme/",
        "doc_section": "users",
        "h1_text": "Как легко изменить тему в приложении RuStore"
    },
    "text": "h1h1h1\nКак легко изменить тему в приложении RuStore\nparagraphparagraphparagraph\nВ приложении RuStore доступны следующие темы оформления:\nСветлая\nТёмная\nРозовая\nКак в системе\nОткройте приложение RuStore.\nНажмитев нижнем меню.\nВыберите пункт «Тема».\nВыберите вариант оформления.\nНажмите кнопку «Применить».\nКак обновить RuStore (https://rustore.ru/help/users/start/update-rustore-app)\nКак настроить родительский контроль в RuStore (https://rustore.ru/help/users/start/change-theme)\nКак настроить уведомления в RuStore (https://rustore.ru/help/users/start/notification)"
}