{
    "meta": {
        "language": "ru",
        "parse_date": "2024-07-06T19:39:21.025563",
        "current_url": "https://www.rustore.ru/help/developers/tools/app-tracer/android/start/quick-start/",
        "doc_section": "developers",
        "h1_text": "Быстрый старт с Tracer: регистрация, подключение и помощь"
    },
    "text": "h1h1h1\nБыстрый старт с Tracer: регистрация, подключение и помощь\n\nh2h2h2\nРегистрация и настройка​\nparagraphparagraphparagraph\nДля начала процедуры выполните следующие дейсвтия.\nЗайти в учётную запись Tracer.\nСоздайте или вступите в организацию.\nДобавить андроид проект (нужно быть администратором или владельцем организации).\nh2h2h2\nПодключение зависимостей на трейсер к проекту​\nparagraphparagraphparagraph\nВ вашем<project>/settings.gradle.\ncodecodecode\npluginManagement{repositories{maven{url'https://artifactory-external.vkpartner.ru/artifactory/maven/'}}}dependencyResolutionManagement{repositories{maven{url'https://artifactory-external.vkpartner.ru/artifactory/maven/'}}}\ncodecodecode\nplugins{id'ru.ok.tracer'version'0.2.7'}tracer{defaultConfig{// См. в разделе \"Настройки\"pluginToken=\"PLUGIN_TOKEN\"appToken=\"APP_TOKEN\"// Включает загрузку маппингов для билда. По умолчанию включенаuploadMapping=true}// Также можно задавать конфигурацию для каждого flavor, buildType, buildVariant.// Конфигурации наследуют defaultConfig.debug{// Параметры...}demoDebug{// Параметры...}}dependencies{// Плагины независимы друг от друга. Можно подключать только те,// которые необходимы в данный момент.// Сбор и анализ крешей и ANRimplementation\"ru.ok.tracer:tracer-crash-report:0.2.7\"// Сбор и анализ нативных крешейimplementation\"ru.ok.tracer:tracer-crash-report-native:0.2.7\"// Сбор и анализ хипдапмов при OOMimplementation\"ru.ok.tracer:tracer-heap-dumps:0.2.7\"// Анализ потребления дискового места на устройствеimplementation\"ru.ok.tracer:tracer-disk-usage:0.2.7\"// Семплирующий профайлерimplementation\"ru.ok.tracer:tracer-profiler-sampling:0.2.7\"// Систрейсimplementation\"ru.ok.tracer:tracer-profiler-systrace:0.2.7\"}\nh2h2h2\nВключение плагинов трейсера и их конфигурация в проекте​\nparagraphparagraphparagraph\nВ вашемApplication.ktреализуйте интерфейсHasTracerConfiguration(см. ниже).\ncodecodecode\nclassMyApplication:Application(),HasTracerConfiguration{override val tracerConfiguration:List<TracerConfiguration>get()=listOf(CoreTracerConfiguration.build{// опции ядра трейсера},CrashReportConfiguration.build{// опции сборщика крэшей},CrashFreeConfiguration.build{// опции подсчета crash free},HeapDumpConfiguration.build{// опции сборщика хипдампов при ООМ},DiskUsageConfiguration.build{// опции анализатора дискового пространства},SystraceProfilerConfiguration.build{// опции systrace-профайлера в продакшене},SamplingProfilerConfiguration.build{// опции семплирующего профайлера},)}\nparagraphparagraphparagraph\nCoreTracerConfiguration—смотрите ниже (https://rustore.ru/help#%D0%BE%D0%BF%D0%B8%D1%81%D0%B0%D0%BD%D0%B8%D0%B5-coretracerconfiguration)на этой странице.\nCrashReportConfigurationиCrashFreeConfiguration— на страницеCrash и ANR (https://rustore.ru/help/developers/tools/app-tracer/android/modules/crash-anr).\nHeapDumpConfiguration— на страницеHeap Dumps (https://rustore.ru/help/developers/tools/app-tracer/android/modules/heap-dumps).\nDiskUsageConfiguration— на страницеDisk Usage (https://rustore.ru/help/developers/tools/app-tracer/android/modules/disk-usage).\nSystraceProfilerConfiguration— на страницеSystrace Profiler (https://rustore.ru/help/developers/tools/app-tracer/android/modules/systrace-profiler).\nSamplingProfilerConfiguration— на страницеSampling Profiler (https://rustore.ru/help/developers/tools/app-tracer/android/modules/sampling-profiler).\nh2h2h2\nОписаниеCoreTracerConfiguration​\nparagraphparagraphparagraph\nВ том редком случае, когда вы захотите сконфигурировать ядро трейсера в вашем проекте, нужно вернутьCoreTracerConfigurationизHasTracerConfiguration.\ncodecodecode\nclassMyApplication:Application(),HasTracerConfiguration{override val tracerConfiguration:List<TracerConfiguration>get()=listOf(CoreTracerConfiguration.build{// ваши опции},)}\nparagraphparagraphparagraph\nsetEnabled— не используется и будет удалена в версии 0.3.x, ядро трейсера всегда включено, но не активно пока нет включенных плагинов.\nsetHost,provideHost— изменение адреса трейсера.\nsetStatHost,provideStatHost— изменение адреса трейсера для функциональности crash free.\nsetCustomAppKey,provideCustomAppKey— заменяетsampleUploadTokenиз конфигурацииgradle-плагина."
}