{
    "meta": {
        "language": "ru",
        "parse_date": "2024-07-06T19:36:10.554153",
        "current_url": "https://www.rustore.ru/help/developers/monetization/payment-callback/notification/",
        "doc_section": "developers",
        "h1_text": "Как выглядит структура уведомления"
    },
    "text": "h1h1h1\nКак выглядит структура уведомления\nparagraphparagraphparagraph\nНа этой странице описана структура уведомления об изменении статуса платежа и тестового уведомления.\nОба они отправляются в форматеPOST-запроса со следующими атрибутами:\n---Table Start---\nid        | String | ID уведомления                                                    | Да | body | 12345                            \ntimestamp | String | Время отправки уведомления                                        | Да | body | 2022-07-08T13:24:41.8328711+03:00\npayload   | String | Строка данных в Base64, зашифрованная с помощью алгоритма AES-256 | Да | body |                                  \n---Table End---\nh2h2h2\npayload​\n\n---Table Start---\nnotification_type | String | INVOICE_STATUS — уведомление об изменении статуса платежа TEST_EVENT —  тестовое уведомление               | Да | body | INVOICE_STATUS\napp_id            | Number | ID приложения, в котором совершена покупка                                                                 | Да | body | 12345         \ndata              | String | Блок данных, структура которого зависит от notification_type : data при INVOICE_STATUS data при TEST_EVENT | Да | body |               \n---Table End---\nh3h3h3\ndata уведомления об изменении статуса платежа​\n\n---Table Start---\nproduct_code       | String | Код оплаченного продукта, указывается в RuStore Консоль при создании продукта                                                                                                                                                                                                                                                                                                      | payload.data | test_test                           \nchange_status_time | String | Время изменения статуса платежа или время отправки первого уведомления. Если уведомление доставляется с первой попытки, change_status_time соответствует timestamp                                                                                                                                                                                                                 | payload.data | 1970-01-01T00:00:00Z                \nstatus_new         | String | Новый статус платежа. Доступные значения: executed — пользователь выбрал способ оплаты, платёж исполняется cancelled — отменён пользователем paid — средства зарезервированы, счёт ожидает подтверждения (только для покупки потребляемых продуктов) confirmed — оплата прошла успешно reversed — отмена резервирования средств refunded — средства по счёту возвращены покупателю | payload.data | paid                                \nstatus_old         | String | Предыдущий статус платежа. Доступные значения: created — cчёт на оплату создан executed — пользователь выбрал способ оплаты, платёж исполняется paid — средства зарезервированы, счёт ожидает подтверждения (только для покупки потребляемых продуктов) confirmed — оплата прошла успешно                                                                                          | payload.data | executed                            \npurchase_token     | String | Токен покупки. Вы можете использовать его для получения информации о платеже через RuStore API                                                                                                                                                                                                                                                                                     | payload.data | 111.123                             \ninvoice_id         | String | Уникальный номер счёта на оплату в RuStore                                                                                                                                                                                                                                                                                                                                         | payload.data | 123                                 \norder_id           | String | Уникальный номер заказа в системе приложения разработчика. Может указываться при инициации заказа в приложении, либо присваиваться автоматически платёжным провайдером                                                                                                                                                                                                             | payload.data | 123e4567e89b-12d3-a456-4266-55440000\npurchase_id        | String | Уникальный номер покупки                                                                                                                                                                                                                                                                                                                                                           | payload.data | 123e4567e89b-12d3-a456-4266-55440000\n---Table End---\nh3h3h3\ndata тестового уведомления​\n\n---Table Start---\ntest | String | Тестовая строка | payload.data | TEST\n---Table End---\nh2h2h2\nПримеры payload​\n\nh3h3h3\npayload уведомления об изменении статуса платежа​\n\ncodecodecode\n{\"app_id\": 12345,\"notification_type\": \"INVOICE_STATUS\",\"data\": \"{\\\"change_status_time\\\":\\\"1970-01-01T00:00:00Z\\\",\\\"product_code\\\":\\\"test_test\\\",\\\"status_new\\\":\\\"paid\\\",\\\"status_old\\\":\\\"executed\\\",\\\"purchase_token\\\":\\\"111.123\\\",\\\"invoice_id\\\":\\\"123\\\",\\\"order_id\\\":\\\"123e4567e89b-12d3-a456-4266-55440000\\\",\\\"purchase_id\\\":\\\"123e4567e89b-12d3-a456-4266-55440000\\\"}\"}\nh3h3h3\npayload тестового уведомления​\n\ncodecodecode\n{\"app_id\": 12345,\"notification_type\": \"TEST_EVENT\",\"data\": \"{\\\"test\\\":\\\"TEST\\\"}\"}"
}