{
    "meta": {
        "language": "ru",
        "parse_date": "2024-07-06T19:37:59.612373",
        "current_url": "https://www.rustore.ru/help/developers/tools/remote-config/ab-testing/metric-actions/",
        "doc_section": "developers",
        "h1_text": "Как работать с метрикой"
    },
    "text": "h1h1h1\nКак работать с метрикой\nparagraphparagraphparagraph\nВы можете редактировать, копировать и удалять созданные метрики.\nadmonitionadmonitionadmonition\nпредупреждение\nparagraphparagraphparagraph\nЧтобы работать с метриками, подключитеMyTracker (https://rustore.ru/help/developers/tools/remote-config/ab-testing/mytracker-connection).\nparagraphparagraphparagraph\nЧтобы работать с метриками, подключитеMyTracker (https://rustore.ru/help/developers/tools/remote-config/ab-testing/mytracker-connection).\nh2h2h2\nРедактирование​\nparagraphparagraphparagraph\nОткройтеRemote Config (https://remote-config.rustore.ru).\nВыберите приложение.\nПерейдите во вкладку «Метрики».\nНайдите метрику в списке.\nВ меню действий выберите «Редактировать».\nВнесите изменения.\nНажмите «Сохранить».\nh2h2h2\nКопирование​\nparagraphparagraphparagraph\nОткройтеRemote Config (https://remote-config.rustore.ru).\nВыберите приложение.\nПерейдите во вкладку «Метрики».\nНайдите метрику в списке.\nВ меню действий выберите «Копировать».\nadmonitionadmonitionadmonition\nк сведению\nparagraphparagraphparagraph\nНа открывшейся странице появится копия существующей метрики с заполненными данными. Отредактируйте их, если нужно.\nНажмите «Сохранить».\nparagraphparagraphparagraph\nНа открывшейся странице появится копия существующей метрики с заполненными данными. Отредактируйте их, если нужно.\nНажмите «Сохранить».\nh2h2h2\nУдаление​\nparagraphparagraphparagraph\nОткройтеRemote Config (https://remote-config.rustore.ru).\nВыберите нужное приложение.\nПерейдите во вкладку «Метрики».\nНайдите метрику в списке.\nВ меню действий выберите «Удалить».\nПодтвердите удаление."
}