{
    "meta": {
        "language": "ru",
        "parse_date": "2024-07-06T20:01:32.733747",
        "current_url": "https://www.rustore.ru/help/sdk/rustore-deeplinks/",
        "doc_section": "sdk",
        "h1_text": "RuStore Deeplinks"
    },
    "text": "h1h1h1\nRuStore Deeplinks\nparagraphparagraphparagraph\nВы можете открыть некоторые экраны приложения RuStore из вашего приложения, используя deeplinks.\nК примеру, вы можете открыть экран со всеми подписками пользователя, используя следующий код.\ncodecodecode\ntry{startActivity(Intent(Intent.ACTION_VIEW,Uri.parse(\"rustore://profile/subscriptions\")))}catch(ex:ActivityNotFoundException){// Handle error when RuStore is not installed}\nh2h2h2\nПоддерживаемые браузеры​\n\n---Table Start---\nGoogle Chrome    | Есть\nЯндекс Браузер   | Есть\nMozilla Firefox  | Нет \nOpera            | Нет \nMi Browser       | Нет \nSamsung Internet | Нет \n---Table End---\nh2h2h2\nСписок deeplinks​\n\n---Table Start---\nЭкран приложения                     | rustore://apps.rustore.ru/app/{packageName} — откроется RuStore; https://apps.rustore.ru/app/{packageName} — откроется RuStore, если приложение RuStore установлено на устройстве пользователя, иначе откроется web-страница приложения в витрине; market://details?id={packageName} — предложит открыть RuStore или другие магазины приложений. Здесь: {packageName} — имя пакета приложения.\nЭкран подписок                       | rustore://profile/subscriptions .                                                                                                                                                                                                                                                                                                                                                             \nЭкран аккаунта/обновлений            | rustore://apps.rustore.ru/updates .                                                                                                                                                                                                                                                                                                                                                           \nЭкран авторизации                    | rustore://auth .                                                                                                                                                                                                                                                                                                                                                                              \nЭкран разработчика (с версии 1.36.0) | rustore://apps.rustore.ru/developer/{devId} : deeplink будет вести на отдельный экран со всеми приложениями разработчика, опубликованными в RuStore (на мобильное устройство или в веб); devId можно увидеть в строке браузера в веб-версии при переходе на экран со всеми приложениями разработчика.                                                                                         \n---Table End---"
}