{
    "meta": {
        "language": "ru",
        "parse_date": "2024-07-06T19:28:46.234723",
        "current_url": "https://www.rustore.ru/help/work-with-rustore-api/api-upload-publication-app/apk-file-upload/file-upload-aab/",
        "doc_section": "",
        "h1_text": "Загрузка AAB-файла"
    },
    "text": "h1h1h1\nЗагрузка AAB-файла\nparagraphparagraphparagraph\nМетод позволяет загрузить файл с расширением.aabдля публикации.\nAAB-файл для версии можно обновлять.\nОграничения:\nфайл только с расширением.aab;\nразмер файла — не более 512МБ;\nзагружаемая версия AАВ должна быть выше, чем текущая активная;\nможно загрузить только 1 ААВ-файл;\nмаксимально можно загрузить только 1 ААВ-файл и 8 APK-файлов или 10 APK-файлов в рамках одной версии.\nadmonitionadmonitionadmonition\nпримечание\nparagraphparagraphparagraph\nПеред загрузкой ААВ-файла убедитесь, что у вас загружена подпись для публикацииAndroid App Bundle (AAB) (https://rustore.ru/help/developers/publishing-and-verifying-apps/app-publication/upload-aab)черезRuStore Консоль (https://console.rustore.ru/sign-in).\nparagraphparagraphparagraph\nПеред загрузкой ААВ-файла убедитесь, что у вас загружена подпись для публикацииAndroid App Bundle (AAB) (https://rustore.ru/help/developers/publishing-and-verifying-apps/app-publication/upload-aab)черезRuStore Консоль (https://console.rustore.ru/sign-in).\nh2h2h2\nПараметры взаимодействия​\nparagraphparagraphparagraph\nPOST\n/public-api.rustore.ru/public/v1/application/{packageName}/version/{versionId}/aab\n---Table Start---\nPublic-Token | string | Да | header | Токен доступа к Public API Rustore\npackageName  | string | Да | path   | Имя пакета приложения             \nversionId    | number | Да | path   | Версия приложения                 \n---Table End---\nh2h2h2\nForm data​\n\n---Table Start---\nfile | multipart | Да | N/A | Файл в формате .aab\n---Table End---\nh2h2h2\nПараметры ответа​\n\n---Table Start---\ncode      | string      | Да  | Код ответа              | error/OK                           \nmessage   | string      | Нет | Расшифровка кода ответа | N/A                                \ntimestamp | timestamptz | Да  | Время ответа            | 2023-07-21T17:11:44.173750678+03:00\n---Table End---\nh2h2h2\nПример запроса​\n\ncodecodecode\ncurl --location --request POST 'https://public-api.rustore.ru/public/v1/application/com.package.example/version/123/aab--header 'Public-Token: {YOURtoken}' \\--form 'file=@\"/Users/User/Downloads/package.aab\"'\nh2h2h2\nПример ответа​\n\ncodecodecode\n{\"code\": \"OK\",\"message\": null,\"body\": null\"timestamp\": \"2023-06-02T16:36:57.847391009+03:00\"}"
}