{
    "meta": {
        "language": "ru",
        "parse_date": "2024-07-06T20:12:32.806283",
        "current_url": "https://www.rustore.ru/help/developers/tools/remote-config/sdk/react/6-0-0/",
        "doc_section": "developers",
        "h1_text": "SDK Remote Config для React Native (версия 6.0.0)"
    },
    "text": "h1h1h1\nSDK Remote Config для React Native (версия 6.0.0)\nparagraphparagraphparagraph\nSDK Remote Config – это облачный сервис, который позволяет изменять поведение и внешний вид вашего приложения, не требуя от пользователей загрузки обновления приложения.\nПлагин инкапсулирует в себе запрос конфигурации с сервера, кэширование, фоновое обновление.\nИмеет удобное API для получения данных.\nh2h2h2\nПример реализации​\nparagraphparagraphparagraph\nОзнакомьтесь сприложением-примером, чтобы узнать, как правильно интегрировать SDK Remote Config.\nh2h2h2\nКлючевые особенности​\nparagraphparagraphparagraph\nВыбор наиболее удобногомеханизма обновления конфигурации (https://rustore.ru/help#updatebehaviour).\nВозможность указывать процент распространения конфигурации на аудиторию.\nВозможность передаватьдополнительную информацию (https://rustore.ru/help#optional-params)для построения воронки конкретной конфигурации.\nФормировать конфигурацию можно даже для конкретных пользователей.\nНабор callback (https://rustore.ru/help#callbacks), который можно использовать для аналитики.\nМинимальное количество внешних зависимостей.\nh2h2h2\nПодключение в проект​\nparagraphparagraphparagraph\nДля подключения пакета к проекту выполните следующую команду.\ncodecodecode\n// HTTPSnpm install git+https://git@gitflic.ru/project/rustore/rustore-react-native-remoteconfig.git// SSHnpm install git+ssh://git@gitflic.ru/project/rustore/rustore-react-native-remoteconfig.git\nh2h2h2\nИнициализация​\n\nh3h3h3\nСоздание RemoteConfigClient​\n\ncodecodecode\nRemoteConfigClient.createRemoteConfig:(appId:string,updateInterval:number,updateBehaviour:UpdateBehaviour,params?:RemoteConfigClientParams)=>void;\nparagraphparagraphparagraph\nappId— уникальный идентификатор инструмента remote config. Доступен вконсоли разработчика RuStore (https://console.rustore.ru/toolbox/tools)на страницесоздания параметров (https://www.rustore.ru/help/developers/tools/remote-config/parameters)remote config;\nupdateInterval— интервал таймера обновления в минутах;\nupdateBehaviour— параметр, определяющий поведение SDK. См. такжеРазличия в значениях UpdateBehaviour (https://rustore.ru/help#updatebehaviour).\nparams—опциональные параметры (https://rustore.ru/help#optional-params), использующиеся для получения конкретной конфигурации.\ncodecodecode\nПример вызова RemoteConfigClient.createRemoteConfigRemoteConfigClient.createRemoteConfig(\"1111111-111111-11111-11111-1111111111\",15,UpdateBehaviour.ACTUAL,newRemoteConfigClientParams({deviceModel:\"DeviceModel\",deviceId:\"11111\",environment:Environment.BETA}));\nadmonitionadmonitionadmonition\nпредупреждение\nparagraphparagraphparagraph\nПовторный вызовcreateRemoteConfig.createRemoteConfig()вызовет ошибкуRemoteConfigClientAlreadyExist (https://rustore.ru/help#errors).\nПосле вызова методаRemoteConfigClient.createRemoteConfig()на стороне SDK создается экземплярRemoteConfigClientи записывается синглтон.\nparagraphparagraphparagraph\nПовторный вызовcreateRemoteConfig.createRemoteConfig()вызовет ошибкуRemoteConfigClientAlreadyExist (https://rustore.ru/help#errors).\nПосле вызова методаRemoteConfigClient.createRemoteConfig()на стороне SDK создается экземплярRemoteConfigClientи записывается синглтон.\nh3h3h3\nОпциональные параметры RemoteConfigClientBuilder​\nparagraphparagraphparagraph\nУстановить опциональные параметры инициализации можно через классRemoteConfigClientParams.\ncodecodecode\nКласс RemoteConfigClientParamsclassRemoteConfigClientParams{deviceModel?:string;osVersion?:string;deviceId?:string;appVersion?:string;appBuild?:string;environment?:Environment;constructor(params:{deviceModel?:string,osVersion?:string,deviceId?:string,appVersion?:string,appBuild?:string,environment?:Environment}){this.deviceModel=params.deviceModel;this.osVersion=params.osVersion;this.deviceId=params.deviceId;this.appVersion=params.appVersion;this.appBuild=params.appBuild;this.environment=params.environment;}}\ncodecodecode\nИнициализация с опциональными параметрамиconstaccount=\"MyAccount\";constlanguage=\"ru\";RemoteConfigClientParamsparams;/* Ваша инициализация params */RemoteConfigClient.setAccount(account);RemoteConfigClient.setLanguage(language)RemoteConfigClient.createRemoteConfig(\"1111111-111111-11111-11111-1111111111\",15,UpdateBehaviour.ACTUAL,params,);\n---Table Start---\nOsVersion   | Условие в конфигураторе: Os Version Позволят сравнивать OsVersion со значением, установленным в интерфейсе. По умолчанию OsVersion не передается, в этом случае возвращается конфиг по умолчанию.                                                                                                                                                                                                                                                       \nDeviceModel | Условие в конфигураторе: Device Model Позволят сравнивать DeviceModel со значением, установленным в интерфейсе. По умолчанию DeviceModel не передается, у этом случае возвращается конфиг по умолчанию.                                                                                                                                                                                                                                                 \nLanguage    | Условие в конфигураторе: Language Позволят сравнивать Language со значением, установленным в интерфейсе. По умолчанию Language не передается, у этом случае возвращается конфиг по умолчанию. Для передачи Language необходимо реализовать ConfigRequestParameterProvider .                                                                                                                                                                             \nAccount     | Условие в конфигураторе: Account Позволят сравнивать account со значением, установленным в интерфейсе. Условие в конфигураторе: Account Percentile Позволят раздавать конфиг по значению account на определенный процент. Условие в конфигураторе: Interval Account Percentile Позволят раздавать конфиг по значению account на определенный процент и в определенный день. Для передачи Account необходимо реализовать ConfigRequestParameterProvider .\nDeviceId    | Условие в конфигураторе: DeviceID Позволят сравнивать DeviceId со значением, установленным в интерфейсе. Условие в конфигураторе: DeviceID Percentile Позволят раздавать конфиг по значению DeviceId на определенный процент. Условие в конфигураторе: Interval DeviceID Percentile Позволят раздавать конфиг по значению DeviceId на определенный процент и в определенный день.                                                                       \nAppVersion  | Условие в конфигураторе: App Version Позволят сравнивать AppVersion со значением, установленным в интерфейсе.                                                                                                                                                                                                                                                                                                                                           \nEnvironment | Условие в конфигураторе: App Environment Позволят сравнивать Environment со значением, установленным в интерфейсе Environment может принимать значения: Alpha , Beta , Release . Этот параметр удобно использовать для тестирования конфигурации на различных сборках приложения.                                                                                                                                                                       \nAppBuild    | Условие в конфигураторе: App Build Позволят сравнивать AppBuild со значением, установленным в интерфейсе.                                                                                                                                                                                                                                                                                                                                               \n---Table End---\nh3h3h3\nUpdateBehaviour​\nparagraphparagraphparagraph\nUpdateBehaviour— это параметр, определяющий поведение SDK.\nПри создании экземпляраRemoteConfigClientBuilder, по умолчанию используется значениеUpdateBehaviour.Defaultс интервалом синхронизации 15 минут.\nРазличия в значенияхUpdateBehaviour\n---Table Start---\nActual   | При инициализации каждый запрос конфигурации выполняется через запрос к серверу. Значение Actual гарантирует получение самой актуальной конфигурации, но скорость выполнения запроса зависит от скорости сети. Этот тип инициализации отменяет процесс фонового обновления.                                                                                                                                                                                                                                                                                                                                                                                         \nDefault  | При инициализации запрос конфигурации выполняется из локального постоянного хранилища, которое обновляется в указанный интервал. Если инициализация выполняется первый раз и локальное постоянное хранилище пустое, запрос отправляется на сервер.\nСкорость выполнения запроса зависит от объема данных и скорости сети.\nДоступ к конфигурации будет ожидать завершения инициализации. Значение Default не гарантирует, что в рамках жизни процесса запрос конфигурации будет отдавать одинаковый результат, так как синхронизация данных может выполниться в фоне. Этот тип инициализации запускает процесс фонового обновления.                                   \nSnapshot | При инициализации запрос конфигурации выполняется из локального inMemory-хранилища.\ninMemory-хранилище заполняется результатом первого запроса из постоянного хранилища и сохраняется в таком виде до конца жизни процесса. Если инициализация выполняется первый раз и локальное постоянное хранилище пустое, запрос отправляется на сервер.\nСкорость выполнения запроса зависит от объема данных и скорости сети.\nДоступ к конфигурации будет ожидать завершения инициализации. Значение Snapshot гарантирует, что в рамках жизни процесса запросы конфигурации будут отдавать одинаковый результат. Этот тип инициализации запускает процесс фонового обновления.\n---Table End---\nh3h3h3\nRemoteConfigClientEventListener​\nparagraphparagraphparagraph\nСписок обратных вызовов (сallbacks):\nПодписка на следующие событияReactRemoteConfigListenerдает возможность получать обратные вызовы о работе SDK, такие как завершение инициализации и обновление постоянного хранилища и т.п.:\ncodecodecode\nИнтерфейс ReactRemoteConfigListener на стороне SDKinterfaceReactRemoteConfigListener{funbackgroundJobErrors(exception:RemoteConfigException.BackgroundConfigUpdateError)funfirstLoadComplete()funinitComplete()funmemoryCacheUpdated()funpersistentStorageUpdated()funremoteConfigNetworkRequestFailure(throwable:Throwable)}\ncodecodecode\nconstbackgroundJobErrorsListener=useRef<EmitterSubscription>();constfirstLoadCompleteListener=useRef<EmitterSubscription>();constinitCompleteListener=useRef<EmitterSubscription>();constmemoryCacheUpdatedListener=useRef<EmitterSubscription>();constpersistentStorageUpdatedListener=useRef<EmitterSubscription>();constremoteConfigNetworkRequestFailureListener=useRef<EmitterSubscription>();backgroundJobErrorsListener.current=eventEmitter.addListener(RemoteConfigEvents.BACKGROUND_JOB_ERRORS,(exception:string)=>{// эвент BACKGROUND_JOB_ERRORSconsole.log(\"exception\",exception)});firstLoadCompleteListener.current=eventEmitter.addListener(RemoteConfigEvents.FIRST_LOAD_COMPLETE,()=>{// эвент FIRST_LOAD_COMPLETE});initCompleteListener.current=eventEmitter.addListener(RemoteConfigEvents.INIT_COMPLETE,()=>{// эвент INIT_COMPLETE});memoryCacheUpdatedListener.current=eventEmitter.addListener(RemoteConfigEvents.MEMORY_CACHE_UPDATED,()=>{// эвент MEMORY_CACHE_UPDATED});persistentStorageUpdatedListener.current=eventEmitter.addListener(RemoteConfigEvents.PERSISTENT_STORAGE_UPDATED,()=>{// эвент PERSISTENT_STORAGE_UPDATED});remoteConfigNetworkRequestFailureListener.current=eventEmitter.addListener(RemoteConfigEvents.REMOTE_CONFIG_NETWORK_REQUEST_FAILURE,(throwable:string)=>{// эвент REMOTE_CONFIG_NETWORK_REQUEST_FAILUREconsole.log(\"throwable\",throwable)});\ncodecodecode\nСтруктура RemoteConfigEventsenumRemoteConfigEvents{*BACKGROUND_JOB_ERRORS— возвращает ошибку фоновой работы.*FIRST_LOAD_COMPLETE— вызывается при окончании первой загрузки.*INIT_COMPLETE— вызывается при окончании инициализации.*MEMORY_CACHE_UPDATED— вызывается при изменении кэша в памяти.*PERSISTENT_STORAGE_UPDATED— вызывается при изменении постоянного хранилища.*REMOTE_CONFIG_NETWORK_REQUEST_FAILURE— вызывается при ошибке сетевого запросаRemoteConfig.}\nh3h3h3\nИнициализация RemoteConfigClient​\nparagraphparagraphparagraph\nИнициализацияRemoteConfigClientвыполняется асинхронно, результат инициализации можно отслеживать через методinit, в случае успеха вернетtrue, в случае неудачи - ошибку.\nТак же можно отследить черезслушатель.\ncodecodecode\ntry{consthasInit=awaitRemoteConfigClient.init();}catch(err:any){console.log(err);}\nh2h2h2\nПолучение конфигурации​\nparagraphparagraphparagraph\nПолучение конфигурации происходит через вызов методаRemoteConfigClient.getRemoteConfig().\ncodecodecode\ntry{letconfig=awaitRemoteConfigClient.getRemoteConfig();console.log(JSON.stringify(config));}catch(err:any){console.log(err);}\nh3h3h3\nПроверка доступности ключа​\n\ncodecodecode\nRemoteConfigClient.containsKey(\"my-key\")\nh3h3h3\nПолучение типизированных данных​\nparagraphparagraphparagraph\nRemoteConfigClientимеет методы получения данных и приведения его к определенным типам.\ngetBoolean(key: string): boolean\ngetString(key: string): string\ngetNumber(key: string): number\nh2h2h2\nФоновая синхронизация конфигурации​\nparagraphparagraphparagraph\nФоновая синхронизация конфигурации используется при некоторых типахполитики обновления.\nРезультатом фоновой синхронизации конфигурации является обновление постоянного хранилища конфигураций актуальными данными для последующего использования в зависимости от выбранной политики обновления.\nМинимальный допустимый интервал между фоновыми синхронизациями составляет 15 минут.\nh2h2h2\nВозможные ошибки​\nparagraphparagraphparagraph\nВсе ошибки SDK Remote Config наследуются от суперклассаRemoteConfigException.\n---Table Start---\nBackgroundConfigUpdateError    | Появляется при ошибке в работе фоновой синхронизации.                                                                                                                                               \nFailedToReceiveRemoteConfig    | Появляется в случае ошибки при вызове метода получения конфигурации.                                                                                                                                \nRemoteConfigCastException      | Появляется в случае некорректного получения данных по ключу из класса RemoteConfig . Ошибка может быть связана с невозможностью приведения к типу, либо значение по передаваемому ключу отсутствует.\nRemoteConfigClientAlreadyExist | Появляется в случае повторного создания RemoteConfigClient в рамках жизни процесса.                                                                                                                 \nRemoteConfigClientNotCreated   | Появляется в случае доступа к RemoteConfigClient через статическое поле instance до создания RemoteConfigClient .                                                                                   \nRemoteConfigCommonException    | Общая непредвиденная ошибка.                                                                                                                                                                        \nRemoteConfigNetworkException   | Появляется при сетевой ошибке.                                                                                                                                                                      \n---Table End---"
}