{
    "meta": {
        "language": "ru",
        "parse_date": "2024-07-06T19:32:08.382570",
        "current_url": "https://www.rustore.ru/help/users/purchases-and-returns/vk-connect/",
        "doc_section": "users",
        "h1_text": "Подключение и отключение карт VK ID в RuStore: Легкие шаги для управления вашими способами оплаты"
    },
    "text": "h1h1h1\nПодключение и отключение карт VK ID в RuStore: Легкие шаги для управления вашими способами оплаты\nparagraphparagraphparagraph\nВ RuStore доступна оплата картами из вашего VK ID.\nh2h2h2\nПодключение карты VK ID при авторизации​\nparagraphparagraphparagraph\nОткройте приложение RuStore.\nАвторизуйтесь через VK ID.Как это сделать? (https://rustore.ru/help/users/authorization/login-vk-id)\nНажмите кнопку «Продолжить», чтобы подтвердить согласие на привязку сохраненных карт из платёжного сервиса VK ID.\nadmonitionadmonitionadmonition\nпримечание\nparagraphparagraphparagraph\n\n\nparagraphparagraphparagraph\n\n\nh2h2h2\nПодключение карты VK ID после начала работы с RuStore​\nparagraphparagraphparagraph\nОткройте приложение RuStore.\nНажмитев нижнем меню.\nПерейдите в раздел «Способы оплаты».\nНажмите «Добавить способ оплаты».\nНажмите «Подключить карты VK ID».\nh2h2h2\nОтключение карты​\nparagraphparagraphparagraph\nОткройте приложение RuStore.\nНажмитев нижнем меню.\nПерейдите в раздел «Способы оплаты».\nНажмитечтобы отредактировать список.\nНайдите в списке карты из VK ID и нажмите кнопку «Отключить».\nНажмите кнопку «Отключить» ещё раз, чтобы подтвердить выбор.\nadmonitionadmonitionadmonition\nподсказка\nparagraphparagraphparagraph\nВ профиле RuStore отражается текущее состояние VK Pay. Если вы удалите из VK Pay карту, с которой ранее оплатили подписку в RuStore, новое списание не произойдет и подписка может быть отключена.\nparagraphparagraphparagraph\nВ профиле RuStore отражается текущее состояние VK Pay. Если вы удалите из VK Pay карту, с которой ранее оплатили подписку в RuStore, новое списание не произойдет и подписка может быть отключена."
}