{
    "meta": {
        "language": "ru",
        "parse_date": "2024-07-06T19:38:22.287886",
        "current_url": "https://www.rustore.ru/help/developers/tools/remote-config/parameters-and-conditions/",
        "doc_section": "developers",
        "h1_text": "Remote Config: эффективное управление параметрами и условиями"
    },
    "text": "h1h1h1\nRemote Config: эффективное управление параметрами и условиями\nparagraphparagraphparagraph\nRemote Config защищает пользователей от непреднамеренных действий с параметрами и условиями, поэтому любое изменение, которое может повлиять на поведение приложения, будет отправлено на подтверждение. Не все изменения требуют подтверждения. Например, изменение описания параметра или условия никак не влияет на поведение системы, поэтому изменения вступают в силу сразу.\nh2h2h2\nПрава и доступы​\nparagraphparagraphparagraph\nВажно сказать, что права для совершения операций изменения подтверждения разделены — см.Роли пользователей.\nВ этом разделе:\nРабота с условиями в Remote Config\nУправление параметрами в RuStore Remote Config\nНастройка работы с параметрами"
}