{
    "meta": {
        "language": "ru",
        "parse_date": "2024-07-06T19:36:37.560905",
        "current_url": "https://www.rustore.ru/help/developers/advertising-and-promotion/featuring/",
        "doc_section": "developers",
        "h1_text": "Рекомендации по фичерингу: критерии отбора приложений"
    },
    "text": "h1h1h1\nРекомендации по фичерингу: критерии отбора приложений\nparagraphparagraphparagraph\nФичеринг — это тематические подборки, которые выделяют интересные и качественные приложения и игры среди другого контента.\nПопадание в фичеринг увеличивает видимость, количество установок и узнаваемость приложения.\nПодборки отображаются в разделах RuStore:\n«Интересное»\n«Приложения» на вкладке «Рекомендуем»\n«Игры» на вкладке «Рекомендуем»\nh2h2h2\nВыбор приложений для подборок​\nparagraphparagraphparagraph\nКоманда редакции составляет подборки из приложений и игр, опубликованных в RuStore.\nРешения принимаются, опираясь накритерии, которые помогают оценить качество приложения и интерес пользователей.\nТакже редакторы регулярно просматривают новинки и последние обновления для специальных подборок.\nФичеринг бесплатен для разработчиков.\nПовлиять на выбор редакторов нельзя, но вы можете сделать своё приложение более заметным и повысить его шансы на добавление в подборки.\nh2h2h2\nКритерии выбора​\nparagraphparagraphparagraph\nКоличество установок и активность пользователей.\nРедакторы выбирают среди тех приложений и игр, которые уже популярны или активно набирают популярность.\nЧтобы собрать больше установок, вы можете разместить на своих ресурсахкнопку «Скачайте из RuStore» (https://rustore.ru/help/developers/advertising-and-promotion/rustore-button)или использовать рекламу.\nРейтинг и количество оценок.\nБольшое количество положительных оценок помогает приложению попасть в фичеринг.\nRuStore проводит автоматическую и ручную проверку рейтинга, чтобы убедиться в отсутствии накруток. Вы можете увеличить число оценок, запрашивая их у пользователей с помощьюRuStore SDK для подключения отзывов и оценок (https://rustore.ru/help/sdk/reviews-ratings).\nКоличество и качество отзывов.\nПреимущество получают приложения, на которые пользователи оставляют полезные отзывы.\nОбратите внимание на то, давно ли был опубликован последний отзыв, как часто они появляются и какой характер комментариев в целом.\nКак и в случае с оценками, вы можете запросить отзывы с помощьюRuStore SDK для подключения отзывов и оценок (https://rustore.ru/help/sdk/reviews-ratings).\nРабота с отзывами.\nРедакторы проверяют, как разработчик приложения выстраивает отношения с пользователями.\nВажно регулярноотвечать на отзывы (https://rustore.ru/help/developers/publishing-and-verifying-apps/responses-to-reviews)пользователей и грамотноработать с негативными отзывами (https://rustore.ru/help/developers/publishing-and-verifying-apps/dealing-negative-reviews).\nАктуальность версии и регулярность обновлений.\nНедавнее обновление повышает шанс попасть в фичеринг.\nЕсли же приложение обновлялось полгода назад, редакторы его не выберут.Дополнительно редакторы проверяют версию в других магазинах приложений.\nЕсли в RuStore опубликована неактуальная версия, это может вызвать негативную реакцию пользователей, поэтому в фичеринг такое приложение попадёт с наименьшей вероятностью.\nСоответствие требованиям RuStore.\nРедакторы проверяют приложения и игры на соответствиетребованиям от RuStore (https://rustore.ru/help/developers/publishing-and-verifying-apps/requirement-apps): работоспособность, безопасность, конфиденциальность и т. д.\nЕсли ваше приложение подходит под все остальные критерии, но всё равно не попадает в фичеринг, убедитесь, что соблюдаются все требования.\nИнтеграция с инструментами RuStore.\nЭто не обязательный критерий для добавления в фичеринг, но он значительно повышает шансы приложения.\nНапример, вы можете использоватьRuStore SDK для платежей в приложении (https://rustore.ru/help/sdk/payments).\nКачество, корректная работа и интересные возможности.\nВ фичеринг попадают приложения, которыми удобно и приятно пользоваться.\nРедакторы устанавливают приложения и оценивают пользовательский опыт.\nНеобычные, привлекательные функции и возможности, удобство управления, отсутствие ошибок, а также качественная графика, вёрстка и анимация помогут приложению попасть в фичеринг.\nПравильно оформленная карточка.\nЗаполните все описания в карточке и проверьте их на грамматические ошибки.\nСкриншоты приложения должны быть в высоком разрешении и демонстрировать возможности приложения.\nРекомендуем добавить минимум два скриншота.\nНаличие видео — большое преимущество, особенно для игр.Подробности про оформление карточки — в статьеКак продвигать приложения: советы от RuStore (https://habr.com/ru/companies/vk/articles/772844/).\nadmonitionadmonitionadmonition\nпредупреждение\nparagraphparagraphparagraph\nМы не гарантируем добавление в фичеринг, даже если приложение соответствует всем критериям.\nОкончательное решение принимается после экспертизы редактора.\nparagraphparagraphparagraph\nМы не гарантируем добавление в фичеринг, даже если приложение соответствует всем критериям.\nОкончательное решение принимается после экспертизы редактора."
}