{
    "meta": {
        "language": "ru",
        "parse_date": "2024-07-06T19:38:56.563899",
        "current_url": "https://www.rustore.ru/help/developers/tools/remote-config/privacy-policy/",
        "doc_section": "developers",
        "h1_text": "Политика конфиденциальности сервиса Remote Config"
    },
    "text": "h1h1h1\nПолитика конфиденциальности сервиса Remote Config\nparagraphparagraphparagraph\n1. Общие положения\n1.1. Настоящая Политика конфиденциальности (далее — «Политика»), доступная в сети Интернет поссылкеявляется документом Общества с ограниченной ответственностью «ВК» (ОГРН 1027739850962, Россия, 125167, г. Москва, Ленинградский проспект д.39, стр.79) (далее — «Компания»), и определяет порядок обработки и защиты информации, в том числе персональных данных (далее – «Информация»), получаемой Компанией в связи с использованием Вами (далее – «Лицензиат») либо Вашими представителями, работниками (далее - «Пользователь») сервисаRuStoreRemoteConfig, (далее — «Сервис») который доступен в сети Интернет по адресуhttp://remote-config.rustore.ru/(далее — «Сайт»).\n1.2. Настоящая Политика является неотъемлемой частью лицензионного соглашения (далее – «Лицензионное соглашение»), которое доступно в сети Интернет поссылке(далее Политика и Лицензионное соглашение совместно — «Правила»).\nЛицо, принимающее Правила и/или использующее Сервис, заверяет и гарантирует, что обладает всеми необходимыми разрешениями и полномочиями для совершения этих действий от имени Лицензиата.\n1.3. Условием использования Сервиса является безусловное принятие Правил Лицензиатом, использующим Сервис и Сайт. При каждом доступе и/или фактическом использовании Сервиса, Лицензиат соглашается с условиями Правил в редакциях, которые действовали на момент фактического использования Сервиса. Ряд терминов, используемых в Политике, имеет значение, определенное в Лицензионном соглашении.\n1.4. Настоящая Политика, может быть изменена Компанией при условии уведомления Лицензиата путём размещения новой редакции указанных документов в сети Интернет по адресу:/developers/tools/remote-config/privacy-policy. Лицензиат обязуется самостоятельно периодически проверять настоящую Политику на предмет внесения изменений. Изменения в Политику, внесенные Компанией, вступают в силу со дня, следующего за днем опубликования таких изменений.\n1.5. В случае несогласия Лицензиата с условиями настоящей Политики (в т.ч. с изменениями и дополнениями к Политике) использование Сервиса (в т.ч. Пользователями) должно быть немедленно прекращено.\n1.6. Обработка данных при использовании Сервиса осуществляется на основании законодательства РФ.\n2. Действие настоящей Политики\n2.1 Настоящая Политика определяет, как Компания собирает и использует Информацию, которую получает через Сайт и Сервис, предоставляемый в использование Лицензиатов в целях удалённой настройки конфигурации мобильных приложений Лицензиатов.\n2.2. В процессе предоставления Сервиса Компания может получить Информацию о следующих категориях лиц:\n2.2.1. Лицензиат, т.е. физическое или юридическое лицо, которое приняло условия Лицензионного соглашения и которому предоставлено право пользоваться Сервисом;\n2.2.2. Пользователь, т.е. представитель/работник Лицензиата, использующий Сервис от имени Лицензиата;\n2.2.3. пользователь мобильного приложения Лицензиата (далее – «Конечный пользователь»);\n2.3. Используя Сервис, Лицензиат, действуя разумно и добросовестно, гарантирует, что Лицензиат:\n2.3.1. имеет все необходимые права для использования Сервиса;\n2.3.2. предоставляет достоверную информацию в объеме, необходимом для использования Сервиса;\n2.3.3. полностью ознакомился и принял настоящую Политику.\n3. Цели обработки Информации\n3.1. Компания осуществляет обработку Информации о лицах, указанных в пункте 2.2. настоящей Политики, в целях исполнения Лицензионного соглашения, в т.ч., для осуществления коммуникации с Лицензиатом и/или Пользователями.\n4. Состав обрабатываемой Информации\n4.1. В Состав обрабатываемой Информации, включаются Учетные данные и Иные данные (определение раскрыто в Таблице 1), которые обрабатываются Компанией в целях исполнения Лицензионного соглашения, а именно:\nТаблица 1\n---Table Start---\nО Лицензиатах                                                                                                                                                                                                                                                                                                                                                                                                                                                                                                                                                                                                                                                                                                                                                                                                                             \nУчетные данные (персональные данные) , а именно: Данные о Лицензиате и/или Пользователе, предоставляемые (в том числе путем регистрации/авторизации в Сервис с использованием VK ID) для создания аккаунта в процессе регистрации в Сервисе, а именно: номер VK ID, фамилия, имя, адрес электронной почты, номер мобильного телефона Лицензиата и/или Пользователя. В ходе регистрации Пользователю присваивается внутренний ID-номер, идентифицирующий Пользователя в Сервисе. Дополнительные данные, которые Лицензиат и/или Пользователь предоставляет при редактировании страницы своего профиля в Сервисе. Данные, дополнительно предоставляемые Лицензиатом и/или Пользователем по запросу Компании (сведения, указанные Лицензиатом и/или Пользователем в аккаунте, как например, адрес электронной почты, номер телефона и т. п.). | Исполнение Лицензионного соглашения, в частности, для предоставления доступа к Сервису, для управления и администрирования Сервисом, для подтверждения принадлежности учетной записи в Сервисе заявителю, обратившемуся с запросом о восстановлении доступа к учетной записи, для осуществления коммуникации с Лицензиатом и/или Пользователем в рамках Лицензионного соглашения.\nИные данные (не персональные данные) , а именно: Технические данные, получаемые при доступе к Сервису, включающие в себя данные о технических средствах (устройствах), технологическом взаимодействии с Сервисом (IP-адрес хоста, вид операционной системы Лицензиата и/или Пользователя, тип браузера, географическое положение, поставщик услуг Интернета, дата и время доступа к Сервису, информация о событиях (например, сбои системы) и другие подобные данные веб-журнала. Информация, автоматически получаемая при доступе к Сервису с использованием закладок (cookies). Информация об активности Лицензиата и/или Пользователя во время использования Сервиса, в том числе, клики и переходы в рамках интерфейса Сервиса.                                                                                                        | Заключение, исполнение Лицензионного соглашения, в частности, для управления и администрирования Сервисом, для улучшения работы и персонализации использования Сервиса.                                                                                                                                                                                                          \nО Конечных пользователях                                                                                                                                                                                                                                                                                                                                                                                                                                                                                                                                                                                                                                                                                                                                                                                                                  \n---Table End---"
}