{
    "meta": {
        "language": "ru",
        "parse_date": "2024-07-06T20:10:24.412222",
        "current_url": "https://www.rustore.ru/help/sdk/push-notifications/react/2-1-1/",
        "doc_section": "sdk",
        "h1_text": "SDK push-уведомлений для ReactNative (версия 2.1.1)"
    },
    "text": "h1h1h1\nSDK push-уведомлений для ReactNative (версия 2.1.1)\nparagraphparagraphparagraph\nУсловия работы push-уведомлений:\nНа устройстве пользователя установлена актуальная версия RuStore.\nПриложение RuStore должно поддерживать функциональность push-уведомлений.\nПриложению RuStore разрешен доступ к работе в фоновом режиме.Без этого разрешения push-уведомления будут приходить, но со значительной задержкой.\nОтпечаток подписи приложения должен совпадать с отпечатком, добавленным вКонсоль RuStore (https://dev.rustore.ru/).\nh2h2h2\nПример реализации​\nparagraphparagraphparagraph\nОзнакомьтесь сприложением-примером, чтобы узнать, как правильно интегрировать SDK push-уведомлений.\nh2h2h2\nПодключение в проект​\nparagraphparagraphparagraph\nДля подключения пакета к проекту выполните следующую команду.\ncodecodecode\n// HTTPSnpm install git+https://git@gitflic.ru/project/rustore/react-native-rustore-push-sdk.git// SSHnpm install git+ssh://git@gitflic.ru/project/rustore/react-native-rustore-push-sdk.git\nh3h3h3\nРедактирование манифеста приложения​\nparagraphparagraphparagraph\nЕсли нужно изменить иконку или цвет стандартной нотификации, добавьте:\ncodecodecode\nAndroidManifest.xml<meta-dataandroid:name=\"ru.rustore.sdk.pushclient.default_notification_icon\"android:resource=\"@drawable/ic_baseline_android_24\"/><meta-dataandroid:name=\"ru.rustore.sdk.pushclient.default_notification_color\"android:resource=\"@color/your_favorite_color\"/>\ncodecodecode\nAndroidManifest.xml<meta-dataandroid:name=\"ru.rustore.sdk.pushclient.default_notification_channel_id\"android:value=\"@string/pushes_notification_channel_id\"/>\nh3h3h3\nЗапрос разрешения на показ уведомлений в Android 13+​\nparagraphparagraphparagraph\nВ версии Android 13 появилось новое разрешение для отображения push-уведомлений.\nЭто затронет все приложения, которые работают на Android 13 или выше и используют RuStore Push SDK.\nПо умолчанию RuStore Push SDK версии 1.4.0 и выше включает разрешениеPOST_NOTIFICATIONS, определённое в манифесте.\nОднако приложению также нужно запросить это разрешение во время выполнения через константуandroid.permission.POST_NOTIFICATIONS.\nПриложение сможет показывать push-уведомления, только когда пользователь предоставит на это разрешение.\nЗапрос разрешения на показ push-уведомлений:\ncodecodecode\nconstrequestNotificationPermission=async()=>{try{constgranted=awaitPermissionsAndroid.request(PermissionsAndroid.PERMISSIONS.POST_NOTIFICATIONS,{title:'Разрешение на показ уведомлений',message:'Приложению необходимо предоставить разрешение на показ уведомлений',buttonNeutral:'Спросить меня позже',buttonNegative:'Отменить',buttonPositive:'OK',},);if(granted===PermissionsAndroid.RESULTS.GRANTED){console.log('Вы можете показывать уведомления');}else{console.log('Разрешение на показ уведомлений отклонено');}}catch(err){console.warn(err);}};\nh2h2h2\nИнициализация​\nparagraphparagraphparagraph\nДля инициализации понадобитсяидентификатор проекта изRuStore Консоль. Чтобы получить его, на странице приложения перейдите в раздел «Push-уведомления» — «Проекты» и скопируйте значение в поле «ID проекта».\nh3h3h3\nИнициализация SDK push-уведомлений​\nparagraphparagraphparagraph\nДобавьте вAndroidManifest.xmlследующий код:\ncodecodecode\nAndroidManifest.xml<meta-dataandroid:name=\"ru.rustore.sdk.pushclient.project_id\"android:value=\"i5UTx96jw6c1C9LvdlE4cdNrWHMNyRBt\"/><meta-dataandroid:name=\"ru.rustore.sdk.pushclient.params_class\"android:value=\"com.example.ReactRuStorePushClientParams\"/>\nparagraphparagraphparagraph\nprojectId—идентификатор проекта изRuStore Консоль (https://console.rustore.ru/waiting). Чтобы получить его, на странице приложения перейдите в раздел «Push-уведомления» — «Проекты» и скопируйте значение в поле «ID проекта».\n(опционально)com.example.ReactRuStorePushClientParams— полное имя класса своей реализацииReactRuStorePushClientParams.\nПараметр нужен для указания дополнительных параметров инициализации push-клиента.\ncodecodecode\nRuStorePushClientParams.ktclassRuStorePushClientParams(context:Context):AbstractRuStorePushClientParams(context){overridefungetLogger():Logger=DefaultLogger(\"ReactRuStorePushClient\")overridefungetTestModeEnabled():Boolean=false}\ncodecodecode\nbuild.gradlerepositories{maven{url=uri(\"https://artifactory-external.vkpartner.ru/artifactory/maven\")}}\ncodecodecode\nbuild.gradledependencies{implementation(\"ru.rustore.sdk:pushclient:2.1.1\")}\ncodecodecode\nReactRuStorePushClientParams.ktclassReactRuStorePushClientParams(context:Context):AbstractRuStorePushClientParams(context){overridefungetLogger():Logger=DefaultLogger(\"your_tag\")overridefungetTestModeEnabled():Boolean=falseoverridefungetClientIdCallback():ClientIdCallback=ClientIdCallback{ClientId(\"your_gaid_or_oaid\",ClientIdType.GAID)}}\ncodecodecode\nAndroidManifest.xml<meta-dataandroid:name=\"ru.rustore.sdk.pushclient.params_class\"android:value=\"com.example.ReactRuStorePushClientParams\"/>\nadmonitionadmonitionadmonition\nпредупреждение\nparagraphparagraphparagraph\nВ реализации классаAbstractRuStorePushClientParamsдолжен быть только один конструктор с одним аргументомContext.\nparagraphparagraphparagraph\nВ реализации классаAbstractRuStorePushClientParamsдолжен быть только один конструктор с одним аргументомContext.\nh2h2h2\nПроверка возможности получать push-уведомления​\nparagraphparagraphparagraph\nУсловия работы push-уведомлений:\nНа устройстве пользователя установлена актуальная версия RuStore.\nПриложение RuStore должно поддерживать функциональность push-уведомлений.\nПриложению RuStore разрешен доступ к работе в фоновом режиме.Без этого разрешения push-уведомления будут приходить, но со значительной задержкой.\nОтпечаток подписи приложения должен совпадать с отпечатком, добавленным вКонсоль RuStore (https://dev.rustore.ru/).\ncodecodecode\ntry{constisAvailable=awaitRustorePushClient.checkPushAvailability();console.log(`available success:${isAvailable}`);}catch(err){console.log(available error ${err});}\nh2h2h2\nМетоды для работы с push-токеном​\n\nh3h3h3\nПолучение push-токена пользователя​\n\nadmonitionadmonitionadmonition\nпредупреждение\nparagraphparagraphparagraph\nЕсли у пользователя нет push-токена, метод создаст и вернёт новый push-токен.\nparagraphparagraphparagraph\nЕсли у пользователя нет push-токена, метод создаст и вернёт новый push-токен.\ncodecodecode\ntry{constpushToken=awaitRustorePushClient.getToken();console.log(`push token:${pushToken}`);}catch(err:any){console.log(JSON.stringify(err));}\nh3h3h3\nУдаление push-токена пользователя​\n\ncodecodecode\ntry{constpushToken=awaitRustorePushClient.deleteToken();console.log(\"delete success\");}catch(err:any){console.log(JSON.stringify(err));}\nh2h2h2\nМетоды для работы с push-топиком​\n\nh3h3h3\nПодписка на push-уведомления по топику​\nparagraphparagraphparagraph\nВы можете использовать методRustorePushClient.subscribeToTopic(your_topic_name)для подписки на топик.\ncodecodecode\nПример реализации RustorePushClient.subscribeToTopic(your_topic_name)try{RustorePushClient.subscribeToTopic(\"your_topic_name\");}catch(err){console.log(JSON.stringify(err));}\nh3h3h3\nОтписка от push-уведомлений по топику​\nparagraphparagraphparagraph\nВы можете использовать методRustorePushClient.unsubscribeFromTopic(your_topic_name)для отписки от топика.\ncodecodecode\nПример реализации RustorePushClient.unsubscribeFromTopic(your_topic_name)try{RustorePushClient.unsubscribeFromTopic(\"your_topic_name\");}catch(err){console.log(JSON.stringify(err));}\nh2h2h2\nПолучение данных от RuStore SDK​\n\nh3h3h3\nСоздание эмиттера​\nparagraphparagraphparagraph\nДля создания эмиттера вызовите данный метод, который создаст генератор событий на стороне SDK.\ncodecodecode\nRustorePushClient.createPushEmitter();\ncodecodecode\ninterfaceRuStorePushEmitter{funonNewToken(token:String)funonMessageReceived(message:RemoteMessage)funonDeletedMessages()funonError(errors:String)}\ncodecodecode\nRustorePushClient.removePushEmitter();\nh3h3h3\nПолучение информации о push-уведомлениях​\nparagraphparagraphparagraph\nВы можете подписаться и реагировать на события, которые вас интересуют. Для этого необходимо сначала создать эмиттер, иначе события приходить не будут.\nЧтобы подписаться на события, используйте методeventEmitter.addListener.\ncodecodecode\nconstonNewTokenListener=useRef<EmitterSubscription>();constonMessageReceivedListener=useRef<EmitterSubscription>();constonDeletedMessageListener=useRef<EmitterSubscription>();constonErrorListener=useRef<EmitterSubscription>();onNewTokenListener.current=eventEmitter.addListener(PushEvents.ON_NEW_TOKEN,(token:string)=>{// эвент ON_NEW_TOKENconsole.log(\"token\",token)});onMessageReceivedListener.current=eventEmitter.addListener(PushEvents.ON_MESSAGE_RECEIVED,(message:RemoteMessage)=>{// эвент ON_MESSAGE_RECEIVEDconsole.log(\"messageId\",message.messageId)});onDeletedMessageListener.current=eventEmitter.addListener(PushEvents.ON_DELETED_MESSAGES,()=>{// эвент ON_DELETED_MESSAGES});onErrorListener.current=eventEmitter.addListener(PushEvents.ON_ERROR,(errors:string)=>{// эвент ON_ERRORconsole.log(\"errors\",errors)});\ncodecodecode\nСтруктура PushEventsenumPushEvents{ON_NEW_TOKEN='ON_NEW_TOKEN',ON_MESSAGE_RECEIVED='ON_MESSAGE_RECEIVED',ON_DELETED_MESSAGES='ON_DELETED_MESSAGES',ON_ERROR='ON_ERROR'}\n---Table Start---\nON_NEW_TOKEN        | Событие отрабатывает при получении нового push-токена.\nПосле получения события ваше приложение становится ответственно за передачу нового push-токена на свой сервер.\nВозвращает значение нового токена.                                                                                                                                                                                                                \nON_MESSAGE_RECEIVED | Событие отрабатывает при получении нового push-уведомления.\nПолучить payload push-уведомления =Map<string, string> можно из поля message.data .                                                                                                                                                                                                                                                                         \nON_DELETED_MESSAGES | Событие отрабатывает, если одно или несколько push-уведомлений не доставлены на устройство.\nНапример, если время жизни уведомления истекло до момента доставки.                                                                                                                                                                                                                                                         \nON_ERROR            | Событие отрабатывает, если в момент инициализации возникает ошибка.\nВозвращает строку с ошибками.\n< p/>\nВозможные ошибки: UnauthorizedException — пользователь не авторизован в RuStore. HostAppNotInstalledException — RuStore отсутствует на устройстве пользователя. HostAppBackgroundWorkPermissionNotGranted — у RuStore нет разрешения на работу в фоне. Все возможные ошибки описаны в разделе Обработка ошибок .\n---Table End---\nh3h3h3\nСтруктура уведомления​\n\ncodecodecode\nСтруктура полного уведомленияinterfaceRemoteMessage{messageId?:string;priority?:number;ttl?:number;from:string;collapseKey?:string;rawData?:ArrayBuffer,notification:Notification;}\nparagraphparagraphparagraph\nmessageId— уникальный ID сообщения. Является идентификатором каждого сообщения.\npriority— возвращает значение приоритетности (на данный момент не учитывается).Сейчас заложены следующие варианты:0—UNKNOWN.1—HIGH.2—NORMAL.< p/>\nttl— время жизни push-уведомления типаIntв секундах.\nfrom— поле, по которому можно понять, откуда пришло уведомление:\n< p/>Для уведомлений, отправленных в топик, в поле отображается имя топика.В других случаях — часть вашего сервисного токена.< p/>\ncollapseKey— идентификатор группы уведомлений (на данный момент не учитывается).\ndata— словарь, в который можно передать дополнительные данные для уведомления.\nrawData— словарьdataв виде массива байтов.\nnotification— объект уведомления.\ncodecodecode\nСтруктура объекта notificationinterfaceNotification{title?:string;body:string;channelId?:string;imageUrl?:string;color?:string;icon?:string;clickAction?:string;clickActionType?:ClickActionType;}\nparagraphparagraphparagraph\ntitle— заголовок уведомления.\nbody— тело уведомления\nchannelId— возможность задать канал, в который отправится уведомление. Актуально для Android 8.0 и выше.\nimageUrl— прямая ссылка на изображение для вставки в уведомление. Изображение должно быть не более 1 Мбайт.\ncolor— цвет уведомления в HEX-формате, строкой. Например,#0077FF.\nicon— значок уведомления изres/drawableв формате строки, которая совпадает с названием ресурса.\n< p/>\nНапример, вres/drawableесть значокsmall_icon.xml, который доступен в коде черезR.drawable.small_icon.\nЧтобы значок отображался в уведомлении, сервер должен указать в параметреiconзначениеsmall_icon.\n< p/>\nclickAction— поле с помощью которого будет сформировано действие при клике на уведомление.\nclickActionType— тип поляclickAction.\ncodecodecode\nСтруктура объекта ClickActionTypeenumClickActionType{DEFAULT=\"DEFAULT\",DEEP_LINK=\"DEEP_LINK\"}\nparagraphparagraphparagraph\nDEFAULT— тип поляclickActionпри которомclickActionбудет использоваться какintent actionдля открытия активити по клику на уведомление. Подробнее смотридокументацию (https://developer.android.com/reference/android/content/Intent#intent-structure).\nDEEP_LINK— тип поляclickActionпри которомclickActionбудет использоваться какdeep linkдля открытия активити по клику на уведомление. Подробнее смотридокументацию (https://developer.android.com/training/app-links/deep-linking).\nh3h3h3\nСоздание канала для отправки уведомления​\nparagraphparagraphparagraph\nДля канала, в который отправляется уведомление, действует следующий приоритет:\nЕсли в push-уведомлении есть полеchannelId, RuStore SDK отправит уведомление в указанный канал.\nВаше приложение должно создать этот канал заранее.\nЕсли в push-уведомлении нет поляchannelId, но ваше приложение указало параметр с каналом вAndroidManifest.xml, используется указанный канал.\nВаше приложение должно создать этот канал заранее.\nЕсли в push-уведомлении нет поляchannelId, и канал по умолчанию не задан вAndroidManifest.xml, RuStore SDK создаст канал и отправит уведомление в него.\nВ дальнейшем все уведомления без явного указания канала будут отправляться в этот канал.\nh2h2h2\nОбработка ошибок​\nparagraphparagraphparagraph\nRuStoreNotInstalledException— на устройстве пользователя не установлен RuStore.\nRuStoreOutdatedException— версия RuStore, установленная на устройстве пользователя, не поддерживает push-уведомления.\nRuStoreUserUnauthorizedException— пользователь не авторизован в RuStore.\nRuStoreFeatureUnavailableException— RuStore не имеет разрешения на работу в фоне.\nRuStoreException— базовая ошибка RuStore, от которой наследуются остальные ошибки.\nВызовется соответствующий обработчик ошибки.\nОшибка передаётся в методresolveForPushнативного SDK. Это нужно, чтобы показать пользователю диалог с ошибкой.\ncodecodecode\nМетод resolveForPushfunRuStoreException.resolveForPush(context:Context)\ncodecodecode\nЗапрет нативной обработки ошибокRustorePushClient.offNativeErrorHandling();\nh2h2h2\nТестирование интеграции SDK​\nparagraphparagraphparagraph\nУсловия работы push-уведомлений:\nНа устройстве пользователя установлена актуальная версия RuStore.\nПриложение RuStore должно поддерживать функциональность push-уведомлений.\nПриложению RuStore разрешен доступ к работе в фоновом режиме.Без этого разрешения push-уведомления будут приходить, но со значительной задержкой.\nОтпечаток подписи приложения должен совпадать с отпечатком, добавленным вКонсоль RuStore (https://dev.rustore.ru/).\ncodecodecode\nПример включения тестового режимаclassRuStorePushClientParams(context:Context):AbstractRuStorePushClientParams(context){overridefungetLogger():Logger=DefaultLogger(\"ReactRuStorePushClient\")overridefungetTestModeEnabled():Boolean=true}\ncodecodecode\nAndroidManifest.xml<meta-dataandroid:name=\"ru.rustore.sdk.pushclient.params_class\"android:value=\"com.example.RuStorePushClientParams\"/>\ncodecodecode\nПример отправки тестового push-уведомленияconsttestNotification=newTestNotificationPayload('Тестовое уведомление','Здесь будет тело уведомления','https://static.rustore.ru/image/rustore_deeplink_600x315.jpg',{key:'key',value:'value'})try{await RustorePushClient.sendTestNotification(testNotification)}catch(err:any){console.log(JSON.stringify(err));}\nh2h2h2\nСм. также​\nparagraphparagraphparagraph\nОтправка push-уведомлений (API) (https://rustore.ru/help/sdk/push-notifications/send-push-notifications)\nОтправка push-уведомлений по топикам (API) (https://rustore.ru/help/sdk/push-notifications/topic-notifications)\nРабота с сегментами пользователей (API) (https://rustore.ru/help/sdk/push-notifications/work-with-segments-push-api)"
}