{
    "meta": {
        "language": "ru",
        "parse_date": "2024-07-06T19:43:03.140258",
        "current_url": "https://www.rustore.ru/help/developers/publishing-and-verifying-apps/collect-har-logs/",
        "doc_section": "developers",
        "h1_text": "Сбор HAR-логов в RuStore: практическое руководство и сетевая диагностика"
    },
    "text": "h1h1h1\nСбор HAR-логов в RuStore: практическое руководство и сетевая диагностика\nparagraphparagraphparagraph\nHAR-логи (HTTP-архив) содержат записи обо всех сетевых запросах и ответах, сделанных браузером при загрузке определённой веб-страницы. В них находятся такие данные, как URL-адрес запрошенного ресурса, метод HTTP, используемый для его запроса, код ответа.\nHAR-логи собираются для диагностики проблем загрузки веб-страниц, выявления ресурсов с медленной скоростью загрузки и сетевых ошибок, мониторинга производительности и оптимизации сайта, сравнения производительных различных страниц.\nБольшинство браузеров позволяют собрать HAR в отдельный файл, который потом можно передать технической поддержке для понимания причин возникновения бага.\nadmonitionadmonitionadmonition\nпримечание\nparagraphparagraphparagraph\nПрежде чем приступить к работе, включите запись логов в консоли, чтобы точно зафиксировать ошибку.\nparagraphparagraphparagraph\nПрежде чем приступить к работе, включите запись логов в консоли, чтобы точно зафиксировать ошибку."
}