{
    "meta": {
        "language": "ru",
        "parse_date": "2024-07-06T19:56:14.183577",
        "current_url": "https://www.rustore.ru/help/sdk/updates/defold/history/",
        "doc_section": "sdk",
        "h1_text": "История обновлений"
    },
    "text": "h1h1h1\nИстория обновлений\n\nh2h2h2\nВерсия 3.0​\nparagraphparagraphparagraph\nВерсия SDK appUpdate 3.0.0.\nДобавлено полеsimpleNameв JSON ошибок.\nОбновлены методы установки обновления.\nh2h2h2\nВерсия 2.0​\nparagraphparagraphparagraph\nВерсия SDK appUpdate 2.0.0.\nh2h2h2\nВерсия 1.0.1​\nparagraphparagraphparagraph\nВерсия SDK appUpdate 1.0.1."
}