{
    "meta": {
        "language": "ru",
        "parse_date": "2024-07-06T19:40:04.842077",
        "current_url": "https://www.rustore.ru/help/developers/tools/app-tracer/android/additional-features/logging/",
        "doc_section": "developers",
        "h1_text": "Собственное логирование в Tracer SDK - описание HasTracerLogger и TracerLoggerDelegate"
    },
    "text": "h1h1h1\nСобственное логирование в Tracer SDK - описание HasTracerLogger и TracerLoggerDelegate\n\nadmonitionadmonitionadmonition\nк сведению\nparagraphparagraphparagraph\nИнформация касается собственного логирования Tracer SDK. Никакого отношения к тому, что SDK отправляет на сервер она не имеет. Собственное логирование служит только для самого Tracer SDK и/или его интеграции в ваш проект.\nparagraphparagraphparagraph\nИнформация касается собственного логирования Tracer SDK. Никакого отношения к тому, что SDK отправляет на сервер она не имеет. Собственное логирование служит только для самого Tracer SDK и/или его интеграции в ваш проект.\nh2h2h2\nОписаниеHasTracerLoggerиTracerLoggerDelegate​\nparagraphparagraphparagraph\nТрейсер осуществляет все внутреннее логирование через интерфейсTracerLoggerDelegate. Чтобы подменить механизм логирования, реализуйтеHasTracerLoggerв вашем приложении.\nВ том случае, если вы хотите всего лишь поменять уровень логирования, можно создать экземплярDefaultTracerLoggerDelegate(см. ниже).\ncodecodecode\nclassMyApplication:Application,HasTracerLogger{override val tracerLoggerDelegate:TracerLoggerDelegateget()=DefaultTracerLoggerDelegate(minLogPriority=Log.VERBOSE,)}\ncodecodecode\nclassMyApplication:Application,HasTracerLogger{override val tracerLoggerDelegate:TracerLoggerDelegateget()=MyLoggerDelegate()}classMyLoggerDelegate:TracerLoggerDelegate{// Начиная с какого уровня логировать события. Используютя константы из android.util.Log// По умочанию Log.DEBUGoverride val minLogPriority:Intget()=Log.VERBOSE// Основной метод логирования//// priority - уровень логнирования. Используютя константы из android.util.Log// msg - опциональное сообщение.// tr - опциональное исключение.override funprintln(priority:Int,msg:String?,tr:Throwable?){// тут ваш код логированияTODO()// опционально переправить во встроенную реализацию// будет отправлено в android logcat с тэгом ru.ok.tracerDefaultTracerLoggerDelegate.println(priority,msg,tr)}}"
}