{
    "meta": {
        "language": "ru",
        "parse_date": "2024-07-06T19:37:05.204812",
        "current_url": "https://www.rustore.ru/help/developers/tools/remote-config/general/",
        "doc_section": "developers",
        "h1_text": "RuStore Remote Config: основы, быстрый старт и руководство по управлению конфигурацией"
    },
    "text": "h1h1h1\nRuStore Remote Config: основы, быстрый старт и руководство по управлению конфигурацией\nparagraphparagraphparagraph\nRuStore Remote Config— инструмент для управления конфигурацией мобильных приложений. Позволяет реализовать функции feature toggle (или feature switcher) и управлять ими из удобного графического интерфейса.\nadmonitionadmonitionadmonition\nк сведению\nparagraphparagraphparagraph\nДля работы RuStore Remote Config необходима зарегистрированная учётная запись разработчика.\nparagraphparagraphparagraph\nДля работы RuStore Remote Config необходима зарегистрированная учётная запись разработчика.\nh2h2h2\nКак подключиться к Remote Config​\nparagraphparagraphparagraph\nВыполните настройки по шагам ниже, чтобы начать использовать сервис.\nh3h3h3\nШаг 1. Подключение SDK​\nparagraphparagraphparagraph\nПодключите репозиторий и зависимости.\ncodecodecode\nrepositories{maven{url=uri(\"https://artifactory-external.vkpartner.ru/artifactory/maven\")}}...dependencies{implementation(\"ru.rustore.sdk:remoteconfig:1.1.1\")}\nparagraphparagraphparagraph\nДобавьте код в файл Application.kt, где происходит инициализация приложения.\ncodecodecode\nimportandroid.app.Applicationimportru.rustore.sdk.remoteconfig.Accountimportru.rustore.sdk.remoteconfig.AppIdimportru.rustore.sdk.remoteconfig.ConfigRequestParameterimportru.rustore.sdk.remoteconfig.ConfigRequestParameterProviderimportru.rustore.sdk.remoteconfig.RemoteConfigClientBuilderimportru.rustore.sdk.remoteconfig.UpdateBehaviourclassApplication:Application(){override funonCreate(){super.onCreate()RemoteConfigClientBuilder(appId=AppId(\"Ваш APP_ID\"),context=applicationContext).setConfigRequestParameterProvider(ConfigRequestParameterProviderImpl()).setUpdateBehaviour(UpdateBehaviour.Actual).build().init()}}classConfigRequestParameterProviderImpl:ConfigRequestParameterProvider{override fungetConfigRequestParameter():ConfigRequestParameter=ConfigRequestParameter(account=Account(value=\"testUser\"),)}\nparagraphparagraphparagraph\nНастройте получение конфигурации.\ncodecodecode\nimportru.rustore.sdk.remoteconfig.RemoteConfigClient...RemoteConfigClient.instance.getRemoteConfig()...\nadmonitionadmonitionadmonition\nподсказка\nparagraphparagraphparagraph\nПриложение готово к взаимодействию с Remote Config. Настройте параметры и добавьте их в код приложения.\nparagraphparagraphparagraph\nПриложение готово к взаимодействию с Remote Config. Настройте параметры и добавьте их в код приложения.\nh3h3h3\nШаг 2. Настройка параметра​\nparagraphparagraphparagraph\nПараметр – это переменная, которую нужно добавить в код приложения. После настройкипараметрможно изменить удалённо.\nСоздайте параметр в интерфейсе Remote Config.\nadmonitionadmonitionadmonition\nк сведению\nparagraphparagraphparagraph\nНа данном этапе можно пропустить функционал тестирования.\nВпишите в поле «Ключ» значение «background».\nВыберите тип значение «string».\nЗаполните произвольно поле «Описание».\nВ поле «значение по умолчанию» снимите выбор с «Нет значения» и впишите строку «green».\nНажмите «Создать».\nНа странице параметра нажмите «Запустить тест», а затем «Подтвердить».\nВстройте созданный параметр в код приложения.\nparagraphparagraphparagraph\nНа данном этапе можно пропустить функционал тестирования.\nВпишите в поле «Ключ» значение «background».\nВыберите тип значение «string».\nЗаполните произвольно поле «Описание».\nВ поле «значение по умолчанию» снимите выбор с «Нет значения» и впишите строку «green».\nНажмите «Создать».\nНа странице параметра нажмите «Запустить тест», а затем «Подтвердить».\nВстройте созданный параметр в код приложения.\ncodecodecode\nimportandroid.util.Logimportandroid.util.Logimportandroidx.activity.ComponentActivityimportandroidx.activity.compose.setContentimportandroidx.compose.foundation.layout.Columnimportandroidx.compose.foundation.layout.fillMaxSizeimportandroidx.compose.material3.Surfaceimportandroidx.compose.material3.Textimportandroidx.compose.material3.Buttonimportandroidx.compose.material3.ButtonColorsimportandroidx.compose.material3.ButtonDefaultsimportandroidx.compose.runtime.Composableimportandroidx.compose.runtime.LaunchedEffectimportandroidx.compose.runtime.mutableStateOfimportandroidx.compose.ui.Modifierimportandroidx.compose.ui.graphics.Colorimportru.rustore.remoteconfigexample.ui.theme.RemoteConfigExampleThemeimportru.rustore.sdk.remoteconfig.RemoteConfigClientclassMainActivity:ComponentActivity(){valGREEN_COLOR=\"green\"valBLUE_COLOR=\"blue\"override funonCreate(savedInstanceState:Bundle?){super.onCreate(savedInstanceState)val color=mutableStateOf(Color(0xFFFFFFFF))setContent{LaunchedEffect(true){RemoteConfigClient.instance.getRemoteConfig().addOnSuccessListener{rc->Log.i(\"RemoteConfigClient\",rc.getString(\"background\"))color.value=when(rc.getString(\"background\")){GREEN_COLOR->Color(0xFF4BB34B)BLUE_COLOR->Color(0xFF2688EB)else->Color(0xFFFFFFFF)}}}RemoteConfigExampleTheme{Surface(modifier=Modifier.fillMaxSize()){Column(){Greeting(\"Android\")Button(\"Click me\",ButtonDefaults.buttonColors(containerColor=color.value))}}}}}}@ComposablefunButton(text:String,colors:ButtonColors){Text(text=\"Hello $name!\",modifier=modifier)}@ComposablefunButton(text:String,colors:ButtonColors){Button(onClick={},content={Text(text=text)},colors=colors,)}\nparagraphparagraphparagraph\nПроверьте, что новая логика работает:\nПри запуске код должен отрисовать кнопку с текстом «Click me» зелёного цвета.\nДля дополнительной проверки измените зачение по умолчанию на «blue». Кнопка должна окраситься в синий цвет.\nadmonitionadmonitionadmonition\nподсказка\nparagraphparagraphparagraph\nSDK и параметры настроены. Можно реализовать дополнительную логику с помощью условий.\nparagraphparagraphparagraph\nSDK и параметры настроены. Можно реализовать дополнительную логику с помощью условий.\nh3h3h3\nШаг 3. Настройка условий​\nparagraphparagraphparagraph\nУсловиянужны для гибкой раскатки параметров на определённую аудиторию.\nСоздайте условие в интерфейсе Remote Config.\nВ поле «Название» впишите «Условие по account».\nЗаполните произвольно поле «описание».\nВ блоке «Атомарные условия» выберите «Account» в качестве значения.\nЗатем выберите «Операция» — «Exactly matches».\nВ поле «Account» впишите «testUser».\nНажмите кнопку «Создать».\nНажмите кнопку «Подтвердить» в экране созданного условия.\nДобавьте созданное условие в параметр «background».\nПерейдите в редактирование параметра.\nВ блоке «Условия» нажмите на «Добавить условие» и впишите «account» в строку поиска. Выберите найденное значение.\nСнимите выбор «Нет значения» возле добавленного условия.\nВпишите в поле «account» строку «blue».\nВ качестве значения по умолчанию укажите строку «green».\nНажмите кнопку «Редактировать».\nНажмите кнопку «Запустить тест», а затем «Подтвердить» на экране параметра.\nПроверьте, что новая логика работает.\nadmonitionadmonitionadmonition\nподсказка\nparagraphparagraphparagraph\nПараметр меняет свое значение в зависимости от настроенных условий.\nparagraphparagraphparagraph\nПараметр меняет свое значение в зависимости от настроенных условий.\nh3h3h3\nШаг 4. MyTracker​\nparagraphparagraphparagraph\nДля отслеживания кликов по кнопке выполните следующие шаги:\nПодключитеMyTracker (https://www.rustore.ru/help/developers/tools/mytracker/).\nadmonitionadmonitionadmonition\nк сведению\nparagraphparagraphparagraph\nУбедитесь, что вы предварительно подключили и настроили SDK MyTracker к коду приложения.\nparagraphparagraphparagraph\nУбедитесь, что вы предварительно подключили и настроили SDK MyTracker к коду приложения.\ncodecodecode\nimportcom.my.tracker.MyTrackerMyTracker.getTrackerParams().setCustomUserId(\"testUser\")MyTracker.initTracker(\"ВАШ_SDK_КЛЮЧ\",this)\nparagraphparagraphparagraph\nДобавьте отслеживание конверсии.\nНастройте отправку двух событий.\nНазовите первое событие «page.view». Оно будет отправляться при посещении пользователем экрана.\nДобавьте событие в код приложения.\nДобавьте обработку нажатия на кнопку, которая будет отправлять второе событие с именем «button.click».\ncodecodecode\nimportcom.my.tracker.MyTracker...classMainActivity:ComponentActivity(){MyTracker.trackEvent(\"example.page.view\")...@ComposablefunButton(text:String,colors:ButtonColors){Button(onClick={MyTracker.trackEvent(\"example.button.click\")},content={Text(text=text)},colors=colors,)}\nparagraphparagraphparagraph\nПротестируйте приложение.\nadmonitionadmonitionadmonition\nк сведению\nparagraphparagraphparagraph\nОбратите внимание, что обновление параметра может занять до 5 минут.\nПерезапустите приложение, затем нажмите на кнопку.\nУбедитесь, что статистика по событиям приходит в MyTracker.\nparagraphparagraphparagraph\nОбратите внимание, что обновление параметра может занять до 5 минут.\nПерезапустите приложение, затем нажмите на кнопку.\nУбедитесь, что статистика по событиям приходит в MyTracker.\nadmonitionadmonitionadmonition\nподсказка\nparagraphparagraphparagraph\nПараметр меняет свое значение в зависимости от настроенных условий.\nparagraphparagraphparagraph\nПараметр меняет свое значение в зависимости от настроенных условий.\nh3h3h3\nШаг 5. Метрика​\nparagraphparagraphparagraph\nМетрику можно создать после получения данных по событию в MyTracker.\nСоздайте метрику.\ndetailsdetailsdetails\nМетрики\nparagraphparagraphparagraph\nВыберите раздел «Метрики» в боковом меню Remote Config.\nНажмите кнопку «Создать».\nДобавьте данные.\nНастройте отправку двух событий.\nНазовите метрику «Клики по кнопке».\nВыберите тип метрики «Hits per Uniqs».\nОтследите среднее количество уникальных пользователей, кликнувших по кнопке.\nДобавьте события.\nparagraphparagraphparagraph\nВыберите раздел «Метрики» в боковом меню Remote Config.\nНажмите кнопку «Создать».\nДобавьте данные.\nНастройте отправку двух событий.\nНазовите метрику «Клики по кнопке».\nВыберите тип метрики «Hits per Uniqs».\nОтследите среднее количество уникальных пользователей, кликнувших по кнопке.\nДобавьте события.\nadmonitionadmonitionadmonition\nк сведению\nparagraphparagraphparagraph\nОбратите внимание, что обновление параметра может занять до 5 минут.\nВ блоке первого события укажите название «page.view».\nВо втором блоке укажите название «button.click».\nНажимите кнопку «Создать».\nparagraphparagraphparagraph\nОбратите внимание, что обновление параметра может занять до 5 минут.\nВ блоке первого события укажите название «page.view».\nВо втором блоке укажите название «button.click».\nНажимите кнопку «Создать».\nadmonitionadmonitionadmonition\nподсказка\nparagraphparagraphparagraph\nСоздана метрика, которая посчитает количество уникальных пользователей, нажавших на кнопку, среди тех, кто посетил страницу. Метрика будет автоматически считаться в экспериментах.\nparagraphparagraphparagraph\nСоздана метрика, которая посчитает количество уникальных пользователей, нажавших на кнопку, среди тех, кто посетил страницу. Метрика будет автоматически считаться в экспериментах.\nh3h3h3\nШаг 6. Эксперименты​\nparagraphparagraphparagraph\nЗапустите эксперимент после подключения MyTracker и добавления метрики.\nСоздайте эксперимент.\nВыберите раздел «Эксперименты» в боковом меню Remote Config.\nНажмите кнопку «Создать».\nДобавьте данные.\nУкажите название эксперимента. Например, «Тест новой кнопки».\nЗаполните описание эксперимента.\nОпределите сегмент пользователей.\ndetailsdetailsdetails\nСегментирование пользователей\nparagraphparagraphparagraph\nЕсть и другой способ сегментирования. Чтобы раскатить изменения на разные не пересекающиеся группы пользователей, используйте параметрSalt. Принцип его работы выглядит так: значение параметра закрепляется за указанными персентилями пользователей. Это происходит даже в том случае, если значение остаётся пустым.\nНапример, вы указали значениеSalt1для эксперимента на 5% пользователей, выбрав 10-15 персентилей. При создании нового эксперимента, уже на 10% пользователей, вы можете указать значение2и изменить персентили, чтобы аудитория двух экспериментов не пересекалась.\nУкажите процент и параметрSalt.\nparagraphparagraphparagraph\nЕсть и другой способ сегментирования. Чтобы раскатить изменения на разные не пересекающиеся группы пользователей, используйте параметрSalt. Принцип его работы выглядит так: значение параметра закрепляется за указанными персентилями пользователей. Это происходит даже в том случае, если значение остаётся пустым.\nНапример, вы указали значениеSalt1для эксперимента на 5% пользователей, выбрав 10-15 персентилей. При создании нового эксперимента, уже на 10% пользователей, вы можете указать значение2и изменить персентили, чтобы аудитория двух экспериментов не пересекалась.\nУкажите процент и параметрSalt.\nadmonitionadmonitionadmonition\nпримечание\nparagraphparagraphparagraph\nЧтобы пользователь попадал в разные персентили, значения параметраSaltдолжны отличаться.\nНапример, если вы хотите всегда включать новые фичи на одних и тех же пользователей при публикации на % используйте атомарное условиеdeviceId percentile. Если нужно, чтобы каждое обновление видели разные пользователи, меняйте значение параметраSalt.\nВыберите условия для указанных персентилей (см.Условия (https://rustore.ru/help/developers/tools/remote-config/parameters-and-conditions/conditions)).\nНастройте варианты эксперимента.\nУкажите названия для двух вариантов эксперимента.\nУкажите параметр кода для каждого из вариантов.\nДобавьте параметр.\nНажмите кнопку «+ Параметр».\nУкажите параметрbackground.\nУкажите значение параметра.\nНапишитеredдля варианта с красной кнопкой.\nНапишитеgreenдля варианта с зелёной кнопкой.\nДобавьте время.\nУкажите дату старта через 5 минут от текущего времени.\nУкажите дату окончания вовлечения через неделю от текущего времени.\nУкажите дату окончания эксперимента также через неделю от текущего времени.\nparagraphparagraphparagraph\nЧтобы пользователь попадал в разные персентили, значения параметраSaltдолжны отличаться.\nНапример, если вы хотите всегда включать новые фичи на одних и тех же пользователей при публикации на % используйте атомарное условиеdeviceId percentile. Если нужно, чтобы каждое обновление видели разные пользователи, меняйте значение параметраSalt.\nВыберите условия для указанных персентилей (см.Условия (https://rustore.ru/help/developers/tools/remote-config/parameters-and-conditions/conditions)).\nНастройте варианты эксперимента.\nУкажите названия для двух вариантов эксперимента.\nУкажите параметр кода для каждого из вариантов.\nДобавьте параметр.\nНажмите кнопку «+ Параметр».\nУкажите параметрbackground.\nУкажите значение параметра.\nНапишитеredдля варианта с красной кнопкой.\nНапишитеgreenдля варианта с зелёной кнопкой.\nДобавьте время.\nУкажите дату старта через 5 минут от текущего времени.\nУкажите дату окончания вовлечения через неделю от текущего времени.\nУкажите дату окончания эксперимента также через неделю от текущего времени.\nadmonitionadmonitionadmonition\nк сведению\nparagraphparagraphparagraph\nЭксперимент не запустится до тех пор, пока вы не протестируете варианты.\nНажимите кнопку «Создать».\nparagraphparagraphparagraph\nЭксперимент не запустится до тех пор, пока вы не протестируете варианты.\nНажимите кнопку «Создать».\nadmonitionadmonitionadmonition\nподсказка\nparagraphparagraphparagraph\nСоздан эксперимент с двумя вариантами. В рамках эксперимента будет считаться метрика «Клики по кнопке».\nparagraphparagraphparagraph\nСоздан эксперимент с двумя вариантами. В рамках эксперимента будет считаться метрика «Клики по кнопке».\nh3h3h3\nШаг 7. Тестирование вариантов​\nparagraphparagraphparagraph\nСозданный на предыдущем шаге эксперимент не будет запущен, пока вы не протестируете варианты. Так вы убедитесь, что пользователи увидят планируемые изменения. Шаг можно пропустить, чтобы ускорить процесс запуска.\ndetailsdetailsdetails\nТест вариантов\nparagraphparagraphparagraph\nЗапустите тест.\nПодтвердите варианты.\nparagraphparagraphparagraph\nЗапустите тест.\nПодтвердите варианты.\nadmonitionadmonitionadmonition\nподсказка\nparagraphparagraphparagraph\nВарианты протестированы и подтверждены. Эксперимент запустится в указанную дату старта.\nparagraphparagraphparagraph\nВарианты протестированы и подтверждены. Эксперимент запустится в указанную дату старта.\nh3h3h3\nШаг 8. Анализ результатов​\nparagraphparagraphparagraph\nПроверьте участников.\nПроверьте результаты по метрикам.\nПосмотрите изменения метрики в разрезе вариантов.\nДождитесь окончания эксперимента.\nadmonitionadmonitionadmonition\nподсказка\nparagraphparagraphparagraph\nВы прошлись по основным этапам заведения эксперимента и запустили его. После окончания эксперимента вы можете проанализировать результаты.\nparagraphparagraphparagraph\nВы прошлись по основным этапам заведения эксперимента и запустили его. После окончания эксперимента вы можете проанализировать результаты."
}