{
    "meta": {
        "language": "ru",
        "parse_date": "2024-07-06T20:09:15.996884",
        "current_url": "https://www.rustore.ru/help/work-with-rustore-api/api-access-control/revoke-access/",
        "doc_section": "",
        "h1_text": "Отзыв доступа"
    },
    "text": "h1h1h1\nОтзыв доступа\nparagraphparagraphparagraph\nМетод позволяет отозвать доступ у пользователя.\nПараметры взаимодействия\nDELETE https://public-api.rustore.ru/public/v1/application/{packageName}/developer/{devVkId}/role/{roleName}\n---Table Start---\nPublic-Token | string | Да | Header | Токен доступа к API RuStore .                              | N/A                                                                                                                                                                                                                                               \npackageName  | string | Да | path   | Наименование пакета приложения.                            | com.myapp.example                                                                                                                                                                                                                                 \ndevVkId      | string | Да | path   | VK ID пользователя, у которого необходимо отозвать доступ. | 743103                                                                                                                                                                                                                                            \nroleName     | string | Да | path   | Роль пользователя, которую необходимо отозвать.            | • OWNER — владелец; • NON_RESIDENT_OWNER — владелец; • INDIVIDUAL_OWNER — владелец; • ADMIN — администратор; • RELEASE_MANAGER — релиз-менеджер; • DEV — разработчик; • FINANCIAL_MANAGER — финансовый менеджер; • SUPPORT — специалист поддержки.\n---Table End---\nadmonitionadmonitionadmonition\nпримечание\nparagraphparagraphparagraph\nПодробнее о возможностях каждой роли можно почитатьтут (https://rustore.ru/help/developers/developer-account/user-roles/).\nparagraphparagraphparagraph\nПодробнее о возможностях каждой роли можно почитатьтут (https://rustore.ru/help/developers/developer-account/user-roles/).\nh2h2h2\nПараметры ответа​\n\n---Table Start---\ncode      | string      | Да  | Код ответа.              | error / OK                       \nmessage   | string      | Нет | Расшифровка кода ответа. | N/A                              \ntimestamp | timestamptz | Да  | Время ответа.            | 2022-07-08T13:24:41.8328711+03:00\nbody{}    | string      | Да  | N/A                      | N/A                              \n---Table End---\nh2h2h2\nВозможные ошибки​\n\n---Table Start---\n400 | Incorrect parameter role                      | Такой роли не существует             | Проверьте, что, указанная роль существует.           \n400 | Owner role can not be revoked                 | Нельзя удалить роль владельца        |                                                      \n404 | No application developer with this role found | Разработчик с данной ролью не найден | Проверьте корректность параметров devVkId и roleName.\n---Table End---\nh3h3h3\nПример запроса​\n\ncodecodecode\ncurl --location --request DELETE 'https://public-api.rustore.ru/public/v1/application/com.package.example/developer/1111111111/role/DEV' \\--header 'Public-Token: {YOURtoken}'\nh3h3h3\nПример ответа​\n\ncodecodecode\n{\"code\": \"OK\",\"message\": null,\"body\": null,\"timestamp\": \"2024-03-25T20:50:36.360850021+03:00\"}"
}