{
    "meta": {
        "language": "ru",
        "parse_date": "2024-07-06T19:41:55.443912",
        "current_url": "https://www.rustore.ru/help/developers/publishing-and-verifying-apps/declare-app-permissions/data-categories/",
        "doc_section": "developers",
        "h1_text": "Категории и типы данных в RuStore"
    },
    "text": "h1h1h1\nКатегории и типы данных в RuStore\nparagraphparagraphparagraph\nКатегории и типы данных — это сведения, которые помогут пользователям понять, каким образом приложение использует их данные и как в нём обеспечивается безопасность.\nИнформация о том, какие типы данных приложение может собирать и передавать третьим лицам, будет доступна пользователям на странице мобильного приложения RuStore.\nПри загрузке или обновлении приложения необходимо указать все типы пользовательских данных, которые собирает и передаёт приложение, а именно:\nвсе типы пользовательских данных, которые собирает и/или передает приложение;\nвсе пользовательские данные, отправляемые с устройства с помощью библиотек или SDК, которые есть в приложении, независимо от того, кому передается информация — разработчику или третьему лицу;\nвсе пользовательские данные, которые передаются с сервера разработчика третьему лицу или стороннему приложению на том же устройстве.\n---Table Start---\nМестоположение                        \nПриблизительное местоположение         | Местоположение пользователя или устройства в пределах области размером от трёх квадратных километров, например, город, в котором находится пользователь, или местоположение, полученное с помощью разрешения Android ACCESS_COARSE_LOCATION\nТочное местоположение                  | Местоположение пользователя или устройства в пределах области размером менее трёх квадратных километров, например, местоположение, полученное с помощью разрешения Android ACCESS_FINE_LOCATION                                            \nЛичная информация                     \nИмя                                    | Обращение, которое предпочитает пользователь: имя, фамилия или псевдоним                                                                                                                                                                   \nАдрес электронной почты                | Адрес электронной почты пользователя                                                                                                                                                                                                       \nID пользователей                       | Идентификаторы пользователя. Например, номер, идентификатор или название аккаунта                                                                                                                                                          \nАдрес                                  | Адрес пользователя. Например, почтовый или домашний                                                                                                                                                                                        \nНомер телефона                         | Номер телефона пользователя                                                                                                                                                                                                                \nРаса и этническая принадлежность       | Сведения о расовой или этнической принадлежности пользователя                                                                                                                                                                              \nПолитические или религиозные убеждения | Сведения о политических или религиозных убеждениях пользователя                                                                                                                                                                            \nСексуальная ориентация                 | Сведения о сексуальной ориентации пользователя                                                                                                                                                                                             \nДругие данные                          | Любая другая личная информация. Например, дата рождения, гендерная идентичность, статус участника боевых действий и т. д.                                                                                                                  \nФинансовые данные                     \nПлатёжные данные                       | Информация о денежных счетах пользователя. Например, номер кредитной карты                                                                                                                                                                 \nИстория покупок                        | Информация о покупках и транзакциях пользователя                                                                                                                                                                                           \nКредитный рейтинг                      | Информация о кредитоспособности пользователя                                                                                                                                                                                               \nДругие финансовые данные               | Другая финансовая информация. Например, зарплата или долги пользователя                                                                                                                                                                    \nЗдоровье и фитнес                     \nМедицинские данные                     | Информация о здоровье пользователя. Например, данные медицинской карты или описание симптомов                                                                                                                                              \nДанные о физической активности         | Информация о физической активности пользователя. Например, о тренировках                                                                                                                                                                   \nСообщения                             \nЭлектронные письма                     | Содержание, темы, информация об отправителях и получателях электронных писем пользователя                                                                                                                                                  \nSMS или MMS                            | Содержание и информация об отправителях и получателях сообщений пользователя                                                                                                                                                               \nДругие сообщения в приложениях         | Другие типы сообщений. Например, мгновенные сообщения или контент в чате                                                                                                                                                                   \nФото и видео                          \nВидео                                  | Видео пользователя                                                                                                                                                                                                                         \nАудиофайлы                            \nАудиозаписи и голосовые сообщения      | Записи голоса пользователя. Например, голосовые сообщения или запись звука                                                                                                                                                                 \nМузыкальные файлы                      | Музыкальные файлы пользователя                                                                                                                                                                                                             \nДругие аудиофайлы                      | Другие аудиофайлы, созданные или предоставленные пользователем                                                                                                                                                                             \nФайлы и документы                     \nФайлы и документы                      | Документы и другие файлы пользователя или любая информация о них. Например, названия файлов                                                                                                                                                \nКалендарь                             \nСобытия календаря                      | Информация из календаря пользователя. Например, о мероприятиях, заметках к ним и участниках                                                                                                                                                \nКонтакты                              \nКонтакты                               | Информация о контактах пользователя. Например, об их именах, истории переписки с ними, а также такие данные, как имена пользователей, журнал звонков и сведения о давности, частоте и длительности общения                                 \nДействия в приложении                 \nВзаимодействие с приложением           | Информация о том, как пользователь взаимодействует с приложением. Например, сколько раз он просмотрел страницу или какие разделы посещал                                                                                                   \nИстория поиска в приложении            | Информация о том, что пользователь искал в приложении                                                                                                                                                                                      \nУстановленные приложения               | Информация о приложениях, установленных на устройстве пользователя                                                                                                                                                                         \nДругой пользовательский контент        | Другой контент, созданный пользователем и не упомянутый ни в одном разделе. Например, биография, заметки или развёрнутые ответы                                                                                                            \nДругие действия                        | Другие действия пользователя в приложении, не упомянутые ни в одном разделе. Например, информация об играх, лайках или выбранных вариантах в диалоговых окнах.                                                                             \nПросмотр веб-страниц                  \nИстория просмотра веб-страниц          | Информация о сайтах, которые посещал пользователь                                                                                                                                                                                          \nДанные о работе приложения            \nОтчёты об ошибках                      | Данные из журнала сбоев приложения. Например, о количестве сбоев и трассировках стека, или другая информация, напрямую связанная с ошибками.                                                                                               \nДиагностика                            | Информация о производительности приложения. Например, время работы от батареи, время загрузки и реакции, частота кадров или данные технической диагностики.                                                                                \nДругие данные о работе приложения      | Другая информация о производительности приложения, не упомянутая здесь.                                                                                                                                                                    \nИдентификаторы                         | ID устройства или другие идентификаторы                                                                                                                                                                                                    \n---Table End---"
}