{
    "meta": {
        "language": "ru",
        "parse_date": "2024-07-06T19:58:30.728701",
        "current_url": "https://www.rustore.ru/help/sdk/rustore-geo/map-display-services/interactive-map/handlers/",
        "doc_section": "sdk",
        "h1_text": "5. Handlers (обработчики)"
    },
    "text": "h1h1h1\n5. Handlers (обработчики)\n\nh2h2h2\nBoxZoomHandler​\nparagraphparagraphparagraph\nBoxZoomHandlerпозволяет пользователю масштабировать карту так, чтобы она помещалась в ограничивающую рамку. Чтобы задать прямоугольник, необходимо одновременно нажать и удерживать клавишу SHIFT и левую кнопку мыши и перетащить курсор.\nsrc/ui/handler/box_zoom.js\nМетоды\n---Table Start---\ndisable()   | Отключает «box zoom». См. пример ниже. map.boxZoom.disable();\nenable()    | Включает «box zoom» См. пример ниже. map.boxZoom.enable()    \nisActive()  | Возвращает true , если «box zoom» активна.                   \nisEnabled() | Возвращает true , если «box zoom» включена.                  \n---Table End---\nh2h2h2\nScrollZoomHandler​\nparagraphparagraphparagraph\nScrollZoomHandlerпозволяет пользователю масштабировать карту с помощью прокрутки.\nsrc/ui/handler/scroll_zoom.js\nМетоды\n---Table Start---\ndisable()                       | Выключает «scroll to zoom». См. пример ниже. map.scrollZoom.disable()                                                                                                                                                             \nenable(options?)                | Используется параметр around — если center пройден, карта будет масштабироваться вокруг центра карты. См. пример ниже. map.scrollZoom.enable(); См. пример ниже. map.scrollZoom.enable({ around: 'center' })                      \nisEnabled()                     | Возвращает true , если настройка scroll to zoom включена                                                                                                                                                                          \nsetWheelZoomRate(wheelZoomRate) | Установите скорость масштабирования колесика мыши. Используемый параметр — wheelZoomRate (по умолчанию 1/450), скорость масштабирования. См. пример ниже. // Slow down zoom of mouse wheel map.scrollZoom.setWheelZoomRate(1/600);\nsetZoomRat(zoomRate)            | Установите скорость масштабирования трекпада. Используемый параметр — zoomRate (по умолчанию 1/100), скорость масштабирования. См. пример ниже. // Speed up trackpad zoom map.scrollZoom.setZoomRate(1/25);                       \n---Table End---\nh2h2h2\nDragPanHandler​\nparagraphparagraphparagraph\nDragPanHandlerпозволяет пользователю перемещать карту, щелкая и перетаскивая курсор.\nsrc/ui/handler/shim/drag_pan.js\nМетоды\n---Table Start---\ndisable()        | Отключает «drag to pan». См. пример ниже. map . dragPan . disable ( ) ;                                                                                                                                                                                                                                                                                                                                                                                                                                                                                                         \nenable(options?) | Включает «drag to pan». Параметры: • linearity — коэффициент, используемый для масштабирования скорости сопротивления (drag velocity); • easing — функция сглаживания (easing function) применяется к map.panTo при перетаскивании; • maxSpeed — максимальное значение скорости лобового сопротивления; • deceleration — скорость, с которой уменьшается движение после касания. См. пример ниже. map . dragPan . enable ( ) ; См. пример ниже. map . dragPan . enable ( { linearity : 0.3 , easing : bezier ( 0 , 0 , 0.3 , 1 ) , maxSpeed : 1400 , deceleration : 2500 , } ) ;\nisActive()       | Возвращает true , если «drag to pan» активна.                                                                                                                                                                                                                                                                                                                                                                                                                                                                                                                                   \nisEnabled()      | Возвращает true , если функция «drag to pan» включена.                                                                                                                                                                                                                                                                                                                                                                                                                                                                                                                          \n---Table End---\nh2h2h2\nDragRotateHandler​\nparagraphparagraphparagraph\nDragRotateHandlerпозволяет пользователю вращать карту, щелкая и перетаскивая курсор, удерживая правую кнопку мыши или клавишу CTRL.\nsrc/ui/handler/shim/drag_rotate.js\nМетоды\n---Table Start---\ndisable()   | Отключает «drag to rotate». См. пример ниже. map . dragRotate . disable ( ) ;\nenable()    | Включает «drag to rotate». См. пример ниже. map . dragRotate . enable ( ) ;  \nisActive()  | Возвращает true , если функция «drag to rotate» активна.                     \nisEnabled() | Возвращает true , если функция «drag to rotate» включена.                    \n---Table End---\nh2h2h2\nKeyboardHandler​\nparagraphparagraphparagraph\nKeyboardHandlerпозволяет пользователю масштабировать, поворачивать и панорамировать карту с помощью следующих сочетаний клавиш:\n= / + : увеличение масштаба до 1;\nSHIFT-= / SHIFT-+: увеличение уровня масштабирования на 2;\n-: уменьшение уровня сигнала по 1;\nSHIFT -: уменьшение уровня сигнала на 2;\nКлавиши со стрелками (Arrow keys): панорамирование на 100 пикселей;\nSHIFT+→: увеличение поворота на 15 градусов;\nSHIFT+←: уменьшение поворота на 15 градусов;\nSHIFT+↑: увеличение шага на 10 градусов;\nSHIFT+↓: уменьшение шага на 10 градусов.\n---Table Start---\ndisable()         | Отключает «keyboard rotate and zoom» См. пример ниже. map.keyboard.disable();                                             \ndisableRotation() | Отключает «keyboard pan/rotate», но оставляет включенным «keyboard zoom». См. пример ниже. map.keyboard.disableRotation();\nenable()          | Включает «keyboard rotate and zoom». См. пример ниже. map.keyboard.enable();                                              \nenableRotation()  | Включает «keyboard pan/rotate». См. пример ниже. map.keyboard.enableRotation();                                           \nisActive()        | Возвращает true , если обработчик включен и обнаружил начало zoom / rotate .                                              \nisEnabled()       | Возвращает true , если включено взаимодействие «keyboard rotate and zoom».                                                \n---Table End---\nh2h2h2\nDoubleClickZoomHandler​\nparagraphparagraphparagraph\nDoubleClickZoomHandlerпозволяет пользователю масштабировать карту в определенной точке двойным нажатием левой кнопкой мыши или двойным тапом.\nsrc/ui/handler/shim/dblclick_zoom.js\nМетоды\n---Table Start---\ndisable()   | Отключает «double click to zoom». См. пример ниже. map.doubleClickZoom.disable();\nenable()    | Включает «double click to zoom». См. пример ниже. map.doubleClickZoom.enable();  \nisActive()  | Возвращает true , если функция «double click to zoom» активна.                   \nisEnabled() | Возвращает true , если функция «double click to zoom» включена.                  \n---Table End---\nh2h2h2\nTouchZoomRotateHandler​\nparagraphparagraphparagraph\nTouchZoomRotateHandlerпозволяет пользователю увеличивать и поворачивать карту, нажимая на сенсорный экран.\nОни могут увеличивать масштаб одним пальцем, дважды нажимая и перетаскивая. При втором касании удерживайте палец и перетащите его вверх или вниз, чтобы увеличить или уменьшить масштаб.\nsrc/ui/handler/shim/touch_zoom_rotate.js\nМетоды\n---Table Start---\ndisable()         | Отключает «pinch to rotate and zoom». См. пример ниже. map.touchZoomRotate.disable();                                                                                                                     \ndisableRotation() | Отключает «pinch to rotate», оставляя «pinch to zoom». См. пример ниже. map.touchZoomRotate.disableRotation();                                                                                            \nenable(options?)  | Включает «pinch to rotate and zoom». Используется параметр around — если center пройден, карта будет масштабироваться вокруг центра карты. См. пример ниже. map.touchZoomRotate.enable(); См. пример ниже.\nenableRotation()  | Включает «pinch to rotate». См. пример ниже. map.touchZoomRotate.enable(); map.touchZoomRotate.enableRotation();                                                                                          \nisActive()        | Возвращает true , если обработчик включен и обнаружил zoom / rotate .                                                                                                                                     \nisEnabled()       | Возвращает true , если «pinch to rotate and zoom» включена.                                                                                                                                               \n---Table End---\nh2h2h2\nTouchPitchHandler​\nparagraphparagraphparagraph\nTouchPitchHandlerпозволяет пользователю наклонять карту, перетаскивая ее вверх и вниз двумя пальцами.\nsrc/ui/handler/touch_zoom_rotate.js\nМетоды\n---Table Start---\ndisable()   | Отключает «drag to pitch» См. пример ниже. map.touchPitch.disable();\nenable()    | Включает «drag to pitch» См. пример ниже. map.touchPitch.enable();  \nisActive()  | Возвращает true , если «drag to pitch» активна.                     \nisEnabled() | Возвращает true , если «drag to pitch» включена.                    \n---Table End---"
}