{
    "meta": {
        "language": "ru",
        "parse_date": "2024-07-06T19:41:19.538009",
        "current_url": "https://www.rustore.ru/help/legal/terms-of-use/",
        "doc_section": "",
        "h1_text": "Пользовательское соглашение RuStore"
    },
    "text": "h1h1h1\nПользовательское соглашение RuStore\nparagraphparagraphparagraph\n1. Общие положения\n1.1. Предметом регулирования настоящего соглашения (далее - «Соглашение») являются отношения между ООО «ВК» (ОГРН 1027739850962, Российская Федерация, 125167, г. Москва,  Ленинградский проспект д.39, строение 79), именуемым далее «ВК» или «Компания», являющегося правообладателем сервиса, доступного в сети Интернет на сайте по адресуhttp://rustore.ru(далее - Сайт), а также через мобильное приложение (которые вместе и по отдельности именуются далее: «RuStore» или «Сервис»), и Вами (физическим лицом - пользователем сети Интернет) именуемым далее «Пользователь», по поводу использования Cервиса. Настоящее Соглашение размещено по адресу:https://rustore.ru/help/legal/terms-of-use(далее – «Соглашение»).\n1.2. Использование Cервиса RuStore Пользователем, кроме настоящего Соглашения, регулируется также иными специальными документами, размещенными в Сервисе RuStore, в том числе:\n- Политикой конфиденциальности Сервиса RuStore для Пользователей, которая размещена по адресу:https://rustore.ru/help/legal/privacy-policy-users.\n1.3. При регистрации/авторизации на Сервисе, каждом доступе и/или фактическом использовании Сервиса Пользователь соглашается с условиями Соглашения и Политикой конфиденциальности Сервиса.\n2. Определения\n«RuStore»- комплекс технических и программных средств ВК, доступный по ссылкеhttp://rustore.ru, ее под-доменах и через мобильное приложение, и используемый для представления Разработчику возможности распространения Продуктов (предоставление публичного доступа к Продуктам) и предоставления Пользователям возможности использовать Продукты.\n«Продукты»– программное обеспечение, контент, цифровые материалы, а также другие объекты и сервисы, размещаемые Разработчиком через RuStore. Термин «Продукты», используемый во множественном числе, равным образом применим к соответствующему объекту в единственном числе, размещаемому Разработчиком посредством RuStore.\n«Пользователь, Вы»- любое физическое лицо, которое получает с использованием Устройства доступ к Продуктам, размещенным Разработчиком посредством RuStore.\n«Разработчик»– любое физическое или юридическое лицо, которое предоставляет Продукты для распространения через RuStore в соответствии с условиями отдельного соглашения между ВК и Разработчиками.\n«Устройство»- любое техническое устройство, с помощью которого можно получить доступ к Продуктам, размещенным Разработчиком посредством RuStore.\n«API»- набор процедур, функций и структур RuStore, на которых Продукты будут распространяться, который должен быть встроен в Продукты для целей обеспечения совместимости Продуктов с RuStore. Доступ к API предоставляется на безвозмездной основе и может быть прекращён полностью или частично без уведомления и объяснения причин.\n«Территория»означает территорию государств, где использование RuStore доступно.\n3. Предмет и условия Соглашения\n3.1.      В соответствии с настоящим Соглашением ВК посредством RuStore предоставляет техническую возможность получать публичный доступ Вам, Пользователям, к Продуктам, размещенным Разработчиками посредством RuStore. Распространение Продуктов осуществляется исключительно от имени Разработчика, поэтому Разработчик обязан указать полные и точные сведения о себе до распространения Продуктов, а также выполнять иные условия соответствующего соглашения.\n3.2.      Действие настоящего Соглашения распространяется как на Продукты, предоставляемые Пользователям безвозмездно, так и на Продукты, предоставляемые за плату на усмотрение Разработчика. Ответственность за обработку платежей, организацию процесса приема/возврата платежей, любые возможные споры с Пользователями относительно получения доступа и последующего использования Продуктов лежит на Разработчике.\nВ случае если оплата за использование Продукта или при использовании Продукта, в том числе, помимо прочего, за предоставление посредством Продукта доступа к контенту/товарам/услугам, предоставляемым Разработчиком (далее «Услуги Разработчика»), являющимся юридическим лицом или индивидуальным предпринимателем, осуществляется Пользователем с использованием банковской карты, то с порядком приема и возврата платежей, а также с порядком обращения по вопросам, связанным с переводами денежных средств Пользователь может ознакомиться в Правилах Системы приема платежей, которые размещены в сети Интернет по адресу:https://sberdevices.ru/legal/payment_terms.\n3.3.      Пользователю для совершения оплаты Услуг Разработчика на RuStore доступны и иные способы оплаты, а именно: посредством Системы Быстрых Платежей (СБП), через мобильных операторов билайн, Мегафон, Теле2. Подробное описание доступных способов оплаты и порядка их использования указано на странице в сети Интернет по адресу:https://rustore.ru/help/users/purchases-and-returns/payment-method.\nВыбирая определенный способ оплаты Услуг Разработчика и нажимая кнопку «Оплатить», Пользователь подтверждает своё согласие и принятие в полном объеме условий оказания платежных услуг для физических лиц соответствующего оператора.\nПри оплате через СБП Пользователь подтверждает согласие с Условиями РНКО «ВК Платёжные решения» (ООО), размещенными в сети Интернет по адресу:https://money.mail.ru/img/cards_conditions.pdf.\nПри оплате с использованием услуги/сервиса «Мобильный платеж» Пользователь подтверждает согласие с условиями соответствующей оферты выбранного мобильного оператора, которая размещена в сети Интернет по адресу:https://rustore.ru/help/legal/offers. При этом, в случае отказа Пользователя от Услуг Разработчика, возврат денежных средств, оплаченных с использованием услуги/сервиса «Мобильный платеж», осуществляется по умолчанию через СБП по номеру телефона Пользователя на банковский счет, указанный Пользователем как основной для расчетов через СБП. По вопросам возврата денежных средств Пользователь вправе обратиться в службу поддержки Rustore по электронной почтеsupport@rustore.ru.\nПри оплате с использованием электронных средств платежей, Пользователь подтверждает своё согласие и принятие в полном объеме условий оказания платежных услуг для физических лиц соответствующего оператора. Описание порядка подключения Sber Pay указано на странице в сети Интернет по адресу:https://rustore.ru/help/users/purchases-and-returns/link-bank-card. Описание порядка подключения Tinkoff Pay указано на странице в сети Интернет по адресу:https://rustore.ru/help/users/purchases-and-returns/payment-method/tinkoff-pay.\nПри оплате Продукта Разработчика его документацией может быть предусмотрено подключение автоплатежа за продление подписки на услуги Разработчика. В этом случае порядок списания автоплатежа способами, доступными на RuStore, регламентируется пользовательской документацией Разработчика.\nПользователь имеет право изменить ранее выбранный им способ оплаты подписки на услуги Разработчика, не отменяя саму подписку, на любой другой способ оплаты, за исключением оплаты посредством Tinkoff pay, СБП, через мобильных операторов.\n3.4.      Регистрация Пользователя на Сервисе является добровольной и бесплатной. Пользователь гарантирует Компании, что он достиг возраста, допустимого в соответствии с законодательством Российской Федерации для акцепта настоящего Пользовательского соглашения, и обладает соответствующими полномочиями для использования функционала Сервиса.\n3.5.      Регистрация и/или авторизация Пользователя на Сервисе может осуществляться одним из следующих способов:\n3.5.1.с использованием VK ID, который является инструментом Экосистемы VK. Экосистема VK представляет собой общее пространство взаимодействия пользователей, Сервисов, входящих в Экосистему, и специализированных инструментов, призванных повысить удобство использования привычных для Пользователей сервисов.\nИнструмент VK ID, предоставляемый ООО «В Контакте» (ОГРН 1079847035179, адрес места нахождения: 191024, Санкт-Петербург, Херсонская ул., д. 12-14, лит. А, пом. 1-Н), позволяет осуществлять регистрацию и/или авторизацию Пользователя в Сервисах, выполняет функции создания и поддержания аккаунта Пользователя в Экосистеме VK, предоставляет Пользователю функциональность единого безопасного управления данными аккаунта в Экосистеме VK, а также подключения или отключения нужных пользователю Сервисов в аккаунте Пользователя в Экосистеме VK, в целях исполнения соглашений с Пользователем Экосистемы VK.\nРегистрация и/или авторизация на Сервисе посредством VK ID, означает согласие с Пользовательским соглашением Экосистемы VK, которое размещено в открытом доступе в сети Интернет по адресу:https://id.vk.com/termsи Политикой конфиденциальности Экосистемы VK, которая размещена в открытом доступе в сети Интернет по адресу:https://id.vk.com/privacy, настоящим Пользовательским соглашением и Политикой конфиденциальности для Пользователей.\nПри авторизации через VK ID Пользователю для осуществления оплаты Услуг Разработчика предоставляется возможность привязать к своему Профилю на RuStore банковские карты, указанные в его аккаунте в VK ID. Подробное описание порядка привязки банковских карт через VK ID указано на странице в сети Интернет по адресу:https://help.mail.ru/rustore/users/purchases-and-returns/vk-connect.\n3.5.2.с использованием Сбер ID(бесплатный сервис для быстрого входа на сайты и в приложения экосистемы Сбера и его партнёров), информация о котором размещена в сети Интернет на сайте по адресу:https://sber.ru/uploads/oferta_ud_dostup_s_18_11_2022_5d10fb1d2a.pdf.\nПри авторизации через Сбер ID Пользователю для осуществления оплаты Услуг Разработчика предоставляется возможность привязать к своему Профилю на RuStore банковские карты, указанные в его аккаунте в Сбербанк Онлайн. Подробное описание порядка привязки банковских карт через Сбер ID указано на странице в сети Интернет по адресу:https://rustore.ru/help/users/purchases-and-returns/sber-id-connect.\n3.5.3.с использованием ЯндексID(сервис, предоставляющий возможность пользователям осуществлять авторизацию на сайтах в сети Интернет и/или в программах для ЭВМ, включая мобильные приложения, правообладателем и владельцем которых является партнер ООО «Яндекс»). Условия использования Яндекс ID размещены в сети Интернет по адресу:https://yandex.ru/legal/id_termsofuse/.\n3.5.4.с использованиемTinkoffID(сервис, предоставляющий возможность пользователям осуществлять управление своими данными, в том числе путём получения доступа к приложениям и сервисам Тинькофф и его партнеров), правила использования которого размещены в сети Интернет по адресу:https://acdn.tinkoff.ru/static/documents/oferta-terms-use-inkoff-id-service.pdf.\n3.6. Пользователь имеет право использовать функционал RuStore без авторизации для скачивания (установки на устройство Пользователя) Продуктов, предоставляемых Разработчиками Пользователю безвозмездно. В случае если Продукт и/или Услуги Разработчика предоставляются Пользователю за плату, тогда для использования (скачивания) такого Продукта наличие авторизации на RuStore является обязательным для Пользователя.\n4. Условия Соглашения\n4.1. Все объекты, размещенные в RuStore, в том числе элементы дизайна, текст, графические изображения, иллюстрации, видео, скрипты, программы, музыка, звуки и другие объекты и их подборки (далее — «Контент»), являются объектами исключительных прав третьих лиц, все права на эти объекты защищены.\n4.2. Кроме случаев, установленных настоящим Соглашением, а также действующим применимым законодательством, никакой Контент не может быть скопирован (воспроизведен), переработан, распространен, отображен во фрейме, опубликован, скачан, передан, продан или иным способом использован целиком или по частям без предварительного разрешения правообладателя, кроме случаев, когда правообладатель явным образом выразил свое согласие на свободное использование Контента любым лицом. Воспроизведение, копирование, сбор, систематизация, хранение, передача Контента с целью создания базы данных в коммерческих и/или некоммерческих целях и/или использование Контента полностью или в любой его части, независимо от способа использования, без согласия ВК и/или правообладателя не допускается.\n4.3. Пользователи RuStore не имеют права:\n4.3.1. загружать, передавать, публиковать или иным образом распространять файлы, содержащие вирусы, троянские программы, червей или любое другое вредоносное программное обеспечение или программы, которые могут нарушить работу компьютера или нанести ущерб имуществу других Пользователей, или иным образом нарушить бесперебойную работу RuStore;\n4.3.2. использовать RuStore для распространения любых нежелательных рекламных объявлений, опросов, рекламных материалов, «нежелательной почты», «спама», цепных писем, «пирамидальных схем» или любых других форм неправомерных запросов, дублирования или нежелательных сообщений (коммерческих или иных);\n4.3.3. создавать ложную личность с целью ввести в заблуждение любое другое лицо;\n4.3.4. нарушать любые применимые законы или нормативные акты, настоящее Соглашение, иные специальные правила, условия использования Продуктов.\n4.4. Продукты, к которым Пользователи получают доступ посредством RuStore, размещаются и поддерживаются третьими лицами (Разработчиками), которые действуют независимо от ВК и не выступают от имени или по поручению ВК. Пользователи обязаны самостоятельно ознакомиться с правилами оказания услуг и политикой защиты персональных данных таких третьих лиц (Разработчиков) до начала использования соответствующих Продуктов.\n4.5. Пользователь соглашается получать от Сервиса по электронной почте (в виде электронных писем), по телефону (в виде push-уведомлений), через внутренний интерфейс Сервиса RuStore (в виде сообщений/уведомлений), через мессенджер в социальных сетях (в виде сообщений/уведомлений) и иными способами информационные, сервисные, рекламные сообщения, в том числе сообщения об обновлениях функционала Сервиса, о прохождении опросов.\nПользователь вправе в любое время без объяснения причин отказаться от получения рекламных сообщений. Пользователь также вправе отказаться от рекламных пуш-уведомлений от мобильного приложения Сервиса через настройки мобильного устройства.\nПользователь соглашается получать от Сервиса push-уведомления об обновлении Продуктов, установленных на устройство Пользователя через Сервис, а также из иных магазинов приложений (сторов).\n4.6.      Правила оставленияотзывов о Продуктах\n4.6.1. Авторизованные на RuStore Пользователи имеют право оставлять на Сервисе отзывы в отношении Продуктов, которые установлены на их Устройстве.\n4.6.2. Пользователь вправе просматривать, изменить (редактировать) свои отзывы и удалять их в разделе Профиля «Мои отзывы».\n4.6.3. Размещая отзывы на Сервисе Пользователь автоматически безвозмездно, безусловно и безотзывно предоставляет Компании неисключительное право на использование такой информации на территории всего мира без ограничения срока, по усмотрению Компании, в том числе, но не ограничиваясь, на воспроизведение, копирование, систематизацию, преобразование, изменение, редактирование, опубликование, распространение любыми законными способами. Компания имеет право использовать соответствующую информацию как с указанием имени автора, так и без. Компания вправе передавать права, указанные в настоящем пункте, аффилированным лицам и иным третьим лицам.\n4.6.4. Размещая информацию на Сервисе Пользователь подтверждает, что обладает соответствующими законными правами и полномочиями для предоставления Компании указанного в пункте 4.6.3. настоящего Пользовательского соглашения неисключительного права на использование информации.\n4.6.5. Пользователь несет ответственность за достоверность сведений, содержащихся в оставленной им информации.\n4.6.6. Компания вправе не публиковать информацию Пользователя, если она:\n- не относится к Продукту, независимо от того был он использован (скачен) Пользователем или нет;\n- не содержит сведения, которые были бы полезны для других пользователей Сервиса;\ncодержит ненормативную лексику, высказывания оскорбительного характера, утверждения, порочащие честь, достоинство и/или деловую репутацию Разработчиков и третьих лиц;\nизменять, адаптировать, декомпилировать, дизассемблировать или иным образом изменять RuStore и/или любые его компоненты и любой доступ к интеллектуальной собственности, доступ к которой предоставляется Пользователю в ходе использования RuStore;\nраспространять в коммерческих или некоммерческих целях RuStore и/или любые его компоненты и любой доступ к интеллектуальной собственности, доступ к которой предоставляется Пользователю в ходе использования RuStore, делать копии или снимки экрана либо посредством распространения на физических носителях или путем предоставления их для загрузки третьим лицам из сети Интернет;\nпереводить RuStore и/или любой из его компонентов на другие языки или создавать другие производные работы в отношении RuStore и/или любого из ее компонентов;\nпытаться обойти любые меры безопасности, принятые в RuStore, включая блокировку доступа по IP-адресу;\nиспользовать RuStore любым другим способом, не предусмотренным настоящим Соглашением, cпециальными правилами, а также за рамками обычного процесса использования RuStore.\nвыдача предупреждения в любой форме, в том числе посредством электронной почты;\nудаление любого Пользовательского контента, который нарушает применимое законодательство, настоящее Cоглашение и/или иные специальные документы;\nприостановление доступа к RuStore в частичном и/или полном объеме;\nограничение использования Продуктов полностью или частично."
}