{
    "meta": {
        "language": "ru",
        "parse_date": "2024-07-06T19:58:03.179617",
        "current_url": "https://www.rustore.ru/help/sdk/rustore-geo/map-display-services/interactive-map/options/",
        "doc_section": "sdk",
        "h1_text": "2. Свойства и опции"
    },
    "text": "h1h1h1\n2. Свойства и опции\n\nh2h2h2\naccessToken:string​\nparagraphparagraphparagraph\nТокен доступа к карте. The event type.\nsrc/index.js\nПример (см. ниже).\nmmrgl.accessToken = myAccessToken\nh2h2h2\nbaseApiUrl:string​\nparagraphparagraphparagraph\nНачальный API URL, используемый для получения тайлов, стилей, спрайтов и глифов.\nsrc/index.js\nПример (см. ниже).\nmmrgl.baseApiUrl = 'https://geo.rustore.ru/api';\nh2h2h2\nworkerCount:number​\nparagraphparagraphparagraph\nКоличество веб-воркеров на странице с GL JS картами. По умолчанию это половина числа ядер (ограничено 6). Обязательно нужно устанавливать этот параметр перед инициализацией карты.\nsrc/index.js\nПример (см. ниже).\nmmrgl.workerCount = 2;\nh2h2h2\nmaxParallelImageRequests:number​\nparagraphparagraphparagraph\nМаксимальное количество изображений (растровых тайлов, спрайтов, иконок) для параллельной загрузки. Влияет на производительность в растровых картах. 16 по умолчанию.\nsrc/index.js\nПример (см. ниже).\nmmrgl.maxParallelImageRequests = 10;\nh2h2h2\nsupported:function​\nparagraphparagraphparagraph\nПроверяет поддержку браузером GL JS\nsrc/index.js\nПример (см. ниже).\ncodecodecode\nif(!mmrgl.supported()){alert('Your browser does not support MMR GL');}\nh2h2h2\nversion:string​\nparagraphparagraphparagraph\nВерсия текущей сборки MMR GL\nsrc/index.js\nПример (см. ниже).\ncodecodecode\nconsole.log(mmrgl.version);//> 1.2.3;\nh2h2h2\nsetRTLTextPlugin:function​\nparagraphparagraphparagraph\nУстанавливает плагин для поддержки RTL. Необходимо для поддержки арабского и еврейского языков.\nsrc/index.js\nПараметры:\npluginURL:string— путь до RTL плагина;\ncallback:function(error:object)— функция вызывается если есть ошибка;\nlazy:boolean— ленивая подгрузка.\ncodecodecode\nmmrgl.setRTLTextPlugin(pluginUrl,function(error){if(error){console.log('something was wrong',error);}else{console.log('rtl-text-plugin loaded successfully');}},true);\nh2h2h2\ngetRTLTextPluginStatus:function​\nparagraphparagraphparagraph\nПолучаем статус RTL-плагина. Статус плагина может быть:unavailable(т. е. не запрошено или удалено),loading,loadedилиerror. Если статусloadedи плагин запрашивается снова, то будет выдана ошибка.\nsrc/index.js\nПример (см. ниже).\nconst pluginStatus = mmrgl.getRTLTextPluginStatus();\nh2h2h2\nclearStorage:function​\nparagraphparagraphparagraph\nОчищаетcacheStorageв котором могут храниться кэш тайлов\nsrc/index.js\nПараметры:\ncallback:function(error:object)— путь до RTL-плагина.\nПример (см. ниже).\ncodecodecode\nmmrgl.clearStorage()\nh2h2h2\nAnimationOptions(группа параметров)​\nparagraphparagraphparagraph\nПараметры, влияющие на анимацию (используются в методах:Map#panBy,Map#easeTo), контролируют продолжительность и функцию плавности анимации (easing function). Являются необязательными.\nsrc/ui/camera.js\nПараметры:\nduration:number— продолжительность анимации (в миллисекундах);\neasing:function— функция, принимающая время в диапазоне 0..1 и возвращающая число, где 0-начальное состояние, а 1-конечное;\noffset:PointLike— смещение центра относительно реального центра контейнера карты в конце анимации;\nanimate:boolean— если false, анимации будут отключены;\nessential:boolean— если true, то анимация считается существенной и не будет затронута prefers-reduced-motion (предпочитает уменьшенное движение);\nh2h2h2\nCameraOptions(группа параметров)​\nparagraphparagraphparagraph\nПараметры, влияющие на камеру (используются в методах:Map#jumpTo,Map#easeToиMap#flyTo), контролируютlocation(стартовая позиция),zoom(масштабирование),bearingиpitchкамеры. Все свойства являются необязательными.\nsrc/ui/camera.js\nПараметры:\ncenter:LngLatLike— центр карты.\nzoom:number— удаленность (масштаб) карты.\nbearing:number— нужный пеленг в градусах. Пеленг — это направление компаса, которое находится «вверх». Например, пеленг: 90 ориентирует карту так, чтобы восток был вверх.\npitch:number— желаемый наклон карты в градусах. Тангаж — угол к горизонту, измеряемый в градусах с диапазоном от 0 до 60 градусов. Например,pitch: 0обеспечивает видимость взгляда прямо вниз на карту, в то время какpitch: 60наклоняет перспективу пользователя к горизонту. Увеличение значения наклона часто используется для отображения 3D-объектов.\naround:LngLatLike —** если заданzoom, around определяет точку, вокруг которой центрируетсяzoom`.\npadding:PaddingOptions— применяется к каждой стороне viewport для смещения точки схода (актуально когда карта наклонена).\nh2h2h2\nPaddingOptions(группа параметров)​\nparagraphparagraphparagraph\nПараметры отступов (используются в методах:Map#fitBounds,Map#fitScreenCoordinatesиMap#setPadding). Отрегулируйте эти параметры, чтобы установить количество отступов в пикселях, добавленных к краям карты. Все свойства этого объекта должны быть неотрицательными целыми числами.\nsrc/ui/camera.js\nПараметры:\ntop:number— отступ в пикселях сверху карты;\nbottom:number— отступ в пикселях снизу карты;\nleft:number— отступ в пикселях слева карты;\nright:number— отступ в пикселях справа карты.\ncodecodecode\nvarbbox=[[-79,43],[-73,45]];map.fitBounds(bbox,{padding:{top:10,bottom:25,left:15,right:5}});\ncodecodecode\nvarbbox=[[-79,43],[-73,45]];map.fitBounds(bbox,{padding:20});\nh2h2h2\nRequestParameters(группа параметров)​\nparagraphparagraphparagraph\nОбъект, возвращаемый методом callbackMap.options.transformRequest.\nsrc/ui/ajax.js\nПараметры:\nurl:string— URL запроса.\nheaders:object— заголовки отправляемые с запросом.\nmethod:string— метод запросаGET|POST|PUT,\ntype:string— возвращаемый тип тела запроса (body response)string|json|arrayBuffer.\ncredentials:string—same-origin|include, используйтеincludeдля отправки кук (cookies) в кроссдоменных запросах.\ncollectResourceTiming:boolean— еслиtrue, то информация Resource Timing API будет доступна для запросов выполняемых GeoJSON и Vector Tile (эта информация обычно недоступна из основного потока JavaScript). Информация будет возвращена в свойствеResourceTiming.\ncodecodecode\ntransformRequest:function(url,resourceType){if(resourceType==='Source'&&url.indexOf('http://myHost')>-1){return{url:url.replace('http','https'),headers:{'my-custom-header':true},credentials:'include'// Include cookies for cross-origin requests}}};\nh2h2h2\nStyleImageInterface(спецификация для разработчиков)​\nparagraphparagraphparagraph\nЭто не метод и не класс. Интерфейс для динамически генерируемых изображений.\nИзображения, реализующие этот интерфейс, могут быть перерисованы для каждого кадра. Их можно использовать для анимации значков и узоров или для того, чтобы они реагировали на вводимые пользователем данные. Изображения могут реализовывать методStyleImageInterface#render. Этот метод вызывается покадрово.\nsrc/style/style_image.js\nПараметры:\nwidth:number;\nheight:number;\ndata:(Uint8Array|Uint8ClampedArray).\ncodecodecode\nvarflashingSquare={width:64,height:64,data:newUint8Array(64*64*4),onAdd:function(map){this.map=map;},render:function(){// keep repainting while the icon is on the mapthis.map.triggerRepaint();// alternate between black and white based on the timevarvalue=Math.round(Date.now()/1000)%2===0?255:0;// check if image needs to be changedif(value!==this.previousValue){this.previousValue=value;varbytesPerPixel=4;for(varx=0;x<this.width;x++){for(vary=0;y<this.height;y++){varoffset=(y*this.width+x)*bytesPerPixel;this.data[offset+0]=value;this.data[offset+1]=value;this.data[offset+2]=value;this.data[offset+3]=255;}}// return true to indicate that the image changedreturntrue;}}}map.addImage('flashing_square',flashingSquare);\nh2h2h2\nCustomLayerInterface(спецификация для разработчиков)​\nparagraphparagraphparagraph\nЭто не метод и не класс. Интерфейс для кастомизации стиля слоев.\nКастомные слои позволяют пользователю визуализировать непосредственно в GL context карты с помощью камеры. Эти слои могут быть добавлены между любыми обычными слоями с помощьюMap#addLayer.\nКастомные слои должны иметь уникальный идентификатор и типcustom. Они должны реализовывать render и могут реализовывать prerender, onAdd и onRemove. Они могут инициировать рендеринг с помощьюMap#triggerRepaintи должны соответствующим образом обрабатыватьMap.event:webglcontextlostиMap.event:webglcontextrestored.\nСвойствоRenderingModeопределяет, будет ли слой обрабатываться как слой 2D- или 3D-карты:\nRenderingMode:3d— для использования буфера глубины и совместного использования его с другими слоями.\nRenderingMode:2d— для добавления слоя без глубины. Если вам нужно использовать буфер глубины для слоя2d, вы должны использовать закадровый фреймбуфер иCustomLayerInterface#prerender.\nid:string— уникальный ID слоя;\ntype:string— тип слоя, должен бытьcustom;\nrenderingMode:string—3dили2d, по умолчанию2d.\ncodecodecode\n// Custom layer implemented as ES6 classclassNullIslandLayer{constructor(){this.id='null-island';this.type='custom';this.renderingMode='2d';}onAdd(map,gl){constvertexSource=uniform mat4 u_matrix;voidmain(){gl_Position=u_matrix*vec4(0.5,0.5,0.0,1.0);gl_PointSize=20.0;};constfragmentSource=voidmain(){gl_FragColor=vec4(1.0,0.0,0.0,1.0);};constvertexShader=gl.createShader(gl.VERTEX_SHADER);gl.shaderSource(vertexShader,vertexSource);gl.compileShader(vertexShader);constfragmentShader=gl.createShader(gl.FRAGMENT_SHADER);gl.shaderSource(fragmentShader,fragmentSource);gl.compileShader(fragmentShader);this.program=gl.createProgram();gl.attachShader(this.program,vertexShader);gl.attachShader(this.program,fragmentShader);gl.linkProgram(this.program);}render(gl,matrix){gl.useProgram(this.program);gl.uniformMatrix4fv(gl.getUniformLocation(this.program,\"u_matrix\"),false,matrix);gl.drawArrays(gl.POINTS,0,1);}}map.on('load',function(){map.addLayer(newNullIslandLayer());});\nh2h2h2\nprewarm:function​\nparagraphparagraphparagraph\nВыполняет «прогрев» всех ресурсов (например, инициализирует веб-воркеры), чтобы снизить время на загрузки карты. Если используютсяmmrgl.workerUrlиmmrgl.workerCountих нужно определять до вызоваprewarm().\nПо умолчанию управление этими ресурсами выполняется автоматически, и они инициализируются по необходимости (лениво) при первом создании карты. При вызовеprewarm()ресурсы будут созданы заранее и не будут очищены при удалении последней карты со странице. Это позволяет повторно использовать их новыми экземплярами карт. Их можно очистить вручную, вызвав функциюmmrgl.clearPrewarmedResources(). Это необходимо только в том случае, если ваша веб-страница остается активной, но полностью перестает использовать карты.\nЭто полезно при использовании карт в одностраничном приложении (SPA), где пользователь будет перемещаться между различными страницами/экранами, которые могут привести к постоянному созданию и уничтожению экземпляров карт.\nsrc/index.js\nПример (см. ниже).\ncodecodecode\nmmrgl.prewarm()\nh2h2h2\nclearPrewarmedResources:function​\nparagraphparagraphparagraph\nОчищает ресурсы, которые ранее были созданыmmrgl.prewarm(). Обратите внимание, что обычно в этом нет необходимости. Вы должны вызывать эту функцию только в том случае, если ожидаете, что пользователь вашего приложения не вернется к просмотру карты в любой момент вашего приложения.\nsrc/index.js\nПример (см. ниже).\ncodecodecode\nmmrgl.clearPrewarmedResources()"
}