{
    "meta": {
        "language": "ru",
        "parse_date": "2024-07-06T19:31:01.974415",
        "current_url": "https://www.rustore.ru/help/users/authorization/login-sber-id/",
        "doc_section": "users",
        "h1_text": "Вход через Сбер ID в RuStore. Подробная инструкция с добавлением карт"
    },
    "text": "h1h1h1\nВход через Сбер ID в RuStore. Подробная инструкция с добавлением карт\nparagraphparagraphparagraph\nВы можете авторизоваться в RuStore через Сбер ID:\nНажмитена домашнем экране вашего устройства.\nНажмите «Войти».\nНажмите, чтобы авторизоваться через приложение Сбербанк.\nВойдите в приложение Сбербанка, чтобы авторизоваться в RuStore.\nh2h2h2\nКак добавить карты из Сбер ID​\nparagraphparagraphparagraph\nПосле авторизации вы можете разрешить привязку карт из Сбер ID в профиль RuStore. Для этого:\nПоставьте галочку рядом с пунктом «Добавить к аккаунту ранее сохранённые карты в Сбер ID». Так вы подтвердите своё согласие.\nНажмите кнопку «Продолжить».\nКарты из Сбер ID появятся в разделе «Способы оплаты».Как редактировать данные карт? (https://rustore.ru/help/users/purchases-and-returns/sber-id-connect)"
}