{
    "meta": {
        "language": "ru",
        "parse_date": "2024-07-06T19:52:40.294031",
        "current_url": "https://www.rustore.ru/help/sdk/updates/kotlin-java/6-0-0/",
        "doc_section": "sdk",
        "h1_text": "6.0.0"
    },
    "text": "h1h1h1\n6.0.0\n\nh2h2h2\nОбщие сведения​\nparagraphparagraphparagraph\nRuStore In-app updates SDK поддерживает актуальную версию приложения на устройстве пользователя. Это помогает пользователю увидеть обновления, оценить улучшение производительности и результат исправления ошибок.\nh2h2h2\nПример пользовательского сценария​\nparagraphparagraphparagraph\nИспользуйте RuStore In-app updates SDK для реализации различных способов обновлений. В настоящий момент поддерживаются: отложенное, тихое (без UI от RuStore) и принудительное обновление.\n\nKotlin\n\n\nJava\n\nh2h2h2\nУсловия корректной работы SDK​\nparagraphparagraphparagraph\nДля работы RuStore In-app updates SDK необходимо соблюдение следующих условий.\n\nKotlin\n\n\nJava\n\nh2h2h2\nПодключение в проект​\n\n\nKotlin\nparagraphparagraphparagraph\nЕдиное управление версиями:\nУпрощение обновлений:\nПовышение совместимости:\n\nJava\nparagraphparagraphparagraph\nЕдиное управление версиями:\nУпрощение обновлений:\nПовышение совместимости:\n\nПодключение BOM\n\n\nПодключение версии напрямую\nparagraphparagraphparagraph\nЕдиное управление версиями:\nУпрощение обновлений:\nПовышение совместимости:\n\nПодключение BOM\nparagraphparagraphparagraph\nЕдиное управление версиями:\nУпрощение обновлений:\nПовышение совместимости:\n\nПодключение версии напрямую\n\nh2h2h2\nСоздание менеджера обновлений​\n\n\nKotlin\n\n\nJava\n\nh2h2h2\nПроверка наличия обновлений​\n\n\nKotlin\nparagraphparagraphparagraph\nupdateAvailability— доступность обновления:\ninstallStatus— статус установки обновления, если пользователь уже устанавливает обновление в текущий момент времени:\n\nJava\nparagraphparagraphparagraph\nupdateAvailability— доступность обновления:\ninstallStatus— статус установки обновления, если пользователь уже устанавливает обновление в текущий момент времени:\nh2h2h2\nСкачивание и установка обновлений​\n\nh3h3h3\nИспользование слушателя (listener)​\nparagraphparagraphparagraph\nПосле подтверждения доступности обновления (AppUpdateInfo) вы можете запросить статус скачивания обновления — для этого запустите слушатель статуса скачивания обновления.\nh3h3h3\nПроверка статуса скачивания обновления​\n\n\nKotlin\nparagraphparagraphparagraph\ninstallStatus— статус установки обновления, если пользователь уже устанавливает обновление в текущий момент времени:\nbytesDownloaded— количество загруженных байт;\ntotalBytesToDownload— общее количество байт, которое необходимо скачать;\ninstallErrorCode— код ошибки во время скачивания. Коды ошибок описаны в разделеОбработка ошибок (https://rustore.ru/help#обработка-ошибок).\n\nJava\nparagraphparagraphparagraph\ninstallStatus— статус установки обновления, если пользователь уже устанавливает обновление в текущий момент времени:\nbytesDownloaded— количество загруженных байт;\ntotalBytesToDownload— общее количество байт, которое необходимо скачать;\ninstallErrorCode— код ошибки во время скачивания. Коды ошибок описаны в разделеОбработка ошибок (https://rustore.ru/help#обработка-ошибок).\nh3h3h3\nУдаление слушателя​\n\n\nKotlin\n\n\nJava\n\nh2h2h2\nЗапуск скачивания обновления​\n\nh3h3h3\nОтложенное обновление​\nparagraphparagraphparagraph\nОписание сценария отложенного обновления\nОбновление с UI от RuStore\nПользователю будет показан диалог с UI от RuStore для подтверждения обновления.\nПри нажатии на кнопку «Обновить» покажется диалоговое окно для подтверждения установки обновления.\nПосле завершения установки приложение закроется.\n\nKotlin\n\n\nJava\n\nh3h3h3\nПринудительное обновление​\nparagraphparagraphparagraph\nОписание сценария принудительного обновления\nОбновление с UI от RuStore\nПользователю будет показан полноэкранный диалог с UI от RuStore для подтверждения обновления. Использование приложения будет заблокировано до тех пор, пока обновление не будет установлено.\nПри нажатии на кнопку «Обновить» отобразится диалоговое окно для подтверждения установки обновления.\nДалее при нажатии на кнопку «Установить» появится полноэкранный диалог об установке новой версии приложения.\nПосле завершения установки приложение перезапустится.\nadmonitionadmonitionadmonition\nпредупреждение\nparagraphparagraphparagraph\nПриложение будет перезапущено, если версия Rustore больше, либо равна 1.37. Если версия Rustore ниже, то приложение закроется для установки обновления и не будет открыто заново, когда закончится обновление.\nparagraphparagraphparagraph\nПриложение будет перезапущено, если версия Rustore больше, либо равна 1.37. Если версия Rustore ниже, то приложение закроется для установки обновления и не будет открыто заново, когда закончится обновление.\n\nKotlin\n\n\nJava\n\nh3h3h3\nТихое обновление​\nparagraphparagraphparagraph\nОписание сценария тихого обновления\nОбновление без UI от RuStore\nПользователю будет показано диалоговое окно для подтверждения установки обновления (обновление будет скачано в фоне).\nПосле завершения установки приложение закроется.\n\nKotlin\n\n\nJava\n\nh2h2h2\nУстановка обновления​\n\n\nKotlin\nparagraphparagraphparagraph\nUI-диалог завершения обновления не будет показан.\nВ случае успешного обновления приложение будет закрыто.\n\nJava\nparagraphparagraphparagraph\nUI-диалог завершения обновления не будет показан.\nВ случае успешного обновления приложение будет закрыто.\nh2h2h2\nОбработка ошибок​\n\nadmonitionadmonitionadmonition\nподсказка\nparagraphparagraphparagraph\nЕсли вы получили в ответonFailure, не рекомендуется самостоятельно отображать ошибку пользователю. Отображение ошибки может негативно повлиять на пользовательский опыт.\nparagraphparagraphparagraph\nЕсли вы получили в ответonFailure, не рекомендуется самостоятельно отображать ошибку пользователю. Отображение ошибки может негативно повлиять на пользовательский опыт.\nh3h3h3\nВозможные ошибки​\nparagraphparagraphparagraph\nRuStoreNotInstalledException— на устройстве пользователя не установлен RuStore;\nRuStoreOutdatedException— версия RuStore, установленная на устройстве пользователя, не поддерживает платежи;\nRuStoreUserUnauthorizedException— пользователь не авторизован в RuStore;\nRuStoreException— базовая ошибка RuStore, от которой наследуются остальные ошибки;\nRuStoreInstallException(public val code: Int)— ошибка скачивания и установки.ERROR_UNKNOWN(Int = 4001)— неизвестная ошибка.ERROR_DOWNLOAD(Int = 4002)— ошибка при скачивании.ERROR_BLOCKED(Int = 4003)— установка заблокированна системой.ERROR_INVALID_APK(Int = 4004)— некорректный APK обновления.ERROR_CONFLICT(Int = 4005)— конфликт с текущей версией приложения.ERROR_STORAGE(Int = 4006)— недостаточно памяти на устройстве.ERROR_INCOMPATIBLE(Int = 4007)— несовместимо с устройством.ERROR_APP_NOT_OWNED(Int = 4008)— приложение не куплено.ERROR_INTERNAL_ERROR(Int = 4009)— внутренняя ошибка.ERROR_ABORTED(Int = 4010)— пользователь отказался от установки обновления.ERROR_APK_NOT_FOUND(Int = 4011)— APK для запуска установки не найден.ERROR_EXTERNAL_SOURCE_DENIED(Int = 4012)— запуск обновления запрещён. Например, в первом методе вернулся ответ о том, что обновление недоступно, но пользователь вызывает второй метод.ERROR_ACTIVITY_SEND_INTENT(Int = 9901)— ошибка отправки intent на открытие активити.ERROR_ACTIVITY_UNKNOWN(Int = 9902)— неизвестная ошибка отрытия активити."
}