{
    "meta": {
        "language": "ru",
        "parse_date": "2024-07-06T19:45:18.753943",
        "current_url": "https://www.rustore.ru/help/sdk/payments/kotlin-java/5-0-0/",
        "doc_section": "sdk"
    },
    "text": "admonitionadmonitionadmonition\nподсказка\nparagraphparagraphparagraph\nСценарий работы с платежами описан вгайде (https://rustore.ru/help/guides/payments). Изучите его перед началом работы.\nparagraphparagraphparagraph\nСценарий работы с платежами описан вгайде (https://rustore.ru/help/guides/payments). Изучите его перед началом работы.\nh2h2h2\nПример реализации​\nparagraphparagraphparagraph\nОзнакомьтесь с приложением-примером чтобы узнать, как правильно интегрировать SDK платежей.\nKotlin (https://gitflic.ru/project/rustore/rustore-sdk-billing-example)\nJava (https://gitflic.ru/project/rustore/rustore-example-java-billing)\nh2h2h2\nУсловия работы платежей​\n\n\nKotlin\n\n\nJava\n\nh2h2h2\nПодготовка к работе​\n\n\nKotlin\n\n\nJava\n\nh2h2h2\nОбработка deeplink​\n\n\nKotlin\n\n\nJava\n\nh2h2h2\nИнициализация​\nparagraphparagraphparagraph\nПеред вызовом методов библиотеки необходимо выполнить её инициализацию.\n\nKotlin\nparagraphparagraphparagraph\nЧтобы получить ID приложения, скопируйте цифры из URL-адреса страницы приложения в RuStore Консоли послеapps/.\n\nJava\nparagraphparagraphparagraph\nЧтобы получить ID приложения, скопируйте цифры из URL-адреса страницы приложения в RuStore Консоли послеapps/.\nh2h2h2\nКак работают платежи​\n\nh2h2h2\nПроверка доступности работы с платежами​\n\n\nKotlin\n\n\nJava\n\nh2h2h2\nРабота с SDK​\n\nh3h3h3\nПолучение списка продуктов​\n\n\nKotlin\n\n\nJava\n\nh3h3h3\nПокупка продукта​\n\n\nKotlin\n\n\nJava\n\nh3h3h3\nПолучение сведений о покупке​\n\n\nKotlin\nparagraphparagraphparagraph\npurchaseId— идентификатор покупки.\nproductId— идентификатор продукта.\ndescription— описание на языкеlanguage.\ninvoiceId— идентификатор счёта.\nlanguage— язык, указанный с помощью BCP 47 кодирования.\npurchaseTime— время покупки.\norderId— уникальный идентификатор оплаты, сформированный приложением (UUID).\namountLable— отформатированная цена покупки, включая валютный знак на языкеlanguage.\namount— цена в минимальных единицах валюты.\ncurrency— код валюты ISO 4217.\nquantity— количество продукта.\npurchaseState— состояние покупки:\ndeveloperPayload— указанная разработчиком строка, содержащая дополнительную информацию о заказе.\nsubscriptionToken— токен для валидации покупки на сервере.\n\nJava\nparagraphparagraphparagraph\npurchaseId— идентификатор покупки.\nproductId— идентификатор продукта.\ndescription— описание на языкеlanguage.\ninvoiceId— идентификатор счёта.\nlanguage— язык, указанный с помощью BCP 47 кодирования.\npurchaseTime— время покупки.\norderId— уникальный идентификатор оплаты, сформированный приложением (UUID).\namountLable— отформатированная цена покупки, включая валютный знак на языкеlanguage.\namount— цена в минимальных единицах валюты.\ncurrency— код валюты ISO 4217.\nquantity— количество продукта.\npurchaseState— состояние покупки:\ndeveloperPayload— указанная разработчиком строка, содержащая дополнительную информацию о заказе.\nsubscriptionToken— токен для валидации покупки на сервере.\nh3h3h3\nПолучение списка покупок​\n\n\nKotlin\n\n\nJava\n\nh3h3h3\nВалидация покупки на сервере​\n\n\nKotlin\n\n\nJava\n\nh3h3h3\nПодтверждение покупки​\n\nh4h4h4\nПродукты, требующие подтверждения​\nparagraphparagraphparagraph\nRuStore содержит продукты следующих типов.\nSUBSCRIPTION— подписка (можно купить на период времени, например: подписка в стриминговом сервисе).\nNON_CONSUMABLE— непотребляемый (можно купить один раз, например: отключение рекламы в приложении).\nCONSUMABLE— потребляемый (можно купить много раз, например: кристаллы в приложении).\nh4h4h4\nВызов метода подтверждения​\n\n\nKotlin\n\n\nJava\n\nh3h3h3\nОтмена покупки​\n\n\nKotlin\n\n\nJava\n\nh3h3h3\nОбработка незавершённых платежей​\nparagraphparagraphparagraph\nОбработка незавершённых платежей производится разработчиком.\nЧтобы подтвердить покупку типаCONSUMABLEи в статусеPAIDвызовите методподтверждения покупки(см.Получение сведений о покупке).\nВ случае с отменой покупки при использовании методов обработки платежей учитывайте свой внутренний процесс. У некоторых разработчиков он предусматривает проверки перед потреблением или отменой покупки. В этом случае запросите отдельно статус такой покупки.\nadmonitionadmonitionadmonition\nподсказка\nparagraphparagraphparagraph\nНапример, если пользователь оплатил товар, который вы по каким-то причинам не можете ему поставить, вызовите методотмены покупки (https://rustore.ru/help#%D0%BE%D1%82%D0%BC%D0%B5%D0%BD%D0%B0-%D0%BF%D0%BE%D0%BA%D1%83%D0%BF%D0%BA%D0%B8)в статусеPAID, чтобы отменить покупку.\nВ случаях, когда методполучения списка покупоквозвращает покупку со статусомINVOICE_CREATEDвы можете использовать методотмены покупки. Например, если не хотите видеть покупку с такими статусами в списке покупок. Делать это самим не обязательно, поскольку RuStore обрабатывает отмену таких покупок на своей стороне.\nparagraphparagraphparagraph\nНапример, если пользователь оплатил товар, который вы по каким-то причинам не можете ему поставить, вызовите методотмены покупки (https://rustore.ru/help#%D0%BE%D1%82%D0%BC%D0%B5%D0%BD%D0%B0-%D0%BF%D0%BE%D0%BA%D1%83%D0%BF%D0%BA%D0%B8)в статусеPAID, чтобы отменить покупку.\nВ случаях, когда методполучения списка покупоквозвращает покупку со статусомINVOICE_CREATEDвы можете использовать методотмены покупки. Например, если не хотите видеть покупку с такими статусами в списке покупок. Делать это самим не обязательно, поскольку RuStore обрабатывает отмену таких покупок на своей стороне.\nadmonitionadmonitionadmonition\nк сведению\nparagraphparagraphparagraph\nИногда после оплаты через приложение банка (СБП, SberPay, Tinkoff Pay и др.) и при последующем возврате обратно в приложение статус покупки остаётсяINVOICE_CREATED, при этом статус платежа — неуспешная покупка. Это связано с временем обработки покупки на стороне банка. Поэтому разработчику необходимо правильно связать логику получения списка покупок с жизненным циклом экрана.\nАльтернативное решение — отмена покупки в статусеINVOICE_CREATEDтолько через взаимодействие пользователя с приложением. Например, вы можете вынести эту логику в отдельную кнопку.\nparagraphparagraphparagraph\nИногда после оплаты через приложение банка (СБП, SberPay, Tinkoff Pay и др.) и при последующем возврате обратно в приложение статус покупки остаётсяINVOICE_CREATED, при этом статус платежа — неуспешная покупка. Это связано с временем обработки покупки на стороне банка. Поэтому разработчику необходимо правильно связать логику получения списка покупок с жизненным циклом экрана.\nАльтернативное решение — отмена покупки в статусеINVOICE_CREATEDтолько через взаимодействие пользователя с приложением. Например, вы можете вынести эту логику в отдельную кнопку.\nh2h2h2\nВедение журнала событий​\n\n\nKotlin\n\n\nJava\n\nh2h2h2\nСмена темы интерфейса​\n\n\nKotlin\n\n\nJava\n\nh2h2h2\nОбработка ошибок​\n\n\nKotlin\n\n\nJava\n\nh2h2h2\nКоды ошибок​\nparagraphparagraphparagraph\nНиже представлено описание возможных ошибок в полеerrorCode.\n---Table Start---\n400 | 40001 | Параметры запроса неверны — не заполнены обязательные параметры/неверный формат параметров.                                                                                                                                              \n400 | 40003 | Приложение не найдено.                                                                                                                                                                                                                   \n400 | 40004 | Статус приложения inactive .                                                                                                                                                                                                             \n400 | 40005 | Продукт не найден.                                                                                                                                                                                                                       \n400 | 40006 | Статус продукта inactive .                                                                                                                                                                                                               \n400 | 40007 | Недопустимый тип продукта. Поддерживаемые типы: consumable , non-consumable , subscription .                                                                                                                                             \n400 | 40008 | Покупка с таким order_id уже существует.                                                                                                                                                                                                 \n400 | 40009 | У текущего клиента найдена покупка этого продукта со статусом invoice_created . Необходимо предложить клиенту оплатить/отменить покупку.                                                                                                 \n400 | 40010 | Для типа продукта consumable . У текущего клиента найдена покупка этого продукта со статусом paid . Сначала требуется подтвердить потребление покупки на устройстве, а затем можно отправлять следующий запрос на покупку этого продукта.\n400 | 40011 | Для типа продукта non-consumable . У текущего клиента найдена покупка этого продукта со статусом pre_confirmed / confirmed . Такой продукт уже приобретён. Более одного раза продукт не продаётся.                                       \n400 | 40012 | Для типа продукта subscription . У текущего клиента найдена покупка этого продукта со статусом pre_confirmed / confirmed . Такой продукт уже приобретён. Более одного раза продукт не продаётся.                                         \n400 | 40013 | Для типа продукта subscription . При обращении в сервис подписок за списком продуктов GET/products ( serviceId , user_id ) данные не были получены.                                                                                      \n400 | 40014 | Обязательный атрибут(-ы) не пришел в запросе.                                                                                                                                                                                           \n400 | 40015 | Не удалось изменить статус при обновлении покупки (переход запрещён).                                                                                                                                                                    \n400 | 40016 | При покупке подписки непотребляемого продукта указано значение quantity > 1 .                                                                                                                                                            \n400 | 40017 | Продукт удалён, новые покупки не доступны.                                                                                                                                                                                               \n400 | 40018 | Нельзя потреблять продукт с типом тип продукта .                                                                                                                                                                                         \n401 | 40101 | Невалидный токен.                                                                                                                                                                                                                        \n401 | 40102 | Время жизни токена истекло.                                                                                                                                                                                                              \n403 | 40301 | Доступ к запрашиваемому ресурсу запрещён (неавторизованно).                                                                                                                                                                              \n403 | 40302 | Для текущего токена текущий вызов не авторизован (метод запрещён).                                                                                                                                                                       \n403 | 40303 | Идентификатор приложения в запросе и токен не совпадают.                                                                                                                                                                                 \n403 | 40305 | Неверный тип токена.                                                                                                                                                                                                                     \n404 | 40401 | Не найдено.                                                                                                                                                                                                                              \n408 | 40801 | Истекло время ожидания уведомления, указанное в запросе.                                                                                                                                                                                 \n500 | 50*** | Внутренняя ошибка платежного сервиса.                                                                                                                                                                                                    \n---Table End---"
}