{
    "meta": {
        "language": "ru",
        "parse_date": "2024-07-06T19:34:20.303192",
        "current_url": "https://www.rustore.ru/help/developers/publishing-and-verifying-apps/",
        "doc_section": "developers",
        "h1_text": "Инструкции по публикации и проверке приложений в RuStore"
    },
    "text": "h1h1h1\nИнструкции по публикации и проверке приложений в RuStore\nparagraphparagraphparagraph\nПосле регистрации в системеRuStore Консольвы можете опубликовать свое приложение.\nh2h2h2\nСколько стоит выложить приложение в RuStore​\nparagraphparagraphparagraph\nВ RuStore нет оплаты публикации приложений. Вы можете бесплатно публиковать свои приложения какбесплатные, так иплатные."
}