{
    "meta": {
        "language": "ru",
        "parse_date": "2024-07-06T19:27:43.540228",
        "current_url": "https://www.rustore.ru/help/work-with-rustore-api/",
        "doc_section": "",
        "h1_text": "RuStore API"
    },
    "text": "h1h1h1\nRuStore API\n\nadmonitionadmonitionadmonition\nпримечание\nparagraphparagraphparagraph\nХост для использования API — public-api.rustore.ru\nparagraphparagraphparagraph\nХост для использования API — public-api.rustore.ru\n---Table Start---\nПолучение данных платежа и подписки с помощью API (общие методы)     \nПолучение данных платежа                                              | Метод позволяет получить информацию о платеже.                                                                      \nПолучение данных подписки                                             | Метод позволяет получить информацию о подписке.                                                                     \nПолучение статуса подписки                                            | Метод позволяет получить информацию о статусе подписки.                                                             \nПолучение данных платежа и подписки с помощью API (методы приложений)\nПолучение данных подписки (V2)                                        | Метод позволяет получить информацию о подписке.                                                                     \nПолучение данных подписки (V3)                                        | Метод позволяет получить информацию о подписке.                                                                     \nПодтверждение получения подписки                                      | Метод позволяет подтвердить выдачу пользователю контента по подписке.                                               \nЗагрузка и публикация приложений с помощью API RuStore               \nСоздание черновика версии                                             | Метод позволяет создать черновик версии и заполнить его основной информацией.                                       \nЗагрузка APK/AAB-файлов                                               | Методы позволяют загрузить файл для публикации с расширением .apk или .aab .                                        \nЗагрузка иконки приложения                                            | Метод позволяет загрузить иконку приложения.                                                                        \nЗагрузка скриншотов                                                   | Метод позволяет загрузить скриншоты приложения.                                                                     \nИзменение настроек публикации                                         | Метод позволяет изменить тип публикации, дату отложенной публикации и % для частичной публикации версии.            \nПолучение статуса версий приложений                                   | Метод позволяет получить базовую информацию по версии, а также проверить статус версии.                             \nОтправка на модерацию черновика версии приложения                     | Метод для отправки на модерацию черновика версии приложения                                                         \nРучная публикация                                                     | Метод позволяет опубликовать версию, прошедшую модерацию вручную.                                                   \nУдаление черновика                                                    | Метод для удаления созданных ранее черновиков.                                                                      \nРабота с отзывами с помощью RuStore API                              \nПолучение отзывов приложения                                          | Метод позволяет получить список всех последних отзывов для вашего приложения или получить отдельно взятый отзыв.    \nПолучение отзывов в формате .csv                                      | Метод позволяет получить все отзывы в формате .csv за определённый промежуток времени.                              \nОставить ответ на отзыв                                               | Метод позволяет оставить ответ на отзыв.                                                                            \nПолучение статуса ответа на отзыв                                     | Метод позволяет получить статус модерации ответа на отзыв.                                                          \nПолучение статуса ответов на отзывы                                   | Метод позволяет получить статус модерации ответа на отзыв или получить информацию на отдельно взятый ответ на отзыв.\nИзменение ответа на отзыв                                             | Метод позволяет изменить текст ответа на отзыв.                                                                     \nУдаление ответа на отзыв                                              | Метод позволяет удалить ответ на отзыв.                                                                             \nПолучение рейтинга приложения                                         | Метод позволяет получить рейтинг приложения.                                                                        \nРабота с доступами пользователей с помощью RuStore API               \nПолучение информации о выданных доступах по приложению                | Метод позволяет получить список всех выданных доступов по приложению.                                               \nОтзыв доступа                                                         | Метод позволяет отозвать доступ у пользователя.                                                                     \n---Table End---"
}