{
    "meta": {
        "language": "ru",
        "parse_date": "2024-07-06T19:28:30.654746",
        "current_url": "https://www.rustore.ru/help/work-with-rustore-api/api-upload-publication-app/create-draft-version/",
        "doc_section": "",
        "h1_text": "Создание черновика версии"
    },
    "text": "h1h1h1\nСоздание черновика версии\nparagraphparagraphparagraph\nМетод позволяет создать черновик версии и заполнить его основной информацией.\nОграничения:\nдля одного приложения можно создать только один черновик. Попытка создания нескольких черновиков вызовет ошибку;\nчерновики, отправленные по API, не отображаются в веб-версии консоли разработчика. Они станут доступны после отправки APK на модерацию и при изменении статуса версии приложения;\nсоздание черновика возможно только при наличии активной версии приложения;\nотсутствующие данные в полях черновика будут взяты из активной версии приложения;\nчерновик должен соответствовать типу приложения — бесплатное или платное. В случае отправки платной версии для бесплатного приложения черновик будет обрабатываться как бесплатный;\nдля каждого типа версии приложения (appType) есть соответствующие категории версии. В случае несоответствия категории, при попытке загрузки приложения будет показана ошибка;\nчастичная публикация приложения возможна только при автоматическом (INSTANTLY) или ручном (MANUAL) типе публикации (параметр —publishType).\nh2h2h2\nПараметры взаимодействия​\nparagraphparagraphparagraph\nPOST\nhttps://public-api.rustore.ru/public/v1/application/{packageName}/version\n---Table Start---\nPublic-Token                    | string      | Да                                     | header | Токен доступа к Public API Rustore .                                                                                                                                                                                                                                                                                                                                    | N/A                              \npackageName                     | string      | Да                                     | path   | Наименование пакета приложения.                                                                                                                                                                                                                                                                                                                                         | com.myapp.example                \nappName                         | string      | Нет                                    | body   | Наименование версии приложения. Максимальная длина — 5 символов                                                                                                                                                                                                                                                                                                         | Моё приложение                   \nappType                         | string      | Нет                                    | body   | Тип версии приложения Возможные значения: • GAMES — для игр; • MAIN — для неигровых приложений. Передаваемые категории должны быть уникальными в рамках одного запроса.                                                                                                                                                                                                 | GAMES                            \ncategories                      | string      | Нет                                    | body   | Категории версии. Максимальное количество категорий — 2 категории.                                                                                                                                                                                                                                                                                                      | \"health\", \"news\"                 \nageLegal                        | string      | Нет                                    | body   | Возрастная категория Возможные варианты: • 18+ ; • 16+ ; • 12+ ; • 7+ ; • 3+ .                                                                                                                                                                                                                                                                                          | 7+                               \nshortDescription                | string      | Нет                                    | body   | Краткое описание версии. Максимальная длина — 80 символов.                                                                                                                                                                                                                                                                                                              | N/A                              \nfullDescription                 | string      | Нет                                    | body   | Полное описание версии. Максимальная длина — 4 000 символов                                                                                                                                                                                                                                                                                                             | N/A                              \nwhatsNew                        | string      | Нет                                    | body   | Описание «Что нового». Максимальная длина — 500 символов                                                                                                                                                                                                                                                                                                                | N/A                              \nmoderInfo                       | string      | Нет                                    | body   | Комментарий разработчика для модератора. Максимальная длина — 180 символов.                                                                                                                                                                                                                                                                                             | N/A                              \npriceValue                      | string      | Нет                                    | body   | Стоимость приложения в минимальных единицах валюты (в копейках), например: «87.99 руб.» = 8799. Значение должно быть >0.                                                                                                                                                                                                                                                | 8799                             \npublishType (Новый атрибут)     | string      | Нет                                    | body   | Тип публикации. Может принимать значения: • MANUAL — ручная публикация; • INSTANTLY — автоматическая публикация, сразу после прохождения модерации; • DELAYED — отложенная публикация. Примечание: если параметр не указан, по умолчанию он принимается за INSTANTLY .                                                                                                  | MANUAL                           \npublishDateTime (Новый атрибут) | timestamptz | • Нет • Да, если publishType = DELAYED | body   | Дата и время для отложенной публикации. формат: yyyy-MM-dd'T'HH:mm:ssXXX . Указанная дата должна быть не раньше 24 часов и не позже 60 дней с планируемой даты отправки на модерацию. В дальнейшем дату отложенной публикации можно будет поменять. Примечание: если publishType указан MANUAL или INSTANTLY , данный параметр может быть любым и не будет учитываться. | 2022-07-08T13:24:41.8328711+03:00\npartialValue (Новый атрибут)    | number      | Нет                                    | body   | Процент для частичной публикации приложения. Может принимать значения: • 5 %; • 10 %; • 25 %; • 50 %; • 75 % • 100 %.                                                                                                                                                                                                                                                   | 5                                \n---Table End---\nh2h2h2\nПараметры ответа​\n\n---Table Start---\ncode      | string      | Да  | Код ответа.              | error / OK                       \nmessage   | string      | Нет | Расшифровка кода ответа. | N/A                              \ntimestamp | timestamptz | Да  | Время ответа.            | 2022-07-08T13:24:41.8328711+03:00\ncontent{} | object      | Да  | N/A                      | N/A                              \n---Table End---\nh3h3h3\ncontent​\n\n---Table Start---\nversionId | number | Да | body | Версия приложения. | 243242\n---Table End---\nh2h2h2\nПример запроса​\n\ncodecodecode\ncurl --location --request POST 'https://public-api.rustore.ru/public/v1/application/com.package.com/version' \\--header 'Content-Type: application/json' \\--header 'Public-Token: {YOURtoken}' \\--data-raw '{\"appName\": \"Приложение для RuStore\",\"appType\": \"MAIN\",\"categories\":[\"news\",\"education\"],\"ageLegal\": \"7+\",\"shortDescription\": \"Приложение для RuStore\",\"fullDescription\": \"fullDescription - Приложение для RuStore\",\"whatsNew\": \"whatsNew - Приложение для RuStore\",\"moderInfo\": \"moderInfo - Приложение для RuStore\",\"priceValue\": 1100}'\nh2h2h2\nПример ответа​\n\ncodecodecode\n{\"code\": \"OK\",\"message\": null,\"body\": 243242,\"timestamp\": \"2023-07-27T10:28:59.039649+03:00\"}"
}