{
    "meta": {
        "language": "ru",
        "parse_date": "2024-07-06T19:32:24.382681",
        "current_url": "https://www.rustore.ru/help/users/purchases-and-returns/paid-apps/",
        "doc_section": "users",
        "h1_text": "Платные приложения в RuStore: Процесс покупки и установки"
    },
    "text": "h1h1h1\nПлатные приложения в RuStore: Процесс покупки и установки\n\nh2h2h2\nОтображение платных приложений в витрине​\nparagraphparagraphparagraph\nОткройте приложение RuStore.\nНажмитеилив нижнем меню.\nh2h2h2\nПокупка платных приложений​\nparagraphparagraphparagraph\nОткройте приложение RuStore.\nНажмитеилив нижнем меню.\nНажмите на цену приложения.Если приложение оплачено, оно отображается для вас как бесплатное приложение.\nВыберите способ оплаты приложения в открывшемся окне RuStore.После успешной оплаты приложение начнет устанавливаться на ваше устройство.\nНажмите «Остановить», чтобы остановить установку приложения.\nНажмите «Скачать», чтобы возобновить установку приложения.\nadmonitionadmonitionadmonition\nпредупреждение\nparagraphparagraphparagraph\nЕсли вы купили платное приложение в другом магазине, в RuStore нужно оплатить его повторно.\nparagraphparagraphparagraph\nЕсли вы купили платное приложение в другом магазине, в RuStore нужно оплатить его повторно."
}