{
    "meta": {
        "language": "ru",
        "parse_date": "2024-07-06T19:51:17.341826",
        "current_url": "https://www.rustore.ru/help/sdk/push-notifications/defold/2-2-0/",
        "doc_section": "sdk",
        "h1_text": "SDK push-уведомлений для Defold (версия 2.2.0)"
    },
    "text": "h1h1h1\nSDK push-уведомлений для Defold (версия 2.2.0)\n\nh2h2h2\nУсловия корректной работы SDK​\nparagraphparagraphparagraph\nУсловия работы push-уведомлений:\nНа устройстве пользователя установлена актуальная версия RuStore.\nПриложение RuStore должно поддерживать функциональность push-уведомлений.\nПриложению RuStore разрешен доступ к работе в фоновом режиме.\nПользователь авторизован в RuStore.\nОтпечаток подписи приложения должен совпадать с отпечатком, добавленным вКонсоль RuStore (https://dev.rustore.ru/).\nh2h2h2\nПример реализации​\nparagraphparagraphparagraph\nОзнакомьтесь сприложением-примером, чтобы узнать, как правильно интегрировать SDK push-уведомлений.\nh2h2h2\nПодключение в проект​\n\nh3h3h3\nУстановка пакета​\nparagraphparagraphparagraph\nРасширениеextension-rustore-pushможет быть установлено через подключение зависимости и локально. Локальная установка позволяет вносить изменения в исходный код проекта и редактировать манифест приложения для тонкой настройки SDK.\n** Установка через зависимости **\nПравила подключения внешних зависимостей описаны в руководстве пользователя Defold на страницеLibrary.\nОткройте настройки вашего проекта на вкладкеProject(game.project → Project);\nДобавьте в полеDependenciesссылку на пакет с расширениемhttps://gitflic.ru/project/rustore/defold-extension-rustore-push/file/downloadAll?branch=master (https://gitflic.ru/project/rustore/defold-extension-rustore-push/file/downloadAll?branch=master).\nadmonitionadmonitionadmonition\nподсказка\nparagraphparagraphparagraph\nРекомендуется использовать ссылку на определённыйрелиз (https://gitflic.ru/project/rustore/defold-extension-rustore-push/release/)расширения.\n** Локальная установка (с возможностью изменения кода) **\nСкопируйте проект плагина и приложения-примера из официального репозитория RuStore наGitFlic (https://gitflic.ru/project/rustore/defold-extension-rustore-push);\nСкопируйте папкуextension-rustore-pushв корень вашего проекта;\nОткройте настройки вашего проекта на вкладкеLibrary(game.project → Library);\nВ полеInclude Dirsукажите имя папки пакетаextension-rustore-push, несколько имен разделяются пробелами.\nparagraphparagraphparagraph\nРекомендуется использовать ссылку на определённыйрелиз (https://gitflic.ru/project/rustore/defold-extension-rustore-push/release/)расширения.\n** Локальная установка (с возможностью изменения кода) **\nСкопируйте проект плагина и приложения-примера из официального репозитория RuStore наGitFlic (https://gitflic.ru/project/rustore/defold-extension-rustore-push);\nСкопируйте папкуextension-rustore-pushв корень вашего проекта;\nОткройте настройки вашего проекта на вкладкеLibrary(game.project → Library);\nВ полеInclude Dirsукажите имя папки пакетаextension-rustore-push, несколько имен разделяются пробелами.\nh3h3h3\nРедактирование манифеста приложения​\nparagraphparagraphparagraph\nПлагинextension-rustore-pushвнесет изменения в манифест вашего приложения.\nadmonitionadmonitionadmonition\nподсказка\nparagraphparagraphparagraph\nИзменить это поведение можно в локальной копииextension-rustore-pushв файле манифестаextension-rustore-push / manifests / android / AndroidManifest.xml.\nПлагин добавит к манифесту вашего приложения службуRustoreMessagingService.\nparagraphparagraphparagraph\nИзменить это поведение можно в локальной копииextension-rustore-pushв файле манифестаextension-rustore-push / manifests / android / AndroidManifest.xml.\nПлагин добавит к манифесту вашего приложения службуRustoreMessagingService.\ncodecodecode\nAndroidManifest.xml<serviceandroid:name=\"ru.rustore.defoldpush.RustoreMessagingService\"android:exported=\"true\"tools:ignore=\"ExportedService\"><intent-filter><actionandroid:name=\"ru.rustore.sdk.pushclient.MESSAGING_EVENT\"/></intent-filter></service>\ncodecodecode\nAndroidManifest.xml<meta-dataandroid:name=\"ru.rustore.sdk.pushclient.project_id\"android:value=\"{{android.rustore_project_id}}\"/><meta-dataandroid:name=\"ru.rustore.sdk.pushclient.params_class\"android:value=\"ru.rustore.defoldpush.RuStorePushClientParams\"/>\ncodecodecode\nAndroidManifest.xml<meta-dataandroid:name=\"ru.rustore.sdk.pushclient.default_notification_icon\"android:resource=\"@drawable/ic_baseline_android_24\"/><meta-dataandroid:name=\"ru.rustore.sdk.pushclient.default_notification_color\"android:resource=\"@color/your_favorite_color\"/>\ncodecodecode\nAndroidManifest.xml<meta-dataandroid:name=\"ru.rustore.sdk.pushclient.default_notification_channel_id\"android:value=\"@string/pushes_notification_channel_id\"/>\nh3h3h3\nПрием пушей из консоли RuStore​\nparagraphparagraphparagraph\nЧтобы иметь возможность получать push-сообщения с объектомnotification, вы должны сделатьPushDispatchActivityосновным активити. Для этого добавьте следующую запись в манифест вашего проекта:\ncodecodecode\nAndroidManifest.xml<activityandroid:name=\"ru.rustore.defoldpush.PushDispatchActivity\"><intent-filter><actionandroid:name=\"android.intent.action.MAIN\"/><categoryandroid:name=\"android.intent.category.LAUNCHER\"/></intent-filter></activity>\ncodecodecode\nAndroidManifest.xml<intent-filter><actionandroid:name=\"android.intent.action.MAIN\"/><categoryandroid:name=\"android.intent.category.LAUNCHER\"/></intent-filter>\ncodecodecode\nПуть к файлу ExtendedAndroidManifest.xml/extension-rustore-push/manifests/android/ExtendedAndroidManifest.xml\nh3h3h3\nЗапрос разрешения на показ уведомлений в Android 13+​\nparagraphparagraphparagraph\nВ версии Android 13 появилось новое разрешение для отображения push-уведомлений.\nЭто затронет все приложения, которые работают на Android 13 или выше и используют RuStore Push SDK.\nПо умолчанию RuStore Push SDK версии 1.4.0 и выше включает разрешениеPOST_NOTIFICATIONS, определённое в манифесте.\nОднако приложению также нужно запросить это разрешение во время выполнения через константуandroid.permission.POST_NOTIFICATIONS.\nПриложение сможет показывать push-уведомления, только когда пользователь предоставит на это разрешение.\nЗапрос разрешения на показ push-уведомлений:\ncodecodecode\nActivity/Fragment// Declare the launcher at the top of your Activity/Fragment:privatefinalActivityResultLauncher<String>requestPermissionLauncher=registerForActivityResult(newActivityResultContracts.RequestPermission(),isGranted->{if(isGranted){// RuStore Push SDK (and your app) can post notifications.}else{// TODO: Inform user that your app will not show notifications.}});privatevoidaskNotificationPermission(){// This is only necessary for API level>= 33 (TIRAMISU)if(Build.VERSION.SDK_INT>=Build.VERSION_CODES.TIRAMISU){if(ContextCompat.checkSelfPermission(this,Manifest.permission.POST_NOTIFICATIONS)==PackageManager.PERMISSION_GRANTED){// RuStore Push SDK (and your app) can post notifications.}elseif(shouldShowRequestPermissionRationale(Manifest.permission.POST_NOTIFICATIONS)){// TODO: display an educational UI explaining to the user the features that will be enabled//       by them granting the POST_NOTIFICATION permission. This UI should provide the user//       \"OK\" and \"No thanks\" buttons. If the user selects \"OK,\" directly request the permission.//       If the user selects \"No thanks,\" allow the user to continue without notifications.}else{// Directly ask for the permissionrequestPermissionLauncher.launch(Manifest.permission.POST_NOTIFICATIONS);}}}\nh2h2h2\nИнициализация​\nparagraphparagraphparagraph\nДля инициализации понадобитсяидентификатор проекта изRuStore Консоль. Чтобы получить его, на странице приложения перейдите в раздел «Push-уведомления» — «Проекты» и скопируйте значение в поле «ID проекта».\nh3h3h3\nИнициализация плагина​\nparagraphparagraphparagraph\nПлагин добавит в манифест вашего приложения следующий код:\nadmonitionadmonitionadmonition\nподсказка\nparagraphparagraphparagraph\nИзменить это поведение можно в локальной копииextension-rustore-pushв файле манифестаextension-rustore-push / manifests / android / AndroidManifest.xml.\nparagraphparagraphparagraph\nИзменить это поведение можно в локальной копииextension-rustore-pushв файле манифестаextension-rustore-push / manifests / android / AndroidManifest.xml.\ncodecodecode\nAndroidManifest.xml<meta-dataandroid:name=\"ru.rustore.sdk.pushclient.project_id\"android:value=\"{{android.rustore_project_id}}\"/><meta-dataandroid:name=\"ru.rustore.sdk.pushclient.params_class\"android:value=\"ru.rustore.defoldpush.RuStorePushClientParams\"/>\nparagraphparagraphparagraph\nprojectId— идентификатор проекта изRuStore Консоль (https://console.rustore.ru). Чтобы получить его, на странице приложения перейдите в раздел «Push-уведомления» — «Проекты» и скопируйте значение в поле «ID проекта».\nparams_class(опционально) — полное имя класса своей реализацииAbstractRuStorePushClientParams. Параметр нужен для указания дополнительных параметров инициализации push-клиента.\ncodecodecode\nПример RuStorePushClientParams.javapackageru.rustore.defoldpush;importjava.util.HashMap;importjava.util.Map;importandroid.content.Context;importcom.vk.push.common.clientid.ClientIdCallback;importru.rustore.sdk.pushclient.common.logger.DefaultLogger;importru.rustore.sdk.pushclient.common.logger.Logger;importru.rustore.sdk.pushclient.provider.AbstractRuStorePushClientParams;publicclassRuStorePushClientParamsextendsAbstractRuStorePushClientParams{RuStorePushClientParams(Contextcontext){super(context);}@OverridepublicLoggergetLogger(){returnnewDefaultLogger(Push.TAG);}@OverridepublicbooleangetTestModeEnabled(){returnfalse;}@OverridepublicMap<String,Object>getInternalConfig(){HashMap<String,Object>map=newHashMap<>(1);map.put(\"type\",\"defold\");returnmap;}@OverridepublicClientIdCallbackgetClientIdCallback(){returnPush.getInstance();}}\nadmonitionadmonitionadmonition\nпредупреждение\nparagraphparagraphparagraph\nВ реализации классаAbstractRuStorePushClientParamsдолжен быть только один конструктор с одним аргументом Context.\nДля инициализации сервиса push-уведомлений добавьте значение вgame_projectвашего проекта.\nОткройте его любым удобным текстовым редактором и в секции[android]добавьте:\nparagraphparagraphparagraph\nВ реализации классаAbstractRuStorePushClientParamsдолжен быть только один конструктор с одним аргументом Context.\nДля инициализации сервиса push-уведомлений добавьте значение вgame_projectвашего проекта.\nОткройте его любым удобным текстовым редактором и в секции[android]добавьте:\ncodecodecode\n[android]rustore_project_id=%your project id%package=%yourpackage%\nparagraphparagraphparagraph\nyour project id—идентификатор проекта изRuStore Консоль (https://console.rustore.ru/waiting). Чтобы получить его, на странице приложения перейдите в раздел «Push-уведомления» — «Проекты» и скопируйте значение в поле «ID проекта».\nyour package— имя пакета Android из RuStore Консоль.\nЧтобы получить его, на странице приложения перейдите в раздел «Push-уведомления» — «Проекты» и скопируйте значение в поле «Android Package Name».\nh3h3h3\nНастройки по умолчанию для заголовка и тела push-уведомления​\nparagraphparagraphparagraph\nВы можете установить значения по умолчанию для заголовка и тела, если они не указаны в полеdatapush-уведомления.\ncodecodecode\n[android]push_field_title=defaultpush titlepush_field_text=defaultpush body\ncodecodecode\nВызов метода set_on_tokenruStorePush.set_on_token()\nh3h3h3\nЛогирование событий​\nparagraphparagraphparagraph\nСобытия sdk push-уведомлений по умолчанию логируются. Объект реализующий интерфейсLoggerвозвращается в методеgetLoggerклассаRuStorePushClientParams— реализации абстрактного классаAbstractRuStorePushClientParams. Если не передатьLogger, SDK использует реализацию по умолчанию сAndroidLog.\ncodecodecode\nИнтерфейс LoggerpublicinterfaceLogger{voidverbose(Stringmessage,Throwablethrowable);voiddebug(Stringmessage,Throwablethrowable);voidinfo(Stringmessage,Throwablethrowable);voidwarn(Stringmessage,Throwablethrowable);voiderror(Stringmessage,Throwablethrowable);LoggercreateLogger(Stringtag);}\ncodecodecode\nПример реализации логгераpublicclassDefaultLoggerimplementsLogger{privatefinalStringtag;publicDefaultLogger(Stringtag){this.tag=tag;}@Overridepublicvoiddebug(@NonNullStringmessage,Throwablethrowable){Log.d(tag,message,throwable);}@Overridepublicvoiderror(@NonNullStringmessage,Throwablethrowable){Log.e(tag,message,throwable);}@Overridepublicvoidinfo(@NonNullStringmessage,@NullableThrowablethrowable){Log.i(tag,message,throwable);}@Overridepublicvoidverbose(@NonNullStringmessage,@NullableThrowablethrowable){Log.v(tag,message,throwable);}@Overridepublicvoidwarn(@NonNullStringmessage,@NullableThrowablethrowable){Log.w(tag,message,throwable);}@NonNull@OverridepublicLoggercreateLogger(@NonNullStringnewTag){StringcombinedTag=(tag!=null)?tag+\":\"+newTag:newTag;returnnewDefaultLogger(combinedTag);}}\ncodecodecode\nМетод getLoggerpackageru.rustore.defoldpush;importandroid.content.Context;importru.rustore.sdk.pushclient.common.logger.DefaultLogger;importru.rustore.sdk.pushclient.common.logger.Logger;importru.rustore.sdk.pushclient.provider.AbstractRuStorePushClientParams;publicclassRuStorePushClientParamsextendsAbstractRuStorePushClientParams{RuStorePushClientParams(Contextcontext){super(context);}@OverridepublicLoggergetLogger(){returnnewDefaultLogger(Push.TAG);}}\nh3h3h3\nРабота с сегментами пользователей​\nparagraphparagraphparagraph\nСегмент — это группа пользователей, которых вы выбираете по определенным параметрам.\nНапример, пользователи, которые приносят наибольший доход, или пользователи со старой версией Android.\nПодробности о сегментах — в документацииMyTracker.\nЧтобы начать работу с сегментами, используйте методset_client_id_callbackс параметрамиCLIENT_ID_VALUEиCLIENT_ID_TYPE:\ncodecodecode\nВызов метода set_client_id_callbacklocalCLIENT_ID_TYPE=ruStorePush.CLIENT_AID_NOT_AVAILABLElocalCLIENT_ID_VALUE=\"\"ruStorePush.set_client_id_callback(function(self)returnCLIENT_ID_VALUE,CLIENT_ID_TYPEend)\nparagraphparagraphparagraph\nCLIENT_ID_TYPE— тип идентификатора:CLIENT_AID_NOT_AVAILABLE— рекламный идентификатор не используется.CLIENT_GAID— рекламный идентификатор Google;CLIENT_OAID— рекламный идентификатор Huawei.\nCLIENT_ID_VALUE— значение идентификатора.\nh2h2h2\nМетоды для работы с push-токеном​\n\nh3h3h3\nПолучение push-токена пользователя​\nparagraphparagraphparagraph\nДля получения push-токенов выполните подписку на событиеnew_tokenс помощью методаset_on_token:\ncodecodecode\nlocalfunctionnew_token(self,token,error)iftoken thenprint(token)elseprint(error.error)endendlocalfunctionpush_android()ruStorePush.set_on_token(new_token)end\nadmonitionadmonitionadmonition\nпредупреждение\nparagraphparagraphparagraph\nЕсли у пользователя нет push-токена, метод создаст и вернёт новый push-токен.\nparagraphparagraphparagraph\nЕсли у пользователя нет push-токена, метод создаст и вернёт новый push-токен.\nh3h3h3\nУдаление push-токена пользователя​\nparagraphparagraphparagraph\nДля удаления push-токенов используйте методdelete_token:\ncodecodecode\nВызов метода delete_tokenruStorePush.delete_token(function(self,error)iferror thenprint(\"Error deleting token: %s\",error.error)elseprint(\"push token deleted\")endend)\nh2h2h2\nМетоды для работы с push-топиком​\n\nh3h3h3\nПодписка на push-уведомления по топику​\nparagraphparagraphparagraph\nДля подписки на топик используйте методtopic_subscribe:\ncodecodecode\nВызов метода topic_subscribelocalTOPIC_NAME=\"defold\"ruStorePush.topic_subscribe(\"defold\",function(self,error)iferror thenprint(\"Error to subscribe: %s\",error.error)elseprint(\"subscribe to: defold\")endend)\nparagraphparagraphparagraph\nTOPIC_NAME— имя топика.\nh3h3h3\nОтписка от push-уведомлений по топику​\nparagraphparagraphparagraph\nДля отписки от сообщений топика используйте методtopic_unsubscribe:\ncodecodecode\nВызов метода topic_subscribelocalTOPIC_NAME=\"defold\"ruStorePush.topic_unsubscribe(TOPIC_NAME,function(self,error)iferror thenprint(\"Error to unsubscribe: %s\",error.error)elseprint(\"unsubscribe from: defold\")endend)\nparagraphparagraphparagraph\nTOPIC_NAME— имя топика.\nh2h2h2\nПолучение информации из push-уведомления​\nparagraphparagraphparagraph\nЧтобы получить информацию о push-уведомлениях, добавьте callback ruStorePush.set_on_message().\nДля получения информации о push-уведомлениях выполните подписку на событиеon_messageс помощью методаset_on_message:\ncodecodecode\nПодписка на событиеlocalfunctionlistener(self,payload,activated)--Thepayload arrives here.pprint(payload)endlocalfunctionpush_android()ruStorePush.set_on_message(listener)end\nparagraphparagraphparagraph\npayload(lua table) — полеdatapush-уведомления;\nactivated(bool) — информация о переходе пользователя в приложение по нажатию на push-уведомление.\nadmonitionadmonitionadmonition\nпредупреждение\nparagraphparagraphparagraph\nНе отправляйте push-уведомления с параметрамиnotificationиandroid.notification.title: по таким уведомлениям невозможно будет перейти в приложение.\nУказывайте следующие параметры в полеdata:\nparagraphparagraphparagraph\nНе отправляйте push-уведомления с параметрамиnotificationиandroid.notification.title: по таким уведомлениям невозможно будет перейти в приложение.\nУказывайте следующие параметры в полеdata:\nh2h2h2\nСм. также​\nparagraphparagraphparagraph\nОтправка push-уведомлений (API) (https://rustore.ru/help/sdk/push-notifications/send-push-notifications)\nОтправка push-уведомлений по топикам (API) (https://rustore.ru/help/sdk/push-notifications/topic-notifications)\nРабота с сегментами пользователей (API) (https://rustore.ru/help/sdk/push-notifications/work-with-segments-push-api)"
}