{
    "meta": {
        "language": "ru",
        "parse_date": "2024-07-06T20:05:34.652129",
        "current_url": "https://www.rustore.ru/help/sdk/reviews-ratings/defold/2-0-0/",
        "doc_section": "sdk",
        "h1_text": "2.0.0"
    },
    "text": "h1h1h1\n2.0.0\n\nh2h2h2\nОбщие сведения​\nparagraphparagraphparagraph\nRuStore In-app Review SDK предлагает пользователю оставить оценку и отзыв о вашем приложении в RuStore, не выходя из приложения.\nПользовательский сценарий оценки и отзыва может быть запущен в любое время на протяжении всего пути пользователя в вашем приложении. Пользователь может оценить ваше приложение по шкале от 1 до 5 и оставить отзыв. Отзыв является опциональным.\nh2h2h2\nПример реализации​\nparagraphparagraphparagraph\nОзнакомьтесь сприложением-примеромчтобы узнать, как правильно интегрировать SDK отзывов и оценок.\nh2h2h2\nПример пользовательского сценария​\n\nh2h2h2\nУсловия корректной работы SDK​\nparagraphparagraphparagraph\nДля работы SDK оценок и отзывов необходимо соблюдение следующих условий.\nОС Android версии 7.0 или выше.\nНа устройстве пользователя установлена актуальная версия RuStore.\nПользователь авторизован в RuStore.\nПриложение должно быть опубликовано в RuStore.\nh2h2h2\nКогда запрашивать оценку и отзыв​\nparagraphparagraphparagraph\nСледуйте рекомендациям, чтобы решить, в какой момент запросить оценку и отзыв о приложении у пользователя (см. ниже).\nЗапускайте процесс после того, как пользователь достаточно использовал ваше приложение.\nНе запускайте процесс слишком часто — это ухудшит опыт пользователя вашего приложения и ограничит использование SDK оценок.\nНе используйте призывы к действию, например, кнопку «Оценить приложение» — пользователь уже мог исчерпать лимит запуска процесса.\nВаше приложение не должно задавать какие-либо вопросы пользователю перед запуском или во время процесса, в том числе вопросы об их мнении (например, «Вам нравится приложение?») или прогнозирующие вопросы (например, «Вы бы поставили этому приложению 5 звёзд?»).\nh2h2h2\nРекомендации к дизайну​\nparagraphparagraphparagraph\nСледуйте рекомендациям, чтобы решить, как интегрировать процесс.\nОтображайте процесс как есть, без какого-либо вмешательства или изменения текущего дизайна, включая размер, непрозрачность, форму и другие свойства.\nНичего не добавляйте поверх или по краям процесса.\nПроцесс должен открываться поверх всех слоёв. После запуска процесса не закрывайте его. Процесс завершится самостоятельно после явного действия пользователя.\nh2h2h2\nПодключение в проект​\nparagraphparagraphparagraph\nСкопируйте проекты плагина и приложения-примера из официального репозитория RuStore наGitFlic (https://gitflic.ru/project/rustore/rustore-defold-review).\nСкопируйте папкиreview_example/extension_rustore_reviewиreview_example/extension_rustore_coreв корень вашего проекта.\nh2h2h2\nРабота с оценками​\n\nh3h3h3\nПодготовка к работе с оценками​\nparagraphparagraphparagraph\nПеред вызовом методов библиотеки необходимо выполнить ее инициализацию. Для инициализации воспользуйтесь методомinit().\ncodecodecode\nВызов метода initfunctioninit(self)rustorereview.init()end\nh3h3h3\nПодготовка к запуску оценки приложения​\nparagraphparagraphparagraph\nПеред использованием метода необходимо единожды выполнить подписку на события:\non_request_review_flow_success;\non_request_review_flow_failure.\ncodecodecode\nПодписка на событияfunctioninit(self)rustorecore.connect(\"rustore_request_review_flow_success\",_request_review_flow_success)rustorecore.connect(\"rustore_request_review_flow_failure\",_request_review_flow_failure)--Инициализация rustorereviewendfunction_request_review_flow_success(self,channel,value)endfunction_request_review_flow_failure(self,channel,value)local data=json.decode(value)end\ncodecodecode\nВызов метода request_review_flowrustorereview.request_review_flow()\nadmonitionadmonitionadmonition\nк сведению\nparagraphparagraphparagraph\nСписок возможных ошибок (https://rustore.ru/help#%D0%BE%D0%B1%D1%80%D0%B0%D0%B1%D0%BE%D1%82%D0%BA%D0%B0-%D0%BE%D1%88%D0%B8%D0%B1%D0%BE%D0%BA)\nparagraphparagraphparagraph\nСписок возможных ошибок (https://rustore.ru/help#%D0%BE%D0%B1%D1%80%D0%B0%D0%B1%D0%BE%D1%82%D0%BA%D0%B0-%D0%BE%D1%88%D0%B8%D0%B1%D0%BE%D0%BA)\nh3h3h3\nЗапуск оценки приложения​\nparagraphparagraphparagraph\nПеред использованием метода необходимо единожды выполнить подписку на события:\non_request_review_flow_success;\non_request_review_flow_failure.\ncodecodecode\nПодписка на событияfunctioninit(self)rustorecore.connect(\"rustore_launch_review_flow_success\",_launch_review_flow_success)rustorecore.connect(\"rustore_launch_review_flow_failure\",_launch_review_flow_failure)--Инициализация rustorereviewendfunc_launch_review_flow_success(self,channel,value)endfunc_launch_review_flow_failure(self,channel,value)local data=json.decode(value)end\ncodecodecode\nВызов метода launch_review_flowrustorereview.launch_review_flow()\nadmonitionadmonitionadmonition\nк сведению\nparagraphparagraphparagraph\nСписок возможных ошибок (https://rustore.ru/help#%D0%BE%D0%B1%D1%80%D0%B0%D0%B1%D0%BE%D1%82%D0%BA%D0%B0-%D0%BE%D1%88%D0%B8%D0%B1%D0%BE%D0%BA)\nparagraphparagraphparagraph\nСписок возможных ошибок (https://rustore.ru/help#%D0%BE%D0%B1%D1%80%D0%B0%D0%B1%D0%BE%D1%82%D0%BA%D0%B0-%D0%BE%D1%88%D0%B8%D0%B1%D0%BE%D0%BA)\nh2h2h2\nОбработка ошибок​\nparagraphparagraphparagraph\n\nСтруктура ошибки\ncodecodecode\nОбработка json ошибкиfunction_on_failure(self,channel,value)local data=json.decode(value)local message=data.detailMessageend\nparagraphparagraphparagraph\ndetailMessage– описание ошибки.\nRuStoreNotInstalledException— на устройстве пользователя не установлен RuStore;\nRuStoreOutdatedException— версия RuStore, установленная на устройстве пользователя, не поддерживает платежи;\nRuStoreUserUnauthorizedException— пользователь не авторизован в RuStore;\nRuStoreRequestLimitReached— с момента последнего отображения процесса прошло слишком мало времени;\nRuStoreReviewExists— этот пользователь уже оценил ваше приложение;\nRuStoreInvalidReviewInfo— проблемы сReviewInfo;\nRuStoreException— базовая ошибка RuStore, от которой наследуются остальные ошибки."
}