{
    "meta": {
        "language": "ru",
        "parse_date": "2024-07-06T20:00:53.472784",
        "current_url": "https://www.rustore.ru/help/sdk/rustore-geo/additional-services/location-determination-by-ip/",
        "doc_section": "sdk",
        "h1_text": "Определение местоположения по IP-адресу"
    },
    "text": "h1h1h1\nОпределение местоположения по IP-адресу\nparagraphparagraphparagraph\n/ip2geo— точка вызова сервиса определения местоположения по IP-адресу.\nh2h2h2\nЗапрос​\n\nh3h3h3\nОбязательные параметры запроса​\n\n---Table Start---\napi_key | hex-string | Доступ к сервисам . | fa749bace6d8a3b1....\n---Table End---\nh3h3h3\nДополнительные параметры запроса​\n\n---Table Start---\nq    | string                 | Тело поискового запроса, содержащее IP-адрес протокола IPv4 в десятичном представлении. По умолчанию, если в запросе не указан искомый IP-адрес, будет автоматически определён и использован IP-адрес клиента с которого осуществляется запрос. | 192.168.1.1\nlang | 2-символьный код языка | Язык ответа на одном из доступных языков. По умолчанию на языке региона, в котором найден объект.                                                                                                                                               | lang=en    \n---Table End---\nh2h2h2\nОтвет​\n\n---Table Start---\ngeoid   | object | Внутренний гео-ID.                                                                                                                                                                       | \"geo_id\" : \"546\"                                              \naddress | string | Найденный адрес объекта.                                                                                                                                                                 | \"address\" : \"Россия, Москва\"                                  \nbbox    | list   | Границы местонахождения найденного объекта для позиционирования на карте.                                                                                                                | \"bbox\": [ ``37.326228, ``55.491308, ``37.967428, ``55.957772 ]\nisocode | 2char  | Двухбуквенный код страны согласно ISO 3166-1 alpha-2.                                                                                                                                    | \"isocode\" : \"RU\"                                              \ntype    | string | Тип объекта                                                                                                                                                                              | \"type\" : \"locality\"                                           \nref     | hex    | ID найденного объекта — можно использовать для получения дополнительной информации в сервисе Геокодер . предупреждение ID объекта не является стабильным и может со временем изменяться. | \"ref\" : \"1000000C4D63818\"                                     \npin     | list   | Координаты найденного объекта (долгота и широта).                                                                                                                                        | \"pin\" : [ 37.538851 , 55.796731 ]                             \n---Table End---\nh2h2h2\nПример​\n\nh3h3h3\nЗапрос​\n\ncodecodecode\nhttps://geo.rustore.ru/api/ip2geo?api_key=<YOUR_API_KEY>&q=46.138.195.192\nh3h3h3\nОтвет​\n\ncodecodecode\n{\"request\":\"/ip2geo?q=46.138.195.192&api_key\",\"results\":[{\"address\":\"Россия, Москва\",\"bbox\":[37.326228,55.491308,37.967428,55.957772],\"geo_id\":5506,\"isocode\":\"RU\",\"pin\":[37.617494,55.750446],\"ref\":\"030000000026FCFD\",\"type\":\"city\"}]}"
}