{
    "meta": {
        "language": "ru",
        "parse_date": "2024-07-06T19:30:06.677406",
        "current_url": "https://www.rustore.ru/help/users/start/app-page/",
        "doc_section": "users",
        "h1_text": "Страница приложения в RuStore: Все о приложении в одном месте"
    },
    "text": "h1h1h1\nСтраница приложения в RuStore: Все о приложении в одном месте\nparagraphparagraphparagraph\nВыберите винтерфейсе RuStoreприложение и нажмите на него.\nОткроется окно с информацией о приложении:\nиконка;\nназвание;\nразработчик;\nвозрастное ограничение;\nразмер приложения;\nкнопка для установки/обновления приложения на мобильное устройство;\nкатегории;\nвидео и скриншоты, доступные для смартфонов/планшетов;\nполное описание приложения;\nописание последней версии приложения;\nистория версий;\nобщий рейтинг приложения;\nсписок последних отзывов к приложению.\nКак обновить RuStore (https://rustore.ru/help/users/start/update-rustore-app)\nКак найти приложение в RuStore (https://rustore.ru/help/users/app-management/app-search)\nКак настроить родительский контроль в RuStore (https://rustore.ru/help/users/start/change-theme)\nКак изменить тему в приложении RuStore (https://rustore.ru/help/users/start/parental-control)\nКак установить платное приложение из RuStore (https://rustore.ru/help/users/purchases-and-returns/paid-apps)"
}