{
    "meta": {
        "language": "ru",
        "parse_date": "2024-07-06T19:35:52.388901",
        "current_url": "https://www.rustore.ru/help/developers/monetization/payment-callback/enable-notifications/",
        "doc_section": "developers",
        "h1_text": "Как включить отправку уведомлений"
    },
    "text": "h1h1h1\nКак включить отправку уведомлений\nparagraphparagraphparagraph\nЧтобы получать уведомления об изменении статуса платежей в вашем приложении, настройте, протестируйте и включите отправку через RuStore Консоль.\nh2h2h2\nПеред включением уведомлений​\nparagraphparagraphparagraph\nНастройте сервер (https://rustore.ru/help/developers/monetization/payment-callback/server-set-up)для получения уведомлений от RuStore.\nУбедитесь, что компания не заблокирована, у нее подключена монетизация и в приложении есть возможность совершать покупки.подсказкаКак подключить монетизацию (https://rustore.ru/help/developers/monetization)Как создать платный товар в приложении (https://rustore.ru/help/developers/monetization/create-paid-product-in-application)\nh2h2h2\nНастройка отправки уведомлений​\nparagraphparagraphparagraph\nОткройтеRuStore Консоль (https://console.rustore.ru/sign-in)и перейдите в ваше приложение.\nВыберите в меню слева «Монетизация» — «Уведомления на сервер» и нажмите «Подключить».\nУкажите URL-адрес вашего сервера, который будет принимать уведомления.\nАдрес должен начинаться сhttps://.Пример валидного URL-адреса:https://www.notification-payment-server.my-company.ru\nСкопируйте и сохраните ключ для расшифровки уведомлений.\nЕго необходимо добавить в механизм симметричного шифрования на вашем сервере.\nh2h2h2\nТестирование отправки уведомлений​\nparagraphparagraphparagraph\nПеред тем, как включать отправку уведомлений протестируйте конфигурацию сервера.\nДля этого нажмите «Отправить» в строке «Тестовое уведомление».\nВаш сервер получиттестовое уведомление.\nНа него не распространяютсягарантии доставки.\nОтправлять тестовое уведомление вы можете не чаще, чем раз в 30 секунд.\nОтвет от сервера отобразится в RuStore Консоль.\nЕсли он отличается от «Уведомление успешно доставлено», нужно проверить конфигурацию сервера и сетевую доступность между RuStore и сервером.\nВ таблице ниже собраны возможные ответы сервера:\n---Table Start---\nHTTP-код 4xx или 5xx                | Not Found, Unauthorized и другие        | Отображаются текстовые коды ошибок согласно RFC 7231                                                                                                                                                                                           \nПревышено время запроса             | Read timed out                          | На исполнение запроса от RuStore до Backend вашего сервера есть ограничение по времени, при превышении которого появляется эта ошибка. Лимит составляет 3 секунды, если в сокет ничего не пишется, но не более 5 секунд ожидания ответа в целом\nСоединение сброшено BE разработчика | Connection reset                        | Backend вашего сервера сбросил соединение                                                                                                                                                                                                      \nПроблемы с SSL                      | Unsupported or unrecognized SSL message | Проблемы с SSL, проверьте сертификат сервера                                                                                                                                                                                                   \n                                    | Name or service not known               | Указан несуществующий адрес сервера                                                                                                                                                                                                            \n---Table End---\nh2h2h2\nВключение отправки уведомлений​\nparagraphparagraphparagraph\nКак только вы убедитесь, что сервер корректно получает уведомления и отправляет подтверждения о доставке, активируйте переключатель «Отправлять уведомления».\nСервис начнёт отправлять уведомления в режиме реального времени.\nУведомления отправляются в ситуациях, когда у платежа изменяется статус.\n---Table Start---\nПользователь выбрал способ оплаты в приложении, платёж исполняется                                            | У платежа появляется статус executed\nПользователь отменил платёж                                                                                   | Статус платежа меняется на cancelled\nСредства пользователя зарезервированы, счёт ожидает подтверждения (только для покупки потребляемых продуктов) | Статус платежа меняется на paid     \nОплата прошла успешно                                                                                         | Статус платежа меняется на confirmed\nСредства по счёту возвращены покупателю                                                                       | Статус платежа меняется на refunded \nПроизошла отмена резервирования средств                                                                       | Статус платежа меняется на reversed \n---Table End---\nh2h2h2\nЧто дальше​\nparagraphparagraphparagraph\nСразу после включения: убедитесь, что информация изpayloadуведомления расшифровывается корректно.\nИменно в ней хранятся данные о приложении, купленном продукте, а также новом и предыдущем статусах.\nВ дальнейшем:\nПри сбоях или технических работах на сервере вы можете временноотключить отправку уведомлений (https://rustore.ru/help/developers/monetization/payment-callback/disable-notifications).\nЕсли URL-адрес для получения уведомлений изменился,измените (https://rustore.ru/help/developers/monetization/payment-callback/edit-server-name)его в RuStore Консоль.\nЕсли ключ шифрования оказался утерян или скомпрометирован,получите новый ключ (https://rustore.ru/help/developers/monetization/payment-callback/update-key)и обновите его на своём сервере."
}