{
    "meta": {
        "language": "ru",
        "parse_date": "2024-07-06T19:33:01.163911",
        "current_url": "https://www.rustore.ru/help/users/policies/review-moderation/",
        "doc_section": "users",
        "h1_text": "Отзывы и модерация: Почему ваш отзыв может быть отклонен и как избежать этого"
    },
    "text": "h1h1h1\nОтзывы и модерация: Почему ваш отзыв может быть отклонен и как избежать этого\nparagraphparagraphparagraph\nОтзыв может оставить только авторизованный пользователь. К одному приложению можно написать только один отзыв.\nВ вашем отзыве не должно быть:\nссылок на внешние источники;\nрекламы товаров или услуг;\nнерелевантной информации;\nнецензурной брани, оскорблений и дискриминационных высказываний.\nadmonitionadmonitionadmonition\nк сведению\nparagraphparagraphparagraph\nМы не публикуем отзыв, который нарушает любой из перечисленных критериев. Если ваш отзыв не нарушил ни один из критериев, но не был опубликован,напишите нам (mailto:support@rustore.ru). Мы постараемся найти решение.\nПриветствуются любые отзывы, основанные на личном опыте использования приложения. Опишите приложение, подчеркните его достоинства или недостатки, при этом не оставляйте комментарии, которые не относятся к продукту напрямую.\nparagraphparagraphparagraph\nМы не публикуем отзыв, который нарушает любой из перечисленных критериев. Если ваш отзыв не нарушил ни один из критериев, но не был опубликован,напишите нам (mailto:support@rustore.ru). Мы постараемся найти решение.\nПриветствуются любые отзывы, основанные на личном опыте использования приложения. Опишите приложение, подчеркните его достоинства или недостатки, при этом не оставляйте комментарии, которые не относятся к продукту напрямую."
}