{
    "meta": {
        "language": "ru",
        "parse_date": "2024-07-06T19:46:39.587576",
        "current_url": "https://www.rustore.ru/help/sdk/payments/react/3-1-0/",
        "doc_section": "sdk"
    },
    "text": "admonitionadmonitionadmonition\nподсказка\nparagraphparagraphparagraph\nСценарий работы с платежами описан вгайде (https://rustore.ru/help/guides/payments). Изучите его перед началом работы.\nparagraphparagraphparagraph\nСценарий работы с платежами описан вгайде (https://rustore.ru/help/guides/payments). Изучите его перед началом работы.\nh2h2h2\nПример реализации​\nparagraphparagraphparagraph\nОзнакомьтесь сприложением-примеромчтобы узнать, как правильно интегрировать SDK платежей.\nh2h2h2\nУсловия работы платежей​\nparagraphparagraphparagraph\nНа устройстве пользователя установлена актуальная версия RuStore.\nПользователь авторизован в RuStore.\nПользователь и приложение не должны быть заблокированы в RuStore.\nДля приложения включена возможность покупок вКонсоли RuStore (https://console.rustore.ru/).\nadmonitionadmonitionadmonition\nпредупреждение\nparagraphparagraphparagraph\nСервис имеет некоторые ограничения на работу за пределами России.\nparagraphparagraphparagraph\nСервис имеет некоторые ограничения на работу за пределами России.\nh2h2h2\nПодготовка к работе​\nparagraphparagraphparagraph\nДля подключения пакета к проекту выполните следующую команду.\ncodecodecode\n// HTTPSnpm install git+https://git@gitflic.ru/project/rustore/react-native-rustore-billing-sdk.git// SSHnpm install git+ssh://git@gitflic.ru/project/rustore/react-native-rustore-billing-sdk.git\nh2h2h2\nОбработка deeplink​\nparagraphparagraphparagraph\nДля корректной работы оплаты через сторонние приложения (СБП, SberPay и др.) необходимо правильно реализовать обработку deeplink. Укажите вAndroidManifest.xmlintent-filterсschemeвашего проекта (см. ниже).\ncodecodecode\nAndroidManifest.xml<activityandroid:name=\".sample.MainActivity\"><intent-filter><actionandroid:name=\"android.intent.action.MAIN\"/><categoryandroid:name=\"android.intent.category.LAUNCHER\"/></intent-filter><intent-filter><actionandroid:name=\"android.intent.action.VIEW\"/><categoryandroid:name=\"android.intent.category.DEFAULT\"/><categoryandroid:name=\"android.intent.category.BROWSABLE\"/><dataandroid:scheme=\"yourappscheme\"/></intent-filter></activity>\nh2h2h2\nИнициализация​\nparagraphparagraphparagraph\nПеред вызовом методов библиотеки необходимо выполнить её инициализацию.\ncodecodecode\ntry{RustoreBillingClient.init({consoleApplicationId:'appId',deeplinkScheme:'scheme',});console.log(initialize success:${result});}catch(err){console.log(initialize err:${err});}\nparagraphparagraphparagraph\nconsoleApplicationId— код приложения из консоли разработчика RuStore (пример:https://console.rustore.ru/apps/123456 (https://console.rustore.ru/apps/123456)).Чтобы получить ID приложения, скопируйте цифры из URL-адреса страницы приложения в RuStore Консоли послеapps/.\ndeeplinkScheme— схема deeplink, необходимая для возврата в ваше приложение после оплаты через стороннее приложение (например, SberPay или СБП). SDK генерирует свой хост к данной схеме.\nadmonitionadmonitionadmonition\nпримечание\n\n\nh2h2h2\nКак работают платежи​\n\nh2h2h2\nПроверка доступности работы с платежами​\nparagraphparagraphparagraph\nВо время проверки доступности платежей проверяются следующие условия.\nНа устройстве пользователя установлена актуальная версия RuStore.\nПриложение RuStore поддерживает функциональность платежей.\nПользователь авторизован в RuStore.\nПользователь и приложение не должны быть заблокированы в RuStore.\nДля приложения включена возможность покупок вКонсоли RuStore (https://console.rustore.ru/).\ncodecodecode\ntry{constisAvailable=awaitRustoreBillingClient.checkPurchasesAvailability();console.log(available success ${isAvailable});}catch(err){console.log(available error ${err});}\nh2h2h2\nРабота с SDK​\n\nh3h3h3\nПолучение списка продуктов​\nparagraphparagraphparagraph\nДля получения списка продуктов используйте методRustoreBillingClient.getProducts(productIds).\ncodecodecode\ntry{constproducts=awaitRustoreBillingClient.getProducts(productIds);for(constproductofproducts){console.log(product?.productId);}}catch(err){console.log(products err:${err});}\ncodecodecode\ninterfaceProduct{productId:string;productType?:ProductType;productStatus:ProductStatus;priceLabel?:string;price?:number;currency?:string;language?:string;title?:string;description?:string;imageUrl?:string;promoImageUrl?:string;subscription?:ProductSubscription;}\nparagraphparagraphparagraph\nproductId— идентификатор продукта.\nproductType— тип продукта.\nproductStatus— статус продукта.\npriceLabel— отформатированная цена товара, включая валютный знак на языкеlanguage.\nprice— цена в минимальных единицах (в копейках).\ncurrency— код валюты ISO 4217.\nlanguage— язык, указанный с помощью BCP 47 кодирования.\ntitle— название продукта на языкеlanguage.\ndescription— описание на языкеlanguage.\nimageUrl— ссылка на картинку.\npromoImageUrl— ссылка на промокартинку.\nsubscription— описание подписки, возвращается только для продуктов с типомsubscription.\ncodecodecode\ninterfaceProductSubscription{subscriptionPeriod?:SubscriptionPeriod;freeTrialPeriod?:SubscriptionPeriod;gracePeriod?:SubscriptionPeriod;introductoryPrice?:string;introductoryPriceAmount?:string;introductoryPricePeriod?:SubscriptionPeriod;}\nparagraphparagraphparagraph\nsubscriptionPeriod— период подписки.\nfreeTrialPeriod— пробный период подписки.\ngracePeriod— льготный период подписки.\nintroductoryPrice— отформатированная вступительная цена подписки, включая знак валюты, на языкеproduct:language.\nintroductoryPriceAmount— вступительная цена в минимальных единицах валюты (в копейках).\nintroductoryPricePeriod— расчётный период вступительной цены.\ncodecodecode\ninterfaceSubscriptionPeriod{years:number;months:number;days:number;}\nparagraphparagraphparagraph\nyears— количество лет.\nmonths— количество месяцев.\ndays— количество дней.\nh3h3h3\nПокупка продукта​\nparagraphparagraphparagraph\nДля вызова покупки продукта используйте методRustoreBillingClient.purchaseProduct({...}).\ncodecodecode\ntry{constresponse=awaitRustoreBillingClient.purchaseProduct({productId:'productId',orderId:'orderId',quantity:0,developerPayload:'developerPayload'});console.log(purchase success:${response});}catch(err){console.log(purchase err:${err});}\nparagraphparagraphparagraph\nproductId— идентификатор продукта.\norderId— уникальный идентификатор оплаты, сформированный приложением (UUID).\nquantity— количество продукта.\ndeveloperPayload— указанная разработчиком строка, содержащая дополнительную информацию о заказе.\ncodecodecode\nenumPaymentResult{SUCCESS='SUCCESS',CANCELLED='CANCELLED',FAILURE='FAILURE',}interfaceSuccessPaymentResult{orderId?:string;purchaseId:string;productId:string;invoiceId:string;subscriptionToken?:string;}interfaceSuccessPayment{type:PaymentResult.SUCCESS;result:SuccessPaymentResult;}interfaceCancelledPaymentResult{purchaseId:string;}interfaceCancelledPayment{type:PaymentResult.CANCELLED;result:CancelledPaymentResult;}interfaceFailurePaymentResult{purchaseId?:string;invoiceId?:string;orderId?:string;quantity?:number;productId?:string;errorCode?:number;}interfaceFailurePayment{type:PaymentResult.FAILURE;result:FailurePaymentResult;}\nparagraphparagraphparagraph\nSuccessPayment- результат успешного завершения покупки цифрового товара.\nFailurePayment- при отправке запроса на оплату или получения статуса оплаты возникла проблема, невозможно установить статус покупки.\nCancelledPayment— запрос на покупку отправлен, при этом пользователь закрыл «платёжную шторку» на своём устройстве, и результат оплаты неизвестен.\nh3h3h3\nПолучение списка покупок​\nparagraphparagraphparagraph\nМетод возвращает только покупки со статусами из таблицы ниже.\n---Table Start---\nCONSUMABLE     | + |   | +\nNON-CONSUMABLE | + | + |  \nSUBSCRIPTION   | + | + |  \n---Table End---\nadmonitionadmonitionadmonition\nпримечание\nparagraphparagraphparagraph\nМетод возвращает незавершённые состояния покупки и покупки потребляемых товаров, требующих обработки. Помимо этого, он показывает подтверждённые покупки для подписок и непотребляемых товаров — тех, которые нельзя купить повторно.\nДля получения списка покупок пользователя используйте методRustoreBillingClient.getPurchases().\nparagraphparagraphparagraph\nМетод возвращает незавершённые состояния покупки и покупки потребляемых товаров, требующих обработки. Помимо этого, он показывает подтверждённые покупки для подписок и непотребляемых товаров — тех, которые нельзя купить повторно.\nДля получения списка покупок пользователя используйте методRustoreBillingClient.getPurchases().\ncodecodecode\ntry{constpurchases=awaitRustoreBillingClient.getPurchases();for(constpurchaseofpurchases){console.log(purchase?.purchaseId);}}catch(err){console.log(purchase err:${err});}\ncodecodecode\ninterfacePurchase{purchaseId?:string;productId:string;productType?:ProductType;invoiceId?:string;description?:string;language?:string;purchaseTime?:string;orderId?:string;amountLabel?:string;amount?:number;currency?:string;quantity?:number;purchaseState?:PurchaseState;developerPayload?:string;subscriptionToken?:string;}\nparagraphparagraphparagraph\npurchaseId— идентификатор покупки.\nproductId— идентификатор продукта.\nproductType— тип продукта.\ninvoiceId— идентификатор счёта.\ndescription— описание на языкеlanguage.\nlanguage— язык, указанный с помощью BCP 47 кодирования.\npurchaseTime— время покупки.\norderId— уникальный идентификатор оплаты, сформированный приложением (UUID).\namountLable— отформатированная цена покупки, включая валютный знак на языкеlanguage.\namount— цена в минимальных единицах валюты.\ncurrency— код валюты ISO 4217.\nquantity— количество продукта.\npurchaseState— состояние покупки:\ndeveloperPayload— указанная разработчиком строка, содержащая дополнительную информацию о заказе.\nsubscriptionToken— токен для валидации покупки на сервере.\nh3h3h3\nПодтверждение покупки​\n\nh4h4h4\nПродукты, требующие подтверждения​\nparagraphparagraphparagraph\nRuStore содержит продукты следующих типов.\nSUBSCRIPTION— подписка (можно купить на период времени, например: подписка в стриминговом сервисе).\nNON_CONSUMABLE— непотребляемый (можно купить один раз, например: отключение рекламы в приложении).\nCONSUMABLE— потребляемый (можно купить много раз, например: кристаллы в приложении).\nh4h4h4\nВызов метода подтверждения​\n\nh3h3h3\nОтмена покупки​\nparagraphparagraphparagraph\nДля отмены покупки используйте методRustoreBillingClient.deletePurchase(purchaseId).\ncodecodecode\ntry{constisDeleted=awaitRustoreBillingClient.deletePurchase(purchaseId)console.log(deletesuccess:${isDeleted});}catch(err){console.log(deleteerr:${err});}\nparagraphparagraphparagraph\npurchaseId— идентификатор покупки.\nadmonitionadmonitionadmonition\nк сведению\nparagraphparagraphparagraph\nИспользуйте этот метод, если у вас есть логика, завязанная на удалении покупки. Покупка отменяется автоматически через таймаут в 20 минут, либо при повторной покупке от того же клиента.\nparagraphparagraphparagraph\nИспользуйте этот метод, если у вас есть логика, завязанная на удалении покупки. Покупка отменяется автоматически через таймаут в 20 минут, либо при повторной покупке от того же клиента.\nh3h3h3\nОбработка незавершённых платежей​\nparagraphparagraphparagraph\nОбработка незавершённых платежей производится разработчиком.\nЧтобы подтвердить покупку типаCONSUMABLEи в статусеPAIDвызовите методподтверждения покупки.\nВ случае с отменой покупки при использовании методов обработки платежей учитывайте свой внутренний процесс. У некоторых разработчиков он предусматривает проверки перед потреблением или отменой покупки. В этом случае запросите отдельно статус такой покупки.\nadmonitionadmonitionadmonition\nподсказка\nparagraphparagraphparagraph\nНапример, если пользователь оплатил товар, который вы по каким-то причинам не можете ему поставить, вызовите методотмены покупки (https://rustore.ru/help#%D0%BE%D1%82%D0%BC%D0%B5%D0%BD%D0%B0-%D0%BF%D0%BE%D0%BA%D1%83%D0%BF%D0%BA%D0%B8)в статусеPAID, чтобы отменить покупку.\nВ случаях, когда методполучения списка покупоквозвращает покупку со статусомINVOICE_CREATEDвы можете использовать методотмены покупки. Например, если не хотите видеть покупку с такими статусами в списке покупок. Делать это самим не обязательно, поскольку RuStore обрабатывает отмену таких покупок на своей стороне.\nparagraphparagraphparagraph\nНапример, если пользователь оплатил товар, который вы по каким-то причинам не можете ему поставить, вызовите методотмены покупки (https://rustore.ru/help#%D0%BE%D1%82%D0%BC%D0%B5%D0%BD%D0%B0-%D0%BF%D0%BE%D0%BA%D1%83%D0%BF%D0%BA%D0%B8)в статусеPAID, чтобы отменить покупку.\nВ случаях, когда методполучения списка покупоквозвращает покупку со статусомINVOICE_CREATEDвы можете использовать методотмены покупки. Например, если не хотите видеть покупку с такими статусами в списке покупок. Делать это самим не обязательно, поскольку RuStore обрабатывает отмену таких покупок на своей стороне.\nadmonitionadmonitionadmonition\nк сведению\nparagraphparagraphparagraph\nИногда после оплаты через приложение банка (СБП, SberPay, Tinkoff Pay и др.) и при последующем возврате обратно в приложение статус покупки остаётсяINVOICE_CREATED, при этом статус платежа — неуспешная покупка. Это связано с временем обработки покупки на стороне банка. Поэтому разработчику необходимо правильно связать логику получения списка покупок с жизненным циклом экрана.\nАльтернативное решение — отмена покупки в статусеINVOICE_CREATEDтолько через взаимодействие пользователя с приложением. Например, вы можете вынести эту логику в отдельную кнопку.\nparagraphparagraphparagraph\nИногда после оплаты через приложение банка (СБП, SberPay, Tinkoff Pay и др.) и при последующем возврате обратно в приложение статус покупки остаётсяINVOICE_CREATED, при этом статус платежа — неуспешная покупка. Это связано с временем обработки покупки на стороне банка. Поэтому разработчику необходимо правильно связать логику получения списка покупок с жизненным циклом экрана.\nАльтернативное решение — отмена покупки в статусеINVOICE_CREATEDтолько через взаимодействие пользователя с приложением. Например, вы можете вынести эту логику в отдельную кнопку.\nh2h2h2\nОбработка ошибок​\nparagraphparagraphparagraph\nВозможные ошибки\nRuStoreNotInstalledException— на устройстве пользователя не установлен RuStore;\nRuStoreOutdatedException— версия RuStore, установленная на устройстве пользователя, не поддерживает платежи;\nRuStoreUserUnauthorizedException— пользователь не авторизован в RuStore;\nRuStoreRequestLimitReached— с момента последнего отображения процесса прошло слишком мало времени;\nRuStoreReviewExists— этот пользователь уже оценил ваше приложение;\nRuStoreInvalidReviewInfo— проблемы сReviewInfo;\nRuStoreException— базовая ошибка RuStore, от которой наследуются остальные ошибки."
}