{
    "meta": {
        "language": "ru",
        "parse_date": "2024-07-06T19:57:33.127217",
        "current_url": "https://www.rustore.ru/help/sdk/rustore-geo/map-display-services/main/",
        "doc_section": "sdk",
        "h1_text": "Сервисы отображения карт"
    },
    "text": "h1h1h1\nСервисы отображения карт\nparagraphparagraphparagraph\nСервисы отображения карт позволяют встраивать в продукты интерактивную и статичную карту.\nИнтерактивная карта — это сервис, позволяющий встроить на сайт или в приложение карту с возможностью изменения пользователем масштаба, угла и позиции отображения, а также с возможностью добавления на карту средствами JS различных элементов: булавки, линии, выделение необходимых зон и других.\nСтатичная карта — это сервис, позволяющий получить изображение карты с размещёнными на ней булавками в виде изображения формата PNG либо JPG.\n---Table Start---\n           | Интерактивная карта\n/staticmap | Статичная карта    \n---Table End---"
}