{
    "meta": {
        "language": "ru",
        "parse_date": "2024-07-06T19:32:15.211498",
        "current_url": "https://www.rustore.ru/help/users/purchases-and-returns/without-rustore-app/",
        "doc_section": "users",
        "h1_text": "Покупки без установки RuStore"
    },
    "text": "h1h1h1\nПокупки без установки RuStore\nparagraphparagraphparagraph\nRuStore предлагает разработчикам набор инструментов, которые можно встраивать в приложения и игры.\nЕсли разработчик использует в приложении последние версии платёжного инструмента RuStore, вы сможете оплачивать покупки и подписки даже когда на вашем устройстве не установлен магазин приложений RuStore.\nh2h2h2\nОплата​\nparagraphparagraphparagraph\nПри покупке товара или подписки в приложении отобразится форма авторизации через VK ID.\nНажмите «Войти через VK ID» и выберите аккаунт для авторизации.\nВыберитеспособ оплаты (https://rustore.ru/help/users/purchases-and-returns/payment-method)и подтвердите покупку.\nadmonitionadmonitionadmonition\nподсказка\n\n\nh2h2h2\nОсобенности​\nparagraphparagraphparagraph\nСпособы оплаты запоминаются.\nВ следующий раз вы сможете выбрать сохраненный способ.\nЕсли RuStore был установлен на устройстве, добавленные способы оплаты будут доступны даже после его удаления.\nЕсли вы установите RuStore, вам будет доступнаистория платежей (https://rustore.ru/help/users/purchases-and-returns/payment-history)в приложении, а такжеуправление подписками (https://rustore.ru/help/users/purchases-and-returns/subscription-management).\nДля этого войдите с аккаунтом VK ID, с которого совершались покупки."
}