{
    "meta": {
        "language": "ru",
        "parse_date": "2024-07-06T20:06:50.280820",
        "current_url": "https://www.rustore.ru/help/guides/sign-apk/",
        "doc_section": "guides",
        "h1_text": "Как настроить подписание приложения"
    },
    "text": "h1h1h1\nКак настроить подписание приложения\nparagraphparagraphparagraph\nПеред тем как опубликовать своё приложение, настройте подписание его релизных версий.\nЭто важный этап разработки и распространения, который обеспечивает безопасность, целостность и доверие пользователей.\ndetailsdetailsdetails\nЧто даёт подпись приложения?\nparagraphparagraphparagraph\nЧтобы подписать приложение:\nСоздайте хранилище ключей с ключом подписи. (https://rustore.ru/help#create-sign)\nНастройте подписание релизной версии приложения. (https://rustore.ru/help#sign-release)\nparagraphparagraphparagraph\nЧтобы подписать приложение:\nСоздайте хранилище ключей с ключом подписи. (https://rustore.ru/help#create-sign)\nНастройте подписание релизной версии приложения. (https://rustore.ru/help#sign-release)\nh2h2h2\nШаг 1. Создайте хранилище ключей с ключом подписи​\n\nadmonitionadmonitionadmonition\nпримечание\nparagraphparagraphparagraph\nЕсли у вас уже есть ключ подписи приложения, перейдите кследующему шагу (https://rustore.ru/help#sign-release).\nВы можете создать подпись с помощью инструментаkeytool, входящего в состав JDK (Java Development Kit), или через интерфейс Android Studio.\nОба способа равнозначны, выберите более удобный для себя.\nparagraphparagraphparagraph\nЕсли у вас уже есть ключ подписи приложения, перейдите кследующему шагу (https://rustore.ru/help#sign-release).\nВы можете создать подпись с помощью инструментаkeytool, входящего в состав JDK (Java Development Kit), или через интерфейс Android Studio.\nОба способа равнозначны, выберите более удобный для себя.\n\nkeytool\nparagraphparagraphparagraph\nmy-release-key.jks— название хранилища ключей.\nmy-key-alias— псевдоним ключа подписи, уникальный идентификатор для ключа подписи в хранилище ключей.\n\nAndroid Studio\nparagraphparagraphparagraph\nОткройте Android Studio и перейдите в менюBuild—Generate Signed Bundle/APK.\nВыберите формат вашего приложенияAPKилиAndroid App Bundle.\nНажмитеCreate new, чтобы создать ключ подписи и хранилище ключей.\nВыберите каталог, в котором вы хотите создать хранилище ключей, и введите имя его имя в полеFile nameснизу.\nНажмитеОК.\nУкажите параметры ключа и хранилища:\nНажмитеОК.\nПерейдите к подписанию приложения, нажавNextили нажмитеCancel, если планируете подписать приложение позже.\nh2h2h2\nШаг 2. Настройте подписание релизной версии приложения​\nparagraphparagraphparagraph\nВы можете настроить подписание приложения через файлbuild.gradleили через интерфейс Android Studio.\nОба способа равнозначны, выберите более удобный для себя.\n\nGradle\n\n\nAndroid Studio\nparagraphparagraphparagraph\nОткройте Android Studio и перейдите в менюBuild—Generate Signed Bundle/APK.\nВыберите формат вашего приложенияAPKилиAndroid App Bundle.\nУбедитесь, что в полеModuleуказано ваше приложение.\nУкажите путь до ключа, нажавChoose existing, и заполните параметры ключа и хранилища:\nНажмитеNext.\nВBuild VariantsвыберитеReleaseи нажмитеCreate.\nДождитесь окончания генерации подписанного приложения.\nКогда процесс завершится, снизу справа появится сообщение «Generate Signed APK» или «Generate Signed Bundle».\nh2h2h2\nРезультат​\nparagraphparagraphparagraph\nПосле выполнения этих шагов ваше приложение будет подписываться с использованием указанного ключа при сборке релизной версии.\nh2h2h2\nПроверка подписи при работе SDK RuStore​\nparagraphparagraphparagraph\nВ некоторых SDK от RuStore, таких какSDK платежейиSDK отзывов и оценок, есть верификация.\nПодпись приложения, установленного на устройстве, сверяется с подписью приложения, загруженного в RuStore Консоль.\nЕсли они не совпадают, появляется ошибка верификации SDK.\nЧтобы убедиться, что подписи приложения совпадают, заранеепроверьте их.\nh2h2h2\nСледующие шаги​\nparagraphparagraphparagraph\nПослерегистрации в RuStore Консольвы можетеопубликовать подписанное приложение.\nadmonitionadmonitionadmonition\nпримечание\nparagraphparagraphparagraph\nПри публикации приложений в формате Android App Bundle подпись дополнительно нужно загрузить в RuStore Консоль.\nПодробнее об этом можно узнать в статьеЗагрузка приложений в формате AAB (https://rustore.ru/help/developers/publishing-and-verifying-apps/app-publication/upload-aab).\nparagraphparagraphparagraph\nПри публикации приложений в формате Android App Bundle подпись дополнительно нужно загрузить в RuStore Консоль.\nПодробнее об этом можно узнать в статьеЗагрузка приложений в формате AAB (https://rustore.ru/help/developers/publishing-and-verifying-apps/app-publication/upload-aab)."
}