{
    "meta": {
        "language": "ru",
        "parse_date": "2024-07-06T19:42:37.718689",
        "current_url": "https://www.rustore.ru/help/developers/publishing-and-verifying-apps/app-publication/card-delete/",
        "doc_section": "developers",
        "h1_text": "Как удалить карточку приложения в RuStore: подробная инструкция"
    },
    "text": "h1h1h1\nКак удалить карточку приложения в RuStore: подробная инструкция\nparagraphparagraphparagraph\nВы можете удалить карточку приложения изКонсоли RuStore. Удаление доступно только для тех приложений, в которых ни одна из версий не была отправлена на модерацию.\nadmonitionadmonitionadmonition\nпримечание\nparagraphparagraphparagraph\nУдалить карточку приложения может только владелец аккаунта — см.Роли пользователей в RuStore (https://rustore.ru/help/developers/developer-account/user-roles).\nПерейдите в раздел «Приложения».\nВыберите нужное приложение и нажмитечтобы перейти в контекстное меню.\nВыберите пункт «Удалить приложение».\nНажмите на кнопку «Удалить».\nparagraphparagraphparagraph\nУдалить карточку приложения может только владелец аккаунта — см.Роли пользователей в RuStore (https://rustore.ru/help/developers/developer-account/user-roles).\nПерейдите в раздел «Приложения».\nВыберите нужное приложение и нажмитечтобы перейти в контекстное меню.\nВыберите пункт «Удалить приложение».\nНажмите на кнопку «Удалить»."
}