{
    "meta": {
        "language": "ru",
        "parse_date": "2024-07-06T19:45:35.379699",
        "current_url": "https://www.rustore.ru/help/sdk/payments/unity/5-0-2/",
        "doc_section": "sdk"
    },
    "text": "admonitionadmonitionadmonition\nподсказка\nparagraphparagraphparagraph\nСценарий работы с платежами описан вгайде (https://rustore.ru/help/guides/payments). Изучите его перед началом работы.\nparagraphparagraphparagraph\nСценарий работы с платежами описан вгайде (https://rustore.ru/help/guides/payments). Изучите его перед началом работы.\nh2h2h2\nПример реализации​\nparagraphparagraphparagraph\nОзнакомьтесь сприложением-примером, чтобы узнать, как правильно интегрировать SDK платежей.\nh2h2h2\nУсловия работы платежей​\nparagraphparagraphparagraph\nНа устройстве пользователя установлена актуальная версия RuStore.\nПользователь авторизован в RuStore.\nПользователь и приложение не должны быть заблокированы в RuStore.\nДля приложения включена возможность покупок вКонсоли RuStore (https://console.rustore.ru/).\nadmonitionadmonitionadmonition\nпредупреждение\nparagraphparagraphparagraph\nСервис имеет некоторые ограничения на работу за пределами России.\nparagraphparagraphparagraph\nСервис имеет некоторые ограничения на работу за пределами России.\nh2h2h2\nПодготовка к работе​\nparagraphparagraphparagraph\nДля подключения скачайтеRuStore Billing SDKи импортируйте его в проект (Assets > Import Package > Custom Package). Зависимости подключаются автоматически с помощьюExternal Dependency Manager(включен в SDK).\nadmonitionadmonitionadmonition\nподсказка\nparagraphparagraphparagraph\nЕсли вы используете операционную систему macOS, измените настройки утилиты архивации. В настройках Archive Utility снимите флажокKeep expanding if possible. В противном случае архив проекта будет скачан некорректно.\nТакже вы можете склонировать код с помощью Git.\nДля корректной обработки зависимостей SDK установите следующие настройки.\nEdit > Project Settings > Player Settings > Publishing Settings, включитеCustom Main Gradle TemplateиCustom Gradle Properties Template.\nAssets > External Dependencies Manager > Android Resolver > Settings, включитеUse Jetifier,PatchmainTemplate.gradle,PatchgradleTemplate.properties.\nparagraphparagraphparagraph\nЕсли вы используете операционную систему macOS, измените настройки утилиты архивации. В настройках Archive Utility снимите флажокKeep expanding if possible. В противном случае архив проекта будет скачан некорректно.\nТакже вы можете склонировать код с помощью Git.\nДля корректной обработки зависимостей SDK установите следующие настройки.\nEdit > Project Settings > Player Settings > Publishing Settings, включитеCustom Main Gradle TemplateиCustom Gradle Properties Template.\nAssets > External Dependencies Manager > Android Resolver > Settings, включитеUse Jetifier,PatchmainTemplate.gradle,PatchgradleTemplate.properties.\nh2h2h2\nИнициализация​\nparagraphparagraphparagraph\nПеред вызовом методов библиотеки необходимо выполнить её инициализацию.\nВыберите в меню редактора пунктWindow > RuStoreSDK > Settings > Billing Client.\nRuStoreBillingClient.Instance.Init();\nЕсли требуется инициализация с другими настройками, есть возможность передать их непосредственно из кода.\ncodecodecode\nvarconfig=newRuStoreBillingClientConfig(){consoleApplicationId=\"11111\",deeplinkPrefix=\"yourappscheme\",allowNativeErrorHandling=true,enableLogs=true};RuStoreBillingClient.Instance.Init(config);\nparagraphparagraphparagraph\nconsoleApplicationId— код приложения из консоли разработчика RuStore (пример:https://console.rustore.ru/apps/123456 (https://console.rustore.ru/apps/123456)).Чтобы получить ID приложения, скопируйте цифры из URL-адреса страницы приложения в RuStore Консоли послеapps/.\ndeeplinkPrefix— URL-адрес для использования deeplink. В качестве названия может быть использовано любое уникальное имя (пример: yourappscheme).\nallowNativeErrorHandling— разрешить обработку ошибок в нативном SDK (см. подробнее в разделеОбработка ошибок (https://rustore.ru/help#обработка-ошибок)).\nenableLogs— включить ведение журнала событий.\nadmonitionadmonitionadmonition\nпримечание\nparagraphparagraphparagraph\nЕсли вам нужно проверить факт инициализации библиотеки, используйте свойствоRuStoreBillingClient.Instance.isInitialized— его значениеtrue, если библиотека инициализирована, иfalse, еслиInitеще не был вызван.\nvar isInitialized = RuStoreBillingClient.Instance.IsIninialized;\nparagraphparagraphparagraph\nЕсли вам нужно проверить факт инициализации библиотеки, используйте свойствоRuStoreBillingClient.Instance.isInitialized— его значениеtrue, если библиотека инициализирована, иfalse, еслиInitеще не был вызван.\nvar isInitialized = RuStoreBillingClient.Instance.IsIninialized;\nh2h2h2\nОбработка deeplink​\nparagraphparagraphparagraph\nДля корректной работы оплаты через сторонние приложения (СБП, SberPay и др.) необходимо правильно реализовать обработку deeplink. Укажите вAndroidManifest.xmlintent-filterсschemeвашего проекта (см. ниже).\ncodecodecode\nAndroidManifest.xml<activityandroid:name=\"ru.rustore.unitysdk.RuStoreUnityActivity\"android:theme=\"@style/UnityThemeSelector\"android:exported=\"true\"><intent-filter><actionandroid:name=\"android.intent.action.MAIN\"/><categoryandroid:name=\"android.intent.category.LAUNCHER\"/></intent-filter><intent-filter><actionandroid:name=\"android.intent.action.VIEW\"/><categoryandroid:name=\"android.intent.category.DEFAULT\"/><categoryandroid:name=\"android.intent.category.BROWSABLE\"/><dataandroid:scheme=\"yourappscheme\"/></intent-filter></activity>\ncodecodecode\npackageru.rustore.unitysdk;importandroid.os.Bundle;importandroid.content.Intent;importru.rustore.unitysdk.billingclient.RuStoreUnityBillingClient;importcom.unity3d.player.UnityPlayerActivity;publicclassRuStoreUnityActivityextendsUnityPlayerActivity{@OverrideprotectedvoidonCreate(BundlesavedInstanceState){super.onCreate(savedInstanceState);if(savedInstanceState==null){RuStoreUnityBillingClient.onNewIntent(getIntent());}}@OverrideprotectedvoidonNewIntent(Intentintent){super.onNewIntent(intent);RuStoreUnityBillingClient.onNewIntent(intent);}}\nh2h2h2\nКак работают платежи​\n\nh2h2h2\nПроверка доступности работы с платежами​\nparagraphparagraphparagraph\nВсе возможные ошибкиRuStoreExceptionописаны в разделеОбработка ошибок. Прочие ошибки возвращаются вonFailure.\ncodecodecode\nRuStoreBillingClient.Instance.CheckPurchasesAvailability(onFailure:(error)=>{// Process error},onSuccess:(response)=>{if(response.isAvailable){// Process purchases available}else{// Process purchases unavailable}});\nh2h2h2\nРабота с SDK​\n\nh3h3h3\nПолучение списка продуктов​\nparagraphparagraphparagraph\nДля получения списка продуктов используйте методGetProducts.\ncodecodecode\nRuStoreBillingClient.Instance.GetProducts(productIds,onFailure:(error)=>{// Process error},onSuccess:(response)=>{// Process response});\ncodecodecode\npublicclassProduct{publicenumProductStatus{ACTIVE,INACTIVE}publicenumProductType{NON_CONSUMABLE,CONSUMABLE,SUBSCRIPTION}publicstring productId;publicProductTypeproductType;publicProductStatusproductStatus;publicstring priceLabel;publicint price;publicstring currency;publicstring language;publicstring title;publicstring description;publicstring imageUrl;publicstring promoImageUrl;publicProductSubscriptionsubscription;}\nparagraphparagraphparagraph\nproductId— идентификатор продукта.\nproductType— тип продукта.\nproductStatus— статус продукта.\npriceLable— отформатированная цена товара, включая валютный знак на языкеlanguage.\nprice— цена в минимальных единицах (в копейках).\ncurrency— код валюты ISO 4217.\nlanguage— язык, указанный с помощью BCP 47 кодирования.\ntitle— название продукта на языкеlanguage.\ndescription— описание на языкеlanguage.\nimageUrl— ссылка на картинку.\npromoImageUrl— ссылка на промокартинку.\nsubscription— описание подписки, возвращается только для продуктов с типомsubscription.\ncodecodecode\npublicclassProductSubscription{publicSubscriptionPeriodsubscriptionPeriod;publicSubscriptionPeriodfreeTrialPeriod;publicSubscriptionPeriodgracePeriod;publicstring introductoryPrice;publicstring introductoryPriceAmount;publicSubscriptionPeriodintroductoryPricePeriod;}\nparagraphparagraphparagraph\nsubscriptionPeriod— период подписки.\nfreeTrialPeriod— пробный период подписки.\ngracePeriod— льготный период подписки.\nintroductoryPrice— отформатированная вступительная цена подписки, включая знак валюты, на языкеproduct:language.\nintroductoryPriceAmount— вступительная цена в минимальных единицах валюты (в копейках).\nintroductoryPricePeriod— расчётный период вступительной цены.\ncodecodecode\npublicclassSubscriptionPeriod{publicint years;publicint months;publicint days;}\nparagraphparagraphparagraph\nyears— количество лет.\nmonths— количество месяцев.\ndays— количество дней.\nh3h3h3\nПолучение списка покупок​\nparagraphparagraphparagraph\nМетод возвращает только покупки со статусами из таблицы ниже. Подробнее о других возможных состояниях покупки смотрите в разделеПолучение сведений о покупке.\n---Table Start---\nconsumable     | + |   | + |  \nnon-consumable | + | + |   |  \nsubscription   | + | + |   | +\n---Table End---\nadmonitionadmonitionadmonition\nпримечание\nparagraphparagraphparagraph\nМетод возвращает незавершённые состояния покупки и покупки потребляемых товаров, требующих обработки. Помимо этого, он показывает подтверждённые покупки для подписок и непотребляемых товаров — тех, которые нельзя купить повторно.\nДля получения списка покупок пользователя используйте методGetPurchases.\nparagraphparagraphparagraph\nМетод возвращает незавершённые состояния покупки и покупки потребляемых товаров, требующих обработки. Помимо этого, он показывает подтверждённые покупки для подписок и непотребляемых товаров — тех, которые нельзя купить повторно.\nДля получения списка покупок пользователя используйте методGetPurchases.\ncodecodecode\nRuStoreBillingClient.Instance.GetPurchases(onFailure:(error)=>{// Process error},onSuccess:(response)=>{// Process response});\ncodecodecode\npublicclassPurchase{publicenumPurchaseState{CREATED,INVOICE_CREATED,CONFIRMED,PAID,CANCELLED,CONSUMED,CLOSED,PAUSED,TERMINATED}publicstring purchaseId;publicstring productId;publicProduct.ProductTypeproductType;publicstring description;publicstring invoiceId;publicstring language;publicDateTimepurchaseTime;publicstring orderId;publicstring amountLabel;publicint amount;publicstring currency;publicint quantity;publicPurchaseStatepurchaseState;publicstring developerPayload;publicstring subscriptionToken;}\nparagraphparagraphparagraph\npurchaseId— идентификатор покупки.\nproductId— идентификатор продукта.\ndescription— описание на языкеlanguage.\ninvoiceId— идентификатор счёта.\nlanguage— язык, указанный с помощью BCP 47 кодирования.\npurchaseTime— время покупки.\norderId— уникальный идентификатор оплаты, сформированный приложением (UUID).\namountLable— отформатированная цена покупки, включая валютный знак на языкеlanguage.\namount— цена в минимальных единицах валюты.\ncurrency— код валюты ISO 4217.\nquantity— количество продукта.\npurchaseState— состояние покупки:\ndeveloperPayload— указанная разработчиком строка, содержащая дополнительную информацию о заказе.\nsubscriptionToken— токен для валидации покупки на сервере.\nh3h3h3\nПолучение сведений о покупке​\n\ncodecodecode\nRuStoreBillingClient.Instance.GetPurchaseInfo(purchaseId:\"purchaseId\",onFailure:(error)=>{// Process error},onSuccess:(response)=>{// Process response});\ncodecodecode\npublicclassPurchase{publicenumPurchaseState{CREATED,INVOICE_CREATED,CONFIRMED,PAID,CANCELLED,CONSUMED,CLOSED}publicstring purchaseId;publicstring productId;publicProduct.ProductTypeproductType;publicstring description;publicstring invoiceId;publicstring language;publicDateTimepurchaseTime;publicstring orderId;publicstring amountLabel;publicint amount;publicstring currency;publicint quantity;publicPurchaseStatepurchaseState;publicstring developerPayload;publicstring subscriptionToken;}\nparagraphparagraphparagraph\npurchaseId— идентификатор покупки.\nproductId— идентификатор продукта.\ndescription— описание на языкеlanguage.\ninvoiceId— идентификатор счёта.\nlanguage— язык, указанный с помощью BCP 47 кодирования.\npurchaseTime— время покупки.\norderId— уникальный идентификатор оплаты, сформированный приложением (UUID).\namountLable— отформатированная цена покупки, включая валютный знак на языкеlanguage.\namount— цена в минимальных единицах валюты.\ncurrency— код валюты ISO 4217.\nquantity— количество продукта.\npurchaseState— состояние покупки:\ndeveloperPayload— указанная разработчиком строка, содержащая дополнительную информацию о заказе.\nsubscriptionToken— токен для валидации покупки на сервере.\nh3h3h3\nВалидация покупок на сервере​\nparagraphparagraphparagraph\nЕсли вам необходимо произвести валидацию успешной покупки на сервере методамиAPI RuStore, вы можете использоватьsubscriptionTokenвPurchaseResult, возвращаемойpurchaseProductпри успешной покупке продукта.\nSubscriptionTokenсостоит изinvoiceIdпокупки иuserId, записанных через точку:$invoiceId.$userId.\ncodecodecode\nRuStoreBillingClient.Instance.PurchaseProduct(productId:productId,developerPayload:\"test payload\",onFailure:(error)=>{// process error},onSuccess:(paymentResult)=>{if(paymentResult isPaymentResult.Success){val subscriptionToken=paymentResult.subscriptionTokenyourApi.validate(subscriptionToken)}});\ncodecodecode\nRuStoreBillingClient.Instance.GetPurchases(onFailure:(error)=>{// process error},onSuccess:(purchaseList)=>{foreach(varpurchaseinpurchaseList){varsubscriptionToken=purchase.subscriptionTokenyourApi.validate(subscriptionToken)}});\nh3h3h3\nПокупка продукта​\nparagraphparagraphparagraph\nДля вызова покупки продукта используйте методPurchaseProduct.\ncodecodecode\nRuStoreBillingClient.Instance.PurchaseProduct(productId:productId,quantity:1,developerPayload:\"your payload\",onFailure:(error)=>{// process error},onSuccess:(result)=>{// process result});\nparagraphparagraphparagraph\nproductId: String— идентификатор продукта.\norderId: String— уникальный идентификатор оплаты, сформированный приложением (UUID).\nquantity: Int— количество продукта.\ndeveloperPayload— указанная разработчиком строка, содержащая дополнительную информацию о заказе.\ncodecodecode\npublicclassPaymentResult{}publicclassPaymentSuccess:PaymentResult{publicstring orderId;publicstring purchaseId;publicstring productId;publicstring invoiceId;publicstring subscriptionToken;}publicclassPaymentCancelled:PaymentResult{publicstring purchaseId;}publicclassPaymentFailure:PaymentResult{publicstring purchaseId;publicstring invoiceId;publicstring orderId;publicint quantity;publicstring productId;publicint errorCode;}publicclassInvalidPaymentState:PaymentResult{}\nparagraphparagraphparagraph\nPaymentSuccess- результат успешного завершения покупки цифрового товара.\nPaymentFailure- при отправке запроса на оплату или получения статуса оплаты возникла проблема, невозможно установить статус покупки.\nPaymentCancelled— запрос на покупку отправлен, при этом пользователь закрыл «платёжную шторку» на своём устройстве, и результат оплаты неизвестен.\nInvalidPaymentState— ошибка работы SDK платежей. Может возникнуть, в случае некорректного обратного deeplink.\nh3h3h3\nПодтверждение покупки​\n\nh4h4h4\nПродукты, требующие подтверждения​\nparagraphparagraphparagraph\nRuStore содержит продукты следующих типов.\nSUBSCRIPTION— подписка (можно купить на период времени, например: подписка в стриминговом сервисе).\nNON_CONSUMABLE— непотребляемый (можно купить один раз, например: отключение рекламы в приложении).\nCONSUMABLE— потребляемый (можно купить много раз, например: кристаллы в приложении).\nh4h4h4\nВызов метода подтверждения​\nparagraphparagraphparagraph\n\ncodecodecode\nRuStoreBillingClient.Instance.ConfirmPurchase(purchaseId:\"purchaseId\",onFailure:(error)=>{// Process error},onSuccess:()=>{// Process success});\nparagraphparagraphparagraph\npurchaseId— идентификатор покупки.\nh3h3h3\nОтмена покупки​\nparagraphparagraphparagraph\nДля отмены покупки используйте методDeletePurchase.\ncodecodecode\nRuStoreBillingClient.Instance.DeletePurchase(purchaseId:\"purchaseId\",onFailure:(error)=>{// Process error},onSuccess:()=>{// Process success});\nparagraphparagraphparagraph\npurchaseId— идентификатор покупки.\nadmonitionadmonitionadmonition\nк сведению\nparagraphparagraphparagraph\nИспользуйте этот метод, если у вас есть логика, завязанная на удалении покупки. Покупка отменяется автоматически через таймаут в 20 минут, либо при повторной покупке от того же клиента.\nparagraphparagraphparagraph\nИспользуйте этот метод, если у вас есть логика, завязанная на удалении покупки. Покупка отменяется автоматически через таймаут в 20 минут, либо при повторной покупке от того же клиента.\nh3h3h3\nОбработка незавершённых платежей​\nparagraphparagraphparagraph\nОбработка незавершённых платежей производится разработчиком.\nЧтобы подтвердить покупку типаCONSUMABLEи в статусеPAIDвызовите методподтверждения покупки(см.Получение сведений о покупке).\nВ случае с отменой покупки при использовании методов обработки платежей учитывайте свой внутренний процесс. У некоторых разработчиков он предусматривает проверки перед потреблением или отменой покупки. В этом случае запросите отдельно статус такой покупки.\nadmonitionadmonitionadmonition\nподсказка\nparagraphparagraphparagraph\nНапример, если пользователь оплатил товар, который вы по каким-то причинам не можете ему поставить, вызовите методотмены покупки (https://rustore.ru/help#%D0%BE%D1%82%D0%BC%D0%B5%D0%BD%D0%B0-%D0%BF%D0%BE%D0%BA%D1%83%D0%BF%D0%BA%D0%B8)в статусеPAID, чтобы отменить покупку.\nВ случаях, когда методполучения списка покупоквозвращает покупку со статусомINVOICE_CREATEDвы можете использовать методотмены покупки. Например, если не хотите видеть покупку с такими статусами в списке покупок. Делать это самим не обязательно, поскольку RuStore обрабатывает отмену таких покупок на своей стороне.\nparagraphparagraphparagraph\nНапример, если пользователь оплатил товар, который вы по каким-то причинам не можете ему поставить, вызовите методотмены покупки (https://rustore.ru/help#%D0%BE%D1%82%D0%BC%D0%B5%D0%BD%D0%B0-%D0%BF%D0%BE%D0%BA%D1%83%D0%BF%D0%BA%D0%B8)в статусеPAID, чтобы отменить покупку.\nВ случаях, когда методполучения списка покупоквозвращает покупку со статусомINVOICE_CREATEDвы можете использовать методотмены покупки. Например, если не хотите видеть покупку с такими статусами в списке покупок. Делать это самим не обязательно, поскольку RuStore обрабатывает отмену таких покупок на своей стороне.\nadmonitionadmonitionadmonition\nк сведению\nparagraphparagraphparagraph\nИногда после оплаты через приложение банка (СБП, SberPay, Tinkoff Pay и др.) и при последующем возврате обратно в приложение статус покупки остаётсяINVOICE_CREATED, при этом статус платежа — неуспешная покупка. Это связано с временем обработки покупки на стороне банка. Поэтому разработчику необходимо правильно связать логику получения списка покупок с жизненным циклом экрана.\nАльтернативное решение — отмена покупки в статусеINVOICE_CREATEDтолько через взаимодействие пользователя с приложением. Например, вы можете вынести эту логику в отдельную кнопку.\nparagraphparagraphparagraph\nИногда после оплаты через приложение банка (СБП, SberPay, Tinkoff Pay и др.) и при последующем возврате обратно в приложение статус покупки остаётсяINVOICE_CREATED, при этом статус платежа — неуспешная покупка. Это связано с временем обработки покупки на стороне банка. Поэтому разработчику необходимо правильно связать логику получения списка покупок с жизненным циклом экрана.\nАльтернативное решение — отмена покупки в статусеINVOICE_CREATEDтолько через взаимодействие пользователя с приложением. Например, вы можете вынести эту логику в отдельную кнопку.\nh2h2h2\nСмена темы интерфейса​\nparagraphparagraphparagraph\nSDK поддерживает динамическую смены темы через интерфейс провайдераBillingClientThemeProvider.\nПолучить текущую тему интерфейса можно с помощью методаGetTheme().\ncodecodecode\nRuStoreBillingClient.Instance.GetTheme()\ncodecodecode\nRuStoreBillingClient.Instance.SetTheme(BillingClientTheme.Dark)\ncodecodecode\npublicenumBillingClientTheme{Dark,Light,}\nh2h2h2\nОбработка ошибок​\nparagraphparagraphparagraph\nВозможные ошибки\nRuStoreNotInstalledException— на устройстве пользователя не установлен RuStore;\nRuStoreOutdatedException— версия RuStore, установленная на устройстве пользователя, не поддерживает платежи;\nRuStoreUserUnauthorizedException— пользователь не авторизован в RuStore;\nRuStoreRequestLimitReached— с момента последнего отображения процесса прошло слишком мало времени;\nRuStoreReviewExists— этот пользователь уже оценил ваше приложение;\nRuStoreInvalidReviewInfo— проблемы сReviewInfo;\nRuStoreException— базовая ошибка RuStore, от которой наследуются остальные ошибки.\ncodecodecode\npublicclassRuStoreError{publicstring name;publicstring description;}\nparagraphparagraphparagraph\nname– имя ошибки.\ndescription– описание ошибки.\ncodecodecode\npublicfunRuStoreException.resolveForBilling(context:Context)\ncodecodecode\nRuStoreBillingClient.Instance.AllowNativeErrorHandling=false;"
}