{
    "meta": {
        "language": "ru",
        "parse_date": "2024-07-06T20:10:06.657804",
        "current_url": "https://www.rustore.ru/help/work-with-rustore-api/api-subscription-payment/api-token-substatus-method/",
        "doc_section": "",
        "h1_text": "Получение статуса подписки"
    },
    "text": "h1h1h1\nПолучение статуса подписки\nparagraphparagraphparagraph\nМетод позволяет получить информацию о статусе подписки по токену подписки.\nadmonitionadmonitionadmonition\nподсказка\nparagraphparagraphparagraph\nСценарий работы с платежами описан вгайде (https://rustore.ru/help/guides/payments). Изучите его перед началом работы.\nparagraphparagraphparagraph\nСценарий работы с платежами описан вгайде (https://rustore.ru/help/guides/payments). Изучите его перед началом работы.\nh2h2h2\nПараметры взаимодействия​\nparagraphparagraphparagraph\nДля реальных подписок:\ncodecodecode\nGEThttps://public-api.rustore.ru/public/subscription/{subscriptionToken}/state\ncodecodecode\nGEThttps://public-api.rustore.ru/public/sandbox/subscription/{subscriptionToken}/state\n---Table Start---\nPublic-Token      | string | Jwe-токен авторизации в Public API Rustore. Как получить токен авторизации . | Да | header | N/A    \nsubscriptionToken | string | Как получить токен подписки, см. документацию по SDK платежей .              | Да | path   | 111.123\n---Table End---\nh2h2h2\nПараметры ответа​\n\n---Table Start---\ncode      | string | Код ответа.              | Да  | body | • ОК ; • ERROR ; • BAD_REQUEST ; • NOT_FOUND .\nmessage   | string | Расшифровка кода ответа. | Нет | body | Jwe token is expired                          \nbody{}    | object | Тело ответа              | Нет | body | N/A                                           \ntimestamp | string | Время ответа.            | Да  | body | 2023-08-02T10:11:04.655684723+03:00           \n---Table End---\nh3h3h3\nbody{}​\n\n---Table Start---\nis_active | boolean | Флаг активности подписки. Вычисляется по статусу подписки: • true — подписка активна, в одном из периодов: PROMO , START , STANDARD , GRACE ; • false — подписка неактивна: в HOLD -периоде или завершилась. | Да | body.body | true\n---Table End---\nh2h2h2\nПример успешного ответа​\n\ncodecodecode\n{\"code\": \"OK\",\"message\": null,\"body\":{\"is_active\": true},\"timestamp\": \"2024-01-21T14:08:33.548812228+03:00\"}\nh2h2h2\nПример ответа с ошибкой​\n\ncodecodecode\n{\"code\": \"ERROR\",\"message\": \"Jwe token is expired\",\"body\": null,\"timestamp\": \"2024-01-21T13:51:59.654427798+03:00\"}\nh2h2h2\nВалидация запроса​\nparagraphparagraphparagraph\nПри получении запроса проверяется токен авторизации, полученный методомполучения токена авторизации:\nвладелец и/или приложение не должны быть заблокированы;\nтокен должен быть действительным;\nподписка приобретена в приложении, владельцем которого является компания, получившая токен доступа к Public API."
}