{
    "meta": {
        "language": "ru",
        "parse_date": "2024-07-06T19:28:48.463063",
        "current_url": "https://www.rustore.ru/help/work-with-rustore-api/api-upload-publication-app/apk-icon-upload/",
        "doc_section": "",
        "h1_text": "Загрузка иконки приложения"
    },
    "text": "h1h1h1\nЗагрузка иконки приложения\nparagraphparagraphparagraph\nМетод позволяет загрузить иконку приложения.\nОграничения:\nфайл только с расширением.jpegи.png;\nразмер файла — не более3МБ;\nразмеры загружаемого изображения — 512×512 рх.\nh2h2h2\nПараметры взаимодействия​\nparagraphparagraphparagraph\nPOST\nhttps://public-api.rustore.ru/public/v1/application/{packageName}/version/{versionId}/image/icon\n---Table Start---\nPublic-Token | string | Да | header | Токен доступа к Public API Rustore .\npackageName  | number | Да | path   | Идентификатор приложения.           \nversionId    | number | Да | path   | Версия приложения.                  \n---Table End---\nh2h2h2\nForm data​\n\n---Table Start---\nfile | multipart/form-data | Да | Файл.\n---Table End---\nh2h2h2\nПараметры ответа​\n\n---Table Start---\ncode      | string      | Да  | Код ответа.              | error / OK                       \nmessage   | string      | Нет | Расшифровка кода ответа. | N/A                              \ntimestamp | timestamptz | Да  | Время ответа.            | 2022-07-08T13:24:41.8328711+03:00\n---Table End---\nh2h2h2\nПример​\n\ncodecodecode\ncurl --location --request POST 'https://public-api.rustore.ru/public/v1/application/com.package.example/version/123/image/icon' \\--header 'Content-Type: application/json' \\--header 'Public-Token: {YOURtoken}' \\--form 'file=@\"/Users/User/Downloads/img.jpg\"'"
}