{
    "meta": {
        "language": "ru",
        "parse_date": "2024-07-06T19:27:36.553276",
        "current_url": "https://www.rustore.ru/help/users/about-rustore/",
        "doc_section": "users",
        "h1_text": "Руководство по использованию RuStore для пользователей"
    },
    "text": "h1h1h1\nРуководство по использованию RuStore для пользователей\n\nh2h2h2\nО RuStore​\nparagraphparagraphparagraph\nRuStore — официальный российский магазин мобильных приложений для Android. В сторе можно найти всё, что нужно: от банков и маркетплейсов до развлекательного контента и игр.\nВ нашем каталоге более 35 тысяч приложений от российских и иностранных разработчиков. Почти 30 миллионов человек ежемесячно скачивают и обновляют приложения и игры из магазина.\nRuStore разрабатывают VK и другие крупные IT-компании при поддержке Минцифры РФ, поэтому доступ к привычным приложениям и обновлениям гарантирован при любых переменах.\nОсновной приоритет RuStore — безопасность. Все приложения проверяются на вирусы с помощью систем безопасности «Лаборатории Касперского» и ручной модерации.\nЧитайте также:\n\nНовым пользователям\nparagraphparagraphparagraph\nКак установить RuStore (https://rustore.ru/help/users/start/app-install)\nКак обновить RuStore (https://rustore.ru/help/users/start/update-rustore-app)\nКак настроить родительский контроль в RuStore (https://rustore.ru/help/users/start/change-theme)\nКак изменить тему в приложении RuStore (https://rustore.ru/help/users/start/parental-control)\nКак настроить уведомления в RuStore (https://rustore.ru/help/users/start/notification)\n\nСпособы авторизации\nparagraphparagraphparagraph\nАвторизация через VK ID (https://rustore.ru/help/users/authorization/login-vk-id)\nАвторизация через Госуслуги (https://rustore.ru/help/users/authorization/login-gosuslugi-id)\nАвторизация через Сбер ID (https://rustore.ru/help/users/authorization/login-sber-id)\nАвторизация через Тинькофф ID (https://rustore.ru/help/users/authorization/login-tinkoff-id)\nКак выйти из аккаунта (https://rustore.ru/help/users/authorization/how-to-get-out)\nЧто можно делать без авторизации (https://rustore.ru/help/users/authorization/without-authorization)\n\nУправление приложениями\nparagraphparagraphparagraph\nКак установить бесплатное приложение из RuStore (https://rustore.ru/help/users/app-management/app-from-rustore)\nКак найти приложение в RuStore (https://rustore.ru/help/users/app-management/app-search)\nКак оставить отзыв на приложение (https://rustore.ru/help/users/app-management/app-review)\nКак обновить приложения в RuStore (https://rustore.ru/help/users/app-management/update-app-from-rustore)\nКак настроить автообновление приложений в RuStore (https://rustore.ru/help/users/app-management/auto-update)\nЧто такое мини-приложения VK (https://rustore.ru/help/users/app-management/vk-mini-apps)\n\nПлатные приложения и подписки\nparagraphparagraphparagraph\nКак установить платное приложение из RuStore (https://rustore.ru/help/users/purchases-and-returns/paid-apps)\nКак выбрать способ оплаты в RuStore (https://rustore.ru/help/users/purchases-and-returns/payment-method)\nКак оформить подписку в приложении в RuStore (https://rustore.ru/help/users/purchases-and-returns/subscribe)\nКак привязать банковскую карту в RuStore (https://rustore.ru/help/users/purchases-and-returns/link-bank-card)\nКак просмотреть историю платежей в RuStore (https://rustore.ru/help/users/purchases-and-returns/payment-history)\nКак установить иностранное приложение из RuStore (https://rustore.ru/help/users/purchases-and-returns/foreign-apps)\nКак подключить карту Сбер ID в RuStore (https://rustore.ru/help/users/purchases-and-returns/sber-id-connect)"
}