{
    "meta": {
        "language": "ru",
        "parse_date": "2024-07-06T20:05:41.663066",
        "current_url": "https://www.rustore.ru/help/sdk/general-push-notifications/kotlin/2-2-0/",
        "doc_section": "sdk",
        "h1_text": "SDK универсальных push-уведомлений для Kotlin (версия 2.2.0)"
    },
    "text": "h1h1h1\nSDK универсальных push-уведомлений для Kotlin (версия 2.2.0)\nparagraphparagraphparagraph\nSDK универсальных push-уведомлений от RuStore — это набор пакетов для работы с несколькими провайдерами одновременно.\nВы можете настроить отправку и получение push-уведомлений через:\nRuStore\nFirebase Cloud Messaging(FCM)\nHuawei Mobile Services (HMS)\nh2h2h2\nПример реализации​\nparagraphparagraphparagraph\nОзнакомьтесь сприложением-примером, чтобы узнать, как правильно интегрировать SDK универсальных push-уведомлений.\nh2h2h2\nНастройки для провайдера RuStore​\n\nh3h3h3\nУсловия работы​\nparagraphparagraphparagraph\nЧтобы push-уведомления передавались через провайдер RuStore, необходимо соблюдение следующих условий:\nНа устройстве пользователя установлена актуальная версия RuStore.\nПриложение RuStore должно поддерживать функциональность push-уведомлений.\nПриложению RuStore разрешен доступ к работе в фоновом режиме.Без этого разрешения push-уведомления будут приходить, но со значительной задержкой.\nОтпечаток подписи приложения должен совпадать с отпечатком, добавленным вКонсоль RuStore (https://dev.rustore.ru/).\nh3h3h3\nПодключение в проект​\nparagraphparagraphparagraph\nПодключите репозитории в файлеsettings.gradle.\ncodecodecode\nsettings.gradledependencyResolutionManagement{repositories{google()mavenCentral()//  нужно для работы HMSmaven{url=uri(\"https://developer.huawei.com/repo/\")}//  нужно для работы RuStoremaven{url=uri(\"https://artifactory-external.vkpartner.ru/artifactory/maven\")}}}\nh3h3h3\nПодключение зависимостей​\nparagraphparagraphparagraph\nЧтобы подключить зависимости, добавьте следующий код вbuild.gradleна уровнеapp.\ncodecodecode\nbuild.gradledependencies{implementation'ru.rustore.sdk:universalpush:2.2.0'implementation'ru.rustore.sdk:universalrustore:2.2.0'implementation'ru.rustore.sdk:universalhms:2.2.0'implementation'ru.rustore.sdk:universalfcm:2.2.0'}\nparagraphparagraphparagraph\nДобавьте следующий код вbuild.gradleна уровнеapp.build.gradleplugins{// ...// нужно для FCMid'com.google.gms.google-services'// нужно для HMSid'com.huawei.agconnect'}\nДобавьте следующий код вbuild.gradleна корневом уровне.build.gradledependencies{// нужно для FCMclasspath'com.google.gms:google-services:4.3.15'// нужно для HMSclasspath'com.huawei.agconnect:agcp:1.6.0.300'classpath'com.android.tools.build:gradle:7.4.0'\nДобавьте следующий код вsettings.gradleна корневом уровне.settings.gradlepluginManagement{repositories{google()mavenCentral()gradlePluginPortal()//  нужно для работы HMSmaven{url=uri(\"https://developer.huawei.com/repo/\")}}}\nh2h2h2\nНастройки для провайдера FCM​\n\nh3h3h3\nНастройка приложения​\nparagraphparagraphparagraph\nЧтобы push-уведомления передавались через провайдер FCM, настройте проект в сервисе Firebase Console.\nСоздайте новый проект вconsole.firebase.google.com (https://console.firebase.google.com/u/0/).\nВыберите проект, для которого планируете подключить push-уведомления.\nНажмите значок шестеренки в меню слева рядом с названием проекта.\nПерейдите в раздел Project Settings — Your apps и скачайте файлgoogle-services.json.\nПоместите файлgoogle-services.jsonвapp/google-services.json.\nh3h3h3\nПодключение в проект​\nparagraphparagraphparagraph\nПодключите репозиторий вsettings.gradleна корневом уровне.\ncodecodecode\nsettings.gradledependencyResolutionManagement{repositories{google()mavenCentral()//  нужно для работы RuStoremaven{url=uri(\"https://artifactory-external.vkpartner.ru/artifactory/maven\")}}}\nh3h3h3\nПодключение зависимостей​\nparagraphparagraphparagraph\nДля публикации приложения в Google Play добавьте зависимости для работы push-уведомлений только через FCM и RuStore.\nНужно использовать только пакетыuniversalfcm,universalrustoreиuniversalpush.\nДобавьте следующий код вbuild.gradleна уровнеapp.build.gradledependencies{implementation'ru.rustore.sdk:universalpush:2.0.0'implementation'ru.rustore.sdk:universalrustore:2.0.0'implementation'ru.rustore.sdk:universalfcm:2.0.0'}\nДобавьте следующий код вbuild.gradleна уровнеapp.build.gradleplugins{// ...// нужно для FCMid'com.google.gms.google-services'}\nДобавьте следующий код вbuild.gradleна корневом уровне.build.gradlebuildscript{dependencies{// нужно для FCMclasspath'com.google.gms:google-services:4.3.15'}}\nh2h2h2\nНастройки для провайдера HMS​\n\nh3h3h3\nНастройка приложения​\nparagraphparagraphparagraph\nЧтобы push-уведомления передавались через провайдер HMS, настройте проект в сервисе developer.huawei.com.\nСоздайте новый проект вdeveloper.huawei.com (https://developer.huawei.com/consumer/ru/console).\nВыберите проект, для которого планируете подключить push-уведомления.\nПерейдите на страницу «Настройки» проекта, затем на вкладку «Основная информация».\nПерейдите в раздел «Данные приложения» и скачайте файлagconnect-services.json.\nПоместите файлagconnect-services.jsonвapp/agconnect-services.json.\nh3h3h3\nПодключение в проект​\nparagraphparagraphparagraph\nПодключите репозиторий вsettings.gradle.\ncodecodecode\nsettings.gradledependencyResolutionManagement{repositoriesMode.set(RepositoriesMode.FAIL_ON_PROJECT_REPOS)repositories{google()mavenCentral()//  нужно для работы HMSmaven{url=uri(\"https://developer.huawei.com/repo/\")}//  нужно для работы RuStoremaven{url=uri(\"https://artifactory-external.vkpartner.ru/artifactory/maven\")}}}\nh3h3h3\nПодключение зависимостей​\nparagraphparagraphparagraph\nДля публикации приложения в AppGallery добавьте зависимости для работы push-уведомлений только через HMS и RuStore.\nИспользуйте следующие пакеты:universalhms,universalrustoreиuniversalpush.\nДобавьте следующий код вbuild.gradleна уровнеapp.build.gradledependencies{implementation'ru.rustore.sdk:universalpush:2.2.0'implementation'ru.rustore.sdk:universalrustore:2.2.0'implementation'ru.rustore.sdk:universalhms:2.2.0'}\nДобавьте следующий код вbuild.gradleна уровнеapp.build.gradleplugins{// ...// нужно для HMSid'com.huawei.agconnect'}\nДобавьте следующий код вbuild.gradleна корневом уровне.build.gradlebuildscript{dependencies{// нужно для HMSclasspath'com.huawei.agconnect:agcp:1.6.0.300'classpath'com.android.tools.build:gradle:7.4.0'}}\nДобавьте следующий код вsettings.gradleна корневом уровне.settings.gradlepluginManagement{repositories{google()mavenCentral()gradlePluginPortal()//  нужно для работы HMSmaven{url=uri(\"https://developer.huawei.com/repo/\")}}}\nh2h2h2\nИнициализация​\nparagraphparagraphparagraph\nДля инициализации понадобитсяидентификатор проекта изRuStore Консоль. Чтобы получить его, на странице приложения перейдите в раздел «Push-уведомления» — «Проекты» и скопируйте значение в поле «ID проекта».\nЧтобы инициализировать провайдеры push-уведомлений, добавьте следующий код вApp.kt.\ncodecodecode\nApp.ktimportandroid.app.Applicationimportru.rustore.sdk.universalpush.RuStoreUniversalPushClientimportru.rustore.sdk.universalpush.firebase.provides.FirebasePushProviderimportru.rustore.sdk.universalpush.hms.providers.HmsPushProviderimportru.rustore.sdk.universalpush.rustore.logger.DefaultLoggerimportru.rustore.sdk.universalpush.rustore.providers.RuStorePushProviderclassApp:Application(){privateval tag=\"UniversalPushExampleApp\"override funonCreate(){super.onCreate()RuStoreUniversalPushClient.init(context=this,rustore=RuStorePushProvider(application=this,projectId=\"m3Id6aPeXq36mp...\",logger=DefaultLogger(tag=tag),),firebase=FirebasePushProvider(context=this,),hms=HmsPushProvider(context=this,appid=\"108003365\",),)}}\ncodecodecode\nApp.ktRuStoreUniversalPushClient.init(context=this,rustore=RuStorePushProvider(application=this,projectId=\"m3Id6aPeXq36mp...\",logger=DefaultLogger(tag=tag),),hms=HmsPushProvider(context=this,appid=\"108003365\",),)\nh2h2h2\nПроверка работоспособности провайдеров​\nparagraphparagraphparagraph\nЧтобы проверить доступность провайдеров push-уведомлений, вызовите методcheckAvailability (context).\ncodecodecode\nRuStoreUniversalPushClient.checkAvailability(this).addOnSuccessListener{result->Log.w(tag,\"get availability success $result\")}.addOnFailureListener{throwable->Log.e(tag,\"get availability error: $throwable\")}\ncodecodecode\npublicconstvalUNIVERSAL_FCM_PROVIDER:String=\"firebase\"publicconstvalUNIVERSAL_HMS_PROVIDER:String=\"hms\"publicconstvalUNIVERSAL_RUSTORE_PROVIDER:String=\"rustore\"\ncodecodecode\nif(result[UNIVERSAL_HMS_PROVIDER]?:false){// провайдер HMS доступен}\nh2h2h2\nМетоды для работы с push-токеном​\n\nh3h3h3\nПолучение push-токена пользователя​\nparagraphparagraphparagraph\nЧтобы получить список токенов по всем провайдерам, вызовите методgetTokens().\ncodecodecode\nRuStoreUniversalPushClient.getTokens().addOnSuccessListener{result->Log.w(tag,\"get tokens success $result\")}.addOnFailureListener{throwable->Log.e(tag,\"get tokens error: $throwable\")}\ncodecodecode\npublicconstvalUNIVERSAL_FCM_PROVIDER:String=\"firebase\"publicconstvalUNIVERSAL_HMS_PROVIDER:String=\"hms\"publicconstvalUNIVERSAL_RUSTORE_PROVIDER:String=\"rustore\"\ncodecodecode\nresult[UNIVERSAL_FCM_PROVIDER].orEmpty()\nh3h3h3\nУдаление push-токена пользователя​\nparagraphparagraphparagraph\nЧтобы удалить токены, вызовите методdeleteTokens(token)и передайте словарь со списком токенов.\ncodecodecode\nRuStoreUniversalPushClient.deleteTokens(mapOf(UNIVERSAL_RUSTORE_PROVIDERto\"xxx\",UNIVERSAL_FCM_PROVIDERto\"yyy\",UNIVERSAL_HMS_PROVIDERto\"zzz\"))\nh2h2h2\nМетоды для работы с push-топиком​\n\nh3h3h3\nПодписка на push-уведомления по топику​\nparagraphparagraphparagraph\nЧтобы подписаться на топик, вызовите методsubscribeToTopic (\"some_topic\").\ncodecodecode\nRuStoreUniversalPushClient.subscribeToTopic(\"some_topic\")\nh3h3h3\nОтписка от push-уведомлений по топику​\nparagraphparagraphparagraph\nЧтобы отписаться от топика, вызовите методunsubscribeToTopic (\"some_topic\").\ncodecodecode\nRuStoreUniversalPushClient.unsubscribeFromTopic(\"some_topic\")\nh2h2h2\nОбработка уведомлений​\nparagraphparagraphparagraph\nДля получения уведомлений добавьте callbackOnMessageReceiveListenerвApp-классе после инициализацииRuStoreUniversalPushClient.\nЕсли уведомления отправляются черезuniversal api, они дедублицируются на клиенте и callback получения уведомлений вызывается один раз.\nЕсли в объектеnotificationесть данные, RuStore SDK самостоятельно отображает уведомление.\nЕсли вы не хотите этого, используйте объектdata, аnotificationоставьте пустым.\nCallbackOnMessageReceiveListenerвызывается в любом случае.\nПолучитьpayloadpush-уведомления (Map<String, String>) можно из поляremoteMessage.data.\ncodecodecode\nRuStoreUniversalPushClient.setOnMessageReceiveListener{remoteMessage->// process message}\nh2h2h2\nОбработка события onDeletedMessages​\nparagraphparagraphparagraph\nДля обработки событияonDeletedMessagesдобавьте callbackOnDeletedMessagesListenerвApp-классе после инициализацииRuStoreUniversalPushClient.\nПри событииonDeletedMessagesвызывается callback с параметромproviderType— провайдер push-уведомлений, который вызвал событие.\ncodecodecode\nRuStoreUniversalPushClient.setOnDeletedMessagesListener{providerType->// process event}\nh2h2h2\nОбработка события onNewToken​\nparagraphparagraphparagraph\nДля обработки событияonNewTokenдобавьте callbackOnNewTokenListenerвApp-классе после инициализацииRuStoreUniversalPushClient.\nПри событииonNewTokenвызывается callback с параметрами:\nproviderType— провайдер push-уведомлений, который вызвал событие.\ntoken— новый push-токен.\ncodecodecode\nRuStoreUniversalPushClient.setOnNewTokenListener{providerType,token->// process event}\nh2h2h2\nОбработка ошибок провайдеров​\nparagraphparagraphparagraph\nДля обработки ошибок добавьте callbackOnPushClientErrorListenerвApp-классе после инициализацииRuStoreUniversalPushClient.\nПри появлении ошибок вызывается callback с параметрами:\nproviderType— провайдер push-уведомлений, который вызвал событие.\nerrors— список ошибок.\ncodecodecode\nRuStoreUniversalPushClient.setOnPushClientErrorListener{providerType,error->// process error}\nh2h2h2\nЕсли push-уведомления уже передаются через HMS или FCM​\nparagraphparagraphparagraph\nЕсли вы хотите подключить SDK универсальных push-уведомлений, но в приложении уже используются сервисы FCM или HMS, добавьте дополнительный код:\nКод для сервиса FCMimportru.rustore.sdk.universalpush.rustore.messaging.toUniversalRemoteMessageimportru.rustore.sdk.universalpush.UNIVERSAL_FCM_PROVIDERclassMyFirebaseMessagingService:FirebaseMessagingService(){override funonMessageReceived(message:RemoteMessage){super.onMessageReceived(message)RuStoreUniversalPushManager.processMessage(message.toUniversalRemoteMessage())}override funonNewToken(token:String){super.onNewToken(token)RuStoreUniversalPushManager.processToken(UNIVERSAL_FCM_PROVIDER,token)}override funonDeletedMessages(){super.onDeletedMessages()RuStoreUniversalPushManager.processDeletedMessages(UNIVERSAL_FCM_PROVIDER)}}\nКод для сервиса HMSimportru.rustore.sdk.universalpush.rustore.messaging.toUniversalRemoteMessageimportru.rustore.sdk.universalpush.UNIVERSAL_HMS_PROVIDERclassMyMessagePushService:HmsMessageService(){override funonMessageReceived(msg:RemoteMessage?){super.onMessageReceived(msg)RuStoreUniversalPushManager.processMessage(UNIVERSAL_HMS_PROVIDER,msg.toUniversalRemoteMessage())}override funonNewToken(token:String?){super.onNewToken(token)RuStoreUniversalPushManager.processToken(token)}override funonDeletedMessages(){super.onDeletedMessages()RuStoreUniversalPushManager.processDeletedMessages(UNIVERSAL_HMS_PROVIDER)}}\nh2h2h2\nСм. также​\nparagraphparagraphparagraph\nОтправка универсальных push-уведомлений (API) (https://rustore.ru/help/sdk/general-push-notifications/send-push-notifications)\nОтправка универсальных push-уведомлений по топикам (API) (https://rustore.ru/help/sdk/general-push-notifications/push-notifications-topics)"
}