{
    "meta": {
        "language": "ru",
        "parse_date": "2024-07-06T20:09:41.265676",
        "current_url": "https://www.rustore.ru/help/developers/publishing-and-verifying-apps/paid-app/",
        "doc_section": "developers",
        "h1_text": "Руководство по платным приложениям в RuStore"
    },
    "text": "h1h1h1\nРуководство по платным приложениям в RuStore\nparagraphparagraphparagraph\nПри добавлении нового приложения систему RuStore Консоль выберите тип приложения: бесплатное или платное.\nadmonitionadmonitionadmonition\nк сведению\nparagraphparagraphparagraph\nПодключите монетизацию, чтобы загружать платные приложения.Как это сделать? (https://rustore.ru/help/developers/monetization/enable-monetization)\nОткройте системуКонсоль RuStore (https://console.rustore.ru/sign-in).\nПерейдите на вкладку «Приложения» и нажмите «Добавить приложение».\nВ новом окне выберите тип приложения: «Универсальный» или «Только для ТВ».Выберите «Универсальный» тип, если APK вашего приложения подходит для телефона, планшета и ТВ.\nparagraphparagraphparagraph\nПодключите монетизацию, чтобы загружать платные приложения.Как это сделать? (https://rustore.ru/help/developers/monetization/enable-monetization)\nОткройте системуКонсоль RuStore (https://console.rustore.ru/sign-in).\nПерейдите на вкладку «Приложения» и нажмите «Добавить приложение».\nВ новом окне выберите тип приложения: «Универсальный» или «Только для ТВ».Выберите «Универсальный» тип, если APK вашего приложения подходит для телефона, планшета и ТВ.\nadmonitionadmonitionadmonition\nпримечание\nparagraphparagraphparagraph\nДля ТВ доступны только бесплатные приложения: если загружен apk-файл для ТВ, создание платного универсального приложения невозможно.\nВыберите параметр «Платное».предупреждениеИзменение параметра будет недоступно для этой версии приложения.\nВведите название приложения и нажмите «Добавить».\nparagraphparagraphparagraph\nДля ТВ доступны только бесплатные приложения: если загружен apk-файл для ТВ, создание платного универсального приложения невозможно.\nВыберите параметр «Платное».предупреждениеИзменение параметра будет недоступно для этой версии приложения.\nВведите название приложения и нажмите «Добавить».\nh2h2h2\nКак изменить цену приложения​\nparagraphparagraphparagraph\nОткройтеКонсоль RuStore (https://console.rustore.ru/sign-in).\nПерейдите на вкладку «Приложения».\nВыберите приложение.\nНажмите «Редактировать».\nВведите новую стоимость приложения.\nНажмите «Отправить на модерацию».\nh2h2h2\nКомиссия в платных приложениях​\nparagraphparagraphparagraph\nКомиссия RuStore составляет 15% от дохода разработчика.\nАктуальные условия по размеру комиссии можно посмотреть в разделе «Соглашение RuStore о распространении программных продуктов»."
}