{
    "meta": {
        "language": "ru",
        "parse_date": "2024-07-06T20:09:50.357810",
        "current_url": "https://www.rustore.ru/help/developers/publishing-and-verifying-apps/app-publication/app-publication-aurora/dev-certificate/",
        "doc_section": "developers",
        "h1_text": "Сертификат разработчика для ОС Аврора"
    },
    "text": "h1h1h1\nСертификат разработчика для ОС Аврора\nparagraphparagraphparagraph\nУстановочные пакеты приложений для ОС Аврора должны быть подписаны сертификатами. Сертификаты идентифицируют поставщиков ПО и защищают мобильные устройства от попадания нежелательных приложений.\nСертификат разработчика может быть выдан в единственном экземпляре для одного верифицированного аккаунта разработчика в RuStore.\nh2h2h2\nПодача заявки на сертификат​\nparagraphparagraphparagraph\nЧтобы подать заявку:\nОткройтеRuStore Консоль (https://console.rustore.ru/sign-in).\nПерейдите на вкладку «Компания».\nВыберите «Сертификат для ОС Аврора» в боковом меню.\nНажмите «Подать заявку».\nЗагрузить файл с csr-запросом на сертификат, сгенерированным согласноинструкции (https://rustore.ru/help/developers/publishing-and-verifying-apps/app-publication/app-publication-aurora/dev-certificate/generate-csr);\nadmonitionadmonitionadmonition\nпримечание\nparagraphparagraphparagraph\nЗагружаемый csr-файл может быть форматов .pem, .csr или .p10 и размером не более 500 Кб.\nУказать e-mail адрес для получение сертификата и обратной связи;\nОзнакомиться и согласиться с условиями.\nparagraphparagraphparagraph\nЗагружаемый csr-файл может быть форматов .pem, .csr или .p10 и размером не более 500 Кб.\nУказать e-mail адрес для получение сертификата и обратной связи;\nОзнакомиться и согласиться с условиями.\nadmonitionadmonitionadmonition\nпримечание\nparagraphparagraphparagraph\nЕсли вы допустили ошибку при заполнении формы, вы можете отправить заявку повторно. Количество принимаемых заявок ограничено.\nПосле отправки заявки ожидайте ответа на указанный e-mail адрес. С вами могут связаться для уточнения информации. После обработки заявки вы получите файл-сертификат для подписи ваших приложений.\nparagraphparagraphparagraph\nЕсли вы допустили ошибку при заполнении формы, вы можете отправить заявку повторно. Количество принимаемых заявок ограничено.\nПосле отправки заявки ожидайте ответа на указанный e-mail адрес. С вами могут связаться для уточнения информации. После обработки заявки вы получите файл-сертификат для подписи ваших приложений."
}