{
    "meta": {
        "language": "ru",
        "parse_date": "2024-07-06T19:37:21.357479",
        "current_url": "https://www.rustore.ru/help/developers/tools/remote-config/ab-testing/experiment-result/",
        "doc_section": "developers",
        "h1_text": "Как посмотреть результаты эксперимента"
    },
    "text": "h1h1h1\nКак посмотреть результаты эксперимента\n\nadmonitionadmonitionadmonition\nпредупреждение\nparagraphparagraphparagraph\nПосмотреть результаты эксперимента можно, если он в статусе «Running», «Stopped» или «Finished».\nОткройтеRemote Config (https://remote-config.rustore.ru).\nВыберите приложение.\nПерейдите во вкладку «A/B эксперименты».\nВыберите нужный эксперимент из списка.\nВ меню действий выберите «Результаты».\nописание эксперимента;\nданные по прокрасам метрик;\nрезультаты по всем метрикам, созданным для выбранного приложения. В том числе доступны метрики, которые не изменились в ходе эксперимента.\nparagraphparagraphparagraph\nПосмотреть результаты эксперимента можно, если он в статусе «Running», «Stopped» или «Finished».\nОткройтеRemote Config (https://remote-config.rustore.ru).\nВыберите приложение.\nПерейдите во вкладку «A/B эксперименты».\nВыберите нужный эксперимент из списка.\nВ меню действий выберите «Результаты».\nописание эксперимента;\nданные по прокрасам метрик;\nрезультаты по всем метрикам, созданным для выбранного приложения. В том числе доступны метрики, которые не изменились в ходе эксперимента.\nadmonitionadmonitionadmonition\nпримечание\nparagraphparagraphparagraph\nЕсли по определенному типу не была заведена метрика, то этот тип метрики отображаться не будет.\n(Опционально) Нажмите «Скачать результат», чтобы получить результат эксперимента в форме таблицы в формате .CSV.\nparagraphparagraphparagraph\nЕсли по определенному типу не была заведена метрика, то этот тип метрики отображаться не будет.\n(Опционально) Нажмите «Скачать результат», чтобы получить результат эксперимента в форме таблицы в формате .CSV.\nh2h2h2\nКак работать с метриками?​\nparagraphparagraphparagraph\nВ зависимости от задачи эксперимента вы можете:\nИзменить параметр «Альфа».После изменения параметра табличная часть с метриками перестраивается и некоторые прокрасы могут измениться. «Альфа» влияет на точность прокраса метрики. Чем меньше значение, тем больше можно быть уверенным в прокрасе.\nИзменить контрольный вариант.На странице результатов можно сделать любой из вариантов контрольным (кроме используемых в эксперименте). Это повлияет на табличную часть с метриками: все варианты будут сравнены с выбранным контрольным вариантом.\nПросмотреть статистически значимые изменения(количество метрик, изменения которых можно считать статзначимыми) и, возможно, ложные прокрасы (участвуют в расчёте количество вариантов, количество метрик и «Альфа»). Чем больше у вас вариантов и метрик, тем ниже точность результата прокраса метрики. Если значение возможных ложных прокрасов находится в десятых (0.1), а значение статзначимых в целых (4), то прокрасы можно считать значимыми с большой степенью вероятности.\nОзнакомиться с детальными данными по определённой метрике(доступно для всех вариантов, кроме контрольного: для него доступны только данные по числителю, знаменателю и итоговому значению метрики):Сырые данные в числителе и знаменателе формулы, по которой считается метрика;Статистический тест, используемый для метрики;P-value;Значение «Альфа», установленное в настройках результатов пользователем. Это значение определяет вероятность ошибки при прокрасе метрики.\nЗначение P-value должно быть меньше, чем «Альфа», чтобы изменения в метрике можно было считать статзначимыми.Доверительный интервал. Чем больше «Альфа», тем шире доверительный интервал. Например, при «Альфа» 0.01, изменение метрики находится в указанном доверительном интервале с вероятностью 99%.MDE — минимальный детектируемый эффект. Показывает минимальное изменение значения метрики, которое уже можно считать стат значимым. Если MDE существенно ниже изменения метрики, эксперимент можно приостановить. Чем меньше ожидаемое изменение метрики, тем больше должно быть MDE.При расcчёте доверительного интервала и MDE для метрик с типом Day Funnel, Retention, Proportion используется z-test. Для метрик с типом Hits per Uniqs, Visits per Uniqs, Ratio используется t-test. Мощность стат критерия фиксированная — 0,8\nИногда по каким-то метрикам система может проставить прочерк, и при наведении на ячейку выводится ошибка «Не удалось рассчитать метрику». Чаще всего это происходит из-за нехватки данных. Убедитесь, что в знаменателе указано не 0.\nh2h2h2\nВиды тестов для метрик​\n\n---Table Start---\nDay funnel       | z-test             |                                                                                                                                             \nRetention       \nProportion      \nRatio            | Линеаризированный  | t-test                                                                                                                                      \nHits per uniqs   | Mann Witney t-test | В случае с 2 тестами, если хотя бы по одному из тестов P-value будет выше, чем «Альфа», то система отобразит статзначимое изменение метрики.\nVisits per uniqs |                   \n---Table End---"
}