{
    "meta": {
        "language": "ru",
        "parse_date": "2024-07-06T20:08:20.324634",
        "current_url": "https://www.rustore.ru/help/work-with-rustore-api/api-authorization-token/",
        "doc_section": "",
        "h1_text": "Метод получения токена авторизации"
    },
    "text": "h1h1h1\nМетод получения токена авторизации\n\nh2h2h2\nОбщие сведения​\nparagraphparagraphparagraph\nМетод позволяет сгенерировать JWE-токен с помощью приватного ключа, полученного в системеRuStore Консоль. Также метод проводит проверку активности владельца приложения.\nadmonitionadmonitionadmonition\nподсказка\nparagraphparagraphparagraph\nДля успешного выполнения запроса сгенерируйтеприватный ключ (https://rustore.ru/help/work-with-rustore-api/api-authorization-process).\nparagraphparagraphparagraph\nДля успешного выполнения запроса сгенерируйтеприватный ключ (https://rustore.ru/help/work-with-rustore-api/api-authorization-process).\nh2h2h2\nПараметры взаимодействия​\nparagraphparagraphparagraph\nPOST /public/auth/\nadmonitionadmonitionadmonition\nwarning\nparagraphparagraphparagraph\nC 30.07 авторизация с помощью параметраcompanyIdбудет невозможна. Используйте параметрkeyIdдля получения токена авторизации.\nparagraphparagraphparagraph\nC 30.07 авторизация с помощью параметраcompanyIdбудет невозможна. Используйте параметрkeyIdдля получения токена авторизации.\n---Table Start---\ncompanyId | string | Да, если не указан keyId     | body | id компании. Параметр будет недоступен с 30.07.                                                                                                                                                                                                                                                                                                                                                                                                                                                                                                                                                                                                                                                                                                                                                                                                                                                                         | 123                              \nkeyId     | string | Да, если не указан companyId | body | id ключа                                                                                                                                                                                                                                                                                                                                                                                                                                                                                                                                                                                                                                                                                                                                                                                                                                                                                                                |                                  \ntimestamp | string | Да                           | body | Время отправки запроса. Не должно отличаться от текущего серверного времени более, чем на 60 секунд.                                                                                                                                                                                                                                                                                                                                                                                                                                                                                                                                                                                                                                                                                                                                                                                                                    | 2022-07-08T13:24:41.8328711+03:00\nsignature | string | Да                           | body | RSA-подпись SHA-512 hash от строки, содержащей companyId и timestamp запроса. Алгоритм создания и проверки подписи: SHA512withRSA. Необходимые действия для формирования signature: 1. Cоздаём сообщение для подписи, конкатенируя идентификатор ключа keyId или идентификатор комапнии companyId и текущую дату timestamp . Пример: • keyId / companyId : 123 • timestamp : 2024-06-18T11:49:08.290+03:00 • Получившееся сообщение (итог конкатенации): 1232024-06-18T11:49:08.290+03:00 2. Вычисляем хэш сообщения из п.1 с использованием алгоритма SHA-512, получаем 9d864a0…………3d757f . 3. Полученный в RuStore Консоль приватный ключ, который представлен в формате Base64 декодируем, чтобы получить приватный ключ RSA. Используем его для создания цифровой подписи хэша из п.2. 4. Кодируем подпись из п.3 в Base64 для получения signature , получившийся итог AkLM0pQM……….xw== и есть параметр signature . | N/A                              \n---Table End---\nadmonitionadmonitionadmonition\nпримечание\nparagraphparagraphparagraph\nЕсли у вас создано более 1 ключа, то необходимо использовать параметрkeyIdвместоcompanyId, для авторизации по всем приватным ключам и генерации параметраsignature.\nparagraphparagraphparagraph\nЕсли у вас создано более 1 ключа, то необходимо использовать параметрkeyIdвместоcompanyId, для авторизации по всем приватным ключам и генерации параметраsignature.\nh2h2h2\nПример получения токена авторизации​\n\n\nPython\n\n\nJava\nparagraphparagraphparagraph\nВ случае проблем с пониманием алгоритма генерации параметра signature используйте .jar файл для генерации данного параметра:\n.jar файлдля companyId;\n.jar файлдля keyId.\nПередайте ID компании или ID ключа и полученный приватный ключ. В ответ вы получите тело для запросаPOST /public/auth/с параметрамиcompanyId/keyId,timestampиsignature.\nadmonitionadmonitionadmonition\nподсказка\nparagraphparagraphparagraph\nСформированный параметр параметра signature действует 1 минуту, так как напрямую зависит отtimestamp.\nparagraphparagraphparagraph\nСформированный параметр параметра signature действует 1 минуту, так как напрямую зависит отtimestamp.\nh2h2h2\nПараметры ответа​\n\n---Table Start---\ncode      | string      | Да  | Код ответа.                               | error / OK                       \nmessage   | string      | Нет | Расшифровка кода ответа, в случае ошибки. | Range timestamp not valid        \nbody{}    | object      | Да  | N/A                                       | N/A                              \ntimestamp | timestamptz | Да  | Время ответа.                             | 2022-07-08T13:24:41.8328711+03:00\n---Table End---\nh3h3h3\nbody​\n\n---Table Start---\njwe | string | Да | Токен доступа к RuStore API (содержимое payload ниже). Многоразового использования. | eyJjdHkiOiJK…sv16aBl8tTg.VkWuTw\nttl | int    | Да | Срок жизни токена в секундах. Срок жизни составляет 900 секунд.                     | 900                            \n---Table End---\nh3h3h3\nВозможные ошибки​\n\n---Table Start---\n400 | Range timestamp not valid                                   | Параметр timestamp отличается более чем на 60 секунд.                                 | Обновите timestamp и signature                                           \n404 | Company key not found                                       | Не найден закрытый ключ по переданному companyId .                                    | Проверьте создан ли закрытый ключ у данной companyId и его актуальность. \n400 | Company key disabled                                        | Приватный ключ по переданному companyId удален.                                       | Проверьте создан ли приватный ключ у данной companyId и его актуальность.\n400 | Signature encode error                                      | Параметр signature сгенерирован некорректно                                           | Необходимо заново сгенировать параметр signature .                       \n404 | You cannot use this action because the company is not found | Компания с переданным companyId отсутвует или не активна.                             | Проверьте параметр companyId на его актуальность.                        \n400 | You can't use this action because the company is banned     | Компания с переданным companyId заблокирована.                                        | Проверьте параметр companyId на его актуальность.                        \n400 | KeyId or companyId must be not null                         | Обязательно использование одного из параметров keyId или companyId .                  | Проверьте, что указан параметр keyId или companyId .                     \n400 | Incorrect usage of companyId. Please use keyId              | У вас создано более одного приватного ключа, необходимо использовать параметр keyId . | Воспользуйтесь параметром keyId .                                        \n---Table End---\nh2h2h2\nПример запроса​\n\ncodecodecode\ncurl --location 'https://public-api.rustore.ru/public/auth' \\--header 'Content-Type: application/json' \\--data '{\"companyId\":\"1275328\",\"timestamp\":\"2023-08-11T13:31:17.580+03:00\",\"signature\":\"U4kh.......nFkbuw==\"}\nh2h2h2\nПример успешного ответа​\n\ncodecodecode\n{\"code\": \"OK\",\"message\": null,\"body\": {\"jwe\": \"eyJlbmMiOiJBM......nuuM227D_O1A\",\"ttl\": 900},\"timestamp\": \"2023-08-11T13:31:33.171847393+03:00\"}"
}