{
    "meta": {
        "language": "ru",
        "parse_date": "2024-07-06T19:32:17.455061",
        "current_url": "https://www.rustore.ru/help/users/purchases-and-returns/sber-id-connect/",
        "doc_section": "users",
        "h1_text": "Подключение карты Сбер ID в RuStore: Инструкции по добавлению и удалению карт"
    },
    "text": "h1h1h1\nПодключение карты Сбер ID в RuStore: Инструкции по добавлению и удалению карт\nparagraphparagraphparagraph\nВ приложении RuStore доступна оплата картами из вашего профиля Сбер ID.\nh2h2h2\nПодключение карты Сбер ID при авторизации​\nparagraphparagraphparagraph\nОткройте приложение RuStore.\nАвторизуйтесь через Сбер ID.Как это сделать? (https://rustore.ru/help/users/authorization/login-sber-id)\nНажмите кнопку «Продолжить», чтобы подтвердить согласие на привязку сохраненных карт из платёжного сервиса Сбер ID.\nadmonitionadmonitionadmonition\nподсказка\nparagraphparagraphparagraph\nЕсли в вашем Сбер ID есть сохраненные карты, они появятся в профиле. Чтобы увидеть их, нажмите image и перейдите в раздел «Способы оплаты».\nparagraphparagraphparagraph\nЕсли в вашем Сбер ID есть сохраненные карты, они появятся в профиле. Чтобы увидеть их, нажмите image и перейдите в раздел «Способы оплаты».\nh2h2h2\nПодключение карты Сбер ID после начала работы с RuStore​\nparagraphparagraphparagraph\nЕсли вы не согласились с привязкой карт из Сбер ID при авторизации, вы можете добавить их после. Для этого:\nОткройте приложение RuStore.\nНажмитев нижнем меню.\nНажмите на название своего аккаунта.\nПерейдите в раздел «Способы оплаты».\nНажмите «Добавить способ оплаты».\nНажмите «Подключить карты Сбер ID».\nВведите номер телефона.\nНажмите «Войти или создать Сбер ID».\nh2h2h2\nКак удалить карты Сбер ID​\nparagraphparagraphparagraph\nОткройте приложение RuStore.\nНажмитев нижнем меню.\nНажмите на название своего аккаунта.\nПерейдите в раздел «Способы оплаты».\nНажмите.\nНажмите «Отключить».Откроется окно подтверждения действия.\nНажмите «Отключить»."
}