{
    "meta": {
        "language": "ru",
        "parse_date": "2024-07-06T20:05:18.672002",
        "current_url": "https://www.rustore.ru/help/sdk/reviews-ratings/unreal/1-0-1/",
        "doc_section": "sdk",
        "h1_text": "1.0.1"
    },
    "text": "h1h1h1\n1.0.1\n\nh2h2h2\nОбщие сведения​\nparagraphparagraphparagraph\nRuStore In-app Review SDK предлагает пользователю оставить оценку и отзыв о вашем приложении в RuStore, не выходя из приложения.\nПользовательский сценарий оценки и отзыва может быть запущен в любое время на протяжении всего пути пользователя в вашем приложении. Пользователь может оценить ваше приложение по шкале от 1 до 5 и оставить отзыв. Отзыв является опциональным.\nh2h2h2\nПример реализации​\nparagraphparagraphparagraph\nОзнакомьтесь сприложением-примеромчтобы узнать, как правильно интегрировать SDK отзывов и оценок.\nh2h2h2\nПример пользовательского сценария​\n\nh2h2h2\nУсловия корректной работы SDK​\nparagraphparagraphparagraph\nДля работы SDK оценок и отзывов необходимо соблюдение следующих условий.\nОС Android версии 7.0 или выше.\nНа устройстве пользователя установлена актуальная версия RuStore.\nПользователь авторизован в RuStore.\nПриложение должно быть опубликовано в RuStore.\nh2h2h2\nКогда запрашивать оценку и отзыв​\nparagraphparagraphparagraph\nСледуйте рекомендациям, чтобы решить, в какой момент запросить оценку и отзыв о приложении у пользователя (см. ниже).\nЗапускайте процесс после того, как пользователь достаточно использовал ваше приложение.\nНе запускайте процесс слишком часто — это ухудшит опыт пользователя вашего приложения и ограничит использование SDK оценок.\nНе используйте призывы к действию, например, кнопку «Оценить приложение» — пользователь уже мог исчерпать лимит запуска процесса.\nВаше приложение не должно задавать какие-либо вопросы пользователю перед запуском или во время процесса, в том числе вопросы об их мнении (например, «Вам нравится приложение?») или прогнозирующие вопросы (например, «Вы бы поставили этому приложению 5 звёзд?»).\nh2h2h2\nРекомендации к дизайну​\nparagraphparagraphparagraph\nСледуйте рекомендациям, чтобы решить, как интегрировать процесс.\nОтображайте процесс как есть, без какого-либо вмешательства или изменения текущего дизайна, включая размер, непрозрачность, форму и другие свойства.\nНичего не добавляйте поверх или по краям процесса.\nПроцесс должен открываться поверх всех слоёв. После запуска процесса не закрывайте его. Процесс завершится самостоятельно после явного действия пользователя.\nh2h2h2\nПодключение в проект​\nparagraphparagraphparagraph\nСкопируйте содержимое папкиPluginsиз официального репозитория RuStore наGitFlic (https://gitflic.ru/project/rustore/rustore-unreal-engine-review-example)в папкуPluginsвнутри своего проекта.\nПерезапустите Unreal Engine.\nВ списке плагинов (Edit > Plugins > Project > Mobile) отметьте плагиныRuStoreReviewиRuStoreCore.\nВ файлеYourProject.Build.csв спискеPublicDependencyModuleNamesподключите модули модулиRuStoreCoreиRuStoreReview.\nВ настройках проекта (Edit > Project Settings > Android) установите параметрMinimum SDK Versionна уровень не ниже24и параметрTarget SDK Version— не ниже31.\nh2h2h2\nРабота с оценками​\n\nh3h3h3\nПодготовка к работе с оценками​\nparagraphparagraphparagraph\nДля работы с оценками необходимо инициализироватьRuStoreReviewManager.\ncodecodecode\nURuStoreReviewManager::Instance()->Init();\nadmonitionadmonitionadmonition\nк сведению\nparagraphparagraphparagraph\nВызовInit()привязывает объект к корню сцены, и, если дальнейшая работа с объектом больше не планируется, для освобождения памяти необходимо выполнить методDispose().\nВызов методаDisposeотвяжет объект от корня и безопасно завершит все отправленные запросы.\nparagraphparagraphparagraph\nВызовInit()привязывает объект к корню сцены, и, если дальнейшая работа с объектом больше не планируется, для освобождения памяти необходимо выполнить методDispose().\nВызов методаDisposeотвяжет объект от корня и безопасно завершит все отправленные запросы.\ncodecodecode\nURuStoreReviewManager::Instance()->Dispose();\nh3h3h3\nПодготовка к запуску оценки приложения​\n\ncodecodecode\nRequestReviewFlowlong requestId=URuStoreReviewManager::Instance()->RequestReviewFlow([](long requestId){// Process response},[](long requestId,TSharedPtr<FURuStoreError,ESPMode::ThreadSafe>error){// Process error});\nadmonitionadmonitionadmonition\nк сведению\nparagraphparagraphparagraph\nСписок возможных ошибок (https://rustore.ru/help#%D0%BE%D0%B1%D1%80%D0%B0%D0%B1%D0%BE%D1%82%D0%BA%D0%B0-%D0%BE%D1%88%D0%B8%D0%B1%D0%BE%D0%BA)\nparagraphparagraphparagraph\nСписок возможных ошибок (https://rustore.ru/help#%D0%BE%D0%B1%D1%80%D0%B0%D0%B1%D0%BE%D1%82%D0%BA%D0%B0-%D0%BE%D1%88%D0%B8%D0%B1%D0%BE%D0%BA)\nh3h3h3\nЗапуск оценки приложения​\nparagraphparagraphparagraph\nКаждый запрос получает уникальный в рамках одного запуска приложенияrequestId. Каждое событие возвращаетrequestIdзапроса, породившего это событие.\ncodecodecode\nLaunchReviewFlowlong requestId=URuStoreReviewManager::Instance()->LaunchReviewFlow([](long requestId){// Process response},[](long requestId,TSharedPtr<FURuStoreError,ESPMode::ThreadSafe>error){// Process error});\nh2h2h2\nОбработка ошибок​\nparagraphparagraphparagraph\n\n** Структура ошибки **\ncodecodecode\nUSTRUCT(BlueprintType)structRUSTORECORE_APIFURuStoreError{GENERATED_USTRUCT_BODY()FURuStoreError(){name=\"\";description=\"\";}UPROPERTY(BlueprintReadOnly)FStringname;UPROPERTY(BlueprintReadOnly)FStringdescription;};\nparagraphparagraphparagraph\nname— название ошибки.\ndescription— описание ошибки.\nRuStoreNotInstalledException— на устройстве пользователя не установлен RuStore;\nRuStoreOutdatedException— версия RuStore, установленная на устройстве пользователя, не поддерживает платежи;\nRuStoreUserUnauthorizedException— пользователь не авторизован в RuStore;\nRuStoreRequestLimitReached— с момента последнего отображения процесса прошло слишком мало времени;\nRuStoreReviewExists— этот пользователь уже оценил ваше приложение;\nRuStoreInvalidReviewInfo— проблемы сReviewInfo;\nRuStoreException— базовая ошибка RuStore, от которой наследуются остальные ошибки."
}