{
    "meta": {
        "language": "ru",
        "parse_date": "2024-07-06T19:49:34.838638",
        "current_url": "https://www.rustore.ru/help/sdk/push-notifications/godot/1-2-0/",
        "doc_section": "sdk",
        "h1_text": "SDK push-уведомлений для Godot Engine (версия 1.2.0)"
    },
    "text": "h1h1h1\nSDK push-уведомлений для Godot Engine (версия 1.2.0)\n\nh2h2h2\nУсловия корректной работы SDK​\nparagraphparagraphparagraph\nУсловия работы push-уведомлений:\nНа устройстве пользователя установлена актуальная версия RuStore.\nПриложение RuStore должно поддерживать функциональность push-уведомлений.\nПриложению RuStore разрешен доступ к работе в фоновом режиме.\nПользователь авторизован в RuStore.\nОтпечаток подписи приложения должен совпадать с отпечатком, добавленным вКонсоль RuStore (https://dev.rustore.ru/).\nВерсия Godot 4 — 4.1.4.\nh2h2h2\nПример реализации​\nparagraphparagraphparagraph\nОзнакомьтесь сприложением-примером, чтобы узнать, как правильно интегрировать SDK push-уведомлений.\nh2h2h2\nПодключение в проект​\nparagraphparagraphparagraph\nСкопируйте проекты плагина и приложения-примера из официального репозитория RuStore наGitFlic (https://gitflic.ru/project/rustore/rustore-godot-push-example).\nОткройте в вашей IDE проект Android из папкиgodot_plugin_libraries.\nПоместите в папкуgodot_plugin_libraries / libsпакетgodot-lib.xxx.yyy.template_release.aar, где xxx.yyy версия вашей редакции Godot Engine.\nВыполните сборку проекта командойgradle assemble.\nRuStoreGodotPush.gdap;\nRuStoreGodotPush.aar;\nRuStoreGodotCore.gdap;\nRuStoreGodotCore.aar.\nadmonitionadmonitionadmonition\nпредупреждение\nparagraphparagraphparagraph\nОбратите особое внимание, что библиотеки плагинов должны быть собраны под вашу версию Godot Engine.\nСкопируйте содержимое папкиgodot_example / android / pluginsв папкуyour_project / android / plugins.\nСкопируйте с заменой содержимое папкиgodot_example / android / build_exampleв папкуgodot_example / android / build.\nВ пресете сборки Android в списке «Плагины» отметьте «Ru Store Godot Push» и «Ru Store Godot Core».\nparagraphparagraphparagraph\nОбратите особое внимание, что библиотеки плагинов должны быть собраны под вашу версию Godot Engine.\nСкопируйте содержимое папкиgodot_example / android / pluginsв папкуyour_project / android / plugins.\nСкопируйте с заменой содержимое папкиgodot_example / android / build_exampleв папкуgodot_example / android / build.\nВ пресете сборки Android в списке «Плагины» отметьте «Ru Store Godot Push» и «Ru Store Godot Core».\nh3h3h3\nРедактирование манифеста приложения​\nparagraphparagraphparagraph\nВ файле манифестаyour_project / android / build / AndroidManifest.xmlобъявите службу, расширяющуюRuStoreMessagingService:\ncodecodecode\nAndroidManifest.xml<serviceandroid:name=\"ru.rustore.godot.pushclient.RuStoreGodotMessagingService\"android:exported=\"true\"tools:ignore=\"ExportedService\"><intent-filter><actionandroid:name=\"ru.rustore.sdk.pushclient.MESSAGING_EVENT\"/></intent-filter></service>\ncodecodecode\nAndroidManifest.xml<meta-dataandroid:name=\"ru.rustore.sdk.pushclient.default_notification_icon\"android:resource=\"@drawable/ic_baseline_android_24\"/><meta-dataandroid:name=\"ru.rustore.sdk.pushclient.default_notification_color\"android:resource=\"@color/your_favorite_color\"/>\ncodecodecode\nAndroidManifest.xml<meta-dataandroid:name=\"ru.rustore.sdk.pushclient.default_notification_channel_id\"android:value=\"@string/pushes_notification_channel_id\"/>\nh3h3h3\nЗапрос разрешения на показ уведомлений в Android 13+​\nparagraphparagraphparagraph\nВ версии Android 13 появилось новое разрешение для отображения push-уведомлений.\nЭто затронет все приложения, которые работают на Android 13 или выше и используют RuStore Push SDK.\nПо умолчанию RuStore Push SDK версии 1.4.0 и выше включает разрешениеPOST_NOTIFICATIONS, определённое в манифесте.\nОднако приложению также нужно запросить это разрешение во время выполнения через константуandroid.permission.POST_NOTIFICATIONS.\nПриложение сможет показывать push-уведомления, только когда пользователь предоставит на это разрешение.\nЗапрос разрешения на показ push-уведомлений:\ncodecodecode\nActivity/Fragment// Declare the launcher at the top of your Activity/Fragment:privatefinalActivityResultLauncher<String>requestPermissionLauncher=registerForActivityResult(newActivityResultContracts.RequestPermission(),isGranted->{if(isGranted){// RuStore Push SDK (and your app) can post notifications.}else{// TODO: Inform user that your app will not show notifications.}});privatevoidaskNotificationPermission(){// This is only necessary for API level>= 33 (TIRAMISU)if(Build.VERSION.SDK_INT>=Build.VERSION_CODES.TIRAMISU){if(ContextCompat.checkSelfPermission(this,Manifest.permission.POST_NOTIFICATIONS)==PackageManager.PERMISSION_GRANTED){// RuStore Push SDK (and your app) can post notifications.}elseif(shouldShowRequestPermissionRationale(Manifest.permission.POST_NOTIFICATIONS)){// TODO: display an educational UI explaining to the user the features that will be enabled//       by them granting the POST_NOTIFICATION permission. This UI should provide the user//       \"OK\" and \"No thanks\" buttons. If the user selects \"OK,\" directly request the permission.//       If the user selects \"No thanks,\" allow the user to continue without notifications.}else{// Directly ask for the permissionrequestPermissionLauncher.launch(Manifest.permission.POST_NOTIFICATIONS);}}}\nh2h2h2\nИнициализация​\nparagraphparagraphparagraph\nДля инициализации понадобитсяидентификатор проекта изRuStore Консоль. Чтобы получить его, на странице приложения перейдите в раздел «Push-уведомления» — «Проекты» и скопируйте значение в поле «ID проекта».\nh3h3h3\nИнициализация плагина​\nparagraphparagraphparagraph\nПеред вызовом методов библиотеки необходимо создать объект клиента push-уведомленийRuStoreGodotPushClient. Для инициализации клиента выполните методinit.\ncodecodecode\nСоздание клиентаconstPROJECT_ID=\"123456\"constLOG_MODE=ERuStoreLogMode.Item.CUSTOMconstCLIENT_ID_TYPE=ERuStoreClientIdType.Item.GAIDconstCLIENT_ID_VALUE=\"your_client_id\"var_push_client:RuStoreGodotPushClient=nullfunc _ready:_push_client=RuStoreGodotPushClient.get_instance()_push_client.init(PROJECT_ID,LOG_MODE)\nparagraphparagraphparagraph\nPROJECT_ID— идентификатор проекта.\nLOG_MODE— режим логгирования:NONE— нет логгирования;LOGCAT— вывод сообщений в logcat;CUSTOM— вывод сообщений в событияon_log_*.\nh3h3h3\nЛогирование событий​\nparagraphparagraphparagraph\nЕсли вы хотите логировать события библиотеки push-уведомлений, при инициализации плагина укажитеLOG_MODEравнымERuStoreLogMode.Item.CUSTOMи единожды выполните подписку на события:\non_log_verbose;\non_log_debug;\non_log_info;\non_log_warn;\non_log_error.\ncodecodecode\nСобытия on_log_*cfunc _ready:# Инициализация _push_client_push_client.on_log_verbose.connect(_on_log_verbose)_push_client.on_log_debug.connect(_on_log_debug)_push_client.on_log_info.connect(_on_log_info)_push_client.on_log_warn.connect(_on_log_warn)_push_client.on_log_error.connect(_on_log_error)func_on_log_verbose(message:String):passfunc_on_log_debug(message:String):passfunc_on_log_info(message:String):passfunc_on_log_warn(message:String):passfunc_on_log_error(message:String):pass\nparagraphparagraphparagraph\nmessage— сообщение лога.\nh3h3h3\nРабота с сегментами пользователей​\nparagraphparagraphparagraph\nСегмент — это группа пользователей, которых вы выбираете по определенным параметрам.\nНапример, пользователи, которые приносят наибольший доход, или пользователи со старой версией Android.\nПодробности о сегментах — в документацииMyTracker.\nЧтобы начать работу с сегментами, укажите параметрыClientIdTypeиClientIdValueпри инициализации SDK:\ncodecodecode\nСоздание клиентаconstCLIENT_ID_TYPE=ERuStoreClientIdType.Item.GAIDconstCLIENT_ID_VALUE=\"your_client_id\"var_push_client:RuStoreGodotPushClient=nullfunc _ready:_push_client=RuStoreGodotPushClient.get_instance()_push_client.init(PROJECT_ID,LOG_MODE,CLIENT_ID_TYPE,CLIENT_ID_VALUE)\nparagraphparagraphparagraph\nCLIENT_ID_TYPE— тип идентификатора:GAID— рекламный идентификатор Google;OAID— рекламный идентификатор Huawei.\nCLIENT_ID_VALUE— значение идентификатора.\nh2h2h2\nПроверка возможности получать push-уведомления​\nparagraphparagraphparagraph\nУсловия работы push-уведомлений приведены в разделеУсловия корректной работы SDK.\nПеред использованием метода единожды выполните подписку на события:\non_check_push_availability_success;\non_check_push_availability_failure.\ncodecodecode\nПодписка на событияfunc_ready():# Инициализация _push_client_push_client.on_check_push_availability_success.connect(_on_check_push_availability_success)_push_client.on_check_push_availability_failure.connect(_on_check_push_availability_failure)func_on_check_push_availability_success(result:RuStoreFeatureAvailabilityResult):passfunc_on_check_push_availability_failure(error:RuStoreError):pass\ncodecodecode\nВызов метода check_push_availability_push_client.check_push_availability()\nparagraphparagraphparagraph\nОбратный вызов (callback)on_check_push_availability_successвозвращает объектRuStoreFeatureAvailabilityResultс информацией о доступности сервиса.\ncodecodecode\nКласс RuStoreFeatureAvailabilityResultclass_nameRuStoreFeatureAvailabilityResultextendsObjectvarisAvailable:bool=falsevarcause:RuStoreError=nullfunc_init(json:String=\"\"):ifjson!=\"\":varobj=JSON.parse_string(json)isAvailable=obj[\"isAvailable\"]ifobj.has(\"cause\"):varjcause=JSON.stringify(obj[\"cause\"])cause=RuStoreError.new(jcause)\nparagraphparagraphparagraph\nisAvailable— выполнение условий приёма push-уведомлений:true— условия выполнены;false— условия не выполнены.\ncause— информация об ошибке. Структура классаRuStoreErrorи все возможные ошибки описаны в разделеОбработка ошибок (https://rustore.ru/help#errors)\nОбратный вызов (callback)on_check_push_availability_failureвозвращает объектRuStoreErrorсо всеми прочими ошибками, например, — «Нет соединения с интернетом». Структура классаRuStoreErrorописана в разделеОбработка ошибок (https://rustore.ru/help#errors).\nh2h2h2\nМетоды для работы с push-токеном​\n\nh3h3h3\nПолучение push-токена пользователя​\n\nadmonitionadmonitionadmonition\nпредупреждение\nparagraphparagraphparagraph\nЕсли у пользователя нет push-токена, метод создаст и вернёт новый push-токен.\nПеред использованием метода единожды выполните подписку на события:\non_get_token_success;\non_get_token_failure.\nparagraphparagraphparagraph\nЕсли у пользователя нет push-токена, метод создаст и вернёт новый push-токен.\nПеред использованием метода единожды выполните подписку на события:\non_get_token_success;\non_get_token_failure.\ncodecodecode\nПодписка на событияfunc_ready():# Инициализация _push_client_push_client.on_get_token_success.connect(_on_get_token_success)_push_client.on_get_token_failure.connect(_on_get_token_failure)func_on_get_token_success(data:String):passfunc_on_get_token_failure(error:RuStoreError):pass\ncodecodecode\nВызов метода get_token_push_client.get_token()\nparagraphparagraphparagraph\nОбратный вызов (callback)on_get_token_successвозвращает строку с информацией о текущем push-токене.\nОбратный вызов (callback)on_get_token_failureвозвращает объектRuStoreErrorс информацией об ошибке. Структура классаRuStoreErrorописана в разделеОбработка ошибок (https://rustore.ru/help#errors).\nh3h3h3\nУдаление push-токена пользователя​\nparagraphparagraphparagraph\nПеред использованием метода единожды выполните подписку на события:\non_delete_token_success;\non_delete_token_failure.\ncodecodecode\nПодписка на событияfunc_ready():# Инициализация _push_client_push_client.on_delete_token_success.connect(_on_delete_token_success)_push_client.on_delete_token_failure.connect(_on_delete_token_failure)func_on_delete_token_success():passfunc_on_delete_token_failure(error:RuStoreError):pass\ncodecodecode\nВызов метода delete_token_push_client.delete_token()\nh2h2h2\nМетоды для работы с push-топиком​\n\nh3h3h3\nПодписка на push-уведомления по топику​\nparagraphparagraphparagraph\nПеред использованием метода единожды выполните подписку на события:\non_subscribe_to_topic_success;\non_subscribe_to_topic_failure.\ncodecodecode\nПодписка на событияfunc_ready():# Инициализация _push_client_push_client.on_subscribe_to_topic_success(_on_subscribe_to_topic_success)_push_client.on_subscribe_to_topic_failure(_on_subscribe_to_topic_failure)func_on_subscribe_to_topic_success():passfunc_on_subscribe_to_topic_failure(error:RuStoreError):pass\ncodecodecode\nВызов метода subscribe_to_topicconstTOPIC_NAME=\"hello\"_push_client.subscribe_to_topic(TOPIC_NAME)\nparagraphparagraphparagraph\nTOPIC_NAME— имя топика.\nh3h3h3\nОтписка от push-уведомлений по топику​\nparagraphparagraphparagraph\nПеред использованием метода единожды выполните подписку на события:\non_unsubscribe_from_topic_success;\non_unsubscribe_from_topic_failure.\ncodecodecode\nПодписка на событияfunc_ready():# Инициализация _push_client_push_client.on_unsubscribe_from_topic_success(_on_unsubscribe_from_topic_success)_push_client.on_unsubscribe_from_topic_failure(_on_unsubscribe_from_topic_failure)func_on_unsubscribe_from_topic_success():passfunc_on_unsubscribe_from_topic_failure(error:RuStoreError):pass};\ncodecodecode\nВызов метода unsubscribe_from_topicconstTOPIC_NAME=\"hello\"_push_client.unsubscribe_from_topic(TOPIC_NAME)\nparagraphparagraphparagraph\nTOPIC_NAME— имя топика.\nh2h2h2\nПолучение данных от RuStore SDK​\nparagraphparagraphparagraph\nЧтобы получать данные push-уведомлений от RuStore SDK, после создания клиента и инициализации единожды выполните подписку на события:\non_new_token;\non_message_received;\non_deleted_messages;\non_error.\ncodecodecode\nПодписка на событияfunc _ready:# Инициализация _push_client_push_client.on_new_token.connect(_on_new_token)_push_client.on_message_received.connect(_on_message_received)_push_client.on_deleted_messages.connect(_on_deleted_messages)_push_client.on_error.connect(_on_error)func_on_new_token(data:String):passfunc_on_message_received(data:Dictionary):passfunc_on_deleted_messages():passfunc_on_error(errors:Array):pass\n---Table Start---\non_new_token        | Метод вызывается при получении нового push-токена.\nПосле вызова этого метода ваше приложение становится ответственно за передачу нового push-токена на свой сервер.\nМетод возвращает значение нового токена.                                                                                                                                                                                                                    \non_message_received | Метод вызывается при получении нового push-уведомления.\n< p/>\nЕсли в объекте notification есть данные, RuStore SDK самостоятельно отображает уведомление.\nЕсли вы не хотите этого, используйте объект data , а notification оставьте пустым.\nМетод вызывается в любом случае.\n< p/>\nПолучить payload push-уведомления можно из поля data[data] .                                                                                \non_deleted_messages | Метод вызывается, если один или несколько push-уведомлений не доставлены на устройство.\nНапример, если время жизни уведомления истекло до момента доставки.\n< p/>\nПри вызове этого метода рекомендуется синхронизироваться со своим сервером, чтобы не пропустить данные.                                                                                                                                                       \non_error            | Метод вызывается, если в момент инициализации возникает ошибка.\nОн возвращает массив объектов с ошибками.\n< p/>\nВозможные ошибки: UnauthorizedException — пользователь не авторизован в RuStore. HostAppNotInstalledException — RuStore отсутствует на устройстве пользователя. HostAppBackgroundWorkPermissionNotGranted — у RuStore нет разрешения на работу в фоне. Все возможные ошибки описаны в разделе Обработка ошибок .\n---Table End---\nh3h3h3\nСтруктура уведомления​\n\ncodecodecode\nСтруктура полного уведомленияfunc_on_message_received(data:Dictionary):print(\"messageId: \"+data[\"messageId\"])print(\"priority: \"+data[\"priority\"])print(\"ttl: \"+data[\"ttl\"])print(\"collapseKey: \"+data[\"collapseKey\"])print(\"data: \"+data[\"data\"])print(\"rawData: \"+data[\"rawData\"])\nparagraphparagraphparagraph\nmessageId— уникальный ID сообщения. Является идентификатором каждого сообщения.\npriority— возвращает значение приоритетности (на данный момент не учитывается).Сейчас заложены следующие варианты:0—UNKNOWN.1—HIGH.2—NORMAL.< p/>\nttl— время жизни push-уведомления типаIntв секундах.\nfrom— поле, по которому можно понять, откуда пришло уведомление:\n< p/>Для уведомлений, отправленных в топик, в поле отображается имя топика.В других случаях — часть вашего сервисного токена.< p/>\ncollapseKey— идентификатор группы уведомлений (на данный момент не учитывается).\ndata— словарь, в который можно передать дополнительные данные для уведомления.\nrawData— словарьdataв виде массива байтов.\nnotification— объект уведомления.\ncodecodecode\nСтруктура объекта Notificationfunc_on_message_received(data:Dictionary):print(\"title: \"+data[\"notification_title\"])print(\"body: \"+data[\"notification_body\"])print(\"channelId: \"+data[\"notification_channelId\"])print(\"color: \"+data[\"notification_color\"])print(\"icon: \"+data[\"notification_icon\"])print(\"clickAction: \"+data[\"notification_clickAction\"])print(\"imageUrl: \"+data[\"notification_imageUrl\"])\nparagraphparagraphparagraph\ntitle— заголовок уведомления.\nbody— тело уведомления\nchannelId— возможность задать канал, в который отправится уведомление. Актуально для Android 8.0 и выше.\nimageUrl— прямая ссылка на изображение для вставки в уведомление. Изображение должно быть не более 1 Мбайт.\ncolor— цвет уведомления в HEX-формате, строкой. Например,#0077FF.\nicon— значок уведомления изres/drawableв формате строки, которая совпадает с названием ресурса.\n< p/>\nНапример, вres/drawableесть значокsmall_icon.xml, который доступен в коде черезR.drawable.small_icon.\nЧтобы значок отображался в уведомлении, сервер должен указать в параметреiconзначениеsmall_icon.\n< p/>\nclickAction—intent action, с помощью которого будет открыта активити при клике на уведомление.\nh3h3h3\nСоздание канала для отправки уведомления​\nparagraphparagraphparagraph\nДля канала, в который отправляется уведомление, действует следующий приоритет:\nЕсли в push-уведомлении есть полеchannelId, RuStore SDK отправит уведомление в указанный канал.\nВаше приложение должно создать этот канал заранее.\nЕсли в push-уведомлении нет поляchannelId, но ваше приложение указало параметр с каналом вAndroidManifest.xml, используется указанный канал.\nВаше приложение должно создать этот канал заранее.\nЕсли в push-уведомлении нет поляchannelId, и канал по умолчанию не задан вAndroidManifest.xml, RuStore SDK создаст канал и отправит уведомление в него.\nВ дальнейшем все уведомления без явного указания канала будут отправляться в этот канал.\nh3h3h3\nОткрытие activity при нажатии на уведомление​\nparagraphparagraphparagraph\nПо умолчанию, если нажать на уведомление, RuStore SDK откроет activity сactionandroid.intent.action.MAIN.\nЕсли есть полеclickAction, RuStore SDK откроет activity, которая попадает подIntent filterс указаннымaction.\nДобавьте строку<category android:name=\"android.intent.category.DEFAULT\" />в манифесте приложения в соответствующем элементе<intent-filter>у activity.\nЭто нужно, чтобы при нажатии на уведомление по умолчанию открывалась activity.\nБез этой строки в RuStore SDK activity не откроется.\nЧтобы SDK смог открыть game activity без перезагрузки игры, нужно очиститьintentпри переходе в приложение после нажатия на push-уведомление.\nДля этого:\nПерейдите в папкуyour_project / android / build / src / com /godot / game.\nСоздайте классGodotPushApp, наследникаFullScreenGodotApp:Пример реализации GodotPushApppackagecom.godot.game;importorg.godotengine.godot.FullScreenGodotApp;importandroid.os.Bundle;publicclassGodotPushAppextendsFullScreenGodotApp{@OverridepublicvoidonCreate(BundlesavedInstanceState){setTheme(R.style.GodotAppMainTheme);super.onCreate(savedInstanceState);}}\nИзмените классGodotApp:Пример реализации GodotApppackagecom.godot.game;importandroid.content.Intent;importandroid.os.Bundle;importandroidx.appcompat.app.AppCompatActivity;publicclassGodotAppextendsAppCompatActivity{@OverridepublicvoidonCreate(BundlesavedInstanceState){setTheme(R.style.GodotAppMainTheme);super.onCreate(savedInstanceState);/*** Processing intenss here*/IntentnewIntent=newIntent(this,GodotPushApp.class);startActivity(newIntent);finish();}}\nДобавьте информацию об activityGodotPushAppв манифестyour_project / android / build / AndroidManifest.xml.\ncodecodecode\nAndroidManifest.xml<activityandroid:name=\"com.godot.game.GodotPushApp\"android:label=\"@string/godot_project_name_string\"android:theme=\"@style/GodotAppSplashTheme\"android:launchMode=\"singleInstance\"android:excludeFromRecents=\"false\"android:exported=\"true\"android:screenOrientation=\"sensor\"android:configChanges=\"orientation|keyboardHidden|screenSize|smallestScreenSize|density|keyboard|navigation|screenLayout|uiMode\"android:resizeableActivity=\"false\"tools:ignore=\"UnusedAttribute\"></activity>\nparagraphparagraphparagraph\nИзменитеandroid:launchMode=\"singleInstance\"наandroid:launchMode=\"singleTask\"в activityandroid:name=\".GodotApp\".\nh2h2h2\nОбработка ошибок​\n\ncodecodecode\nСтруктура ошибкиclass_name RuStoreError extends Objectvar description:Stringfunc _init(json:String=\"\"):ifjson==\"\":description=\"\"else:var obj=JSON.parse_string(json)description=obj[\"detailMessage\"]\nparagraphparagraphparagraph\ndescription— описание ошибки.\nRuStoreNotInstalledException— на устройстве пользователя не установлен RuStore.\nRuStoreOutdatedException— версия RuStore, установленная на устройстве пользователя, не поддерживает push-уведомления.\nRuStoreUserUnauthorizedException— пользователь не авторизован в RuStore.\nRuStoreFeatureUnavailableException— RuStore не имеет разрешения на работу в фоне.\nRuStoreException— базовая ошибка RuStore, от которой наследуются остальные ошибки.\nh2h2h2\nСм. также​\nparagraphparagraphparagraph\nОтправка push-уведомлений (API) (https://rustore.ru/help/sdk/push-notifications/send-push-notifications)\nОтправка push-уведомлений по топикам (API) (https://rustore.ru/help/sdk/push-notifications/topic-notifications)\nРабота с сегментами пользователей (API) (https://rustore.ru/help/sdk/push-notifications/work-with-segments-push-api)"
}