{
    "meta": {
        "language": "ru",
        "parse_date": "2024-07-06T19:52:13.288504",
        "current_url": "https://www.rustore.ru/help/sdk/general-push-notifications/kotlin/history/",
        "doc_section": "sdk",
        "h1_text": "История изменений"
    },
    "text": "h1h1h1\nИстория изменений\nparagraphparagraphparagraph\nВерсия SDK 2.1.0\nВ модуле ru.rustore.sdk:universalrustoreобновилась зависмость ru.rustore.sdk:pushclientдо 2.3.0.\nВ модуле ru.rustore.sdk:universalrustoreобновилась зависмость ru.rustore.sdk:pushclientдо 2.2.0.\nВ модуле ru.rustore.sdk:universalrustoreобновилась зависмость ru.rustore.sdk:pushclientдо 2.1.1.\nОбновили во всех universal-push модулях внутреннюю зависимость ru.rustore.sdk:coreдо 2.0.0. Это может привести к несовместимости RuStore Universal Push SDK с некоторыми версиями других RuStore SDK. Совместимость версий смотрите на странице«Совместимость с остальными SDK» (https://rustore.ru/help/sdk/sdk-compatibility).\nВ связи с обновлением ru.rustore.sdk:coreизменилось Task API. Это может привести к «ломающим» изменениям в вашем коде. CallbackTask.addOnCompleteListenerзаменился наTask.addOnCompletionListener.\nЧтобы воспроизвести логику старого методаTask.addOnCompleteListener, используейте методыTask.addOnSuccessListenerиTask.addOnFailureListener.\nДобавлена дедубликация push-уведомлений.\nДобавлены callback для:Обработки уведомлений.Обработки событияonDeletedMessages.Обработки событияonNewToken.Обработки ошибок push-провайдеров."
}