{
    "meta": {
        "language": "ru",
        "parse_date": "2024-07-06T19:29:22.240339",
        "current_url": "https://www.rustore.ru/help/work-with-rustore-api/api-upload-publication-app/manual-publishing/",
        "doc_section": "",
        "h1_text": "Ручная публикация"
    },
    "text": "h1h1h1\nРучная публикация\nparagraphparagraphparagraph\nМетод позволяет опубликовать версию, прошедшую модерацию вручную.\nОграничения:\nопубликовать версию можно только после прохождения модерации;\nопубликовать версию если тип публикации указан вручную.\nh2h2h2\nПараметры взаимодействия​\nparagraphparagraphparagraph\nPOST\nhttps://public-api.rustore.ru/public/v1/application/{packageName}/version/{versionId}/publish\n---Table Start---\nPublic-Token | string | Да | header | Токен доступа к Public API Rustore .\npackageName  | string | Да | path   | Имя пакета приложения.              \nversionId    | number | Да | path   | Версия приложения.                  \n---Table End---\nh2h2h2\nПараметры ответа​\n\n---Table Start---\ncode      | string      | Да  | Код ответа.              | error / OK                       \nmessage   | string      | Нет | Расшифровка кода ответа. | N/A                              \ntimestamp | timestamptz | Да  | Время ответа.            | 2022-07-08T13:24:41.8328711+03:00\n---Table End---\nh2h2h2\nПример запроса​\n\ncodecodecode\ncurl --location --request POST 'https://public-api.rustore.ru/public/v1/application/com.example.pblsh_v2/version/704372/publish' \\--header 'accept: application/json' \\--header 'Public-Token: {YOURtoken}'\nh2h2h2\nПример ответа​\n\ncodecodecode\n{\"code\": \"OK\",\"message\": null,\"body\": null,\"timestamp\": \"2023-08-14T15:34:44.016339151+03:00\"}"
}