{
    "meta": {
        "language": "ru",
        "parse_date": "2024-07-06T20:07:14.146123",
        "current_url": "https://www.rustore.ru/help/developers/publishing-and-verifying-apps/app-publication/upload-aab/",
        "doc_section": "developers",
        "h1_text": "Руководство по загрузке приложений в формате ААВ в RuStore Консоль"
    },
    "text": "h1h1h1\nРуководство по загрузке приложений в формате ААВ в RuStore Консоль\nparagraphparagraphparagraph\nВ RuStore Консоль доступна загрузка файлов в формате ААВ (Android App Bundle).\nЭтот формат помогает уменьшить размер файла, который пользователь скачивает из RuStore, и ускорить установку приложения.\nЧтобы загрузить в RuStore Консоль версию приложения в формате ААВ:\nЗагрузите подпись приложения (https://rustore.ru/help#upload-sign-key).\nЗагрузите файл ААВ (https://rustore.ru/help#upload-aab).\nh2h2h2\nЗагрузка подписи приложения​\nparagraphparagraphparagraph\nВсе APK-файлы подписываются ключом подписи приложения.\nПосле этого их можно загружать в магазины приложений и передавать пользователям.\nС файлами AAB процедура подписи отличается:\nРазработчик подписывает файл AAB ключом загрузки и загружает сборку в RuStore.\nRuStore подтверждает личность разработчика с помощью сертификата ключа загрузки.\nЕсли проверка пройдена, RuStore формирует набор APK-файлов из AAB-файла и подписывает каждый APK ключом подписи приложения.\nПользователи загружают из RuStore подписанные APK-файлы.\nВRuStore Консоль (https://console.rustore.ru/sign-in)откройте вкладку «Приложения», выберите или добавьте новое приложение, а затем нажмите «Загрузить версию».\nНажмите «Загрузить» напротив предупреждения «Подпись не загружена».Откроется окно «Загрузка подписи приложения».\nЗагрузите ZIP-архив с подписью приложения и сертификат ключа загрузки в формате PEM.\nПодготовить эти файлы вы можете любым подходящим способом:Способ 1: Загрузка существующей подписи (https://rustore.ru/help#upload-existing-sign-key).Способ 2: Создание новой подписи (https://rustore.ru/help#upload-new-sign-key).\nadmonitionadmonitionadmonition\nпримечание\nparagraphparagraphparagraph\nДля подготовки файлов подписи нужно устанавливать Java, запускать команды в терминале, а также использовать хранилище ключей вашего приложения (keystore).\nЕсли вы загружаете файлы в RuStore Консоль, но не занимаетесь их подготовкой, рекомендуем запросить файлы подписи у разработчиков приложения.\nparagraphparagraphparagraph\nДля подготовки файлов подписи нужно устанавливать Java, запускать команды в терминале, а также использовать хранилище ключей вашего приложения (keystore).\nЕсли вы загружаете файлы в RuStore Консоль, но не занимаетесь их подготовкой, рекомендуем запросить файлы подписи у разработчиков приложения.\nh3h3h3\nСпособ 1: Загрузка существующей подписи​\nparagraphparagraphparagraph\nИспользуйте этот способ, если вы уже работали с форматом AAB и у вас есть сертификат ключа загрузки в формате PEM.\nЕсли же вы загружаете файл AAB впервые и у вас нет ключа, используйте другой способ —создание новой подписи.\nadmonitionadmonitionadmonition\nпредупреждение\nparagraphparagraphparagraph\nНа вашем компьютере должна бытьустановлена Java (https://jdk.java.net/22/)версии 11 или выше.\nСкачайте PEPK из окна«Загрузка подписи приложения» (https://rustore.ru/help#upload-sign-key)и переместитеpepk.jarв каталогС:\\Users\\userили/Users/user.\nСкопируйте команду для запуска PEPK из блока «Запустите инструмент с помощью команды».\nВ ней уже есть ваш уникальныйencryptionkey, его оставьте без изменений.Замените аргументы:ваше_хранилище_ключей— название хранилища ключей, в котором хранятся ключи подписи для вашего приложения.\nНапример,С:\\Users\\user\\keys\\keystoreили/Users/user/keys/keystore.примечаниеНазвание хранилища ключей и путь до него можно уточнить в Android Studio:Build—Generate Signed Bundle/APK—Android App Bundle— полеKey Store Path.Ваше хранилище ключей может быть в формате.jks.\nВ этом случае импортируйте его содержимое в новое хранилище в формате.keystore.\nФормат команды следующий:keytool -importkeystore -srckeystore ваше_хранилище_ключей.jks -destkeystore новое_хранилище_ключей.keystore -srcstorepass пароль_от_jks -deststorepass пароль_от_keystoreВ Windows перед использованием утилитыkeytoolпредварительно перейдите в каталогbinустановленной Java.\nВаш путь и версия Java могут отличаться:cd \"C:\\Program Files (x86)\\Java\\jre1.8.0_201\\bin\"имя_ключа— название ключа подписи приложения, напримерsign.новый_путь_для_созданного_сертификата/— каталог, в котором нужно разместить создаваемый ZIP-архив с подписью приложения.\nНапример,С:\\Users\\user\\keys\\или/Users/user/keys/.Пример команды с изменёнными аргументами:WindowsmacOSjava -jar pepk.jar --keystore С:\\Users\\user\\keys\\keystore.keystore --alias sign --output С:\\Users\\user\\keys\\pepk_out.zip --encryptionkey=00000...  --include-certjava -jar pepk.jar --keystore /Users/user/keys/keystore.keystore --alias sign --output /Users/user/keys/pepk_out.zip --encryptionkey=00000...  --include-cert\nПолучите ZIP-архив с подписью приложения, запустив в терминале команду из предыдущего шага.Когда терминал запросит пароль для хранилища ключей, введите его и нажмите Enter.\nЗатем аналогично укажите пароль для ключа.предупреждениеФайлpepk.jarдолжен находиться в том же каталоге, из которого вы запускаете команду.\nПолучите сертификат ключа загрузки, которым вы подписывали приложение в формате AAB.a. (Для Windows) Перед использованием утилитыkeytoolпредварительно перейдите в каталогbinустановленной Java.\nВаш путь и версия Java могут отличаться:cd \"C:\\Program Files (x86)\\Java\\jre1.8.0_201\\bin\"b. Экспортируйте сертификат открытого ключа загрузки из вашего хранилища ключей в PEM-файл:keytool -exportcert -alias ключ_загрузки -keystore ваше_хранилище_ключей.keystore -rfc -file сертификат_загрузки.pemключ_загрузки— название ключа загрузки, которым вы подписывали приложение в формате AAB.ваше_хранилище_ключей— название хранилища ключей, которое вы использовали ранее.сертификат_загрузки— название сертификата ключа загрузки, который создает команда.\nНапример,С:\\Users\\user\\keys\\uploadcertили/Users/user/keys/uploadcert.\nЗагрузите в RuStore Консоль:ZIP-архив с подписью приложения.\nОн размещается в каталоге, который вы указали на 2 шаге в параметре--output.Сертификат ключа загрузки в формате PEM, которым подписан файл приложения в формате AAB.\nОн размещается в каталоге, который вы указали на 4 шаге в параметре-file.\nЗавершите загрузку подписи, нажав «Отправить подпись».\nparagraphparagraphparagraph\nНа вашем компьютере должна бытьустановлена Java (https://jdk.java.net/22/)версии 11 или выше.\nСкачайте PEPK из окна«Загрузка подписи приложения» (https://rustore.ru/help#upload-sign-key)и переместитеpepk.jarв каталогС:\\Users\\userили/Users/user.\nСкопируйте команду для запуска PEPK из блока «Запустите инструмент с помощью команды».\nВ ней уже есть ваш уникальныйencryptionkey, его оставьте без изменений.Замените аргументы:ваше_хранилище_ключей— название хранилища ключей, в котором хранятся ключи подписи для вашего приложения.\nНапример,С:\\Users\\user\\keys\\keystoreили/Users/user/keys/keystore.примечаниеНазвание хранилища ключей и путь до него можно уточнить в Android Studio:Build—Generate Signed Bundle/APK—Android App Bundle— полеKey Store Path.Ваше хранилище ключей может быть в формате.jks.\nВ этом случае импортируйте его содержимое в новое хранилище в формате.keystore.\nФормат команды следующий:keytool -importkeystore -srckeystore ваше_хранилище_ключей.jks -destkeystore новое_хранилище_ключей.keystore -srcstorepass пароль_от_jks -deststorepass пароль_от_keystoreВ Windows перед использованием утилитыkeytoolпредварительно перейдите в каталогbinустановленной Java.\nВаш путь и версия Java могут отличаться:cd \"C:\\Program Files (x86)\\Java\\jre1.8.0_201\\bin\"имя_ключа— название ключа подписи приложения, напримерsign.новый_путь_для_созданного_сертификата/— каталог, в котором нужно разместить создаваемый ZIP-архив с подписью приложения.\nНапример,С:\\Users\\user\\keys\\или/Users/user/keys/.Пример команды с изменёнными аргументами:WindowsmacOSjava -jar pepk.jar --keystore С:\\Users\\user\\keys\\keystore.keystore --alias sign --output С:\\Users\\user\\keys\\pepk_out.zip --encryptionkey=00000...  --include-certjava -jar pepk.jar --keystore /Users/user/keys/keystore.keystore --alias sign --output /Users/user/keys/pepk_out.zip --encryptionkey=00000...  --include-cert\nПолучите ZIP-архив с подписью приложения, запустив в терминале команду из предыдущего шага.Когда терминал запросит пароль для хранилища ключей, введите его и нажмите Enter.\nЗатем аналогично укажите пароль для ключа.предупреждениеФайлpepk.jarдолжен находиться в том же каталоге, из которого вы запускаете команду.\nПолучите сертификат ключа загрузки, которым вы подписывали приложение в формате AAB.a. (Для Windows) Перед использованием утилитыkeytoolпредварительно перейдите в каталогbinустановленной Java.\nВаш путь и версия Java могут отличаться:cd \"C:\\Program Files (x86)\\Java\\jre1.8.0_201\\bin\"b. Экспортируйте сертификат открытого ключа загрузки из вашего хранилища ключей в PEM-файл:keytool -exportcert -alias ключ_загрузки -keystore ваше_хранилище_ключей.keystore -rfc -file сертификат_загрузки.pemключ_загрузки— название ключа загрузки, которым вы подписывали приложение в формате AAB.ваше_хранилище_ключей— название хранилища ключей, которое вы использовали ранее.сертификат_загрузки— название сертификата ключа загрузки, который создает команда.\nНапример,С:\\Users\\user\\keys\\uploadcertили/Users/user/keys/uploadcert.\nЗагрузите в RuStore Консоль:ZIP-архив с подписью приложения.\nОн размещается в каталоге, который вы указали на 2 шаге в параметре--output.Сертификат ключа загрузки в формате PEM, которым подписан файл приложения в формате AAB.\nОн размещается в каталоге, который вы указали на 4 шаге в параметре-file.\nЗавершите загрузку подписи, нажав «Отправить подпись».\nadmonitionadmonitionadmonition\nпредупреждение\nparagraphparagraphparagraph\nДалеезагрузите файл ААВприложения.\nparagraphparagraphparagraph\nДалеезагрузите файл ААВприложения.\nh3h3h3\nСпособ 2: Создание и загрузка новой подписи​\nparagraphparagraphparagraph\nИспользуйте этот способ, если вы впервые работаете с форматом AAB и ключа загрузки у вас пока нет.\nЕсли же у вас уже есть ключ загрузки, используйте другой способ —загрузка существующей подписи.\nadmonitionadmonitionadmonition\nпредупреждение\nparagraphparagraphparagraph\nНа вашем компьютере должна бытьустановлена Java (https://jdk.java.net/22/)версии 11 или выше.\nСгенерируйте новую пару ключей подписи.\nЭто можно сделать в Android Studio (Build—Generate Signed Bundle/APK—Android App Bundle) или в терминале:a. (Для Windows) Перед использованием утилитыkeytoolпредварительно перейдите в каталогbinустановленной Java.\nВаш путь и версия Java могут отличаться:cd \"C:\\Program Files (x86)\\Java\\jre1.8.0_201\\bin\"b. Запустите генерацию подписи командой:keytool -keystore ваше_хранилище_ключей.keystore -genkey -alias имя_ключа -keyalg RSA -validity 36500ваше_хранилище_ключей— название хранилища ключей.\nНапример,С:\\Users\\user\\keys\\keystoreили/Users/user/keys/keystore.имя_ключа— название ключа подписи приложения, напримерsign.с. Введите пароль для хранилища ключей, параметры владельца (имя, департамент, организация, город, страна — часть можно пропустить) и пароль для ключа подписи.предупреждениеСохраните пароли.\nИх нужно будет вводить каждый раз при работе с хранилищем ключей и ключом подписи.\nСкачайте PEPK из окна«Загрузка подписи приложения» (https://rustore.ru/help#upload-sign-key)и переместитеpepk.jarв каталогС:\\Users\\userили/Users/user.\nСкопируйте команду для запуска PEPK из блока «Запустите инструмент с помощью команды».\nВ ней уже есть ваш уникальныйencryptionkey, его оставьте без изменений.Замените аргументы:ваше_хранилище_ключей— название хранилища ключей, которое вы указали ранее.имя_ключа— название ключа подписи приложения, которое вы указали ранее.новый_путь_для_созданного_сертификата/— каталог, в котором нужно разместить создаваемый ZIP-архив с подписью приложения.\nНапримерС:\\Users\\user\\keys\\или/Users/user/keys/.Пример команды с изменёнными аргументами:WindowsmacOSjava -jar pepk.jar --keystore С:\\Users\\user\\keys\\keystore.keystore --alias sign --output С:\\Users\\user\\keys\\pepk_out.zip --encryptionkey=00000...  --include-certjava -jar pepk.jar --keystore /Users/user/keys/keystore.keystore --alias sign --output /Users/user/keys/pepk_out.zip --encryptionkey=00000...  --include-cert\nПолучите ZIP-архив с подписью приложения, выполнив команду из предыдущего шага.Когда терминал запросит пароль для хранилища ключей, введите его и нажмите Enter.\nЗатем аналогично укажите пароль для ключа.предупреждениеФайлpepk.jarдолжен находиться в том же каталоге, из которого вы запускаете команду.\nСгенерируйте ключ загрузки, которым вы подпишите приложение в формате AAB:keytool -keystore ваше_хранилище_ключей.keystore -genkey -alias ключ_загрузки -keyalg RSA -validity 36500ваше_хранилище_ключей— название хранилища ключей, которое вы указали ранее.ключ_загрузки— название ключа загрузки.\nНапример,upload.\nПолучите сертификат ключа загрузки в формате PEM:keytool -exportcert -alias ключ_загрузки -keystore ваше_хранилище_ключей.keystore -rfc -file сертификат_загрузки.pemключ_загрузки— название ключа загрузки.\nОно должно совпадать с названием, которое вы указали на предыдущем шаге.ваше_хранилище_ключей— название хранилища ключей, которое вы указали ранее.сертификат_загрузки— название сертификата ключа загрузки, который создает команда.\nНапример,С:\\Users\\user\\keys\\uploadcertили/Users/user/keys/uploadcert.\nЗагрузите в RuStore Консоль:ZIP-архив с подписью приложения.\nОн размещается в каталоге, который вы указали на 3 шаге в параметре--output.Сертификат ключа загрузки в формате PEM.\nОн размещается в каталоге, который вы указали на 6 шаге в параметре-file.\nЗавершите загрузку подписи, нажав «Отправить подпись».\nparagraphparagraphparagraph\nНа вашем компьютере должна бытьустановлена Java (https://jdk.java.net/22/)версии 11 или выше.\nСгенерируйте новую пару ключей подписи.\nЭто можно сделать в Android Studio (Build—Generate Signed Bundle/APK—Android App Bundle) или в терминале:a. (Для Windows) Перед использованием утилитыkeytoolпредварительно перейдите в каталогbinустановленной Java.\nВаш путь и версия Java могут отличаться:cd \"C:\\Program Files (x86)\\Java\\jre1.8.0_201\\bin\"b. Запустите генерацию подписи командой:keytool -keystore ваше_хранилище_ключей.keystore -genkey -alias имя_ключа -keyalg RSA -validity 36500ваше_хранилище_ключей— название хранилища ключей.\nНапример,С:\\Users\\user\\keys\\keystoreили/Users/user/keys/keystore.имя_ключа— название ключа подписи приложения, напримерsign.с. Введите пароль для хранилища ключей, параметры владельца (имя, департамент, организация, город, страна — часть можно пропустить) и пароль для ключа подписи.предупреждениеСохраните пароли.\nИх нужно будет вводить каждый раз при работе с хранилищем ключей и ключом подписи.\nСкачайте PEPK из окна«Загрузка подписи приложения» (https://rustore.ru/help#upload-sign-key)и переместитеpepk.jarв каталогС:\\Users\\userили/Users/user.\nСкопируйте команду для запуска PEPK из блока «Запустите инструмент с помощью команды».\nВ ней уже есть ваш уникальныйencryptionkey, его оставьте без изменений.Замените аргументы:ваше_хранилище_ключей— название хранилища ключей, которое вы указали ранее.имя_ключа— название ключа подписи приложения, которое вы указали ранее.новый_путь_для_созданного_сертификата/— каталог, в котором нужно разместить создаваемый ZIP-архив с подписью приложения.\nНапримерС:\\Users\\user\\keys\\или/Users/user/keys/.Пример команды с изменёнными аргументами:WindowsmacOSjava -jar pepk.jar --keystore С:\\Users\\user\\keys\\keystore.keystore --alias sign --output С:\\Users\\user\\keys\\pepk_out.zip --encryptionkey=00000...  --include-certjava -jar pepk.jar --keystore /Users/user/keys/keystore.keystore --alias sign --output /Users/user/keys/pepk_out.zip --encryptionkey=00000...  --include-cert\nПолучите ZIP-архив с подписью приложения, выполнив команду из предыдущего шага.Когда терминал запросит пароль для хранилища ключей, введите его и нажмите Enter.\nЗатем аналогично укажите пароль для ключа.предупреждениеФайлpepk.jarдолжен находиться в том же каталоге, из которого вы запускаете команду.\nСгенерируйте ключ загрузки, которым вы подпишите приложение в формате AAB:keytool -keystore ваше_хранилище_ключей.keystore -genkey -alias ключ_загрузки -keyalg RSA -validity 36500ваше_хранилище_ключей— название хранилища ключей, которое вы указали ранее.ключ_загрузки— название ключа загрузки.\nНапример,upload.\nПолучите сертификат ключа загрузки в формате PEM:keytool -exportcert -alias ключ_загрузки -keystore ваше_хранилище_ключей.keystore -rfc -file сертификат_загрузки.pemключ_загрузки— название ключа загрузки.\nОно должно совпадать с названием, которое вы указали на предыдущем шаге.ваше_хранилище_ключей— название хранилища ключей, которое вы указали ранее.сертификат_загрузки— название сертификата ключа загрузки, который создает команда.\nНапример,С:\\Users\\user\\keys\\uploadcertили/Users/user/keys/uploadcert.\nЗагрузите в RuStore Консоль:ZIP-архив с подписью приложения.\nОн размещается в каталоге, который вы указали на 3 шаге в параметре--output.Сертификат ключа загрузки в формате PEM.\nОн размещается в каталоге, который вы указали на 6 шаге в параметре-file.\nЗавершите загрузку подписи, нажав «Отправить подпись».\nadmonitionadmonitionadmonition\nпредупреждение\nparagraphparagraphparagraph\nПодпишите приложение в формате AAB созданным ключом загрузки перед тем, как загружать его в RuStore.\nДалеезагрузите файл ААВприложения.\nparagraphparagraphparagraph\nПодпишите приложение в формате AAB созданным ключом загрузки перед тем, как загружать его в RuStore.\nДалеезагрузите файл ААВприложения.\nh2h2h2\nЗагрузка файла ААВ​\nparagraphparagraphparagraph\nЧтобы загрузить файл AAB в RuStore Консоль:\nУбедитесь, что:Подписи приложениязагружены (https://rustore.ru/help#upload-sign-key).Размер файла AAB — не более 500 MB.Имя файла AAB уникально.Сборка проверена и настроена.\nНажмите «Выберите файл» настранице загрузки новой версии (https://rustore.ru/help/developers/publishing-and-verifying-apps/app-publication/upload-aab)приложения.\nВыберите файл AAB и дождитесь загрузки приложения.\nЗаполните остальные параметры приложения и отправьте его на модерацию."
}