{
    "meta": {
        "language": "ru",
        "parse_date": "2024-07-06T20:13:34.280163",
        "current_url": "https://www.rustore.ru/help/developers/tools/app-tracer/",
        "doc_section": "developers",
        "h1_text": "Анализ ошибок в мобильных приложениях с помощью Tracer"
    },
    "text": "h1h1h1\nАнализ ошибок в мобильных приложениях с помощью Tracer\nparagraphparagraphparagraph\nСервис Tracer собирает и анализирует ошибки, а затем отправляет автоматический отчёт о них разработчику. Это позволяет исправлять ошибки быстрее и эффективнее. Сервис работает в мобильных приложениях под iOS и Android.\nС помощью Tracer вы можете:\nпроводить профилирование в продакшене, чтобы определить причины лагов и фризов;\nнаходить причины утечек памяти на устройстве пользователя в автоматическом и полуавтоматическом режиме;\nобнаруживать забытые и утёкшие файлы приложения на диске — так меньше рисков, что в результате очистки данных приложение удалится или пользователь будет разлогинен."
}