{
    "meta": {
        "language": "ru",
        "parse_date": "2024-07-06T19:34:41.124431",
        "current_url": "https://www.rustore.ru/help/developers/developer-account/registration-developer/registration-fl/",
        "doc_section": "developers",
        "h1_text": "Регистрация физических лиц в RuStore Консоль"
    },
    "text": "h1h1h1\nРегистрация физических лиц в RuStore Консоль\n\nadmonitionadmonitionadmonition\nпредупреждение\nparagraphparagraphparagraph\nЕсли в вашем аккаунте перестала работать авторизация через Google, войдите заново другим способом: по номеру телефона, VK, Яндекс или ГосУслуги.\nУкажите тот же номер телефона, который использовали для авторизации ранее.\nОткройте в браузере системуRuStore Консоль (https://dev.rustore.ru/).\nНажмите «В консоль».\nНажмите «Войти через VK ID».\nВведите номер телефона, привязанный к вашему аккаунтуVK ID (https://rustore.ru/help/users/authorization/why-vk-id), или создайте новый аккаунт.\nНажмите «Продолжить».\nНажмите «Создать аккаунт».\nparagraphparagraphparagraph\nЕсли в вашем аккаунте перестала работать авторизация через Google, войдите заново другим способом: по номеру телефона, VK, Яндекс или ГосУслуги.\nУкажите тот же номер телефона, который использовали для авторизации ранее.\nОткройте в браузере системуRuStore Консоль (https://dev.rustore.ru/).\nНажмите «В консоль».\nНажмите «Войти через VK ID».\nВведите номер телефона, привязанный к вашему аккаунтуVK ID (https://rustore.ru/help/users/authorization/why-vk-id), или создайте новый аккаунт.\nНажмите «Продолжить».\nНажмите «Создать аккаунт».\nadmonitionadmonitionadmonition\nк сведению\nparagraphparagraphparagraph\nВы можете перейти к форме создания аккаунта состраницы (https://dev.rustore.ru/)системыRuStore Консоль (https://dev.rustore.ru/). Нажмите «Зарегистрировать аккаунт».\nВыберите «Физическое лицо».\nНажмите «Продолжить».\nЗаполните все поля.\nНажмите «Верифицировать личность».\nparagraphparagraphparagraph\nВы можете перейти к форме создания аккаунта состраницы (https://dev.rustore.ru/)системыRuStore Консоль (https://dev.rustore.ru/). Нажмите «Зарегистрировать аккаунт».\nВыберите «Физическое лицо».\nНажмите «Продолжить».\nЗаполните все поля.\nНажмите «Верифицировать личность».\nadmonitionadmonitionadmonition\nпримечание\nparagraphparagraphparagraph\nДля разработчиков физических лиц необходимо пройти верификацию.\n\nЩёлкните на кнопке «Верифицировать личность».\nЧтобы пройти верификацию, понадобится действительный документ, удостоверяющий личность:\nУстановите флажок «Я даю согласие на обработку моих персональных данных в соответствии сПолитикой конфиденциальности (https://rustore.ru/help/legal/privacy-policy-developers/)».\nНажмите «Следующий шаг».\nЗагрузите фотографию паспорта в развернутом виде.\nparagraphparagraphparagraph\nДля разработчиков физических лиц необходимо пройти верификацию.\n\nЩёлкните на кнопке «Верифицировать личность».\nЧтобы пройти верификацию, понадобится действительный документ, удостоверяющий личность:\nУстановите флажок «Я даю согласие на обработку моих персональных данных в соответствии сПолитикой конфиденциальности (https://rustore.ru/help/legal/privacy-policy-developers/)».\nНажмите «Следующий шаг».\nЗагрузите фотографию паспорта в развернутом виде.\nadmonitionadmonitionadmonition\nпримечание\nparagraphparagraphparagraph\nНа следующем шаге вам понадобится доступ к камере. Если на ПК нет камеры, вы можете продолжить верификацию на мобильном устройстве. Нажмите «Продолжить на телефоне» и следуйте инструкциям.\nНажмите «Следующий шаг».\nНажмите «Начать».\nПосмотрите в камеру и сделайте вращательное движение головой по кругу.\nparagraphparagraphparagraph\nНа следующем шаге вам понадобится доступ к камере. Если на ПК нет камеры, вы можете продолжить верификацию на мобильном устройстве. Нажмите «Продолжить на телефоне» и следуйте инструкциям.\nНажмите «Следующий шаг».\nНажмите «Начать».\nПосмотрите в камеру и сделайте вращательное движение головой по кругу."
}