{
    "meta": {
        "language": "ru",
        "parse_date": "2024-07-06T20:00:20.853733",
        "current_url": "https://www.rustore.ru/help/sdk/rustore-geo/maps-mobile-sdk/mobile-sdk-android/",
        "doc_section": "sdk",
        "h1_text": "Android"
    },
    "text": "h1h1h1\nAndroid\nparagraphparagraphparagraph\nMaps SDK позволяет добавить карту в ваше Android приложение.\nh2h2h2\nПодключение​\nparagraphparagraphparagraph\nДля подключения Maps SDK необходимо добавить в главныйgradle-файл проекта ссылку на maven репозиторий.\nПример кода gradle файла с ссылкой наmaven-репозиторий\ncodecodecode\nallprojects{repositories{maven{url'https://maven.pkg.github.com/geors/maps-sdk-android'credentials{username=\"your personal github account\"password=\"yor personal token\"}}}}\ncodecodecode\nimplementation('ru.rustore.geo:mapkit:x.x.x')\nh2h2h2\nИспользование​\nparagraphparagraphparagraph\nНеобходимо инициализировать глобальные настройки карты до использования других компонентов SDK. Лучший вариант — в наследнике классаApplication.\nh3h3h3\nПример объекта глобальных настроек​\n\ncodecodecode\nMapViewConfig(val apiKey:String,// уникальный ключ для предоставления доступа кработе сSDK)\ncodecodecode\nMapGlobalConfig.setMapGlobalConfig(MapViewConfig(apiKey=apiKey))\nh3h3h3\nПример объектаMapStartOptions​\n\ncodecodecode\ndataclassMapStartOptions(val center:LatLon,// точка начального расположения карты (учитываются только lat, lon)val zoomLevel:Float,// начальное значение уровня масштабирования (zoomLevel)val style:MapStyle,// стиль карты, может быть выбран из соответствующего enum или использован свойval compassLocationMode:CompassLocationMode,// настройка компаса, может быть выбран из соответствующего enumval logoConfig:LogoConfig// конфигурация логотипа)\ncodecodecode\nMapGlobalConfig.setMapStartOptions(MapStartOptions(...))\nh3h3h3\nПример объектаLogoConfig​\n\ncodecodecode\ndataclassLogoConfig(val logoAlignment:Alignment,// выравнивание логотипа, может быть выбран из четырех возможных вариантов Alignment: BottomRight, BottomLeft, TopRight, TopLeftval logoAdditionalPaddings:AdditionalPaddings// дополнительные паддинги, с помощью которого можно задать горизонтальные и вертикальные отступы)\nparagraphparagraphparagraph\nMapView— является основным представлением в SDK, которое отображает карту;\nZoomView— используется для отображения контролов + и -, которые можно использовать для приближения и отдаления карты;\nCurrentLocationView— кнопка для фокусировки карты на текущей позиции пользователя и следования за его положением;\nCompassView— компонент, отображающий направление физического устройства относительно севера.\nh3h3h3\nПример отображения карты​\n\ncodecodecode\n<FrameLayoutandroid:id=\"@+id/mainLayout\"android:layout_width=\"match_parent\"android:layout_height=\"match_parent\"...><ru.mail.maps.sdk.views.MapViewandroid:id=\"@+id/mapView\"android:layout_width=\"match_parent\"android:layout_height=\"match_parent\"/></FrameLayout>\nh3h3h3\nПример с контролами​\n\ncodecodecode\n<FrameLayoutxmlns:custom=\"http://schemas.android.com/apk/res-auto\"android:id=\"@+id/mainLayout\"android:layout_width=\"match_parent\"android:layout_height=\"match_parent\"...><ru.mail.maps.sdk.views.MapViewandroid:id=\"@+id/mapView\"android:layout_width=\"match_parent\"android:layout_height=\"match_parent\"/><ru.mail.maps.sdk.views.ZoomViewandroid:id=\"@+id/zoomView\"android:layout_width=\"wrap_content\"android:layout_height=\"wrap_content\"...custom:mapView=\"@+id/mapView\"/><ru.mail.maps.sdk.views.CompassViewandroid:layout_width=\"wrap_content\"android:layout_height=\"wrap_content\"...custom:mapView=\"@+id/mapView\"/><ru.mail.maps.sdk.views.CurrentLocationViewandroid:layout_width=\"wrap_content\"android:layout_height=\"wrap_content\"...custom:mapView=\"@+id/mapView\"/></FrameLayout>\nh3h3h3\nПример прямого вызова метода карты​\n\ncodecodecode\nmapView=findViewById(R.id.mapView)mapView.getMapAsync{map->// тот самый объект Map...}\nh3h3h3\nПример передачи в объект Map реализации интерфейса LocationSource​\n\ncodecodecode\nmap.setLocationSource(locationSource)\nh3h3h3\nМетоды интерфейсаLocationSource​\n\ncodecodecode\nfunactivate(listener:(mapLocation:MapLocation)->Unit)// используется для старта процесса получения gps фиксов от системыfundeactivate()// вызывается при необходимости остановить получение GPS-данных\ncodecodecode\ndataclassMapLocation(val latitude:Double?=null,// широта [-90, 90]val longitude:Double?=null,// долгота [-180, 180]val speed:Float?=null,// скоростьval bearing:Float?=null,// направление [0, 360]val accuracy:Float?=null,// точностьval altitude:Double?=null// высота над уровнем моря в метрах)\nh3h3h3\nПримеры методов объектаMap​\n\n---Table Start---\nNo rows available in table\n---Table End---\ncodecodecode\nclassCircleSource(val id:String,// уникальный id источника данныхval center:LatLon,// центр кругаval radius:Double,// радиус в метрахval steps:Int// количество ребер в интерполяции круга)classGeojsonSource(val id:String,// уникальный id источника данныхval geojsonData:ByteArray// GeoJson строка в виде ByteArray)classPolylineSource(val id:String,// уникальный id источника данныхval polylineData:String// закодированная в строку информация о полилинии)\nh2h2h2\nОграничения​\nparagraphparagraphparagraph\nМинимально поддерживаемая версия Android: 7.0 (min sdk 24)."
}