{
    "meta": {
        "language": "ru",
        "parse_date": "2024-07-06T20:08:17.932334",
        "current_url": "https://www.rustore.ru/help/developers/monetization/sandbox/",
        "doc_section": "developers",
        "h1_text": "Тестирование платежей: руководство по тестовым платежам в RuStore"
    },
    "text": "h1h1h1\nТестирование платежей: руководство по тестовым платежам в RuStore\nparagraphparagraphparagraph\nПротестируйте платежи по подпискам и платным товарам в мобильном приложении. Процесс покупки в тестовом режиме повторяет обычный платёж, но с использованиемтестовых банковских карт.\nadmonitionadmonitionadmonition\nпредупреждение\nparagraphparagraphparagraph\nДля тестирования платежей приложение должно пройти модерацию.\nХотя бы его первая версия.\nparagraphparagraphparagraph\nДля тестирования платежей приложение должно пройти модерацию.\nХотя бы его первая версия.\nh2h2h2\nВозможности​\nparagraphparagraphparagraph\nФункция «Тестовые платежи» предоставляет следующие возможности:\nУправление тестовым режимом черезRuStore Консоль (https://console.rustore.ru/sign-in).\nТестирование сценариев оплаты покупок в вашем приложении, которое проводится в изолированной тестовой среде с использованием специальных тестовых карт и без влияния на рабочую версию приложения.\nПросмотр истории тестовых платежей в RuStore Консоль.\nh2h2h2\nТехнические особенности​\nparagraphparagraphparagraph\nВыполнять тестирование можно до публикации версии приложения на всех пользователей.\nВ тестовом режиме можно приобретать те же товары и подписки, которые добавлены в рабочую версию приложения. Публиковать их не обязательно.\nВ тестовом режиме для подписок применяются специальные параметры. Они не зависят от параметров, которые вы выбрали для рабочей версии приложения, и не влияют на них. Эти технические особенности призваны упростить и ускорить тестирование.\nМожно многократно тестировать покупку нерасходуемых товаров. Например, доступ к полной версии приложения или скин в игре. Если вернуть платёж через RuStore Консоль, после этого можно снова совершить покупку в приложении.\nПараметры из следующей таблицы одинаковы для всех подписок в тестовом режиме.\n---Table Start---\nМаксимальное количество списаний по подписке. После выполнения указанного количества списаний подписка автоматически закрывается                                                                                                                                                                     | 12           \nПериод между списаниями по подписке                                                                                                                                                                                                                                                                  | 10 минут     \nПериодичность сброса бесплатного и стартового периода ( условия покупки подписок с бесплатным и стартовым периодом ). После сброса вы снова сможете приобретать подписку бесплатно или по стартовой цене. Таким образом вы сможете несколько раз тестировать оплату подписки по специальным условиям | Каждые 3 часа\n---Table End---\nh2h2h2\nОграничения​\nparagraphparagraphparagraph\nТолько владелец может тестировать приложение, и только у него есть доступ к «Тестовым платежам». Мы работаем над возможностью добавлять других тестировщиков.\nТестирование покупки платного приложения в магазине RuStore недоступно.\nВ мобильном приложении RuStore не отображается история тестовых покупок и тестовые подписки. Это означает, что тестовые подписки нельзя отменить и возобновить.\nОплата тестовых покупок производится только тестовыми банковскими картами.\nh2h2h2\nВ этом разделе​\nparagraphparagraphparagraph\nВключение тестового режима (https://rustore.ru/help/developers/monetization/sandbox/enable-test-mode)\nТестирование платежей (https://rustore.ru/help/developers/monetization/sandbox/testing)\nОтключение тестового режима (https://rustore.ru/help/developers/monetization/sandbox/disable-test-mode)\nТестовые банковские карты (https://rustore.ru/help/developers/monetization/sandbox/test-bank-cards)"
}