{
    "meta": {
        "language": "ru",
        "parse_date": "2024-07-06T19:38:13.121700",
        "current_url": "https://www.rustore.ru/help/developers/tools/remote-config/ios-apps/enable-mytracker/",
        "doc_section": "developers",
        "h1_text": "Подключение MyTracker"
    },
    "text": "h1h1h1\nПодключение MyTracker\nparagraphparagraphparagraph\nВы можете подключить MyTracker для сбора данных по метрикам для анализа результатов эксперимента.\nПредварительные условия:\nприложение добавлено в Remote Config.Подробнее (https://rustore.ru/help/developers/tools/remote-config/ios-apps/add-ios-apps)\nк вашему приложению подключён SDK IOS Remote Config.Подробнее (https://rustore.ru/help/developers/tools/remote-config/ios-apps/enable-sdk)\nh2h2h2\nКак подключить MyTracker​\nparagraphparagraphparagraph\nСинхронизируйте аккаунты MyTracker и Remote Config.\nCоздайте аккаунт в MyTracker.Подробнее (https://rustore.ru/help/developers/tools/mytracker/quick-start)\nПерейдите в интерфейс и скопируйтеMyTracker idAppиз строки браузера на странице приложения.\nВведитеidAppна странице «Метрики» в вашем IOS приложении.\nВведите email для уведомления о результатах синхронизации.\nНажмите «Отправить»\nУправление параметрами в RuStore Remote Config (https://rustore.ru/help/developers/tools/remote-config/parameters-and-conditions/parameters)\nRemote Config: атомарные условия и полное руководство по созданию (https://rustore.ru/help/developers/tools/remote-config/parameters-and-conditions/conditions)\nСоздание метрики (https://rustore.ru/help/developers/tools/remote-config/ab-testing/metric-create)\nСоздание эксперимента (https://rustore.ru/help/developers/tools/remote-config/ab-testing/experiment-create)"
}