{
    "meta": {
        "language": "ru",
        "parse_date": "2024-07-06T19:29:59.930440",
        "current_url": "https://www.rustore.ru/help/users/start/notification/",
        "doc_section": "users",
        "h1_text": "Уведомления в RuStore: Как разрешить обновления приложений"
    },
    "text": "h1h1h1\nУведомления в RuStore: Как разрешить обновления приложений\nparagraphparagraphparagraph\nРазрешите RuStore отправлять уведомления об обновлениях. Вам будут приходить уведомления о новых версиях приложений, установленных на вашем устройстве.\nadmonitionadmonitionadmonition\nподсказка\nparagraphparagraphparagraph\nВ Android 13 и выше вы можете разрешить отправку уведомлений сразу после входа в аккаунт RuStore.\nparagraphparagraphparagraph\nВ Android 13 и выше вы можете разрешить отправку уведомлений сразу после входа в аккаунт RuStore.\nh2h2h2\nКак настроить уведомления​\nparagraphparagraphparagraph\nОткройте приложение RuStore.\nНайдите сообщение об уведомлениях на главном экране с приложениями.\nНажмите «Разрешить».\nКак обновить RuStore (https://rustore.ru/help/users/start/update-rustore-app)\nКак настроить родительский контроль в RuStore (https://rustore.ru/help/users/start/change-theme)\nКак изменить тему в приложении RuStore (https://rustore.ru/help/users/start/parental-control)\nКак оставить отзыв на приложение (https://rustore.ru/help/users/app-management/app-review)"
}