{
    "meta": {
        "language": "ru",
        "parse_date": "2024-07-06T19:43:12.084268",
        "current_url": "https://www.rustore.ru/help/developers/publishing-and-verifying-apps/age-restrictions/",
        "doc_section": "developers",
        "h1_text": "Управление возрастными ограничениями в RuStore: инструкции и рекомендации"
    },
    "text": "h1h1h1\nУправление возрастными ограничениями в RuStore: инструкции и рекомендации\nparagraphparagraphparagraph\nДля приложений, опубликованных в RuStore, работает система возрастных ограничений. Ограничения помогают пользователям понять, содержит ли приложение потенциально недопустимый контент для людей определенного возраста.\nadmonitionadmonitionadmonition\nпредупреждение\nparagraphparagraphparagraph\nВозрастные ограничения не несут информации о целевой группе приложения.\nУкажите возрастное ограничение при публикации приложения или его новой версии, если с обновлением появился потенциально недопустимый контент для определенной возрастной группы. Эта информация поможет пользователям RuStore принять решение об установке приложения.\nparagraphparagraphparagraph\nВозрастные ограничения не несут информации о целевой группе приложения.\nУкажите возрастное ограничение при публикации приложения или его новой версии, если с обновлением появился потенциально недопустимый контент для определенной возрастной группы. Эта информация поможет пользователям RuStore принять решение об установке приложения.\nh2h2h2\nКак указать возрастное ограничение​\nparagraphparagraphparagraph\nОткройте КонсольRuStore (https://console.rustore.ru/sign-in).\nПерейдите на вкладку «Приложения».\nВыберите приложение.\nВыберите версию приложения.\nНажмите.\nНайдите подраздел «Возрастная категория».\nВыберите один из вариантов ограничений в выпадающем списке.\nНажмите «Сохранить».\nh2h2h2\nКак выбрать ограничение​\nparagraphparagraphparagraph\nВ RuStore используются следующие возрастные ограничения.\n---Table Start---\n0+                                                                                                                     | Без насилия, непристойного контента (оскорблений, ругательств). Обратите внимание, что не все приложения с этим возрастным ограничением разработаны специально для детей.       \n6+                                                                                                                     | Некоторое насилие или страшные сцены. Не рекомендуются детям до 6 лет. Обратите внимание, что не все приложения с этим возрастным ограничением разработаны специально для детей.\n12+                                                                                                                    | Умеренное насилие, страшные сцены, непристойный контент. Не рекомендуются детям до 12 лет.                                                                                      \n16+                                                                                                                    | Насилие или сексуальный контент. Не рекомендуются детям до 16 лет.                                                                                                              \n18+                                                                                                                    | Высокий уровень насилия, сексуальный контент, упоминание наркотиков или алкоголя. Рекомендуются только для взрослых.                                                            \nПодробнее о возрастных категориях можно почитать в статье Возрастная классификация информационной продукции в России . |                                                                                                                                                                                 \n---Table End---\nadmonitionadmonitionadmonition\nпредупреждение\nparagraphparagraphparagraph\nВозрастные ограничения не указывают на сложность игр. Рекомендуем родителям или опекунам ориентироваться на возрастное ограничение, чтобы убедиться, что содержание игры подходит ребёнку.\nparagraphparagraphparagraph\nВозрастные ограничения не указывают на сложность игр. Рекомендуем родителям или опекунам ориентироваться на возрастное ограничение, чтобы убедиться, что содержание игры подходит ребёнку."
}