{
    "meta": {
        "language": "ru",
        "parse_date": "2024-07-06T19:59:21.000385",
        "current_url": "https://www.rustore.ru/help/sdk/rustore-geo/map-display-services/map-styles/",
        "doc_section": "sdk",
        "h1_text": "Стили карт"
    },
    "text": "h1h1h1\nСтили карт\nparagraphparagraphparagraph\nНа текущий момент для использования с сервисами доступны несколько стилей карт, список постоянно пополняется. Если ни один из стилей не удовлетворяет вашим потребностям, то мы можем разработать стиль индивидуально под ваш проект.\n---Table Start---\nlight |  |  | \nmain  |  |  | \ndark  |  |  | \n---Table End---"
}