{
    "meta": {
        "language": "ru",
        "parse_date": "2024-07-06T19:30:34.896354",
        "current_url": "https://www.rustore.ru/help/users/authorization/how-to-get-out/",
        "doc_section": "users",
        "h1_text": "Простая инструкция по выходу из аккаунта"
    },
    "text": "h1h1h1\nПростая инструкция по выходу из аккаунта\nparagraphparagraphparagraph\nНажмитена домашнем экране вашего устройства.\nНажмитев нижнем меню.\nНажмите на название своего аккаунта.\nНажмите «Выйти из аккаунта»."
}