{
    "meta": {
        "language": "ru",
        "parse_date": "2024-07-06T19:34:09.116819",
        "current_url": "https://www.rustore.ru/help/users/start/parental-control/",
        "doc_section": "users",
        "h1_text": "Детский режим в RuStore: Включение, настройка и безопасность для ваших детей"
    },
    "text": "h1h1h1\nДетский режим в RuStore: Включение, настройка и безопасность для ваших детей\nparagraphparagraphparagraph\n«Детский режим» это функция родительского контроля по использованию RuStore на смартфоне ребёнка.\nh2h2h2\nКак включить «Детский режим»​\nparagraphparagraphparagraph\nОткройте приложение RuStore.\nНажмите на значок профиля в правом верхнем углу.\nВыберите пункт «Детский режим».\nЗадайтевозрастную категорию (https://rustore.ru/help#categories).\nСоздайте пин-код.\nВведите повторно созданный пин-код.\nУкажите электронную почту — если забудете созданный вами пин-код, сможете получить на неё новый.\nПроверьте введённый адрес почты.\nВ случае ошибки нажмите кнопку «Изменить почту».\nЕсли всё верно, нажмите кнопку «Добавить».\nadmonitionadmonitionadmonition\nпримечание\nparagraphparagraphparagraph\nВключить и отключить «Детский режим», а также изменить возрастную категорию могут только авторизованные пользователи. Если вы не авторизованы, войдите в аккаунт, чтобы продолжить работу.Авторизация в RuStore (https://rustore.ru/help/users/authorization/)\nparagraphparagraphparagraph\nВключить и отключить «Детский режим», а также изменить возрастную категорию могут только авторизованные пользователи. Если вы не авторизованы, войдите в аккаунт, чтобы продолжить работу.Авторизация в RuStore (https://rustore.ru/help/users/authorization/)\nh2h2h2\nКак изменить пин-код:​\nparagraphparagraphparagraph\nПерейдите в раздел «Профиль».\nВыберите пункт «Детский режим».\nВведите созданный ранее пин-код.\nНажмите кнопку «Изменить пин-код».\nВведите новый пин-код.\nПовторите новый пин-код.\nadmonitionadmonitionadmonition\nпредупреждение\nparagraphparagraphparagraph\nВ RuStore действует ограничение на ошибки при вводе пин-кода. Если в течение трёх минут вы неверно наберёте пин-код пять раз, то продолжить попытки вы сможете только спустя один час.\nparagraphparagraphparagraph\nВ RuStore действует ограничение на ошибки при вводе пин-кода. Если в течение трёх минут вы неверно наберёте пин-код пять раз, то продолжить попытки вы сможете только спустя один час.\nh2h2h2\nКак восстановить пин-код​\nparagraphparagraphparagraph\nЕсли вы забыли пин-код, его можно сбросить. Для этого:\nНажмите на сообщение «Забыли пин-код?», которое появляется при ошибке ввода.\nДождитесь сообщения с новым пин-кодом на почту.\nИспользуйте новый пин-код, чтобы управлять «Детским режимом».\nadmonitionadmonitionadmonition\nпримечание\nparagraphparagraphparagraph\nРекомендуемизменить (https://rustore.ru/help#change)восстановленный пин-код из почты на новый.\nparagraphparagraphparagraph\nРекомендуемизменить (https://rustore.ru/help#change)восстановленный пин-код из почты на новый.\nh2h2h2\nВозрастные категории​\nparagraphparagraphparagraph\nВ «Детском режиме» доступны четыре возрастных категории:\nдля дошкольников (до 6 лет) — отображаются приложения и игры 0+;\nдля школьников (до 12 лет) — отображаются приложения и игры 0+ и 6+;\nдля подростков (до 16 лет) — отображаются приложения и игры 0+, 6+ и 12+;\nбез ограничений — отображаются приложения и игры 0+, 6+ и 12+, 16+, 18+.\nadmonitionadmonitionadmonition\nподсказка\nparagraphparagraphparagraph\nИспользуйте категорию «без ограничений», чтобы отключить «Детский режим».\nВыбор категории влияет на отображение контента в разделах «Интересное», «Игры» и «Приложения». С включением «Детского режима» также изменится отображение контента:\nна странице приложений разработчика;\nпри установке и обновлении приложения;\nпри использовании поиска и поисковых подсказок;\nв карточке приложения с блоком «Возможно вам понравится»;\nв персональных рекомендациях приложений.\nparagraphparagraphparagraph\nИспользуйте категорию «без ограничений», чтобы отключить «Детский режим».\nВыбор категории влияет на отображение контента в разделах «Интересное», «Игры» и «Приложения». С включением «Детского режима» также изменится отображение контента:\nна странице приложений разработчика;\nпри установке и обновлении приложения;\nпри использовании поиска и поисковых подсказок;\nв карточке приложения с блоком «Возможно вам понравится»;\nв персональных рекомендациях приложений.\nh3h3h3\nИзменить категорию​\nparagraphparagraphparagraph\nПерейдите в раздел «Профиль».\nВыберите пункт «Детский режим».\nВведите установленный пин-код.\nЗадайте новую возрастную категорию.\nh3h3h3\nОтключить «Детский режим»​\nparagraphparagraphparagraph\nПерейдите в раздел «Профиль».\nВыберите пункт «Детский режим».\nВведите установленный пин-код.\nВыберите пункт «Без ограничений».\nh2h2h2\nОграничения​\nparagraphparagraphparagraph\nПри работающем «Детском режиме» ребёнок не сможет самостоятельно совершить покупку в RuStore или установить не подходящее по возрасту приложение по внешней ссылке.\n\nКроме того, без ввода пин-кода ребёнок не сможет изменить возрастную категорию.\nЕсли вы забыли пин-код, его можно сбросить. Для этого:\nНажмите на сообщение «Забыли пин-код?», которое появляется при ошибке ввода.\nДождитесь сообщения с новым пин-кодом на почту.\nИспользуйте новый пин-код, чтобы управлять «Детским режимом».\nadmonitionadmonitionadmonition\nпримечание\nparagraphparagraphparagraph\nРекомендуемизменить (https://rustore.ru/help#change)восстановленный пин-код из почты на новый.\nЧитайте также:\nКак обновить RuStore (https://rustore.ru/help/users/start/update-rustore-app)\nКак изменить тему в приложении RuStore (https://rustore.ru/help/users/start/parental-control)\nКак настроить уведомления в RuStore (https://rustore.ru/help/users/start/notification)\nparagraphparagraphparagraph\nРекомендуемизменить (https://rustore.ru/help#change)восстановленный пин-код из почты на новый.\nЧитайте также:\nКак обновить RuStore (https://rustore.ru/help/users/start/update-rustore-app)\nКак изменить тему в приложении RuStore (https://rustore.ru/help/users/start/parental-control)\nКак настроить уведомления в RuStore (https://rustore.ru/help/users/start/notification)"
}