{
    "meta": {
        "language": "ru",
        "parse_date": "2024-07-06T20:01:41.838931",
        "current_url": "https://www.rustore.ru/help/sdk/releases/",
        "doc_section": "sdk",
        "h1_text": "История изменений SDK"
    },
    "text": "h1h1h1\nИстория изменений SDK\nparagraphparagraphparagraph\nНа этой странице представлены альфа-релизы SDK, которые позволяют разработчикам одними из первых опробовать обновления RuStore SDK.\nadmonitionadmonitionadmonition\nпредупреждение\nparagraphparagraphparagraph\nВо время альфа-сборок может меняться внешний интерфейс.\nparagraphparagraphparagraph\nВо время альфа-сборок может меняться внешний интерфейс.\nh2h2h2\nВерсия SDK 6.0.0​\nparagraphparagraphparagraph\nSDK обновлений\nДобавили блок «Что нового» в обновлении, которое предлагается установить пользователям.\nДобавили в ответ метода покупки продукта признак «тестовый платёж»."
}