{
    "meta": {
        "language": "ru",
        "parse_date": "2024-07-06T19:43:21.126949",
        "current_url": "https://www.rustore.ru/help/developers/publishing-and-verifying-apps/dealing-negative-reviews/",
        "doc_section": "developers",
        "h1_text": "Мастер-класс по работе с негативными отзывами в приложении RuStore"
    },
    "text": "h1h1h1\nМастер-класс по работе с негативными отзывами в приложении RuStore\nparagraphparagraphparagraph\nМнение пользователя о приложении возможно изменить в лучшую сторону, если корректно ответить на отзыв.\nh2h2h2\nКак отвечать на негативные отзывы​\nparagraphparagraphparagraph\nИзбегайте односложных ответов без извинений. Скорее всего, ответ в одну строку не покажется приятным возмущенному пользователю, это будет выглядеть грубо и вызовет еще больше негатива.\nНе отвечайте официальным тоном. Формальные конструкции могут читаться так, будто пользователю отвечает не человек, а бот.\nВажно показать, что вы понимаете и разделяете чувства пользователя. Если проблема на стороне вашего приложения, нужно признать ошибку.\nПостарайтесь помочь пользователю в ответе. Старайтесь не использовать шаблоны для быстрых ответов на негативные отзывы. Всегда следует учитывать контекст и смотреть, насколько шаблонный ответ подходит под него.\nБлагодарите пользователя за сообщения об ошибках в приложении. Такие отзывы помогают вам сделать приложение удобнее, чтобы люди хотели пользоваться им больше.\nОбъясните пользователю, почему в приложении дано именно такое решение проблемы. Иногда пользователи не понимают, зачем вы убрали их любимую функцию. Если вы сможете обосновать это, возможно, негатив пользователя снизится.\nОтвечайте на отзывы быстро. Чем скорее вы поможете пользователю решить проблему, тем больше шансов, что он продолжит использовать приложение и повысит рейтинг."
}