{
    "meta": {
        "language": "ru",
        "parse_date": "2024-07-06T19:28:37.299200",
        "current_url": "https://www.rustore.ru/help/work-with-rustore-api/api-upload-publication-app/apk-file-upload/",
        "doc_section": "",
        "h1_text": "Загрузка APK/AAB-файлов"
    },
    "text": "h1h1h1\nЗагрузка APK/AAB-файлов\nparagraphparagraphparagraph\nМетоды позволяют загрузить файл для публикации с расширением.apkили.aab.\n---Table Start---\n\n---Table End---\nadmonitionadmonitionadmonition\nпредупреждение\nparagraphparagraphparagraph\nУбедитесь, что в загружаемых вами файлах нет запрещённых или новых чувствительных разрешений. Если в загружаемых файлах есть чувствительные разрешения, которые уже были в предыдущих версиях, RuStore сам предзаполнит их описание.\nПри загрузке с помощью API все файлы с расширением.apkили.aabпроходят проверку на используемые в них разрешения. (См.Типы разрешений)\nparagraphparagraphparagraph\nУбедитесь, что в загружаемых вами файлах нет запрещённых или новых чувствительных разрешений. Если в загружаемых файлах есть чувствительные разрешения, которые уже были в предыдущих версиях, RuStore сам предзаполнит их описание.\nПри загрузке с помощью API все файлы с расширением.apkили.aabпроходят проверку на используемые в них разрешения. (См.Типы разрешений)\nh2h2h2\nВозможные ошибки при обработке разрешений​\n\n---Table Start---\n400 | APK/AAB contains new sensitive permissions: [перечесление разрешений]. Please, upload APK/AAB via the development console and declare permissions. | В загруженном APK/AAB-файле найдены новые чувствительные разрешения. | Загрузите файл через RuStore Консоль и заполните Декларацию разрешений . После перехода в консоль, откройте созданный в ней черновик и загрузите файл. Заполните описание разрешений, сохраните изменения и отправьте черновик на модерацию.\n400 | APK/AAB contains illegal permissions:  [перечесление разрешений]. Please, remove these permissions and reupload.                                   | В загруженном APK/AAB-файле найдены запрещённые разрешения.          | Удалите запрещённые разрешения и повторите загрузку файла.                                                                                                                                                                                  \n---Table End---"
}