{
    "meta": {
        "language": "ru",
        "parse_date": "2024-07-06T20:08:15.664109",
        "current_url": "https://www.rustore.ru/help/work-with-rustore-api/api-subscription-payment/api-token-subget-approve/",
        "doc_section": "",
        "h1_text": "Подтверждение получения подписки"
    },
    "text": "h1h1h1\nПодтверждение получения подписки\nparagraphparagraphparagraph\nМетод позволяет подтвердить выдачу пользователю контента по подписке по токену подписки.\nПодтверждение получения подписки не является обязательным для работы подписок.\nadmonitionadmonitionadmonition\nподсказка\nparagraphparagraphparagraph\nСценарий работы с платежами описан вгайде (https://rustore.ru/help/guides/payments). Изучите его перед началом работы.\nparagraphparagraphparagraph\nСценарий работы с платежами описан вгайде (https://rustore.ru/help/guides/payments). Изучите его перед началом работы.\nh2h2h2\nПараметры взаимодействия​\nparagraphparagraphparagraph\nДля реальных подписок:\ncodecodecode\nPOSThttps://public-api.rustore.ru/public/glike/subscription/{packageName}/{subscriptionId}/{subscriptionToken}:acknowledge\ncodecodecode\nPOSThttps://public-api.rustore.ru/public/sandbox/glike/subscription/{packageName}/{subscriptionId}/{subscriptionToken}:acknowledge\n---Table Start---\nPublic-Token      | string | Jwe-токен авторизации в Public API Rustore. Как получить токен авторизации .                                                    | Да | header | N/A                          \npackageName       | string | Наименование пакета приложения.                                                                                                 | Да | path   | com.MashaAndTheBear.HairSalon\nsubscriptionId    | string | Код продукта-подписки. Указывается разработчиком при создании продукта в RuStore Консоли . Как создать подписку на приложение . | Да | path   | daily_sub                    \nsubscriptionToken | string | Как получить токен подписки, см. документацию по SDK платежей .                                                                 | Да | path   | 111.123                      \n---Table End---\nh2h2h2\nПараметры успешного ответа​\nparagraphparagraphparagraph\nПри успешном ответеresponse bodyпустой.\nh2h2h2\nПараметры ошибки​\n\n---Table Start---\ncode      | string | Код ответа.              | Да  | ERROR                              \nmessage   | string | Расшифровка кода ответа. | Нет | Jwe token is expired               \nbody{}    | object | Тело ответа.             | Нет | N/A                                \ntimestamp | string | Время ответа.            | Да  | 2024-01-21T13:34:31.067240345+03:00\n---Table End---\nh2h2h2\nПример ответа с ошибкой​\n\ncodecodecode\n{\"code\": \"ERROR\",\"message\": \"Jwe token is expired\",\"body\": null,\"timestamp\": \"2024-01-21T13:51:59.654427798+03:00\"}\nh2h2h2\nВалидация запроса​\nparagraphparagraphparagraph\nПри получении запроса проверяется токен авторизации, полученный методомполучения токена авторизации:\nвладелец и/или приложение не должны быть заблокированы;\nтокен должен быть действительным;\nподписка приобретена в приложении, владельцем которого является компания, получившая токен доступа к Public API."
}