{
    "meta": {
        "language": "ru",
        "parse_date": "2024-07-06T19:43:32.810522",
        "current_url": "https://www.rustore.ru/help/developers/publishing-and-verifying-apps/collect-har-logs/google-chrome/",
        "doc_section": "developers",
        "h1_text": "Сбор логов в Google Chrome: HAR и RuStore Консоль - подробное руководство по использованию"
    },
    "text": "h1h1h1\nСбор логов в Google Chrome: HAR и RuStore Консоль - подробное руководство по использованию\n\nh2h2h2\nЧтобы собрать HAR-логи​\nparagraphparagraphparagraph\nНажмите F12 на клавиатуре. Откроется окно инструментов разработчика.\nВыберите вкладку «Сеть»/«Network».\nНажмите, чтобы очистить сетевой журнал.\nУстановите «флажки» в полях «Сохранять журнал»/«Preserve log» и «Отключить кеш»/«Disable cache».\nПовторите действия, которые привели к возникновению проблемы.\nНажмите, чтобы сохранить HAR-логи.\nВыберите папку для сохранения в открывшемся окне.\nНажмите «Сохранить».\nВ указанную папку будут собраны и сохранены HAR-логи.\nh2h2h2\nЧтобы собрать консольные логи​\nparagraphparagraphparagraph\nНажмите F12 на клавиатуре, чтобы открыть окно инструментов разработчика.\nПерейдите на вкладку «Console».\nНажмите правой кнопкой мыши в любой области окна и выберите в контекстном меню «Save as».\nВыберите папку для сохранения логов и нажмите «Сохранить».Консольные логи будут собраны и сохранены в указанной папке."
}