{
    "meta": {
        "language": "ru",
        "parse_date": "2024-07-06T19:41:46.551341",
        "current_url": "https://www.rustore.ru/help/developers/publishing-and-verifying-apps/requirement-apps/",
        "doc_section": "developers",
        "h1_text": "Гайд по требованиям к приложениям в RuStore"
    },
    "text": "h1h1h1\nГайд по требованиям к приложениям в RuStore\nparagraphparagraphparagraph\nКаждое приложение перед публикацией в RuStore проходит обязательную модерацию. Все требования, перечисленные в тексте, являются обязательными для разработчика. Невыполнение требований может стать основанием для отказа в публикации приложения, а равно и удаления приложения из стора, если нарушения были выявлены после прохождения модерации.\nadmonitionadmonitionadmonition\nподсказка\nparagraphparagraphparagraph\nВ блоке с этим значком размещаются рекомендации, желательные для исполнения.\nparagraphparagraphparagraph\nВ блоке с этим значком размещаются рекомендации, желательные для исполнения.\nadmonitionadmonitionadmonition\nпредупреждение\nparagraphparagraphparagraph\nВ блоке с этим значком размещаются важные уточнения к требованиям.\nПеред публикацией разработчикам необходимо перепроверить:\nparagraphparagraphparagraph\nВ блоке с этим значком размещаются важные уточнения к требованиям.\nПеред публикацией разработчикам необходимо перепроверить:\nh2h2h2\n1. Работоспособность приложения:​\nparagraphparagraphparagraph\nприложение должно запускаться и работать стабильно без сбоев и ошибок;\nвсе заявленные возможности приложения должны работать корректно;\nзапрещается публиковать приложения, которые провоцируют сбои, принудительно закрываются, зависают или работают с ошибками;\nприложение должно быть самоценным и иметь оригинальное наполнение. Мы не приветствуем приложения, единственной целью которых является перенаправление на сайт (WebView). Приложение может дублировать функциональность сайта или обращаться к WebView для выполнения некоторых задач, однако оно должно восприниматься пользователем как завершённый, самостоятельный продукт. Если мы заподозрим, что целью публикации приложения является привлечение трафика на сайт, можем заблокировать доступ к нему;\nприложение не должно содержать большое количество рекламы, которая будет мешать полноценному использованию приложения (демонстрация рекламы после каждого действия пользователя), или не предоставляет способов убрать её с экрана;\nесли в приложении присутствует возможность авторизации, пользователь должен иметь возможность успешно пройти её, не прибегая к сторонним ресурсам;\nесли ваше приложение рассчитано на ограниченный круг пользователей, вам нужно предоставить данные от тестового аккаунта в комментарии модератору;предупреждениеНе забудьте предоставить тестовые данные авторизации модераторам RuStore в поле «Комментарии для модераторов» для проверки функциональности. Убедитесь, что в демонстрационном режиме представлены все функции приложения.\nубедитесь, что ваше приложение адаптировано под большинство современных мобильных устройств — не допускаются ошибки и некорректная вёрстка приложений;\nубедитесь, что вы загружаете верную версию приложения — для мобильных устройств;\nadmonitionadmonitionadmonition\nпредупреждение\nparagraphparagraphparagraph\nЧтобы обеспечить актуальность контента для пользователя, RuStore оставляет за собой право блокировать и (или) удалять приложения, версии которых ниже версий, размещённых в других сторах.\nесли приложение было скачано из RuStore, то когда будет доступна новая весрия, пользователь должен получить уведомление с рекомендацией обновиться именно через RuStore.\nparagraphparagraphparagraph\nЧтобы обеспечить актуальность контента для пользователя, RuStore оставляет за собой право блокировать и (или) удалять приложения, версии которых ниже версий, размещённых в других сторах.\nесли приложение было скачано из RuStore, то когда будет доступна новая весрия, пользователь должен получить уведомление с рекомендацией обновиться именно через RuStore.\nh2h2h2\n2. Содержание приложения:​\nparagraphparagraphparagraph\nПриложение, его карточка и пользовательский контент в нём не должны содержать:\nэтически неуместных высказываний или идей: открытой дискриминации по признакам религии, расы, сексуальной ориентации, пола, национального и этнического происхождения, а также призывов к насилию, оскорблений вне юмористического контекста и так далее;\nпредложений продажи или распространения незаконных товаров (рецептурные препараты, наркотические вещества, оружие, табачная и никотиновая продукция с возможностью доставки и т.д.) и услуг (проституция, подделка документов, услуги взлома, накрутки и т.д.);\nзапрещённый порнографический контент, в том числе рисованный. Ограничение относится также к приложениям для знакомств и другим приложениям, которые могут содержать порнографию;\nреалистичные изображения людей или животных, которых убивают, калечат, пытают или мучают, а также иной шокирующий контент, если он не направлен на соответствующую тематику и возрастную категорию (медицинский контент);\nпризывов к суициду в любой форме и в любом контексте, в том числе изображений или романтизации селф-харма;\nтоварных знаков и интеллектуальной собственности других лиц, в том числе логотипов и названий, вводящих пользователей в заблуждение;предупреждениеЕсли ваше приложение является официальным партнёром другого сервиса, пожалуйста, предоставьте нам документальное подтверждение этого статуса. RuStore оставляет за собой право выборочной проверки документов, подтверждающих право интеллектуальной собственности.\nссылок на сторонние магазины приложений или витрины, фишинговых и нерелевантных ссылок.предупреждениеВ RuStore запрещается размещать приложения, связанные с организацией и проведением азартных игр, работой онлайн-казино и выплатой выигрышей реальными деньгами.предупреждениеРазработчик, выкладывающий приложение с возможностью публикации пользовательского контента, должен обеспечить своевременную и адекватную премодерацию этого контента или постмодерацию по жалобам пользователей.\nопределение и критерии неприемлемого контента;\nмеханизм для сообщения об оскорбительном контенте;\nблокировку пользователей, злоупотребляющих услугами сервиса;\nконтактную информацию с технической поддержкой или командой модерации.\nh2h2h2\n3. Безопасность приложения и защита прав пользователей:​\nparagraphparagraphparagraph\nв приложении не должно содержаться вредоносных и фишинговых ссылок;\nесли приложение подразумевает работу с персональными данными, убедитесь, что у вас есть официальный статус оператора персональных данных. Вы также должны уведомить пользователя о том, что его данные собираются, и получить его согласие на их обработку;\nесли в вашем приложении есть возможность осуществлять покупки, предоставьте пользователю подробную информацию о порядке проведения оплаты товаров и услуг, а также их доставки и возврата. Соблюдайте «Закон о защите прав потребителя (https://www.consultant.ru/document/cons_doc_LAW_305/)».\nh2h2h2\n4. Конфиденциальность и данные устройства:​\nparagraphparagraphparagraph\nВ процессе работы ваше приложение может получать доступ к личным и конфиденциальным данным пользователя на устройстве.\nРекомендуем ознакомиться с документацией подекларации разрешений. В RuStore приняты следующие уровни разрешений:\nзапрещённые;\nчувствительные;\nбезопасные;\nустаревшие.\nadmonitionadmonitionadmonition\nпредупреждение\nparagraphparagraphparagraph\nЕсли при загрузке в Консоль RuStore в приложении будут обнаружены запрещённые разрешения (protection level — «not for use by third party applications»), данная версия будет отклонена. APK-файл необходимо доработать, исключив запрещённые разрешения, и загрузить повторно.\nЕсли при загрузке приложения обнаружатся чувствительные разрешения, разработчику следует обосновать использование каждого в появившемся блоке «Чувствительные разрешения».\nПри работе с разрешениями удостоверьтесь в том, что:\nданные, полученные с разрешения пользователя, не предназначены для продажи, а также распространения и передачи третьим лицам;\nполучение разрешений не используется в целях обхода настроек конфиденциальности устройства;\nприложение запрашивает только те разрешения, которые требуются для предоставляемого сервиса;\nесли пользователь отказывает в предоставлении разрешения, вы не стремитесь его переубедить. Вы можете предоставить альтернативу, не требующую разрешений. Например, предложите пользователю найти ближайший офис на карте самостоятельно, а не на основании данных о местоположении устройства;\nсогласие пользователя на предоставление разрешения предоставлено в форме активного действия. Например, не считается согласием автоматически закрывающееся окно, умышленный или случайный выход из диалога;\nинформация о запрашиваемых разрешениях доступна пользователям. Вы можете разместить эти сведения внутри приложения и опубликовать ссылку или информационный блок в описании приложения в магазине RuStore;\nвы довели до сведения пользователей информацию обо всех запрашиваемых разрешениях и целях их использования. При выявлении несоответствий мы можем попросить предоставить и/или опубликовать дополнительные пояснения.\nparagraphparagraphparagraph\nЕсли при загрузке в Консоль RuStore в приложении будут обнаружены запрещённые разрешения (protection level — «not for use by third party applications»), данная версия будет отклонена. APK-файл необходимо доработать, исключив запрещённые разрешения, и загрузить повторно.\nЕсли при загрузке приложения обнаружатся чувствительные разрешения, разработчику следует обосновать использование каждого в появившемся блоке «Чувствительные разрешения».\nПри работе с разрешениями удостоверьтесь в том, что:\nданные, полученные с разрешения пользователя, не предназначены для продажи, а также распространения и передачи третьим лицам;\nполучение разрешений не используется в целях обхода настроек конфиденциальности устройства;\nприложение запрашивает только те разрешения, которые требуются для предоставляемого сервиса;\nесли пользователь отказывает в предоставлении разрешения, вы не стремитесь его переубедить. Вы можете предоставить альтернативу, не требующую разрешений. Например, предложите пользователю найти ближайший офис на карте самостоятельно, а не на основании данных о местоположении устройства;\nсогласие пользователя на предоставление разрешения предоставлено в форме активного действия. Например, не считается согласием автоматически закрывающееся окно, умышленный или случайный выход из диалога;\nинформация о запрашиваемых разрешениях доступна пользователям. Вы можете разместить эти сведения внутри приложения и опубликовать ссылку или информационный блок в описании приложения в магазине RuStore;\nвы довели до сведения пользователей информацию обо всех запрашиваемых разрешениях и целях их использования. При выявлении несоответствий мы можем попросить предоставить и/или опубликовать дополнительные пояснения.\nh2h2h2\n5. Тип приложения:​\nparagraphparagraphparagraph\nПри публикации приложения укажите, что ваше приложение является «Платным», если в нём отсутствует бесплатная функциональность.\nadmonitionadmonitionadmonition\nподсказка\nparagraphparagraphparagraph\nОбратите внимание, что намеренное введение пользователей в заблуждение может привести к удалению вашего приложения из RuStore.\nparagraphparagraphparagraph\nОбратите внимание, что намеренное введение пользователей в заблуждение может привести к удалению вашего приложения из RuStore.\nh2h2h2\n6. Название, описания, иконка и скриншоты приложения:​\nparagraphparagraphparagraph\n6.1 В названии и описаниях приложения, в том числе в истории изменений версий, не должно содержаться:\nкликбейтов: воздержитесь от использования слов «лучший», «единственный», «запрещённый», «секретный», «самый» и аналогичных. Если для описания приложения вы используете слово «официальный», мы попросим подтвердить этот статус документально;предупреждениеПри публикации приложения в RuStore разработчик должен подтвердить, что использование приложения и любого контента внутри него не нарушает права третьих лиц. Мы можем запросить подтверждение такого права на любом этапе проверки.подсказкаВоздержитесь от иных словесных и графических способов ввести пользователя в заблуждение.\nзавуалированных или прямых оскорблений, мата, бранных слов;\nтоварных знаков и интеллектуальной собственности других лиц, в том числе логотипов и названий;\nссылок на сторонние магазины приложений или витрины, фишинговых и нерелевантных ссылок.подсказкаПеред отправкой приложения на модерацию воспользуйтесь сервисами проверки орфографии для корректировки описания.\nadmonitionadmonitionadmonition\nподсказка\nparagraphparagraphparagraph\nЕсли название приложения содержит аббревиатуру или профессиональные термины и сокращения, рекомендуем в кратком описании указывать назначение приложения.\nparagraphparagraphparagraph\nЕсли название приложения содержит аббревиатуру или профессиональные термины и сокращения, рекомендуем в кратком описании указывать назначение приложения.\nadmonitionadmonitionadmonition\nпредупреждение\nparagraphparagraphparagraph\nПриложение должно иметь одинаковые названия как на витрине, так и при установке на устройство пользователя.\n6.3 Подробное описание приложения должно быть чётким, последовательным, понятным и написанным на русском языке. Исключение возможно для терминов и названий. В описании должны указываться только функции и контент, доступные в момент публикации приложения.\nparagraphparagraphparagraph\nПриложение должно иметь одинаковые названия как на витрине, так и при установке на устройство пользователя.\n6.3 Подробное описание приложения должно быть чётким, последовательным, понятным и написанным на русском языке. Исключение возможно для терминов и названий. В описании должны указываться только функции и контент, доступные в момент публикации приложения.\nadmonitionadmonitionadmonition\nподсказка\nparagraphparagraphparagraph\nРекомендуем не использовать в подробном описании эмодзи, смайлики или повторяющиеся специальные символы. Не стоит злоупотреблять ключевыми словами, заглавными буквами или иными способами навязчивого привлечения внимания пользователей.\n6.4 Иконка не должна:\nимитировать иконки государственных приложений;\nиспользовать товарные знаки и интеллектуальную собственность других лиц, в том числе логотипов, вводящих пользователей в заблуждение;\nотображать значок непрочитанных сообщений или уведомлений, если они отсутствуют в приложении.\nparagraphparagraphparagraph\nРекомендуем не использовать в подробном описании эмодзи, смайлики или повторяющиеся специальные символы. Не стоит злоупотреблять ключевыми словами, заглавными буквами или иными способами навязчивого привлечения внимания пользователей.\n6.4 Иконка не должна:\nимитировать иконки государственных приложений;\nиспользовать товарные знаки и интеллектуальную собственность других лиц, в том числе логотипов, вводящих пользователей в заблуждение;\nотображать значок непрочитанных сообщений или уведомлений, если они отсутствуют в приложении.\nadmonitionadmonitionadmonition\nпредупреждение\nparagraphparagraphparagraph\nПриложение должно иметь одинаковые иконки как на витрине, так и при установке на устройство пользователя.\n6.5 Скриншоты должны отображать актуальную механику и функциональность приложения или игры, а не только заголовок, страницу входа, заставку или арты. Недопустимо формирование ленты скриншотов, состоящей только из артов или элементов, не относящихся к интерфейсу приложения.\nВ случае с игровыми приложениями скриншоты должны отображать актуальный уровень графики.\nСкриншоты не должны содержать:\nэлементов интерфейса Android или других приложений;\nфункциональности, которой еще нет или уже нет в приложении.\nвидео должно относиться непосредственно к приложению (например, вы можете загрузить трейлер, запись геймплея и т. п.);\nвидео не должно содержать недопустимого контента (см.пункт 2. Содержание приложения (https://rustore.ru/help#app-contains));\nвидео должно быть публичным;\nдлительность видео не должна быть дольше 1 минуты;\nможно добавить только одно видео.\nприложение должно иметь правильную категорию. Пожалуйста, ознакомьтесь сосписком возможных категорий (https://rustore.ru/help/developers/publishing-and-verifying-apps/category). Модератор может изменить категорию приложения, в случае неверного указания;\nприложение должно иметь правильную возрастную категорию. Пожалуйста, ознакомьтесь свозрастными ограничениями (https://rustore.ru/help/developers/publishing-and-verifying-apps/age-restrictions), если вы не уверены, какой ценз поставить.\nparagraphparagraphparagraph\nПриложение должно иметь одинаковые иконки как на витрине, так и при установке на устройство пользователя.\n6.5 Скриншоты должны отображать актуальную механику и функциональность приложения или игры, а не только заголовок, страницу входа, заставку или арты. Недопустимо формирование ленты скриншотов, состоящей только из артов или элементов, не относящихся к интерфейсу приложения.\nВ случае с игровыми приложениями скриншоты должны отображать актуальный уровень графики.\nСкриншоты не должны содержать:\nэлементов интерфейса Android или других приложений;\nфункциональности, которой еще нет или уже нет в приложении.\nвидео должно относиться непосредственно к приложению (например, вы можете загрузить трейлер, запись геймплея и т. п.);\nвидео не должно содержать недопустимого контента (см.пункт 2. Содержание приложения (https://rustore.ru/help#app-contains));\nвидео должно быть публичным;\nдлительность видео не должна быть дольше 1 минуты;\nможно добавить только одно видео.\nприложение должно иметь правильную категорию. Пожалуйста, ознакомьтесь сосписком возможных категорий (https://rustore.ru/help/developers/publishing-and-verifying-apps/category). Модератор может изменить категорию приложения, в случае неверного указания;\nприложение должно иметь правильную возрастную категорию. Пожалуйста, ознакомьтесь свозрастными ограничениями (https://rustore.ru/help/developers/publishing-and-verifying-apps/age-restrictions), если вы не уверены, какой ценз поставить."
}