{
    "meta": {
        "language": "ru",
        "parse_date": "2024-07-06T19:38:49.852346",
        "current_url": "https://www.rustore.ru/help/developers/tools/remote-config/license-agreement/",
        "doc_section": "developers",
        "h1_text": "Лицензионное соглашение RuStore Remote Config: условия использования"
    },
    "text": "h1h1h1\nЛицензионное соглашение RuStore Remote Config: условия использования\nparagraphparagraphparagraph\nНастоящее лицензионное соглашение (далее «Соглашение») регулирует отношения междуООО «ВК», именуемым в дальнейшем Лицензиар, и Вами (далее – «Лицензиат») и/или Вашими представителями, работниками (далее - «Пользователь») по использованию Сервиса Лицензиара RuStore Remote Config.\nСервис «RuStore Remote Config» (далее «Сервис») предназначен для удаленной настройки конфигурации мобильных приложений Лицензиата (например, для включения и выключения полезных функций для разных сегментов пользователей мобильных приложений Лицензиата, которые могут быть гибко настроены с использованием параметров мобильного приложения Лицензиата и устройства пользователя).\nПринимая настоящее Соглашение, Лицензиат выражает полное и безоговорочное согласие со всеми его условиями. Если Лицензиат не принимает условия Соглашения в полном объеме, он не имеет права использовать Сервис и обязан немедленно прекратить его использование.\nДействующая редакция настоящего Соглашения доступна в сети Интернет поссылке. Редакция Соглашения вступает в силу с момента его опубликования по вышеуказанному адресу.\nЛицо, принимающее Правила и/или использующее Сервис, заверяет и гарантирует, что обладает всеми необходимыми разрешениями и полномочиями для совершения этих действий от имени Лицензиата.\n1. Термины, используемые в настоящем Соглашении\n1.1Сервис— программное обеспечение «RuStore Remote Config», являющееся конфигуратором для мобильных приложений, предназначенным для осуществления настроек внутри мобильных приложений различных полезных функций, дополнений, специфических черт и программных особенностей. Сервис размещен на сервере Лицензиара, и Лицензиат имеет возможность его использовать через веб-интерфейс на Сайте.\n1.2Сайт— интернет-сайт, расположенный по адресу:https://remote-config.rustore.ru/, предоставляющий Лицензиату доступ к Сервису и использованию его функционала.\n1.3Лицензиар— общество с ограниченной ответственностью «ВК», которое предоставляет право использования Сервиса на условиях неисключительной лицензии Лицензиатам в пределах, определенных настоящим Соглашением.\n1.4Лицензиат— лицо, обладающее необходимой дееспособностью и правоспособностью для заключения настоящего Соглашения и которому предоставляется право на использование Сервиса в установленных настоящим Соглашением пределах. Лицензиат является Стороной настоящего Соглашения. Лицензиар вправе установить критерии, которым лицу необходимо соответствовать для того, чтобы получить статус Лицензиата.\n1.5Лицензионное соглашение— текст настоящего Соглашения, документация, доступная на Сайте, и иные правила, указанные в настоящем Соглашении, содержащие все необходимые и существенные условия лицензионного договора о предоставлении прав использования Сервиса и Сайта.\n2. Условия присоединения к настоящему Соглашению и регистрации в Сервисе\n2.1 Перед тем, как начать использовать Сервис, Лицензиат обязан ознакомиться с настоящим Соглашением.\n2.2 Присоединение Лицензиата к настоящему Соглашению осуществляется путем совершения активных действий Лицензиата (проставление галочки в окне «Я принимаю условия Соглашения» или аналогичной по содержанию), что по смыслу по смыслу ст.ст. 435 и 438 Гражданского кодекса РФ, является принятием (акцептом) оферты Лицензиара, а равно заключением Лицензионного договора, порождающего у Лицензиата обязанности соблюдать условия настоящего Соглашения.\n2.3 Регистрация и/или авторизация в Сервисе осуществляется с использованием инструмента VK ID, который является инструментом Экосистемы VK. Экосистема VK представляет собой общее пространство взаимодействия пользователей, Сервисов и специализированных инструментов, призванных повысить удобство использования привычных для Пользователей сервисов.\nИнструмент VK ID, предоставляемый ООО «В Контакте» (ОГРН 1079847035179, адрес места нахождения: 191024, Санкт-Петербург, Херсонская ул., д. 12-14, лит. А, пом. 1-Н), позволяет осуществлять регистрацию и/или авторизацию пользователей в сервисах, выполняет функции создания и поддержания аккаунта пользователя в Экосистеме VK, предоставляет пользователю функциональность единого безопасного управления данными аккаунта в Экосистеме VK, а также подключения или отключения нужных пользователю сервисов в аккаунте пользователя в Экосистеме VK, в целях исполнения соглашений с пользователем Экосистемы VK.\nРегистрация и/или авторизация в Сервисе посредством инструмента VK ID, означает согласие Лицензиата с Пользовательским соглашением Экосистемы VK, которое размещено в открытом доступе в сети Интернет по адресу:https://id.vk.com/terms, и Политикой конфиденциальности Экосистемы VK, которая размещена в открытом доступе в сети Интернет по адресу:https://id.vk.com/privacy, настоящим Соглашением и Политикой конфиденциальности.\n2.4 Каждым последующим использованием Сервиса Лицензиат выражает согласие с условиями настоящего Соглашения в редакции, которая действовала на момент фактического использования Сервиса.\n3. Предмет Соглашения\n3.1 В соответствии с условиями настоящего Соглашения Лицензиар предоставляет Лицензиату и/или Пользователям (далее совместно «Лицензиат») на условиях простой (неисключительной) лицензии право использования Сервиса в пределах, определенных настоящим Соглашением.\n3.2 Право использования Сервиса предоставляется Лицензиатуна безвозмездной основе, если иное не предусмотрено Лицензиаром.\n3.3 Оперирование и обслуживание Сервиса и Сайта, а также предоставление доступа Лицензиатам к Сервису и Сайту осуществляется исключительно Лицензиаром.\n3.4 Лицензиар является обладателем исключительных прав на Сервис, а также на документацию, доступную на Сайте.\n4. Способы использования Сервиса\n4.1 Лицензиат вправе использовать Сервис следующими способами:\n4.1.1 использовать основной функционал Сервиса для осуществления удаленной настройки конфигурации мобильных приложений Лицензиата на Сайте.\nВ целях обмена данными, содержащимися в мобильном приложении Лицензиата и необходимыми для настройки его конфигурации, Лицензиат осуществляет интеграцию SDK Лицензиара в мобильное приложение Лицензиата в соответствии с инструкцией, размещенной по:ссылке.\n4.2 Лицензиат не вправе:\n4.2.1 воспроизводить, распространять, перерабатывать в коммерческих или некоммерческих целях элементы Сервиса, являющиеся объектом авторских и смежных прав Лицензиара или третьих лиц, при отсутствии разрешения соответствующих правообладателей на совершение данных действий;\n4.2.2 воспроизводить элементы дизайна или пользовательского интерфейса Сервиса и/или Сайта кроме случаев прямого разрешения Лицензиаром;\n4.2.3 передавать предоставленные Лицензиату права использования Сервиса другим Лицензиатам или третьим лицам посредством заключения сублицензионного договора или иным способом;\n4.2.4 использовать Сервис как основу для продукта, содержащего такую же функциональность, что и Сервис;\n4.2.5 нарушать закрепленные в настоящем Соглашении правила использования Сервиса;\n4.2.6 использовать Сервис иными способами, не предусмотренными настоящим Соглашением.\n5. Правила использования Сервиса\n5.1 Для использования Сервиса Лицензиату необходимо зарегистрироваться на Сайте и принять условия настоящего Соглашения.\n5.2 После авторизации на Сайте, Пользователь имеет право на интеграцию SDK Лицензиара в мобильное приложение Лицензиата и на использование Сервиса в пределах, определенных настоящим Соглашением.\n5.3 Доступ к использованию Сервиса осуществляется с использованием логина и пароля, которые указаны Лицензиатом при регистрации на Сайте.\n5.4 Лицо, авторизовавшееся на Сайте, считается Лицензиатом по настоящему Соглашению.\n5.5 При использовании Лицензиатом Сайта может применяться технология cookies в целях автоматической авторизации Лицензиата на Сайте, а также для сбора статистических данных.\n5.6 Лицензиат вправе ограничить или запретить использование технологии cookies путем применения соответствующих настроек браузера.\n5.7 При невозможности совершения авторизации в связи с утратой пароля и по иным причинам, Лицензиат, помимо выполнения условий, вправе обратиться в службу поддержки Лицензиара по адресу электронной почтыsupport@rustore.ru. Способы восстановления доступа к аккаунту, регламентируются службой поддержки Лицензиара.\n6. Права и обязанности Лицензиара\n6.1 Лицензиар осуществляет текущее управление Сервисом и Сайтом, самостоятельно определяет структуру, внешний вид, разрешает или ограничивает доступ Лицензиатов к Сервису и/или Сайту при нарушении положений настоящего Соглашения, осуществляет иные принадлежащие ему права.\n6.2 Лицензиар имеет право:\n6.2.1 в любое время изменять оформление и пользовательский интерфейс Сервиса и/или Сайта, их содержание, содержание предоставляемых функций, изменять или дополнять используемые скрипты, программное обеспечение и другие объекты, используемые или хранящиеся в рамках Сервиса и/или Сайта, с уведомлением Лицензиата или без такового;\n6.2.2 приостанавливать, ограничивать или прекращать доступ Лицензиата к Сервису, и/или Сайту, и/или SDK в любое время без объяснения причин, с предварительным уведомлением или без такового;\n6.2.3 осуществлять рассылку Лицензиатам информационных сообщений (в том числе сообщений по электронной почте);\n6.2.4 в целях сбора статистических данных и идентификации Лицензиата устанавливать и сохранять информацию об IP-адресах доступа Лицензиата к Сервису и/или Сайту, использовать файлы технической информации (cookies), размещаемые на персональном компьютере Лицензиата.\n6.3 Лицензиар обязуется:\n6.3.1 на условиях, изложенных в настоящем Соглашении, предоставить права на использование Сервиса;\n6.3.2 уведомлять Лицензиата путем опубликования информации на Сайте или рассылки сообщений на электронный почтовый ящик Лицензиата об изменениях условий настоящего Соглашения.\n7. Права и обязанности Лицензиата\n7.1 Лицензиат вправе:\n7.1.1 производить настройки мобильных приложений Лицензиата в рамках функциональных возможностей Сервиса, доступных посредством Сайта;\n7.1.2 осуществлять иные действия, не запрещенные применимым законодательством, настоящим Соглашением, связанные с использованием Сервиса и Сайта.\n7.2 Лицензиат обязан:\n7.2.1 соблюдать условия настоящего Соглашения без каких-либо ограничений;\n7.2.2 не превышать пределов предоставленных прав при использовании Сервиса, установленных в настоящем Соглашении;\n7.2.3 не нарушать иным образом права интеллектуальной собственности Лицензиара в отношении Сервиса и Сайта.\n7.2.4 выполнять все указания и предписания Лицензиара. В случае невыполнения Лицензиатом таких указаний Лицензиар имеет право приостановить, ограничить, прекратить предоставление Лицензиату прав использования Сервиса или отдельных его функций, и доступ к Сайту;\n7.2.5 периодически знакомиться с содержанием настоящего Соглашения в сети Интернет поссылке, и следить за внесенными в него изменениями;\n7.2.6 соблюдать иные требования и выполнять иные обязательства, предусмотренные настоящим Соглашением.\n7.2.7. уведомить конечных пользователей о том, мобильное приложение Лицензиата настраивается с использованием Сервиса, который может собирать о них информацию (в том числе IP-адрес устройства, через которое осуществляется доступ к приложению, идентификатор устройства и другую информацию), доступную Лицензиару. Лицензиат должен проинформировать конечных пользователей о возможности отказаться от сбора информации о нем и обеспечить такой отказ путем выбора соответствующих настроек в мобильном приложении.\n8. Гарантии и ограничения ответственности\n8.1 Сервис, включая все его элементы, предоставляются «как есть» (as is). Это означает, что Лицензиар не несет ответственности за проблемы, возникшие в процессе использования Сервиса, а также не предоставляет никаких гарантий того, что Сервис, его элементы могут подходить для конкретных целей использования. Лицензиар не может гарантировать и не обещает никаких специфических результатов от использования Сервиса или его элементов.\n8.2 Лицензиар не несет ответственности за возможные сбои и перерывы в работе Сервиса и/или Сайта и вызванную ими потерю информации. Лицензиар не несет ответственности за любой ущерб компьютеру Лицензиата, мобильным устройствам, любому другому оборудованию или программному обеспечению, вызванный или связанный с использованием Сервиса и/или Сайта.\n8.3 Лицензиар не несет ответственности за любой ущерб, включая упущенную выгоду, или вред, вызванные в связи с использованием Сервиса и/или Сайта.\n8.4. Лицензиат гарантирует, что им будут приняты надлежащие меры для обеспечения конфиденциальности учетных данных (логина и пароля), используемых им для авторизации на Сайте и предотвращения возможности авторизации другими лицами.\n8.5 Лицензиат гарантирует, что обладает всеми необходимыми полномочиями для заключения настоящего Соглашения.\n8.6 Лицензиар не обязан предоставлять Лицензиату какие-либо доказательства, документы и прочее, свидетельствующие о нарушении Лицензиатом условий Соглашения, в результате которого Лицензиату было отказано в предоставлении доступа к Сервису и/или Сайту, либо такой доступ был прекращен и/или ограничен.\n9. Территория и срок действия Соглашения\n9.1 Лицензиат вправе использовать Сервис и Сайт в пределах, определенных настоящим Соглашением, без ограничения по территории.\n9.2 Право использования Сервиса и Сайта предоставляется Лицензиату на неограниченный срок до расторжения Соглашения Лицензиаром или Лицензиатом.\n9.3 Настоящее соглашение прекращает свое действие, в случае если:\n9.3.1 Лицензиар примет решение об изменении положений настоящего Соглашения, о необходимости заключения с Лицензиатами нового соглашения, прекращении настоящего Соглашения в отношении Лицензиата, прекращении администрирования и обслуживания Сервиса и прекращении к ним доступа или прекращения доступа к использованию Сервиса и Сайта в отношении Лицензиата.\n9.3.2 Лицензиат примет решение о прекращении использования Сервиса и Сайта, путем удаления учетной записи на Сайте через службу технической поддержки по адресуsupport@rustore.ru.\n9.4 Лицензиар вправе в любое время без уведомления Лицензиата и без объяснения причин приостановить доступ и возможность использовать Сервис, без возмещения каких-либо затрат, убытков или возврата, полученного по Соглашению, в том числе в случае любого, в том числе однократного, нарушения Лицензиатом условий настоящего Соглашения; при этом, с такого момента право использования Сервиса Лицензиатом считается прекращенным.\n9.5 Лицензиар вправе в любое время расторгнуть настоящее Соглашение с уведомлением Лицензиата или без такового, при этом, после расторжения Соглашения, Лицензиат обязуется полностью прекратить использование Сервиса не позднее 5 дней с даты получения уведомления.\n9.6 Настоящее Соглашение не предусматривает уступку каких-либо исключительных прав или выдачу исключительной лицензии на любые составляющие Сервиса и Сайта от Лицензиара к Лицензиату.\n10. Заключительные положения\n10.1 Настоящее Соглашение может быть изменено Лицензиаром без какого-либо предварительного уведомления. Любые изменения в Соглашении, осуществленные Лицензиаром в одностороннем порядке, вступают в силу в день, следующий за днем опубликования таких изменений на Сайте. Лицензиат обязуется самостоятельно проверять Соглашение на предмет изменений. Неосуществление Лицензиатом действий по ознакомлению с Соглашением и/или измененной редакцией Соглашения не может служить основанием для неисполнения Лицензиатом своих обязательств и несоблюдения Лицензиатом ограничений, установленных Соглашением.\n10.2 Недействительность одного или нескольких положений Соглашения, признанная в установленном порядке вступившим в силу решением суда, не влечет для Сторон недействительности Соглашения в целом. В случае признания одного или нескольких положений Соглашения в установленном порядке недействительными, Стороны обязуются исполнять взятые на себя по Соглашению обязательства максимально близким к подразумеваемым Сторонами при заключении и/или согласованном изменении Соглашения способом.\n10.3 Настоящее Соглашение и взаимоотношения Сторон в связи с настоящим Соглашением и использованием Сервиса регулируются законодательством Российской Федерации.\n10.4 В отношении формы и способа заключения настоящего Соглашения применяются нормы Гражданского Кодекса РФ.\n10.5 Все споры Сторон по настоящему Соглашению подлежат разрешению путем переписки и переговоров с использованием обязательного досудебного (претензионного) порядка. В случае невозможности достичь согласия между Сторонами путем переговоров в течение 60 (шестидесяти) календарных дней с момента получения другой Стороной письменной претензии, рассмотрение спора должно быть передано любой заинтересованной Стороной в суд по месту нахождения Лицензиара (с исключением подсудности дела любым иным судам).\n10.6 По вопросам, связанным с исполнением Соглашения, просьба обращаться по адресу местонахождения Лицензиара: Российская Федерация, 125167, г. Москва, Ленинградский проспект д. 39, строение 79.\nРедакция от 12 сентября 2023 года"
}