{
    "meta": {
        "language": "ru",
        "parse_date": "2024-07-06T19:50:18.191328",
        "current_url": "https://www.rustore.ru/help/sdk/push-notifications/flutter/1-0-0/",
        "doc_section": "sdk",
        "h1_text": "SDK push-уведомлений для Flutter (версия 1.0.0)"
    },
    "text": "h1h1h1\nSDK push-уведомлений для Flutter (версия 1.0.0)\nparagraphparagraphparagraph\nУсловия работы push-уведомлений:\nНа устройстве пользователя установлена актуальная версия RuStore.\nПриложение RuStore должно поддерживать функциональность push-уведомлений.\nПриложению RuStore разрешен доступ к работе в фоновом режиме.Без этого разрешения push-уведомления будут приходить, но со значительной задержкой.\nОтпечаток подписи приложения должен совпадать с отпечатком, добавленным вКонсоль RuStore (https://dev.rustore.ru/).\nh2h2h2\nПример реализации​\nparagraphparagraphparagraph\nОзнакомьтесь сприложением-примером, чтобы узнать, как правильно интегрировать SDK push-уведомлений.\nh2h2h2\nПодключение в проект​\nparagraphparagraphparagraph\nДля подключения пакета к проекту выполните команду:\ncodecodecode\nflutter pub add flutter_rustore_push\ncodecodecode\npubspec.yamldependencies:flutter_rustore_push:^1.0.0\nh2h2h2\nИнициализация​\nparagraphparagraphparagraph\nДля инициализации сервиса push-уведомлений добавьте значение вvaluesвашего Android-проекта.\ncodecodecode\n<resources><stringname=\"flutter_rustore_push_project\"translatable=\"false\">xxx</string></resources>\ncodecodecode\npackageru.rustore.flutter_rustore_push_exampleimportru.rustore.flutter_rustore_push.FlutterRustoreApplicationopenclassApplication:FlutterRustoreApplication(){}\ncodecodecode\nAndroidManifest.xml<applicationandroid:label=\"flutter_rustore_push_example\"android:name=\".Application\"android:icon=\"@mipmap/ic_launcher\">// ...</application>\nh2h2h2\nНастройки ProGuard​\nparagraphparagraphparagraph\nДля настройки ProGuard добавьте следующее правило:\ncodecodecode\n-keeppublicclasscom.vk.push.**extendsandroid.os.Parcelable\ncodecodecode\nandroid/app/build.gradlebuildTypes{release{// ...proguardFilesgetDefaultProguardFile('proguard-android.txt'),'proguard-rules.pro'}// ...}\nh2h2h2\nПроверка возможности получать push-уведомления​\n\ncodecodecode\nRustorePushClient.available().then((value){print(\"available success: ${value}\");},onError:(err){print(\"available error: ${err}\");});\nh2h2h2\nМетоды для работы с push-токеном​\n\nh3h3h3\nПолучение push-токена пользователя​\n\nadmonitionadmonitionadmonition\nпредупреждение\nparagraphparagraphparagraph\nЕсли у пользователя нет push-токена, метод создаст и вернёт новый push-токен.\nparagraphparagraphparagraph\nЕсли у пользователя нет push-токена, метод создаст и вернёт новый push-токен.\ncodecodecode\nRustorePushClient.getToken().then((value){print(\"get token success: ${value}\");},onError:(err){print(\"get token error: ${err}\");})\nh3h3h3\nУдаление push-токена пользователя​\n\ncodecodecode\nRustorePushClient.deleteToken().then((){print(\"delete success:\");},onError:(err){print(\"delete error: ${err}\");})\nh3h3h3\nСобытия изменения push-токена​\n\ncodecodecode\nRustorePushClient.onNewToken((value){print(\"on new token success: ${value}\");},error:(err){print(\"on new token err: ${err}\");});\nh2h2h2\nМетоды для работы с push-уведомлениями​\n\nh3h3h3\nПолучение информации из push-уведомления​\n\ncodecodecode\nRustorePushClient.onMessageReceived((value){print(\"on message received success: id=${value.messageId}, data=${value.data}, notification.body: ${value.notification?.body}\");},error:(err){print(\"on message received error: ${err}\");});\nh3h3h3\nУдаление push-уведомления​\nparagraphparagraphparagraph\nДля удаления push-уведомления добавьте callbackRustorePushClient.onDeletedMessages().\ncodecodecode\nRustorePushClient.onDeletedMessages((){print(\"deleted messages\");},error:(err){print(\"on message received error: ${err}\");});\nh2h2h2\nСтруктура уведомления​\n\ncodecodecode\nСтруктура полного уведомленияclassMessage{String?messageId;int priority;int ttl;String?collapseKey;Map<String?,String?>data;Notification?notification;}\nparagraphparagraphparagraph\nmessageId— уникальный ID сообщения. Является идентификатором каждого сообщения.\npriority— возвращает значение приоритетности (на данный момент не учитывается).Сейчас заложены следующие варианты:0—UNKNOWN.1—HIGH.2—NORMAL.< p/>\nttl— время жизни push-уведомления типаIntв секундах.\nfrom— поле, по которому можно понять, откуда пришло уведомление:\n< p/>Для уведомлений, отправленных в топик, в поле отображается имя топика.В других случаях — часть вашего сервисного токена.< p/>\ncollapseKey— идентификатор группы уведомлений (на данный момент не учитывается).\ndata— словарь, в который можно передать дополнительные данные для уведомления.\nrawData— словарьdataв виде массива байтов.\nnotification— объект уведомления.\ncodecodecode\nСтруктура объекта NotificationclassNotification{String?title;String?body;String?channelId;String?imageUrl;String?color;String?icon;String?clickAction;}\nparagraphparagraphparagraph\ntitle— заголовок уведомления.\nbody— тело уведомления\nchannelId— возможность задать канал, в который отправится уведомление. Актуально для Android 8.0 и выше.\nimageUrl— прямая ссылка на изображение для вставки в уведомление. Изображение должно быть не более 1 Мбайт.\ncolor— цвет уведомления в HEX-формате, строкой. Например,#0077FF.\nicon— значок уведомления изres/drawableв формате строки, которая совпадает с названием ресурса.\n< p/>\nНапример, вres/drawableесть значокsmall_icon.xml, который доступен в коде черезR.drawable.small_icon.\nЧтобы значок отображался в уведомлении, сервер должен указать в параметреiconзначениеsmall_icon.\n< p/>\nclickAction—intent action, с помощью которого будет открыта активити при клике на уведомление.\nh3h3h3\nСоздание канала для отправки уведомления​\nparagraphparagraphparagraph\nДля канала, в который отправляется уведомление, действует следующий приоритет:\nЕсли в push-уведомлении есть полеchannelId, RuStore SDK отправит уведомление в указанный канал.\nВаше приложение должно создать этот канал заранее.\nЕсли в push-уведомлении нет поляchannelId, но ваше приложение указало параметр с каналом вAndroidManifest.xml, используется указанный канал.\nВаше приложение должно создать этот канал заранее.\nЕсли в push-уведомлении нет поляchannelId, и канал по умолчанию не задан вAndroidManifest.xml, RuStore SDK создаст канал и отправит уведомление в него.\nВ дальнейшем все уведомления без явного указания канала будут отправляться в этот канал.\nh2h2h2\nСм. также​\nparagraphparagraphparagraph\nОтправка push-уведомлений (API) (https://rustore.ru/help/sdk/push-notifications/send-push-notifications)\nОтправка push-уведомлений по топикам (API) (https://rustore.ru/help/sdk/push-notifications/topic-notifications)\nРабота с сегментами пользователей (API) (https://rustore.ru/help/sdk/push-notifications/work-with-segments-push-api)"
}