{
    "meta": {
        "language": "ru",
        "parse_date": "2024-07-06T19:40:59.278006",
        "current_url": "https://www.rustore.ru/help/developers/faq/payments-faq/",
        "doc_section": "developers",
        "h1_text": "Работа с платежами"
    },
    "text": "h1h1h1\nРабота с платежами\nparagraphparagraphparagraph\nQ: Как работает бесплатный период подписки для пользователя?\nА: Бесплатный период действует только один раз. Если пользователь применил его, а затем отменил подписку и приобрёл её заново, он больше не сможет рассчитывать на бесплатный период. При этом полеfree_trial_periodв ответе SDK платежей будет возвращаться всегда, даже если пробный период у конкретного пользователя истёк.\nQ: Почему не удаётся подписать заявление на монетизацию?\nА: Возможно, у вас устаревшая версия плагинаКриптоПро. Если на вашем устройстве установлена неактуальная версия плагина, а его лицензия неактивна, вы не сможете подписать заявление на монетизацию.\nQ: Может ли самозанятый сменить тип аккаунта и получать выплаты как юрлицо?\nА: Такой возможности нет. Если вы зарегистрировались как самозанятый, а затем решили получать выплаты как ИП, вам нужно зарегистрировать новый аккаунт.\nQ: Могут ли пользователи приложения запросить возвраты?\nА: Нет, возвраты предоставляются только по запросу разработчика.\nQ: Можно ли создать несколько товаров с одинаковымidили удалить его и создать заново?\nА: Нет, идентификатор товара уникален и использовать его повторно нельзя даже после удаления.\nQ: Можно ли отменить подписку с помощью SDK?\nА: В SDK нет методов на отмену подписок. Отменить подписку может только пользователь в приложении RuStore. При отмене подписки она продолжает действовать до конца оплаченного периода. Отмена подписки не означает возврат денег за неё, отмена просто отключает дальнейшие регулярные платежи.\nQ: Обязательно ли подтверждать получение подписки с помощью API?\nА: Нет, это опциональный метод, который не влияет на работу подписок."
}