{
    "meta": {
        "language": "ru",
        "parse_date": "2024-07-06T19:32:52.262904",
        "current_url": "https://www.rustore.ru/help/users/policies/installation-from-an-unknown-source/",
        "doc_section": "users",
        "h1_text": "Безопасность установки из RuStore: Зачем разрешать из неизвестного источника?"
    },
    "text": "h1h1h1\nБезопасность установки из RuStore: Зачем разрешать из неизвестного источника?\nparagraphparagraphparagraph\nКак правило, при загрузке RuStore на мобильное устройство появляется уведомление, что установка происходит из неизвестного источника.\nДело в том, что устройства с официальной прошивкой определяют в качестве надежного источника только свои магазины (Google Play, AppGallery) и магазины производителей (Samsung, Xiaomi и прочие). Поэтому считают ненадежным любой источник, про который не знают.\nУстанавливая приложение софициального сайта RuStore, вы ничем не рискуете. Приложение полностью безопасно для всех устройств на Android."
}