{
    "meta": {
        "language": "ru",
        "parse_date": "2024-07-06T20:05:39.272026",
        "current_url": "https://www.rustore.ru/help/sdk/task-api/",
        "doc_section": "sdk",
        "h1_text": "Task API"
    },
    "text": "h1h1h1\nTask API\nparagraphparagraphparagraph\nTask — это асинхронная задача, возвращающая ошибку или значение в соответствующих callback-уведомлениях (onFailure,onSuccess).\nВ качестве примера реализации используется метод SDK-оплатыgetProducts().\nh2h2h2\nОбработка результата выполненияTask​\nparagraphparagraphparagraph\nМетоды, выполняемые асинхронно, возвращаютTask<T>. К примеру,RuStoreBillingClient.getProducts()возвращаетTask<ProductsResponse>. Это означает, чтоTaskвернетProductsResponse, если выполнение метода было успешно (см. ниже).\ncodecodecode\nval task:Task<ProductsResponse>=RuStoreBillingClient.products.getProducts()\ncodecodecode\nval task:Task<ProductsResponse>=RuStoreBillingClient.products.getProducts()task.addOnSuccessListener{// Process success}\ncodecodecode\nval task:Task<ProductsResponse>=RuStoreBillingClient.products.getProducts()task.addOnFailureListener{// Process error}\ncodecodecode\nval task:Task<ProductsResponse>=RuStoreBillingClient.products.getProducts()task.addOnCompletionListener{cause->// Process}\nh2h2h2\nМногопоточность​\nparagraphparagraphparagraph\nCallback, добавленные кTask, выполняются на главном потоке приложения. Если callback необходимо выполнить в другом потоке, передайте свойExecutorв метод добавленияcallback.\nДобавлениеexecutorчерез сопроцесс (см. ниже).\ncodecodecode\nval task:Task<ProductsResponse>=RuStoreBillingClient.products.getProducts()task.addOnSuccessListener(Dispatchers.IO.asExecutor()){// Process success}\nh2h2h2\nСинхронное выполнение​\nparagraphparagraphparagraph\nЕсли ваш код уже выполняется в бэкграунд потоке и вам необходимо получить результат синхронно, вы можете использоватьtask.await()(см. ниже).\ncodecodecode\ntry{val task:Task<ProductsResponse>=RuStoreBillingClient.products.getProducts()task.await()}catch(e:CancellationException){// Process error}\nadmonitionadmonitionadmonition\nпредупреждение\nparagraphparagraphparagraph\nМетодawait()блокирует поток, в котором выполняется. Во избежаниe ANR вызовите метод await() в фоновом потоке.\nparagraphparagraphparagraph\nМетодawait()блокирует поток, в котором выполняется. Во избежаниe ANR вызовите метод await() в фоновом потоке.\nadmonitionadmonitionadmonition\nпредупреждение\nparagraphparagraphparagraph\nИспользовать методawait()рекомендуется только после следующих версий SDK:\nSDK для платежей in-app и подписок -billingclient:1.1.1SDK для подключения push-уведомлений -pushclient:0.1.8SDK для подключения отзывов и оценок -review:0.1.6SDK для обновления приложения -appupdate:0.1.1\nВызов методаawait()для SDK более ранних версий может приводить к увеличенному потреблению батареи!\nparagraphparagraphparagraph\nИспользовать методawait()рекомендуется только после следующих версий SDK:\nSDK для платежей in-app и подписок -billingclient:1.1.1SDK для подключения push-уведомлений -pushclient:0.1.8SDK для подключения отзывов и оценок -review:0.1.6SDK для обновления приложения -appupdate:0.1.1\nВызов методаawait()для SDK более ранних версий может приводить к увеличенному потреблению батареи!\nh2h2h2\nОбработка Task API через сопроцессы​\nparagraphparagraphparagraph\nДля обработки Task в сопроцессе можно использовать следующий код.\ncodecodecode\nsuspend fun<T>Task<T>.wrapInCoroutine():Result<T>=suspendCancellableCoroutine{cont->cont.invokeOnCancellation{cancel()}addOnSuccessListener{value->if(cont.isActive){cont.resume(Result.success(value))}}addOnFailureListener{error->if(cont.isActive){cont.resume(Result.failure(error))}}}"
}