{
    "meta": {
        "language": "ru",
        "parse_date": "2024-07-06T19:41:57.779122",
        "current_url": "https://www.rustore.ru/help/developers/publishing-and-verifying-apps/declare-app-permissions/how-to-declare-permissions/",
        "doc_section": "developers",
        "h1_text": "Декларирование разрешений: руководство для разработчиков в RuStore"
    },
    "text": "h1h1h1\nДекларирование разрешений: руководство для разработчиков в RuStore\nparagraphparagraphparagraph\nДля обеспечения безопасности пользователей в консоли RuStore был реализован новый блок «Безопасность данных пользователя», в котором разработчику необходимо заполнить информацию о категориях и типах данных, а также предоставить информацию о чувствительных разрешениях. Блок состоит из двух разделов «Чувствительные разрешения» и «Категории и типы данных».\nРаздел «Чувствительные разрешения» отображается только в том случае, если в приложении обнаружены чувствительные разрешения, и содержит список таких разрешений.\nЕсли в приложении обнаружены чувствительные разрешения, в поле «Обоснование» необходимо указать, для чего требуется каждое из них.\n\nВ разделе «Категории и типы данных» разработчику необходимо отметить все типы данных, доступ к которым запрашивает приложение.\nПодробная информация о доступных типах данных указана в разделеКатегории и типы данных.\nadmonitionadmonitionadmonition\nпримечание\nparagraphparagraphparagraph\nРаздел «Категории и типы данных» отображается для всех версий приложения, независимо от того, какой тип разрешения используется.\n\nПосле заполнения всей информации в карточке версии приложения и отправки ее на модерацию команда RuStore выполнит проверку приложения.\nparagraphparagraphparagraph\nРаздел «Категории и типы данных» отображается для всех версий приложения, независимо от того, какой тип разрешения используется.\n\nПосле заполнения всей информации в карточке версии приложения и отправки ее на модерацию команда RuStore выполнит проверку приложения.\nadmonitionadmonitionadmonition\nпредупреждение\nparagraphparagraphparagraph\nПеред отправкой приложения на модерацию обязательно проверьте приложение на соответствиетребованиям к приложениям (https://rustore.ru/help/developers/publishing-and-verifying-apps/requirement-apps).\nВ случае, если в приложении используются чувствительные разрешения, будет проведена расширенная проверка приложения.\nЕсли приложение не соответствует правилам использования разрешений, команда RuStore вправе обратиться к разработчикам за разъяснениями, отправив письмо с результатами проверки владельцу аккаунта и на контактный адрес электронной почты в аккаунте разработчика.\nЕсли приложение соответствует Правилам программы для разработчиков, заявка будет одобрена, и приложение станет доступно для публикации в RuStore.\nparagraphparagraphparagraph\nПеред отправкой приложения на модерацию обязательно проверьте приложение на соответствиетребованиям к приложениям (https://rustore.ru/help/developers/publishing-and-verifying-apps/requirement-apps).\nВ случае, если в приложении используются чувствительные разрешения, будет проведена расширенная проверка приложения.\nЕсли приложение не соответствует правилам использования разрешений, команда RuStore вправе обратиться к разработчикам за разъяснениями, отправив письмо с результатами проверки владельцу аккаунта и на контактный адрес электронной почты в аккаунте разработчика.\nЕсли приложение соответствует Правилам программы для разработчиков, заявка будет одобрена, и приложение станет доступно для публикации в RuStore."
}