{
    "meta": {
        "language": "ru",
        "parse_date": "2024-07-06T19:30:55.041985",
        "current_url": "https://www.rustore.ru/help/users/authorization/why-vk-id/",
        "doc_section": "users",
        "h1_text": "Все о VK ID: Зачем нужен и как использовать"
    },
    "text": "h1h1h1\nВсе о VK ID: Зачем нужен и как использовать\nparagraphparagraphparagraph\nVK ID— это единая платформа для авторизации и регистрации пользователей в разных сервисах экосистемы VK. Вы можете создать аккаунт VK ID с помощью регистрации по номеру телефона в любом сервисе, подключенном кVK ID.\nЛичный кабинет VK ID предоставляет вам возможность редактировать личные и контактные данные, управлять сервисами и сессиями, а также платёжными инструментами и подписками.\nC ним вам больше не нужно регистрироваться на каждом сайте или в приложении и вводить пароль. Для авторизации вам достаточно нажать «Войти как<Имя пользователя>»."
}