{
    "meta": {
        "language": "ru",
        "parse_date": "2024-07-06T20:13:10.288532",
        "current_url": "https://www.rustore.ru/help/developers/tools/remote-config/sdk/defold/history/",
        "doc_section": "developers",
        "h1_text": "История обновлений"
    },
    "text": "h1h1h1\nИстория обновлений\n\nh2h2h2\nВерсия 1.1.1​\nparagraphparagraphparagraph\nВерсия SDK remoteconfig 1.1.1.\nh2h2h2\nВерсия 1.1.0​\nparagraphparagraphparagraph\nВерсия SDK remoteconfig 1.1.0.\nДобавлено полеsimpleNameв JSON ошибок.\nh2h2h2\nВерсия 1.0.0​\nparagraphparagraphparagraph\nРелизная версия.\nВерсия SDK remoteconfig 1.0.0."
}