{
    "meta": {
        "language": "ru",
        "parse_date": "2024-07-06T19:54:06.587932",
        "current_url": "https://www.rustore.ru/help/sdk/updates/godot/2-0-0/",
        "doc_section": "sdk",
        "h1_text": "2.0.0"
    },
    "text": "h1h1h1\n2.0.0\n\nh2h2h2\nОбщие сведения​\nparagraphparagraphparagraph\nRuStore In-app updates SDK поддерживает актуальную версию приложения на устройстве пользователя. Это помогает пользователю увидеть обновления, оценить улучшение производительности и результат исправления ошибок.\nh2h2h2\nПример пользовательского сценария​\nparagraphparagraphparagraph\nИспользуйте RuStore In-app updates SDK для реализации различных способов обновлений. В настоящий момент поддерживаются: отложенное, тихое (без UI от RuStore) и принудительное обновление.\nОзнакомьтесь сприложением-примеромчтобы узнать, как правильно интегрировать SDK обновлений.\nh2h2h2\nУсловия корректной работы SDK​\nparagraphparagraphparagraph\nДля работы RuStore In-app updates SDK необходимо соблюдение следующих условий.\nОС Android версии 7.0 или выше.\nВерсия RuStore на устройстве пользователя актуальная.\nПользователь авторизован в RuStore.\nПриложению RuStore разрешена установка приложений.\nh2h2h2\nПодключение в проект​\nparagraphparagraphparagraph\nДля подключения выполните следующие шаги.\nСкопируйте проекты плагина из официального репозитория RuStore наGitFlic (https://gitflic.ru/project/rustore/rustore-godot-appupdate-example).\nОткройте в вашей IDE проект Android из папкиgodot_plugin_libraries.\nПоместите в папкуgodot_plugin_libraries / libsпакетgodot-lib.xxx.yyy.template_release.aar, гдеxxx.yyyверсия вашей редакции Godot Engine.\nadmonitionadmonitionadmonition\nподсказка\nparagraphparagraphparagraph\nПакетgodot-lib.xxx.yyy.template_release.aarдля вашей версии Godot Engine можно найти на странице разработчика наSourceforge.net (https://sourceforge.net/projects/godot-engine.mirror/files/).\nВыполните сборку проекта командойgradle assemble.\nRuStoreGodotAppUpdate.gdap.\nRuStoreGodotAppUpdate.aar.\nRuStoreGodotCore.gdap.\nRuStoreGodotCore.aar.\nparagraphparagraphparagraph\nПакетgodot-lib.xxx.yyy.template_release.aarдля вашей версии Godot Engine можно найти на странице разработчика наSourceforge.net (https://sourceforge.net/projects/godot-engine.mirror/files/).\nВыполните сборку проекта командойgradle assemble.\nRuStoreGodotAppUpdate.gdap.\nRuStoreGodotAppUpdate.aar.\nRuStoreGodotCore.gdap.\nRuStoreGodotCore.aar.\nadmonitionadmonitionadmonition\nпредупреждение\nparagraphparagraphparagraph\nОбратите особое внимание, что библиотеки плагинов должны быть собраны под вашу версию Godot Engine.\nСкопируйте содержимое папкиgodot_example / android / pluginsв папкуyour_project / android / plugins.\nВ пресете сборки Android в списке «Плагины» отметьте строки «Ru Store Godot App Update» и «Ru Store Godot Core».\nparagraphparagraphparagraph\nОбратите особое внимание, что библиотеки плагинов должны быть собраны под вашу версию Godot Engine.\nСкопируйте содержимое папкиgodot_example / android / pluginsв папкуyour_project / android / plugins.\nВ пресете сборки Android в списке «Плагины» отметьте строки «Ru Store Godot App Update» и «Ru Store Godot Core».\nh2h2h2\nСоздание менеджера обновлений​\nparagraphparagraphparagraph\nПеред вызовом методов библиотеки необходимо создать менеджер обновлений.\ncodecodecode\nСоздание синглтона RuStoreGodotAppUpdateManagervar_appUpdate_client:RuStoreGodotAppUpdateManager=nullfunc_ready():_appUpdate_client=RuStoreGodotAppUpdateManager.get_instance();\nh2h2h2\nПроверка наличия обновлений​\nparagraphparagraphparagraph\nНа устройстве пользователя установлена актуальная версия RuStore.\nПользователь и приложение не должны быть заблокированы в RuStore.\nПриложению RuStore разрешена установка приложений.\nПользователь авторизован в RuStore.\non_get_app_update_info_success;\non_get_app_update_info_failure.\ncodecodecode\nПодписка на событияfunc_ready():# Инициализация _appUpdate_client_appUpdate_client.on_get_app_update_info_success.connect(_on_get_app_update_info_success)_appUpdate_client.on_get_app_update_info_failure.connect(_on_get_app_update_info_failure)func_on_get_app_update_info_success(response:RuStoreAppUpdateInfo):passfunc_on_get_app_update_info_failure(error:RuStoreError):pass\ncodecodecode\nВызов метода get_app_update_info_appUpdate_client.get_app_update_info()\ncodecodecode\nКласс RuStoreAppUpdateInfoclass_nameRuStoreAppUpdateInfoextendsObjectvarupdateAvailability:ERuStoreUpdateAvailability.ItemvarinstallStatus:ERuStoreInstallStatus.ItemvaravailableVersionCode:intfunc_init(json:String=\"\"):ifjson==\"\":updateAvailability=ERuStoreUpdateAvailability.Item.UNKNOWNinstallStatus=ERuStoreInstallStatus.Item.UNKNOWNavailableVersionCode=0else:varobj=JSON.parse_string(json)updateAvailability=int(obj[\"updateAvailability\"])installStatus=int(obj[\"installStatus\"])availableVersionCode=int(obj[\"availableVersionCode\"])\nparagraphparagraphparagraph\nupdateAvailability— доступность обновления:UNKNOWN (int ==0)— по умолчанию.UPDATE_NOT_AVAILABLE (int ==1)— обновление не нужно.UPDATE_AVAILABLE (int ==2)— обновление требуется загрузить или обновление уже загружено на устройство пользователя.DEVELOPER_TRIGGERED_UPDATE_IN_PROGRESS (int ==3)— обновление уже скачивается или установка уже запущена.\ninstallStatus— статус установки обновления, если пользователь уже устанавливает обновление в текущий момент времени:UNKNOWN (int ==0)— по умолчанию.DOWNLOADED (int ==1)— скачано.DOWNLOADING (int ==2)— скачивается.FAILED (int ==3)— ошибка.PENDING (int ==5)— в ожидании.\navailableVersionCode— код версии обновления.\nadmonitionadmonitionadmonition\nк сведению\nparagraphparagraphparagraph\nЗапуск скачивания обновления возможен только в том случае, если полеupdateAvailabilityсодержит значениеUPDATE_AVAILABLE.\n\nparagraphparagraphparagraph\nЗапуск скачивания обновления возможен только в том случае, если полеupdateAvailabilityсодержит значениеUPDATE_AVAILABLE.\n\nh2h2h2\nСкачивание и установка обновлений​\n\nh3h3h3\nИспользование слушателя​\nparagraphparagraphparagraph\nПосле подтверждения доступности обновления (RuStoreAppUpdateInfo) вы можете получать статус скачивания обновления. Для этого необходимо выполнить подписку на событиеon_state_updatedи вызовом методаregister_listenerзапустить слушатель статуса скачивания.\nh3h3h3\nПроверка статуса скачивания обновления​\nparagraphparagraphparagraph\nПодписка на событиеon_state_updatedвыполняется единожды. Прослушивание процесса скачивания активируется с помощью методаregister_listener.\ncodecodecode\nЗапуск слушателяfunc_ready():# Инициализация _appUpdate_client_appUpdate_client.on_state_updated.connect(_on_state_updated)_appUpdate_client.register_listener()func_on_state_updated(installState:RuStoreInstallState):pass\ncodecodecode\nКласс RuStoreInstallStateclass_nameRuStoreInstallStateextendsObjectvarbytesDownloaded:intvartotalBytesToDownload:intvarpercentDownloaded:floatvarinstallStatus:ERuStoreInstallStatus.ItemvarinstallErrorCode:ERuStoreInstallErrorCode.Itemfunc_init(json:String=\"\"):ifjson==\"\":bytesDownloaded=0totalBytesToDownload=0percentDownloaded=0installStatus=ERuStoreInstallStatus.Item.UNKNOWNinstallErrorCode=ERuStoreInstallErrorCode.Item.ERROR_UNKNOWNelse:varobj=JSON.parse_string(json)bytesDownloaded=int(obj[\"bytesDownloaded\"])totalBytesToDownload=int(obj[\"totalBytesToDownload\"])installStatus=int(obj[\"installStatus\"])installErrorCode=int(obj[\"installErrorCode\"])iftotalBytesToDownload>0:percentDownloaded=float(bytesDownloaded)/totalBytesToDownload*100else:percentDownloaded=0ifinstallStatus==ERuStoreInstallStatus.Item.DOWNLOADED:percentDownloaded=100\nparagraphparagraphparagraph\ninstallStatus— статус установки обновления, если пользователь уже устанавливает обновление в текущий момент времени:UNKNOWN (Int =0)— по умолчанию;DOWNLOADED (Int =1)— скачано;DOWNLOADING (Int =2)— скачивается;FAILED (Int =3)— ошибка;PENDING (Int =5)— в ожидании;\nbytesDownloaded— количество загруженных байт;\ntotalBytesToDownload— общее количество байт, которое необходимо скачать;\npackageName— имя пакета обновления;\ninstallErrorCode— код ошибки во время скачивания. Коды ошибок описаны в разделеОбработка ошибок (https://rustore.ru/help#обработка-ошибок).\nh3h3h3\nУдаление слушателя​\nparagraphparagraphparagraph\nЕсли необходимости в слушателе больше нет, воспользуйтесь методом удаления слушателяunregisterListener.\ncodecodecode\nВызов метода unregister_listener_appUpdate_client.unregister_listener()\nh2h2h2\nЗапуск скачивания обновления​\n\nh3h3h3\nОтложенное обновление​\nparagraphparagraphparagraph\nОписание сценария отложенного обновления\nОбновление с UI от RuStore\nПользователю будет показан диалог с UI от RuStore для подтверждения обновления.\nПри нажатии на кнопку «Обновить» покажется диалоговое окно для подтверждения установки обновления.\nПосле завершения установки приложение закроется.\non_start_update_flow_success.\non_start_update_flow_failure.\nadmonitionadmonitionadmonition\nк сведению\nparagraphparagraphparagraph\nОбъектRuStoreAppUpdateInfoпосле однократного использования становится невалидным. Для повторного вызова методаstart_update_flow_delayedзапросите объектRuStoreAppUpdateInfoповторно, используя методget_app_update_info.\nСм. разделПроверка наличия обновлений (https://rustore.ru/help#%D0%BF%D1%80%D0%BE%D0%B2%D0%B5%D1%80%D0%BA%D0%B0-%D0%BD%D0%B0%D0%BB%D0%B8%D1%87%D0%B8%D1%8F-%D0%BE%D0%B1%D0%BD%D0%BE%D0%B2%D0%BB%D0%B5%D0%BD%D0%B8%D0%B9).\nparagraphparagraphparagraph\nОбъектRuStoreAppUpdateInfoпосле однократного использования становится невалидным. Для повторного вызова методаstart_update_flow_delayedзапросите объектRuStoreAppUpdateInfoповторно, используя методget_app_update_info.\nСм. разделПроверка наличия обновлений (https://rustore.ru/help#%D0%BF%D1%80%D0%BE%D0%B2%D0%B5%D1%80%D0%BA%D0%B0-%D0%BD%D0%B0%D0%BB%D0%B8%D1%87%D0%B8%D1%8F-%D0%BE%D0%B1%D0%BD%D0%BE%D0%B2%D0%BB%D0%B5%D0%BD%D0%B8%D0%B9).\ncodecodecode\nПодписка на событияfunc_ready():# Инициализация _appUpdate_client_appUpdate_client.on_start_update_flow_success.connect(_on_start_update_flow_success)_appUpdate_client.on_start_update_flow_failure.connect(_on_start_update_flow_failure)func_on_start_update_flow_success(flowResult:ERuStoreUpdateFlowResult.Item):passfunc_on_start_update_flow_failure(error:RuStoreError):pass\ncodecodecode\nВызов метода start_update_flow_delayed_appUpdate_client.start_update_flow_delayed()\nparagraphparagraphparagraph\nRESULT_OK (int = -1)— пользователь подтвердил скачивание обновления.\nRESULT_CANCELED (int = 0)— пользователь отказался от скачивания обновления.\nh3h3h3\nПринудительное обновление​\nparagraphparagraphparagraph\nОписание сценария принудительного обновления\nОбновление с UI от RuStore\nПользователю будет показан полноэкранный диалог с UI от RuStore для подтверждения обновления. Использование приложения будет заблокировано до тех пор, пока обновление не будет установлено.\nПри нажатии на кнопку «Обновить» отобразится диалоговое окно для подтверждения установки обновления.\nДалее при нажатии на кнопку «Установить» появится полноэкранный диалог об установке новой версии приложения.\nПосле завершения установки приложение перезапустится.\nadmonitionadmonitionadmonition\nпредупреждение\nparagraphparagraphparagraph\nПриложение будет перезапущено, если версия Rustore больше, либо равна 1.37. Если версия Rustore ниже, то приложение закроется для установки обновления и не будет открыто заново, когда закончится обновление.\nЗапуск сценария обновления\n\nparagraphparagraphparagraph\nПриложение будет перезапущено, если версия Rustore больше, либо равна 1.37. Если версия Rustore ниже, то приложение закроется для установки обновления и не будет открыто заново, когда закончится обновление.\nЗапуск сценария обновления\n\ncodecodecode\nВызов метода check_is_immediate_update_allowed# Инициализация _appUpdate_clientvarisAvailable:bool=_appUpdate_client.check_is_immediate_update_allowed()\nparagraphparagraphparagraph\ntrue— принудительное обновление доступно.\nfalse— принудительное обновление недоступно.\non_start_update_flow_success.\non_start_update_flow_failure.\nadmonitionadmonitionadmonition\nк сведению\nparagraphparagraphparagraph\nОбъектRuStoreAppUpdateInfoпосле однократного использования становится невалидным. Для повторного вызова методаstart_update_flow_immediateзапросите объектRuStoreAppUpdateInfoповторно, используя методget_app_update_info.\nparagraphparagraphparagraph\nОбъектRuStoreAppUpdateInfoпосле однократного использования становится невалидным. Для повторного вызова методаstart_update_flow_immediateзапросите объектRuStoreAppUpdateInfoповторно, используя методget_app_update_info.\ncodecodecode\nПодписка на событияfunc_ready():# Инициализация _appUpdate_client_appUpdate_client.on_start_update_flow_success.connect(_on_start_update_flow_success)_appUpdate_client.on_start_update_flow_failure.connect(_on_start_update_flow_failure)func_on_start_update_flow_success(flowResult:ERuStoreUpdateFlowResult.Item):passfunc_on_start_update_flow_failure(error:RuStoreError):pass\ncodecodecode\nВызов метода start_update_flow_immediate_appUpdate_client.start_update_flow_immediate()\nparagraphparagraphparagraph\nRESULT_OK (int = -1)— обновление выполнено, код может быть не получен, т.к. приложение в момент обновления завершается.\nRESULT_CANCELED (int = 0)— флоу прервано пользователем или произошла ошибка. Предполагается, что при получении этого кода, следует завершить работу приложения.\nACTIVITY_NOT_FOUND (int = 2)— RuStore не установлен, либо установлена версия, которая не поддерживает принудительное обновление (RuStore versionCode<191).\nh3h3h3\nТихое обновление​\nparagraphparagraphparagraph\nОписание сценария тихого обновления\nОбновление без UI от RuStore\nПользователю будет показано диалоговое окно для подтверждения установки обновления (обновление будет скачано в фоне).\nПосле завершения установки приложение закроется.\non_start_update_flow_success.\non_start_update_flow_failure.\nadmonitionadmonitionadmonition\nк сведению\nparagraphparagraphparagraph\nОбъектRuStoreAppUpdateInfoпосле однократного использования становится невалидным. Для повторного вызова методаstart_update_flow_silentзапросите объектRuStoreAppUpdateInfoповторно, используя методget_app_update_info.\nСм. разделПроверка наличия обновлений (https://rustore.ru/help#%D0%BF%D1%80%D0%BE%D0%B2%D0%B5%D1%80%D0%BA%D0%B0-%D0%BD%D0%B0%D0%BB%D0%B8%D1%87%D0%B8%D1%8F-%D0%BE%D0%B1%D0%BD%D0%BE%D0%B2%D0%BB%D0%B5%D0%BD%D0%B8%D0%B9).\nparagraphparagraphparagraph\nОбъектRuStoreAppUpdateInfoпосле однократного использования становится невалидным. Для повторного вызова методаstart_update_flow_silentзапросите объектRuStoreAppUpdateInfoповторно, используя методget_app_update_info.\nСм. разделПроверка наличия обновлений (https://rustore.ru/help#%D0%BF%D1%80%D0%BE%D0%B2%D0%B5%D1%80%D0%BA%D0%B0-%D0%BD%D0%B0%D0%BB%D0%B8%D1%87%D0%B8%D1%8F-%D0%BE%D0%B1%D0%BD%D0%BE%D0%B2%D0%BB%D0%B5%D0%BD%D0%B8%D0%B9).\ncodecodecode\nПодписка на событияfunc_ready():# Инициализация _appUpdate_client_appUpdate_client.on_start_update_flow_success.connect(_on_start_update_flow_success)_appUpdate_client.on_start_update_flow_failure.connect(_on_start_update_flow_failure)func_on_start_update_flow_success(flowResult:ERuStoreUpdateFlowResult.Item):passfunc_on_start_update_flow_failure(error:RuStoreError):pass\ncodecodecode\nВызов метода start_update_flow_silent_appUpdate_client.start_update_flow_silent()\nparagraphparagraphparagraph\nRESULT_OK (int = -1)— задача на скачивание обновления зарегистрирована.\nadmonitionadmonitionadmonition\nподсказка\nparagraphparagraphparagraph\nДля тихого обновления рекомендуется реализовать свой интерфейс.\nparagraphparagraphparagraph\nДля тихого обновления рекомендуется реализовать свой интерфейс.\nh2h2h2\nУстановка обновления​\n\nadmonitionadmonitionadmonition\nподсказка\nparagraphparagraphparagraph\nРекомендуется уведомить пользователя о готовности обновления к установке.\nПосле завершения скачивания файла обновления вы можете запустить установку обновления. Для запуска установки обновления используйте методcomplete_update. Перед использованием метода необходимо единожды выполнить подписку на событие.\non_complete_update_failure.\nparagraphparagraphparagraph\nРекомендуется уведомить пользователя о готовности обновления к установке.\nПосле завершения скачивания файла обновления вы можете запустить установку обновления. Для запуска установки обновления используйте методcomplete_update. Перед использованием метода необходимо единожды выполнить подписку на событие.\non_complete_update_failure.\ncodecodecode\nПодписка на событиеfunc_ready():# Инициализация _appUpdate_client_appUpdate_client.on_complete_update_failure.connect(_on_complete_update_failure)func_on_complete_update_failure(error:RuStoreError):pass\ncodecodecode\nВызов метода complete_update_appUpdate_client.complete_update()\nh2h2h2\nОбработка ошибок​\n\nadmonitionadmonitionadmonition\nподсказка\nparagraphparagraphparagraph\nПри получении любого события*_failureне рекомендуется самостоятельно отображать ошибку пользователю. Отображение ошибки может негативно повлиять на пользовательский опыт.\nparagraphparagraphparagraph\nПри получении любого события*_failureне рекомендуется самостоятельно отображать ошибку пользователю. Отображение ошибки может негативно повлиять на пользовательский опыт.\ncodecodecode\nКласс RuStoreErrorclass_nameRuStoreErrorextendsObjectvardescription:Stringfunc_init(json:String=\"\"):ifjson==\"\":description=\"\"else:varobj=JSON.parse_string(json)description=obj[\"detailMessage\"]\nparagraphparagraphparagraph\ndescription– описание ошибки.\nh3h3h3\nВозможные ошибки​\nparagraphparagraphparagraph\nRuStoreNotInstalledException— на устройстве пользователя не установлен RuStore;\nRuStoreOutdatedException— версия RuStore, установленная на устройстве пользователя, не поддерживает платежи;\nRuStoreUserUnauthorizedException— пользователь не авторизован в RuStore;\nRuStoreException— базовая ошибка RuStore, от которой наследуются остальные ошибки;\nRuStoreInstallException(public val code: Int)— ошибка скачивания и установки.ERROR_UNKNOWN(Int = 4001)— неизвестная ошибка.ERROR_DOWNLOAD(Int = 4002)— ошибка при скачивании.ERROR_BLOCKED(Int = 4003)— установка заблокированна системой.ERROR_INVALID_APK(Int = 4004)— некорректный APK обновления.ERROR_CONFLICT(Int = 4005)— конфликт с текущей версией приложения.ERROR_STORAGE(Int = 4006)— недостаточно памяти на устройстве.ERROR_INCOMPATIBLE(Int = 4007)— несовместимо с устройством.ERROR_APP_NOT_OWNED(Int = 4008)— приложение не куплено.ERROR_INTERNAL_ERROR(Int = 4009)— внутренняя ошибка.ERROR_ABORTED(Int = 4010)— пользователь отказался от установки обновления.ERROR_APK_NOT_FOUND(Int = 4011)— APK для запуска установки не найден.ERROR_EXTERNAL_SOURCE_DENIED(Int = 4012)— запуск обновления запрещён. Например, в первом методе вернулся ответ о том, что обновление недоступно, но пользователь вызывает второй метод.ERROR_ACTIVITY_SEND_INTENT(Int = 9901)— ошибка отправки intent на открытие активити.ERROR_ACTIVITY_UNKNOWN(Int = 9902)— неизвестная ошибка отрытия активити."
}