{
    "meta": {
        "language": "ru",
        "parse_date": "2024-07-06T19:32:36.039985",
        "current_url": "https://www.rustore.ru/help/users/purchases-and-returns/subscription-management/",
        "doc_section": "users",
        "h1_text": "Эффективное управление подписками в RuStore: Шаги по выбору, проверке, отмене и возобновлению"
    },
    "text": "h1h1h1\nЭффективное управление подписками в RuStore: Шаги по выбору, проверке, отмене и возобновлению\n\nh2h2h2\nКак выбрать варианты подписок​\nparagraphparagraphparagraph\nОткройте приложение RuStore.\nНажмитев нижнем меню.\nНажмите на название своего аккаунта.\nВ разделе «Подписки» выберите нужную подписку.\nВ открывшемся окне нажмите «Варианты подписок».\nВыберите подходящие условия.\nНажмите «Подписаться».\nh2h2h2\nКак проверить способ оплаты подписки​\nparagraphparagraphparagraph\nОткройте приложение RuStore.\nНажмитев нижнем меню.\nНажмите на название своего аккаунта.\nВ разделе «Подписки» выберите нужную подписку.\nПерейдите в подписку.\nПосмотрите информацию о способе оплаты — банковской карте или номере телефона, с баланса которого происходит оплата.\ndetailsdetailsdetails\nКак это сделать?\nparagraphparagraphparagraph\nК активной подписке нельзя привязать следующие инструменты:\nTinkoff pay;\nVKPay;\nМобильные операторы.\nparagraphparagraphparagraph\nК активной подписке нельзя привязать следующие инструменты:\nTinkoff pay;\nVKPay;\nМобильные операторы.\nh2h2h2\nКак отменить подписку​\nparagraphparagraphparagraph\nОткройте приложение RuStore.\nНажмитев нижнем меню.\nНажмите на название своего аккаунта.\nВ разделе «Подписки» выберите нужную подписку.\nВ открывшемся окне нажмите «Отменить подписку».\nh2h2h2\nКак возобновить подписку​\nparagraphparagraphparagraph\nЕсли вы отменили подписку, но срок оплаченного периода ещё не истёк, вы можете возобновить её. Списания продолжатся по расписанию — деньги будут списываться с того же инструмента, что и до отмены.\nОткройте приложение RuStore.\nНажмитев нижнем меню.\nНажмите на название своего аккаунта.\nВ разделе «Подписки» выберите отменённую подписку.\nНажмите «Возобновить подписку»."
}