{
    "meta": {
        "language": "ru",
        "parse_date": "2024-07-06T19:47:59.451121",
        "current_url": "https://www.rustore.ru/help/sdk/payments/defold/5-0-0/",
        "doc_section": "sdk"
    },
    "text": "admonitionadmonitionadmonition\nподсказка\nparagraphparagraphparagraph\nСценарий работы с платежами описан вгайде (https://rustore.ru/help/guides/payments). Изучите его перед началом работы.\nparagraphparagraphparagraph\nСценарий работы с платежами описан вгайде (https://rustore.ru/help/guides/payments). Изучите его перед началом работы.\nh2h2h2\nПример реализации​\nparagraphparagraphparagraph\nОзнакомьтесь сприложением-примеромчтобы узнать, как правильно интегрировать SDK платежей.\nh2h2h2\nУсловия работы платежей​\nparagraphparagraphparagraph\nНа устройстве пользователя установлена актуальная версия RuStore.\nПользователь авторизован в RuStore.\nПользователь и приложение не должны быть заблокированы в RuStore.\nДля приложения включена возможность покупок вКонсоли RuStore (https://console.rustore.ru/).\nВерсия Defold 1.6.2 или выше.\nadmonitionadmonitionadmonition\nпредупреждение\nparagraphparagraphparagraph\nСервис имеет некоторые ограничения на работу за пределами России.\nparagraphparagraphparagraph\nСервис имеет некоторые ограничения на работу за пределами России.\nh2h2h2\nПодключение в проект​\nparagraphparagraphparagraph\nПодключение в проект\nСкопируйте проекты плагина и приложения-примера из официального репозитория RuStore наGitFlic (https://gitflic.ru/project/rustore/rustore-defold-billing).\nОткройте в вашей IDE проект Android из папкиextension_libraries.\nВыполните сборку проекта командойgradle assemble.\nПри успешном выполнении сборки в папкахbilling_example/extension_rustore_billing/lib/androidиbilling_example/extension_rustore_core/lib/androidбудут созданы файлы:RuStoreDefoldBilling.jar;RuStoreDefoldCore.jar.\nСкопируйте папкиbilling_example/extension_rustore_billingиbilling_example/extension_rustore_coreв корень вашего проекта.\nh2h2h2\nОбработка deeplink​\nparagraphparagraphparagraph\nДля корректной работы оплаты через сторонние приложения (СБП, SberPay и др.) необходимо правильно реализовать обработку deeplink. Укажите вAndroidManifest.xmlintent-filterсschemeвашего проекта (см. ниже).\ncodecodecode\nAndroidManifest.xml<activity><!-- RUSTORE BILLING INTENT FILTER --><activityandroid:name=\"ru.rustore.defold.billing.RuStoreIntentFilterActivity\"android:exported=\"true\"android:launchMode=\"singleTask\"><intent-filter><actionandroid:name=\"android.intent.action.VIEW\"/><categoryandroid:name=\"android.intent.category.DEFAULT\"/><categoryandroid:name=\"android.intent.category.BROWSABLE\"/><!-- Set your appscheme --><dataandroid:scheme=\"yourappscheme\"/></intent-filter></activity>\nh2h2h2\nИнициализация​\nparagraphparagraphparagraph\nПеред вызовом методов библиотеки необходимо выполнить её инициализацию.\ncodecodecode\nВызов метода initlocalAPPLICATION_ID=\"123456\"localDEEPLINK_SCHEME=\"yourappscheme\"localDEBUG_LOGS=truerustorebilling.init(APPLICATION_ID,DEEPLINK_SCHEME,DEBUG_LOGS)\nparagraphparagraphparagraph\n123456— код приложения из консоли разработчика RuStore (пример:https://console.rustore.ru/apps/123456 (https://console.rustore.ru/apps/123456)).Чтобы получить ID приложения, скопируйте цифры из URL-адреса страницы приложения в RuStore Консоли послеapps/.\nyourappscheme— схема deeplink, необходимая для возврата в ваше приложение после оплаты через стороннее приложение (например, SberPay или СБП). SDK генерирует свой хост к данной схеме.\ndebugLogs— флаг регулирующий ведение журнала событий (логи будут автоматически отключены для Release-сборок).\nadmonitionadmonitionadmonition\nпримечание\n\n\nh2h2h2\nКак работают платежи​\n\nh2h2h2\nПроверка доступности работы с платежами​\nparagraphparagraphparagraph\nНа устройстве пользователя установлена актуальная версия RuStore.\nПриложение RuStore поддерживает функциональность платежей.\nПользователь авторизован в RuStore.\nПользователь и приложение не должны быть заблокированы в RuStore.\nДля приложения включена возможность покупок вКонсоли RuStore (https://console.rustore.ru/).\nrustore_check_purchases_available_success;\nrustore_check_purchases_available_failure.\ncodecodecode\nПодписка на событияfunctioninit(self)# Инициализация rustorebillingrustorecore.connect(\"rustore_check_purchases_available_success\",_check_purchases_available_success)rustorecore.connect(\"rustore_check_purchases_available_failure\",_check_purchases_available_failure)endfunction_check_purchases_availability_success(self,channel,value)local data=json.decode(value)endfunction_check_purchases_availability_failure(self,channel,value)local data=json.decode(value)end\ncodecodecode\nВызов метода check_purchases_availabilityrustorebilling.check_purchases_availability()\nparagraphparagraphparagraph\nisAvailable— выполнение условий выполнения платежей (true/false).\ncause— информация об ошибке.\nh2h2h2\nРабота с SDK​\n\nh3h3h3\nПолучение списка продуктов​\nparagraphparagraphparagraph\nДля получения списка продуктов используйте методget_products().\nПеред использованием метода необходимо единожды выполнить подписку на события:\nrustore_on_get_products_success;\nrustore_on_get_products_failure.\ncodecodecode\nПодписка на событияfunctioninit(self)# Инициализация rustorebillingrustorecore.connect(\"rustore_on_get_products_success\",_on_get_products_success)rustorecore.connect(\"rustore_on_get_products_failure\",_on_get_products_failure)endfunction_on_get_products_success(self,channel,value)local data=json.decode(value)endfunc_on_get_products_failure(self,channel,value)local data=json.decode(value)end\ncodecodecode\nВызов метода get_productslocalPRODUCT_IDS={\"non_con2\",\"non_con1\",\"con2\",\"con1\",\"sub2\",\"sub1\"}rustorebilling.get_products(PRODUCT_IDS)\nparagraphparagraphparagraph\ncurrency— код валюты ISO 4217.\ndescription— описание на языкеlanguage.\nimageUrl— ссылка на картинку.\nlanguage— язык, указанный с помощью BCP 47 кодирования.\nprice— цена в минимальных единицах (в копейках).\npriceLable— отформатированная цена товара, включая валютный знак на языкеlanguage.\nproductId— идентификатор продукта.\nproductStatus— тип продукта.\nproductType— статус продукта.\npromoImageUrl— ссылка на промокартинку.\ntitle— название продукта на языкеlanguage.\nsubscription— описание подписки, возвращается только для продуктов с типомsubscription.\nsubscriptionPeriod— период подписки.\nfreeTrialPeriod— пробный период подписки.\ngracePeriod— льготный период подписки.\nintroductoryPrice— отформатированная вступительная цена подписки, включая знак валюты, на языкеproduct:language.\nintroductoryPriceAmount— вступительная цена в минимальных единицах валюты (в копейках).\nintroductoryPricePeriod— расчётный период вступительной цены.\nyears— количество лет.\nmonths— количество месяцев.\ndays— количество дней.\nh3h3h3\nПокупка продукта​\nparagraphparagraphparagraph\nДля вызова покупки продукта используйте методpurchase_product().\nПеред использованием метода необходимо единожды выполнить подписку на события:\nrustore_on_purchase_product_success;\nrustore_on_purchase_product_failure.\ncodecodecode\nПодписка на событияfunctioninit(self)# Инициализация rustorebillingrustorecore.connect(\"rustore_on_purchase_product_success\",_on_purchase_product_success)rustorecore.connect(\"rustore_on_purchase_product_failure\",_on_purchase_product_failure)endfunction_on_purchase_product_success(self,channel,value)local data=json.decode(value)endfunction_on_purchase_product_failure(self,channel,value)local data=json.decode(value)end\ncodecodecode\nВызов метода purchase_productlocalPRODUCT_ID=\"example_id\"localPARAMS=\"{\"..\"\\\"orderId\\\":\\\"example\\\",\"..\"\\\"quantity\\\":1,\"..\"\\\"payload\\\":\\\"example\\\"\"..\"}\"rustorebilling.purchase_product(PRODUCT_ID,PARAMS)\nparagraphparagraphparagraph\nPRODUCT_ID— идентификатор продукта;\nPARAMS— опциональные параметры:orderId— уникальный идентификатор оплаты, сформированный приложением (UUID);quantity— количество продукта;payload— указанная разработчиком строка, содержащая дополнительную информацию о заказе.\ntype— тип результата запроса:Success- результат успешного завершения покупки цифрового товара;Failure- при отправке запроса на оплату или получения статуса оплаты возникла проблема, невозможно установить статус покупки;Cancelled— запрос на покупку отправлен, при этом пользователь закрыл «платёжную шторку» на своём устройстве, и результат оплаты неизвестен;InvalidPaymentState— ошибка работы SDK платежей. Может возникнуть, в случае некорректного обратного deeplink.\ndata— строка JSON с опциональными полями.\norderId— уникальный идентификатор оплаты, сформированный приложением (UUID).\npurchaseId— идентификатор покупки.\nproductId— идентификатор продукта.\ninvoiceId— идентификатор счёта.\nsubscriptionToken— токен для валидации покупки на сервере.\npurchaseId— идентификатор покупки.\ninvoiceId— идентификатор счёта.\norderId— уникальный идентификатор оплаты, сформированный приложением (UUID).\nquantity— количество продукта.\nproductId— идентификатор продукта.\nerrorCode— код ошибки.\npurchaseId— идентификатор покупки.\nh3h3h3\nПолучение списка покупок​\nparagraphparagraphparagraph\nМетод возвращает только покупки со статусами из таблицы ниже. Подробнее о других возможных состояниях покупки смотрите в разделеПолучение сведений о покупке.\n---Table Start---\nCONSUMABLE     | + |   | +\nNON-CONSUMABLE | + | + |  \nSUBSCRIPTION   | + | + |  \n---Table End---\nadmonitionadmonitionadmonition\nпримечание\nparagraphparagraphparagraph\nМетод возвращает незавершённые состояния покупки и покупки потребляемых товаров, требующих обработки. Помимо этого, он показывает подтверждённые покупки для подписок и непотребляемых товаров — тех, которые нельзя купить повторно.\nДля получения списка покупок пользователя используйте методget_purchases().\nПеред использованием метода необходимо единожды выполнить подписку на события:\nrustore_on_get_purchases_success;\nrustore_on_get_purchases_failure.\nparagraphparagraphparagraph\nМетод возвращает незавершённые состояния покупки и покупки потребляемых товаров, требующих обработки. Помимо этого, он показывает подтверждённые покупки для подписок и непотребляемых товаров — тех, которые нельзя купить повторно.\nДля получения списка покупок пользователя используйте методget_purchases().\nПеред использованием метода необходимо единожды выполнить подписку на события:\nrustore_on_get_purchases_success;\nrustore_on_get_purchases_failure.\ncodecodecode\nПодписка на событияfunctioninit(self)# Инициализация rustorebillingrustorecore.connect(\"rustore_on_get_purchases_success\",_on_get_purchases_success)rustorecore.connect(\"rustore_on_get_purchases_failure\",_on_get_purchases_failure)endfunction_on_get_purchases_success(self,channel,value)local data=json.decode(value)forkey,valueinpairs(data)do--value.amountendendfunction_on_get_purchases_failure(self,channel,value)local data=json.decode(value)end\ncodecodecode\nВызов метода get_purchasesrustorebilling.get_purchases()\nparagraphparagraphparagraph\namount— цена в минимальных единицах валюты.\namountLable— отформатированная цена покупки, включая валютный знак на языкеlanguage.\ncurrency— код валюты ISO 4217.\ndescription— описание на языкеlanguage.\ndeveloperPayload— указанная разработчиком строка, содержащая дополнительную информацию о заказе.\ninvoiceId— идентификатор счёта.\nlanguage— язык, указанный с помощью BCP 47 кодирования.\norderId— уникальный идентификатор оплаты, сформированный приложением (UUID).\nproductId— идентификатор продукта.\nproductType— тип продукта.\npurchaseId— идентификатор покупки.\npurchaseState— состояние покупки:\npurchaseTime— время покупки.\nquantity— количество продукта.\nsubscriptionToken— токен для валидации покупки на сервере.\nh3h3h3\nПолучение сведений о покупке​\nparagraphparagraphparagraph\nПеред использованием метода необходимо единожды выполнить подписку на события:\nrustore_on_get_purchase_info_success;\nrustore_on_get_purchase_info_failure.\ncodecodecode\nПодписка на событияfunctioninit(self)# Инициализация rustorebillingrustorecore.connect(\"rustore_on_get_purchase_info_success\",_on_get_purchase_info_success)rustorecore.connect(\"rustore_on_get_purchase_info_failure\",_on_get_purchase_info_failure)endfunction_on_get_purchase_info_success(self,channel,value)local data=json.decode(value)endfunction_on_get_purchase_info_failure(self,channel,value)local data=json.decode(value)end\ncodecodecode\nВызов метода get_purchase_info# Ваша реализацияUIзапроса информации о покупкеfunction_on_get_purchase_info_pressed(purchaseId):rustorebilling.get_purchase_info(purchaseId)end\nparagraphparagraphparagraph\namount— цена в минимальных единицах валюты.\namountLable— отформатированная цена покупки, включая валютный знак на языкеlanguage.\ncurrency— код валюты ISO 4217.\ndescription— описание на языкеlanguage.\ndeveloperPayload— указанная разработчиком строка, содержащая дополнительную информацию о заказе.\ninvoiceId— идентификатор счёта.\nlanguage— язык, указанный с помощью BCP 47 кодирования.\norderId— уникальный идентификатор оплаты, сформированный приложением (UUID).\nproductId— идентификатор продукта.\nproductType— тип продукта.\npurchaseId— идентификатор покупки.\npurchaseState— состояние покупки:\npurchaseTime— время покупки.\nquantity— количество продукта.\nsubscriptionToken— токен для валидации покупки на сервере.\nh3h3h3\nПодтверждение покупки​\n\nh4h4h4\nПродукты, требующие подтверждения​\nparagraphparagraphparagraph\nRuStore содержит продукты следующих типов.\nSUBSCRIPTION— подписка (можно купить на период времени, например: подписка в стриминговом сервисе).\nNON_CONSUMABLE— непотребляемый (можно купить один раз, например: отключение рекламы в приложении).\nCONSUMABLE— потребляемый (можно купить много раз, например: кристаллы в приложении).\nh4h4h4\nВызов метода подтверждения​\nparagraphparagraphparagraph\n\nПеред использованием метода необходимо единожды выполнить подписку на события:\nrustore_on_confirm_purchase_success;\nrustore_on_confirm_purchase_failure.\ncodecodecode\nПодписка на событияfunctioninit(self)# Инициализация rustorebillingrustorecore.connect(\"rustore_on_confirm_purchase_success\",_on_confirm_purchase_success)rustorecore.connect(\"rustore_on_confirm_purchase_failure\",_on_confirm_purchase_failure)endfunction_on_confirm_purchase_success(self,channel,value)local data=json.decode(value)endfunction_on_confirm_purchase_failure(self,channel,value)local data=json.decode(value)end\ncodecodecode\nВызов метода confirm_purchase# Ваша реализацияUIподтверждения покупкиfunction_on_confirm_purchase_pressed(purchaseId):rustorebilling.confirm_purchase(purchaseId)end\nparagraphparagraphparagraph\npurchaseId— идентификатор покупки.\nh3h3h3\nВалидация покупки на сервере​\nparagraphparagraphparagraph\nЕсли вам необходимо произвести валидацию успешной покупки на сервере методамиAPI RuStore, вы можете использовать значение поляsubscriptionToken, возвращаемого в строкеjsonпри успешной покупке продукта.\nSubscriptionTokenсостоит изinvoiceIdпокупки иuserId, записанных через точку:$invoiceId.$userId.\nПолучениеsubscriptionTokenиз результата покупки\ncodecodecode\nfunction_on_purchase_product_success(self,channel,value)local data=json.decode(value)ifdata.type==\"Success\"thenlocal subscriptionToken=data.data.subscriptionTokenyourApi.validate(subscriptionToken)endend\ncodecodecode\nfunction_on_get_purchases_success(self,channel,value)local data=json.decode(value)forkey,valueinpairs(data)doyourApi.validate(value.subscriptionToken)endend\nh3h3h3\nОтмена покупки​\nparagraphparagraphparagraph\nДля отмены покупки используйте методdelete_purchase.\nПеред использованием метода необходимо единожды выполнить подписку на события:\nrustore_on_delete_purchase_success;\nrustore_on_delete_purchase_failure.\ncodecodecode\nПодписка на событияfunctioninit(self)# Инициализация rustorebillingrustorecore.connect(\"rustore_on_delete_purchase_success\",_on_delete_purchase_success)rustorecore.connect(\"rustore_on_delete_purchase_failure\",_on_delete_purchase_failure)endfunction_on_delete_purchase_success(self,channel,value)local data=json.decode(value)endfunction_on_delete_purchase_failure(self,channel,value)local data=json.decode(value)end\ncodecodecode\nВызов метода delete_purchase# Ваша реализацияUIотмены покупкиfunction_on_delete_purchase_pressed(purchaseId):rustorebilling.delete_purchase(purchaseId)end\nparagraphparagraphparagraph\npurchaseId— идентификатор покупки.\npurchaseId— идентификатор покупки.\npurchaseId— идентификатор покупки.\ncause— информация об ошибке.\nadmonitionadmonitionadmonition\nк сведению\nparagraphparagraphparagraph\nИспользуйте этот метод, если у вас есть логика, завязанная на удалении покупки. Покупка отменяется автоматически через таймаут в 20 минут, либо при повторной покупке от того же клиента.\nparagraphparagraphparagraph\nИспользуйте этот метод, если у вас есть логика, завязанная на удалении покупки. Покупка отменяется автоматически через таймаут в 20 минут, либо при повторной покупке от того же клиента.\nh3h3h3\nОбработка незавершённых платежей​\nparagraphparagraphparagraph\nОбработка незавершённых платежей производится разработчиком.\nЧтобы подтвердить покупку типаCONSUMABLEи в статусеPAIDвызовите методподтверждения покупки(см.Получение сведений о покупке).\nВ случае с отменой покупки при использовании методов обработки платежей учитывайте свой внутренний процесс. У некоторых разработчиков он предусматривает проверки перед потреблением или отменой покупки. В этом случае запросите отдельно статус такой покупки.\nadmonitionadmonitionadmonition\nподсказка\nparagraphparagraphparagraph\nНапример, если пользователь оплатил товар, который вы по каким-то причинам не можете ему поставить, вызовите методотмены покупки (https://rustore.ru/help#%D0%BE%D1%82%D0%BC%D0%B5%D0%BD%D0%B0-%D0%BF%D0%BE%D0%BA%D1%83%D0%BF%D0%BA%D0%B8)в статусеPAID, чтобы отменить покупку.\nВ случаях, когда методполучения списка покупоквозвращает покупку со статусомINVOICE_CREATEDвы можете использовать методотмены покупки. Например, если не хотите видеть покупку с такими статусами в списке покупок. Делать это самим не обязательно, поскольку RuStore обрабатывает отмену таких покупок на своей стороне.\nparagraphparagraphparagraph\nНапример, если пользователь оплатил товар, который вы по каким-то причинам не можете ему поставить, вызовите методотмены покупки (https://rustore.ru/help#%D0%BE%D1%82%D0%BC%D0%B5%D0%BD%D0%B0-%D0%BF%D0%BE%D0%BA%D1%83%D0%BF%D0%BA%D0%B8)в статусеPAID, чтобы отменить покупку.\nВ случаях, когда методполучения списка покупоквозвращает покупку со статусомINVOICE_CREATEDвы можете использовать методотмены покупки. Например, если не хотите видеть покупку с такими статусами в списке покупок. Делать это самим не обязательно, поскольку RuStore обрабатывает отмену таких покупок на своей стороне.\nadmonitionadmonitionadmonition\nк сведению\nparagraphparagraphparagraph\nИногда после оплаты через приложение банка (СБП, SberPay, Tinkoff Pay и др.) и при последующем возврате обратно в приложение статус покупки остаётсяINVOICE_CREATED, при этом статус платежа — неуспешная покупка. Это связано с временем обработки покупки на стороне банка. Поэтому разработчику необходимо правильно связать логику получения списка покупок с жизненным циклом экрана.\nАльтернативное решение — отмена покупки в статусеINVOICE_CREATEDтолько через взаимодействие пользователя с приложением. Например, вы можете вынести эту логику в отдельную кнопку.\nparagraphparagraphparagraph\nИногда после оплаты через приложение банка (СБП, SberPay, Tinkoff Pay и др.) и при последующем возврате обратно в приложение статус покупки остаётсяINVOICE_CREATED, при этом статус платежа — неуспешная покупка. Это связано с временем обработки покупки на стороне банка. Поэтому разработчику необходимо правильно связать логику получения списка покупок с жизненным циклом экрана.\nАльтернативное решение — отмена покупки в статусеINVOICE_CREATEDтолько через взаимодействие пользователя с приложением. Например, вы можете вынести эту логику в отдельную кнопку.\nh2h2h2\nВедение журнала событий​\nparagraphparagraphparagraph\nЕсли необходимо логировать события библиотеки платежей, добавьте необязательный параметрdebugLogsв вызовinitи единожды выполните подписку на события:\nrustore_on_payment_logger_debug;\nrustore_on_payment_logger_error;\nrustore_on_payment_logger_info;\nrustore_on_payment_logger_verbose;\nrustore_on_payment_logger_warning.\ncodecodecode\nlocalAPPLICATION_ID=\"123456\"localDEEPLINK_SCHEME=\"yourappscheme\"localDEBUG_LOGS=truelocalLOG_TAG=\"yourtag\"functioninit(self)rustorecore.connect(\"rustore_on_payment_logger_debug\",_on_payment_logger_debug)rustorecore.connect(\"rustore_on_payment_logger_error\",_on_payment_logger_error)rustorecore.connect(\"rustore_on_payment_logger_info\",_on_payment_logger_info)rustorecore.connect(\"rustore_on_payment_logger_verbose\",_on_payment_logger_verbose)rustorecore.connect(\"rustore_on_payment_logger_warning\",_on_payment_logger_warning)rustorebilling.init(APPLICATION_ID,DEEPLINK_SCHEME,DEBUG_LOGS)endfunction_on_payment_logger_debug(self,channel,value)rustorecore.log_debug(LOG_TAG,value)endfunction_on_payment_logger_error(self,channel,value)rustorecore.log_error(LOG_TAG,value)endfunction_on_payment_logger_info(self,channel,value)rustorecore.log_info(LOG_TAG,value)endfunction_on_payment_logger_verbose(self,channel,value)rustorecore.log_verbose(LOG_TAG,value)endfunction_on_payment_logger_warning(self,channel,value)rustorecore.log_warning(LOG_TAG,value)end\nparagraphparagraphparagraph\nDEBUG_LOGS— включить логи (логи будут автоматически отключены для Release-сборок).\ne— информация об ошибке или \"null\". Структура ошибки описана в разделеОбработка ошибок (https://rustore.ru/help#%D0%BE%D0%B1%D1%80%D0%B0%D0%B1%D0%BE%D1%82%D0%BA%D0%B0-%D0%BE%D1%88%D0%B8%D0%B1%D0%BE%D0%BA).\nmessage– описание ошибки.\nh2h2h2\nСмена темы интерфейса​\nparagraphparagraphparagraph\nПример использования setTheme\ncodecodecode\nrustorebilling.set_theme(0)\nparagraphparagraphparagraph\n0- тёмная тема;\n1- светлая тема.\nh2h2h2\nОбработка ошибок​\nparagraphparagraphparagraph\nСтруктура ошибки\ncodecodecode\nОбработка json ошибкиfunction_on_failure(self,channel,value)local data=json.decode(value)local message=data.detailMessageend\nparagraphparagraphparagraph\ndetailMessage– описание ошибки.\nRuStoreNotInstalledException— на устройстве пользователя не установлен RuStore;\nRuStoreOutdatedException— версия RuStore, установленная на устройстве пользователя, не поддерживает платежи;\nRuStoreUserUnauthorizedException— пользователь не авторизован в RuStore;\nRuStoreRequestLimitReached— с момента последнего отображения процесса прошло слишком мало времени;\nRuStoreReviewExists— этот пользователь уже оценил ваше приложение;\nRuStoreInvalidReviewInfo— проблемы сReviewInfo;\nRuStoreException— базовая ошибка RuStore, от которой наследуются остальные ошибки.\ncodecodecode\nfunctioninit(self)rustorebilling.set_error_handling(true)# Инициализация rustorebillingend\nparagraphparagraphparagraph\ntrue— показывать диалог;\nfalse— не показывать диалог.\nh2h2h2\nКоды ошибок​\nparagraphparagraphparagraph\nНиже представлено описание возможных ошибок в полеerrorCode.\n---Table Start---\n400 | 40001 | Параметры запроса неверны — не заполнены обязательные параметры/неверный формат параметров.                                                                                                                                              \n400 | 40003 | Приложение не найдено.                                                                                                                                                                                                                   \n400 | 40004 | Статус приложения inactive .                                                                                                                                                                                                             \n400 | 40005 | Продукт не найден.                                                                                                                                                                                                                       \n400 | 40006 | Статус продукта inactive .                                                                                                                                                                                                               \n400 | 40007 | Недопустимый тип продукта. Поддерживаемые типы: consumable , non-consumable , subscription .                                                                                                                                             \n400 | 40008 | Покупка с таким order_id уже существует.                                                                                                                                                                                                 \n400 | 40009 | У текущего клиента найдена покупка этого продукта со статусом invoice_created . Необходимо предложить клиенту оплатить/отменить покупку.                                                                                                 \n400 | 40010 | Для типа продукта consumable . У текущего клиента найдена покупка этого продукта со статусом paid . Сначала требуется подтвердить потребление покупки на устройстве, а затем можно отправлять следующий запрос на покупку этого продукта.\n400 | 40011 | Для типа продукта non-consumable . У текущего клиента найдена покупка этого продукта со статусом pre_confirmed / confirmed . Такой продукт уже приобретён. Более одного раза продукт не продаётся.                                       \n400 | 40012 | Для типа продукта subscription . У текущего клиента найдена покупка этого продукта со статусом pre_confirmed / confirmed . Такой продукт уже приобретён. Более одного раза продукт не продаётся.                                         \n400 | 40013 | Для типа продукта subscription . При обращении в сервис подписок за списком продуктов GET/products ( serviceId , user_id ) данные не были получены.                                                                                      \n400 | 40014 | Обязательный атрибут(-ы) не пришел в запросе.                                                                                                                                                                                           \n400 | 40015 | Не удалось изменить статус при обновлении покупки (переход запрещён).                                                                                                                                                                    \n400 | 40016 | При покупке подписки непотребляемого продукта указано значение quantity > 1 .                                                                                                                                                            \n400 | 40017 | Продукт удалён, новые покупки не доступны.                                                                                                                                                                                               \n400 | 40018 | Нельзя потреблять продукт с типом тип продукта .                                                                                                                                                                                         \n401 | 40101 | Невалидный токен.                                                                                                                                                                                                                        \n401 | 40102 | Время жизни токена истекло.                                                                                                                                                                                                              \n403 | 40301 | Доступ к запрашиваемому ресурсу запрещён (неавторизованно).                                                                                                                                                                              \n403 | 40302 | Для текущего токена текущий вызов не авторизован (метод запрещён).                                                                                                                                                                       \n403 | 40303 | Идентификатор приложения в запросе и токен не совпадают.                                                                                                                                                                                 \n403 | 40305 | Неверный тип токена.                                                                                                                                                                                                                     \n404 | 40401 | Не найдено.                                                                                                                                                                                                                              \n408 | 40801 | Истекло время ожидания уведомления, указанное в запросе.                                                                                                                                                                                 \n500 | 50*** | Внутренняя ошибка платежного сервиса.                                                                                                                                                                                                    \n---Table End---"
}