{
    "meta": {
        "language": "ru",
        "parse_date": "2024-07-06T20:02:35.141211",
        "current_url": "https://www.rustore.ru/help/sdk/updates/unity/0-2-0/",
        "doc_section": "sdk",
        "h1_text": "0.2.0"
    },
    "text": "h1h1h1\n0.2.0\n\nh2h2h2\nОбщие сведения​\nparagraphparagraphparagraph\nRuStore In-app updates SDK поддерживает актуальную версию приложения на устройстве пользователя. Это помогает пользователю увидеть обновления, оценить улучшение производительности и результат исправления ошибок.\nh2h2h2\nПример пользовательского сценария​\nparagraphparagraphparagraph\nИспользуйте RuStore In-app updates SDK для реализации различных способов обновлений. В настоящий момент поддерживаются: отложенное, тихое (без UI от RuStore) и принудительное обновление.\nИзучить код примера на Unity >>\nh2h2h2\nУсловия корректной работы SDK​\nparagraphparagraphparagraph\nДля работы RuStore In-app updates SDK необходимо соблюдение следующих условий.\nОС Android версии 7.0 или выше\nВерсия RuStore на устройстве пользователя актуальная\nПользователь авторизован в RuStore\nПриложению RuStore разрешена установка приложений\nh2h2h2\nПодключение в проект​\nparagraphparagraphparagraph\nДля подключения скачайтеRuStore AppUpdate SDKи импортируйте его в проект (Assets > Import Package > Custom Package). Зависимости подключаются автоматически с помощью External Dependency Manager (включен в SDK).\nMinimum API levelдолжен быть установлен не ниже24. Минификация приложения (ProGuard/R8) в данный момент не поддерживается, её необходимо отключить в настройках проекта (File > Build Settings > Player Settings > Publishing Settings > Minify).\nh2h2h2\nСоздание менеджера обновлений​\nparagraphparagraphparagraph\nПеред вызовом методов библиотеки необходимо создать менеджер обновлений.\ncodecodecode\nRuStoreAppUpdateManager.Instance.Init();\nh2h2h2\nПроверка наличия обновлений​\nparagraphparagraphparagraph\n\nНа устройстве пользователя установлена актуальная версия RuStore.\nПользователь и приложение не должны быть заблокированы в RuStore.\nПриложению RuStore разрешена установка приложений.\nПользователь авторизован в RuStore.\ncodecodecode\nRuStoreAppUpdateManager.Instance.GetAppUpdateInfo(onFailure:(error)=>{// Handle error},onSuccess:(info)=>{// Process update info})\nparagraphparagraphparagraph\nupdateAvailability— доступность обновления:UNKNOWN (int == 0)— по умолчанию;UPDATE_NOT_AVAILABLE (int == 1)— обновление не нужно;UPDATE_AVAILABLE (int == 2)— обновление требуется загрузить или обновление уже загружено на устройство пользователя;DEVELOPER_TRIGGERED_UPDATE_IN_PROGRESS (int == 3)— обновление уже скачивается или установка уже запущена.\ninstallStatus— статус установки обновления, если пользователь уже устанавливает обновление в текущий момент времени:UNKNOWN (int == 0)— по умолчанию;DOWNLOADED (int == 1)— скачано;DOWNLOADING (int == 2)— скачивается;FAILED (int == 3)— ошибка;PENDING (int == 5)— в ожидании.\nadmonitionadmonitionadmonition\nк сведению\nparagraphparagraphparagraph\nЗапуск скачивания обновления возможен только в том случае, если полеupdateAvailabilityсодержит значениеUPDATE_AVAILABLE.\nparagraphparagraphparagraph\nЗапуск скачивания обновления возможен только в том случае, если полеupdateAvailabilityсодержит значениеUPDATE_AVAILABLE.\nh2h2h2\nСкачивание и установка обновлений​\n\nh3h3h3\nИспользование слушателя (listener)​\nparagraphparagraphparagraph\nПосле подтверждения доступности обновления (AppUpdateInfo) вы можете запросить статус скачивания обновления — для этого запустите слушатель статуса скачивания обновления.\nh3h3h3\nПроверка статуса скачивания обновления​\nparagraphparagraphparagraph\nИспользуйте методRegisterListener().\ncodecodecode\nRuStoreAppUpdateManager.Instance.RegisterListener(listener)\ncodecodecode\nUpdateListenerpublicinterfaceIInstallStateUpdateListener{publicvoidOnStateUpdated(InstallStatestate);}\nparagraphparagraphparagraph\ninstallStatus— статус установки обновления, если пользователь уже устанавливает обновление в текущий момент времени:UNKNOWN (int == 0)— по умолчанию;DOWNLOADED (int == 1)— скачано;DOWNLOADING (int == 2)— скачивается;FAILED (int == 3)— ошибка;PENDING (int == 5)— в ожидании;\nbytesDownloaded— количество загруженных байт;\ntotalBytesToDownload— общее количество байт, которое необходимо скачать;\ninstallErrorCode— код ошибки во время скачивания. Коды ошибок описаны в разделеОбработка ошибок (https://rustore.ru/help#обработка-ошибок).\nh3h3h3\nУдаление слушателя​\nparagraphparagraphparagraph\nЕсли необходимости в слушателе больше нет, воспользуйтесь методом удаления слушателяunregisterListener(), передав в метод ранее зарегистрированный слушатель.\ncodecodecode\nRuStoreAppUpdateManager.Instance.UnregisterListener(listener);\nh2h2h2\nЗапуск скачивания обновления​\n\nh3h3h3\nОтложенное обновление​\nparagraphparagraphparagraph\nОписание сценария отложенного обновления\nОбновление с UI от RuStore\nПользователю будет показан диалог с UI от RuStore для подтверждения обновления.\nПри нажатии на кнопку «Обновить» покажется диалоговое окно для подтверждения установки обновления.\nПосле завершения установки приложение закроется.\nadmonitionadmonitionadmonition\nк сведению\nparagraphparagraphparagraph\nОбъектAppUpdateInfoпосле однократного использования становится невалидным. Для повторного вызова методаStartUpdateFlow()запроситеAppUpdateInfo, снова используя методGetAppUpdateInfo().\nparagraphparagraphparagraph\nОбъектAppUpdateInfoпосле однократного использования становится невалидным. Для повторного вызова методаStartUpdateFlow()запроситеAppUpdateInfo, снова используя методGetAppUpdateInfo().\ncodecodecode\nRuStoreAppUpdateManager.Instance.StartUpdateFlow(onFailure:(error)=>{// Handle error},onSuccess:(resultCode)=>{// Handle flow result});\nadmonitionadmonitionadmonition\nк сведению\nparagraphparagraphparagraph\nСписок возможных ошибок (https://rustore.ru/help#%D0%BE%D0%B1%D1%80%D0%B0%D0%B1%D0%BE%D1%82%D0%BA%D0%B0-%D0%BE%D1%88%D0%B8%D0%B1%D0%BE%D0%BA)\nparagraphparagraphparagraph\nСписок возможных ошибок (https://rustore.ru/help#%D0%BE%D0%B1%D1%80%D0%B0%D0%B1%D0%BE%D1%82%D0%BA%D0%B0-%D0%BE%D1%88%D0%B8%D0%B1%D0%BE%D0%BA)\nh2h2h2\nУстановка обновления​\nparagraphparagraphparagraph\nПосле завершения скачивания APK-файла обновления вы можете запустить установку обновления. Для запуска установки обновления вызовите методCompleteUpdate().\ncodecodecode\nRuStoreAppUpdateManager.Instance.CompleteUpdate(onFailure:(error)=>{// Handle error});\nh2h2h2\nОбработка ошибок​\n\nadmonitionadmonitionadmonition\nподсказка\nparagraphparagraphparagraph\nЕсли вы получили в ответonFailure, не рекомендуется самостоятельно отображать ошибку пользователю. Отображение ошибки может негативно повлиять на пользовательский опыт.\nНиже представлена структура ошибки.\nparagraphparagraphparagraph\nЕсли вы получили в ответonFailure, не рекомендуется самостоятельно отображать ошибку пользователю. Отображение ошибки может негативно повлиять на пользовательский опыт.\nНиже представлена структура ошибки.\ncodecodecode\npublic class RuStoreError {public string name;public string description;}\nh3h3h3\nВозможные ошибки​\nparagraphparagraphparagraph\nRuStoreNotInstalledException— на устройстве пользователя не установлен RuStore;\nRuStoreOutdatedException— версия RuStore, установленная на устройстве пользователя, не поддерживает платежи;\nRuStoreUserUnauthorizedException— пользователь не авторизован в RuStore;\nRuStoreException— базовая ошибка RuStore, от которой наследуются остальные ошибки;\nRuStoreInstallException(public val code: Int)— ошибка скачивания и установки.ERROR_UNKNOWN(Int = 4001)— неизвестная ошибка.ERROR_DOWNLOAD(Int = 4002)— ошибка при скачивании.ERROR_BLOCKED(Int = 4003)— установка заблокированна системой.ERROR_INVALID_APK(Int = 4004)— некорректный APK обновления.ERROR_CONFLICT(Int = 4005)— конфликт с текущей версией приложения.ERROR_STORAGE(Int = 4006)— недостаточно памяти на устройстве.ERROR_INCOMPATIBLE(Int = 4007)— несовместимо с устройством.ERROR_APP_NOT_OWNED(Int = 4008)— приложение не куплено.ERROR_INTERNAL_ERROR(Int = 4009)— внутренняя ошибка.ERROR_ABORTED(Int = 4010)— пользователь отказался от установки обновления.ERROR_APK_NOT_FOUND(Int = 4011)— APK для запуска установки не найден.ERROR_EXTERNAL_SOURCE_DENIED(Int = 4012)— запуск обновления запрещён. Например, в первом методе вернулся ответ о том, что обновление недоступно, но пользователь вызывает второй метод.ERROR_ACTIVITY_SEND_INTENT(Int = 9901)— ошибка отправки intent на открытие активити.ERROR_ACTIVITY_UNKNOWN(Int = 9902)— неизвестная ошибка отрытия активити.\nh2h2h2\nСписок зависимостей для обновления приложения​\nparagraphparagraphparagraph\nru.rustore.sdk:core:0.1.10— GNU Lesser General Public License v3.0;\nru.rustore.sdk:analytics:0.1.5— GNU Lesser General Public License v3.0;\norg.jetbrains.kotlin:kotlin-stdlib-jdk8:1.7.20— The Apache Software License, Version 2.0;\norg.jetbrains.kotlinx:kotlinx-coroutines-android:1.6.4— The Apache Software License, Version 2.0;\nandroidx.core:core-ktx:1.9.0— The Apache Software License, Version 2.0;\nandroidx.appcompat:appcompat:1.5.1— The Apache Software License, Version 2.0;\nandroidx.activity:activity:1.5.1— The Apache Software License, Version 2.0."
}