{
    "meta": {
        "language": "ru",
        "parse_date": "2024-07-06T20:13:32.010341",
        "current_url": "https://www.rustore.ru/help/developers/tools/mytracker/quick-start/",
        "doc_section": "developers",
        "h1_text": "MyTracker в RuStore: подключение и настройка нового аккаунта"
    },
    "text": "h1h1h1\nMyTracker в RuStore: подключение и настройка нового аккаунта\n\nadmonitionadmonitionadmonition\nпримечание\nparagraphparagraphparagraph\nТолько владелец приложения может подключить инструмент и создать аккаунт.\nparagraphparagraphparagraph\nТолько владелец приложения может подключить инструмент и создать аккаунт.\nh2h2h2\nПодключение нового аккаунта MyTracker к приложению RuStore​\nparagraphparagraphparagraph\nЕсли у вас нет аккаунта MyTracker, вы можете создать его прямо из RuStore. Для этого вам необходимо:\nПодключить инструмент в консоли разработчика.\nПри подключении, выберите «создать новый аккаунт». Если к вашему аккаунту разработчика RuStore не привязана электронная почта, мы попросим вас её добавить — это необходимо для функционирования MyTracker.\nПосле добавления сервиса в консоли RuStore вам необходимо перейти в MyTracker и заполнить необходимые для регистрации данные.\nПосле этого перейдите в раздел «Окружение» — «Аккаунты» (это можно сделать через меню навигации слева) и примите приглашение в аккаунт, нажав кнопку «принять».\nГотово! Ваш аккаунт создан и связан с RuStore. Теперь необходимо подключить SDK MyTracker к вашему приложению.\nh2h2h2\nПодключение существующего аккаунта MyTracker к приложению RuStore​\nparagraphparagraphparagraph\nЕсли у вас уже есть аккаунт MyTracker и вы хотите подключить приложение из RuStore к нему, то вам необходимо:\nПодключить инструмент в RuStore Консоли;\nПри подключении, выберите «подключить существующий»;\nДля того, чтобы связать аккаунты, введите код интеграции из MyTracker. Вы можете найти его на странице «Магазины приложений» вашего приложения в MyTracker.\nОбратите внимание — к вашему приложению в MyTracker должна быть добавлена ссылка на RuStore. Если её нет — добавьте.\nГотово! Теперь ваши аккаунты MyTracker и RuStore связаны. Если вы этого еще не сделали, подключите SDK MyTracker к вашему приложению.\nh2h2h2\nПодключение SDK MyTracker​\n\nadmonitionadmonitionadmonition\nпримечание\nparagraphparagraphparagraph\nОзнакомьтесь с инструкцией по подключению SDK на портале документации MyTracker.\nparagraphparagraphparagraph\nОзнакомьтесь с инструкцией по подключению SDK на портале документации MyTracker."
}