{
    "meta": {
        "language": "ru",
        "parse_date": "2024-07-06T19:33:14.836887",
        "current_url": "https://www.rustore.ru/help/users/app-management/app-search/",
        "doc_section": "users",
        "h1_text": "Как найти приложение в RuStore"
    },
    "text": "h1h1h1\nКак найти приложение в RuStore\nparagraphparagraphparagraph\nОткройте приложение RuStore.\nВ верхней части экрана в поле «Поиск в RuStore» введите название приложения.\nВ строке поиска введите название приложения.\nh1h1h1\nГде найти список установленных приложений\nparagraphparagraphparagraph\nАвторизуйтесь в RuStore, чтобы просматривать список установленных на устройстве приложений в разделе «Моё».\nОткройте приложение RuStore.\nВ нижнем меню выберите «Моё».\nНажмите «Все приложения» и выберите «На этом устройстве».\nh2h2h2\nКак найти приложения, установленные под учётной записью RuStore на других устройствах​\nparagraphparagraphparagraph\nОткройте приложение RuStore.\nВ нижнем меню выберите «Моё».\nНажмите «Все приложения» и выберите «Нет на устройстве»."
}