{
    "meta": {
        "language": "ru",
        "parse_date": "2024-07-06T19:46:11.932329",
        "current_url": "https://www.rustore.ru/help/sdk/payments/godot/5-0-0/",
        "doc_section": "sdk"
    },
    "text": "admonitionadmonitionadmonition\nподсказка\nparagraphparagraphparagraph\nСценарий работы с платежами описан вгайде (https://rustore.ru/help/guides/payments). Изучите его перед началом работы.\nparagraphparagraphparagraph\nСценарий работы с платежами описан вгайде (https://rustore.ru/help/guides/payments). Изучите его перед началом работы.\nh2h2h2\nПример реализации​\nparagraphparagraphparagraph\nОзнакомьтесь сприложением-примеромчтобы узнать, как правильно интегрировать SDK платежей.\nh2h2h2\nУсловия работы платежей​\nparagraphparagraphparagraph\nНа устройстве пользователя установлена актуальная версия RuStore.\nПользователь авторизован в RuStore.\nПользователь и приложение не должны быть заблокированы в RuStore.\nДля приложения включена возможность покупок вКонсоли RuStore (https://console.rustore.ru/).\nadmonitionadmonitionadmonition\nпредупреждение\nparagraphparagraphparagraph\nСервис имеет некоторые ограничения на работу за пределами России.\nparagraphparagraphparagraph\nСервис имеет некоторые ограничения на работу за пределами России.\nh2h2h2\nПодготовка к работе​\n\nadmonitionadmonitionadmonition\nпредупреждение\nparagraphparagraphparagraph\nБиблиотеки плагинов в репозитории собраны для Godot Engine 4.2.1. Если вы используете другую версию Godot Engine, выполните шаги разделаПересборка плагина (https://gitflic.ru/project/rustore/godot-rustore-billing/blob/?file=README.md&branch=master&mode=markdown).\nСкопируйте проекты плагина и приложения-примера из официального репозитория RuStore наGitFlic (https://gitflic.ru/project/rustore/godot-rustore-billing).\nСкопируйте содержимое папкиgodot_example/android/pluginsв папкуyour_project/android/plugins.\nВ пресете сборки Android в спискеПлагиныотметьте плагиныRu Store Godot BillingиRu Store Godot Core.\nparagraphparagraphparagraph\nБиблиотеки плагинов в репозитории собраны для Godot Engine 4.2.1. Если вы используете другую версию Godot Engine, выполните шаги разделаПересборка плагина (https://gitflic.ru/project/rustore/godot-rustore-billing/blob/?file=README.md&branch=master&mode=markdown).\nСкопируйте проекты плагина и приложения-примера из официального репозитория RuStore наGitFlic (https://gitflic.ru/project/rustore/godot-rustore-billing).\nСкопируйте содержимое папкиgodot_example/android/pluginsв папкуyour_project/android/plugins.\nВ пресете сборки Android в спискеПлагиныотметьте плагиныRu Store Godot BillingиRu Store Godot Core.\nh2h2h2\nОбработка deeplink​\nparagraphparagraphparagraph\nДля корректной работы оплаты через сторонние приложения (СБП, SberPay и др.) необходимо правильно реализовать обработку deeplink. Укажите вAndroidManifest.xmlintent-filterсschemeвашего проекта (см. ниже).\ncodecodecode\n<activityandroid:name=\".GodotApp\"android:label=\"@string/godot_project_name_string\"android:theme=\"@style/GodotAppSplashTheme\"android:excludeFromRecents=\"false\"android:exported=\"true\"android:screenOrientation=\"landscape\"android:configChanges=\"orientation|keyboardHidden|screenSize|smallestScreenSize|density|keyboard|navigation|screenLayout|uiMode\"android:resizeableActivity=\"false\"tools:ignore=\"UnusedAttribute\"><intent-filter><actionandroid:name=\"android.intent.action.MAIN\"/><categoryandroid:name=\"android.intent.category.LAUNCHER\"/></intent-filter><!-- your app scheme --><intent-filter><actionandroid:name=\"android.intent.action.VIEW\"/><categoryandroid:name=\"android.intent.category.DEFAULT\"/><categoryandroid:name=\"android.intent.category.BROWSABLE\"/><dataandroid:scheme=\"yourappscheme\"/></intent-filter></activity>\nh2h2h2\nИнициализация​\nparagraphparagraphparagraph\nПеред вызовом методов библиотеки необходимо выполнить её инициализацию.\ncodecodecode\nconstAPPLICATION_ID=\"123456\"constDEEPLINK_SCHEME=\"yourappscheme\"constDEBUG_LOGS=falsevar_billing_client:RuStoreGodotBillingClient=nullfunc_ready():_billing_client=RuStoreGodotBillingClient.get_instance()_billing_client.init(APPLICATION_ID,DEEPLINK_SCHEME,DEBUG_LOGS)\nparagraphparagraphparagraph\nAPPLICATION_ID— код приложения из RuStore Консоли (пример:https://console.rustore.ru/apps/123456).\nDEEPLINK_SCHEME— схема deeplink, необходимая для возврата в ваше приложение после оплаты через стороннее приложение (например, SberPay или СБП). SDK генерирует свой хост к данной схеме.\nDEBUG_LOGS— флаг, регулирующий ведение журнала событий (логи будут автоматически отключены для Release-сборок).\nadmonitionadmonitionadmonition\nпримечание\nparagraphparagraphparagraph\nПосле инициализации плагина выполняется подключение ко всем доступным сигналам.\nparagraphparagraphparagraph\nПосле инициализации плагина выполняется подключение ко всем доступным сигналам.\nh2h2h2\nКак работают платежи​\n\nh2h2h2\nПроверка доступности работы с платежами​\nparagraphparagraphparagraph\nВо время проверки доступности платежей проверяются следующие условия.\nНа устройстве пользователя установлена актуальная версия RuStore.\nПриложение RuStore поддерживает функциональность платежей.\nПользователь авторизован в RuStore.\nПользователь и приложение не должны быть заблокированы в RuStore.\nДля приложения включена возможность покупок вКонсоли RuStore (https://console.rustore.ru/).\non_check_purchases_availability_success;\non_check_purchases_availability_failure.\ncodecodecode\nПодписка на событияfunc_ready():# Инициализация _billing_client_billing_client.on_check_purchases_availability_success(_on_check_purchases_availability_success)_billing_client.on_check_purchases_availability_failure(_on_check_purchases_availability_failure)func_on_check_purchases_availability_success(result:RuStoreFeatureAvailabilityResult):passfunc_on_check_purchases_availability_failure(error:RuStoreError):pass\ncodecodecode\nВызов метода check_purchases_availability_billing_client.check_purchases_availability()\ncodecodecode\nclass_nameRuStoreFeatureAvailabilityResultextendsObjectvarisAvailable:boolvarcause:RuStoreErrorfunc_init(json:String=\"\"):ifjson==\"\":isAvailable=falsecause=RuStoreError.new()else:varobj=JSON.parse_string(json)isAvailable=obj[\"isAvailable\"]cause=RuStoreError.new(json)\nparagraphparagraphparagraph\nisAvailable— выполнение условий выполнения платежей (true/false).\ncause— информация об ошибке.\nh2h2h2\nРабота с SDK​\n\nh3h3h3\nПолучение списка продуктов​\nparagraphparagraphparagraph\n\nПеред использованием метода необходимо единожды выполнить подписку на события:\non_get_products_success;\non_get_products_failure.\ncodecodecode\nПодписка на событияfunc_ready():# Инициализация _billing_client_billing_client.on_get_products_success(_on_get_products_success)_billing_client.on_get_products_failure(_on_get_products_failure)func_on_get_products_success(products:Array):passfunc_on_get_products_failure(error:RuStoreError):pass\ncodecodecode\nВызов метода get_productsconstPRODUCT_IDS=[\"123\",\"non_con\",\"con\",\"sub\"]_billing_client.get_products(PRODUCT_IDS)\ncodecodecode\nclass_nameRuStoreProductextendsObjectvarproductId:String=\"\"varproductStatus:ERuStoreProductStatus.Item=0varproductType:ERuStoreProductType.Item=0varpriceLabel:String=\"\"varprice:int=0varcurrency:String=\"\"varlanguage:String=\"\"vartitle:String=\"\"vardescription:String=\"\"varimageUrl:String=\"\"varpromoImageUrl:String=\"\"varsubscription:RuStoreProductSubscription=nullfunc_init(json:String=\"\"):ifjson!=\"\":varobj=JSON.parse_string(json)productId=obj[\"productId\"]productStatus=ERuStoreProductStatus.Item.get(obj[\"productStatus\"])ifobj.has(\"productType\"):productType=ERuStoreProductType.Item.get(obj[\"productType\"])ifobj.has(\"priceLabel\"):priceLabel=obj.get(\"priceLabel\")ifobj.has(\"price\"):price=int(obj[\"price\"])ifobj.has(\"currency\"):currency=obj.get(\"currency\")ifobj.has(\"language\"):language=obj.get(\"language\")ifobj.has(\"title\"):title=obj.get(\"title\")ifobj.has(\"description\"):description=obj.get(\"description\")ifobj.has(\"imageUrl\"):imageUrl=\"\"#obj[\"imageUrl\"]ifobj.has(\"promoImageUrl\"):promoImageUrl=\"\"#obj[\"promoImageUrl\"]ifobj.has(\"subscription\"):subscription=RuStoreProductSubscription.new(str(obj[\"subscription\"]))\nparagraphparagraphparagraph\nproductId— идентификатор продукта.\nproductType— тип продукта:NON_CONSUMABLE— непотребляемый (можно купить один раз, например: отключение рекламы в приложении);CONSUMABLE— потребляемый (можно купить много раз, например: кристаллы в приложении);SUBSCRIPTION— подписка (можно купить на период времени, например: подписка в стриминговом сервисе).\nproductStatus— статус продукта:ACTIVE— продукт доступен для покупки;INACTIVE— продукт недоступен для покупки.\npriceLable— отформатированная цена товара, включая валютный знак на языкеlanguage.\nprice— цена в минимальных единицах (в копейках).\ncurrency— код валюты ISO 4217.\nlanguage— язык, указанный с помощью BCP 47 кодирования.\ntitle— название продукта на языкеlanguage.\ndescription— описание на языкеlanguage.\nimageUrl— ссылка на картинку.\npromoImageUrl— ссылка на промокартинку.\nsubscription— описание подписки, возвращается только для продуктов с типомsubscription.\ncodecodecode\nclass_nameRuStoreProductSubscriptionextendsObjectvarsubscriptionPeriod:RuStoreSubscriptionPeriod=nullvarfreeTrialPeriod:RuStoreSubscriptionPeriod=nullvargracePeriod:RuStoreSubscriptionPeriod=nullvarintroductoryPrice:String=\"\"varintroductoryPriceAmount:String=\"\"varintroductoryPricePeriod:RuStoreSubscriptionPeriod=nullfunc_init(json:String=\"\"):ifjson!=\"\":varobj=JSON.parse_string(json)ifobj.has(\"subscriptionPeriod\"):subscriptionPeriod=RuStoreSubscriptionPeriod.new(str(obj[\"subscriptionPeriod\"]))ifobj.has(\"freeTrialPeriod\"):freeTrialPeriod=RuStoreSubscriptionPeriod.new(obj[\"freeTrialPeriod\"])ifobj.has(\"gracePeriod\"):gracePeriod=RuStoreSubscriptionPeriod.new(obj[\"gracePeriod\"])ifobj.has(\"introductoryPrice\"):introductoryPrice=obj[\"introductoryPrice\"]ifobj.has(\"introductoryPriceAmount\"):introductoryPriceAmount=obj[\"introductoryPriceAmount\"]ifobj.has(\"introductoryPricePeriod\"):introductoryPricePeriod=RuStoreSubscriptionPeriod.new(obj[\"introductoryPricePeriod\"])\nparagraphparagraphparagraph\nsubscriptionPeriod— период подписки.\nfreeTrialPeriod— пробный период подписки.\ngracePeriod— льготный период подписки.\nintroductoryPrice— отформатированная вступительная цена подписки, включая знак валюты, на языкеproduct:language.\nintroductoryPriceAmount— вступительная цена в минимальных единицах валюты (в копейках).\nintroductoryPricePeriod— расчётный период вступительной цены.\ncodecodecode\nclass_nameRuStoreSubscriptionPeriodextendsObjectvardays:int=0varmonths:int=0varyears:int=0func_init(json:String=\"\"):ifjson!=\"\":varobj=JSON.parse_string(json)days=int(obj[\"days\"])months=int(obj[\"months\"])years=int(obj[\"years\"])\nparagraphparagraphparagraph\ndays— количество дней.\nmonths— количество месяцев.\nyears— количество лет.\nh3h3h3\nПокупка продукта​\nparagraphparagraphparagraph\n\nПеред использованием метода необходимо единожды выполнить подписку на события:\non_purchase_product_success;\non_purchase_product_failure\ncodecodecode\nПодписка на событияfunc_ready():# Инициализация _billing_client_billing_client.on_purchase_product_success(_on_purchase_product_success)_billing_client.on_purchase_product_failure(_on_purchase_product_failure)func_on_purchase_product_success(result:RuStorePaymentResult):passfunc_on_purchase_product_failure(error:RuStoreError):pass\ncodecodecode\nВызов метода purchase_productconstPRODUCT_ID=\"123\"constPARAMS={\"order_id\":\"example_id\",\"quantity\":1,\"payload\":\"Some payload\"}_billing_client.purchase_product(PRODUCT_ID,PARAMS)\nparagraphparagraphparagraph\nPRODUCT_ID— идентификатор продукта;\nPARAMS— опциональные параметры:orderId— идентификатор заказа, создаётся на стороне AnyApp. (необязательно — если не указан, то генерируется автоматически);quantity— количество продукта(необязательно);developerPayload— указанная разработчиком строка, содержащая дополнительную информацию о заказе.\nSuccess- результат успешного завершения покупки цифрового товара.\nFailure- при отправке запроса на оплату или получения статуса оплаты возникла проблема, невозможно установить статус покупки.\nCancelled— запрос на покупку отправлен, при этом пользователь закрыл «платёжную шторку» на своём устройстве, и результат оплаты неизвестен.\nInvalidPaymentState— ошибка работы SDK платежей. Может возникнуть, в случае некорректного обратного deeplink.\ncodecodecode\nclass_nameRuStorePaymentResultextendsObject\ncodecodecode\nclassSuccessextendsRuStorePaymentResult:varorderId:String=\"\"varpurchaseId:String=\"\"varproductId:String=\"\"varinvoiceId:String=\"\"varsubscriptionToken:String=\"\"func_init(json:String=\"\"):ifjson!=\"\":varobj=JSON.parse_string(json)ifobj.has(\"orderId\"):purchaseId=obj[\"orderId\"]purchaseId=obj[\"purchaseId\"]productId=obj[\"productId\"]invoiceId=obj[\"invoiceId\"]ifobj.has(\"subscriptionToken\"):purchaseId=obj[\"subscriptionToken\"]\nparagraphparagraphparagraph\norderId— уникальный идентификатор оплаты, сформированный приложением (UUID)(необязательно — если не указан, то генерируется автоматически);\npurchaseId— идентификатор покупки;\nproductId— идентификатор продукта;\ninvoiceId— идентификатор счёта;\nsubscriptionToken— токен подписки. Состоит изinvoiceIdпокупки иuserIdRuStore, записанных через точку:invoiceId.userId.\ncodecodecode\nclassCancelledextendsRuStorePaymentResult:varpurchaseId:Stringfunc_init(json:String=\"\"):ifjson!=\"\":varobj=JSON.parse_string(json)purchaseId=obj[\"purchaseId\"]\ncodecodecode\nclassFailureextendsRuStorePaymentResult:varpurchaseId:String=\"\"varinvoiceId:String=\"\"varorderId:String=\"\"varquantity:int=0varproductId:String=\"\"varerrorCode:int=0func_init(json:String=\"\"):ifjson!=\"\":varobj=JSON.parse_string(json)ifobj.has(\"purchaseId\"):purchaseId=obj[\"purchaseId\"]ifobj.has(\"invoiceId\"):invoiceId=obj[\"invoiceId\"]ifobj.has(\"orderId\"):orderId=obj[\"orderId\"]ifobj.has(\"quantity\"):quantity=int(obj[\"quantity\"])ifobj.has(\"productId\"):productId=obj[\"productId\"]ifobj.has(\"errorCode\"):errorCode=int(obj[\"errorCode\"])\nparagraphparagraphparagraph\npurchaseId— идентификатор покупки.\ninvoiceId— идентификатор счёта.\norderId— уникальный идентификатор оплаты, сформированный приложением (UUID).\nquantity— количество продукта.\nproductId— идентификатор продукта.\nerrorCode— код ошибки.\ncodecodecode\nclassInvalidPaymentStateextendsRuStorePaymentResult:pass\nh3h3h3\nПолучение сведений о покупке​\nparagraphparagraphparagraph\nПеред использованием метода необходимо единожды выполнить подписку на события:\non_get_purchase_info_success;\non_get_purchase_info_failure.\ncodecodecode\nПодписка на событияfunc _ready:# Инициализация _billing_client_billing_client.on_get_purchase_info_success(_on_get_purchase_info_success)_billing_client.on_get_purchase_info_failure(_on_get_purchase_info_failure)func_on_get_purchase_info_success(purchase:RuStorePurchase):passfunc_on_get_purchase_info_failure(error:RuStoreError):pass\ncodecodecode\nВызов метода get_purchase_info# Ваша реализацияUIзапроса информации о покупкеfunc_on_confirm_purchase_pressed(purchase:RuStorePurchase):_billing_client.get_purchase_info(purchase.purchaseId)\ncodecodecode\nclass_nameRuStorePurchaseextendsNodevarpurchaseId:String=\"\"varproductId:String=\"\"varproductType:ERuStoreProductType.Item=ERuStoreProductType.Item.NON_CONSUMABLEvarinvoiceId:String=\"\"vardescription:String=\"\"varlanguage:String=\"\"varpurchaseTime:String=\"\"varorderId:String=\"\"varamountLabel:String=\"\"varamount:int=0varcurrency:String=\"\"varquantity:int=0varpurchaseState:ERuStorePurchaseState.Item=ERuStorePurchaseState.Item.CANCELLEDvardeveloperPayload:String=\"\"varsubscriptionToken:String=\"\"func_init(json:String=\"\"):ifjson!=\"\":varobj=JSON.parse_string(json)ifobj.has(\"purchaseId\"):purchaseId=obj[\"purchaseId\"]productId=obj[\"productId\"]ifobj.has(\"productType\"):productType=ERuStoreProductType.Item.get(obj[\"productType\"])ifobj.has(\"invoiceId\"):invoiceId=obj[\"invoiceId\"]ifobj.has(\"description\"):description=obj[\"description\"]ifobj.has(\"language\"):language=obj[\"language\"]ifobj.has(\"purchaseTime\"):purchaseTime=obj[\"purchaseTime\"]#RuStoreDateTimeifobj.has(\"orderId\"):orderId=obj[\"orderId\"]ifobj.has(\"amountLabel\"):amountLabel=obj[\"amountLabel\"]ifobj.has(\"amount\"):amount=int(obj[\"amount\"])ifobj.has(\"currency\"):currency=obj[\"currency\"]ifobj.has(\"quantity\"):quantity=int(obj[\"quantity\"])ifobj.has(\"purchaseState\"):purchaseState=ERuStorePurchaseState.Item.get(obj[\"purchaseState\"])ifobj.has(\"developerPayload\"):developerPayload=obj[\"developerPayload\"]ifobj.has(\"subscriptionToken\"):subscriptionToken=obj[\"subscriptionToken\"]\nparagraphparagraphparagraph\npurchaseId— идентификатор покупки.\nproductId— идентификатор продукта.\nproductType— тип продукта:NON_CONSUMABLE— непотребляемый (можно купить один раз, например: отключение рекламы в приложении);CONSUMABLE— потребляемый (можно купить много раз, например: кристаллы в приложении);SUBSCRIPTION— подписка (можно купить на период времени, например: подписка в стриминговом сервисе).\ninvoiceId— идентификатор счёта.\ndescription— описание на языкеlanguage.\nlanguage— язык, указанный с помощью BCP 47 кодирования.\npurchaseTime— время покупки:MMM— сокращенное название месяца (январь — Jan);dd— день месяца;yyyy— год;h— час в 12-часовом формате;mm— минуты;ss— секунды;a— AM/PM индикатор времени.\norderId— уникальный идентификатор оплаты, сформированный приложением (UUID).\namountLable— отформатированная цена покупки, включая валютный знак на языкеlanguage.\namount— цена в минимальных единицах валюты.\ncurrency— код валюты ISO 4217.\nquantity— количество продукта.\npurchaseState— состояние покупки:CREATED— покупка создана;INVOICE_CREATED— по покупке создан счёт, ожидает оплаты;PAID— только покупки потребляемого товара — промежуточный статус, средства на счёте покупателя зарезервированы. Покупка ожидает подтверждения от разработчика;CONFIRMED— финальный статус, покупка подтверждена (для подписок и непотребляемых товаров). Средства отправлены разработчику. Повторная покупка товара блокируется магазином;CONSUMED— для потребляемых товаров — конечный статус, потребление покупки подтверждено. Можно производить повторную покупку товара;CANCELLED— покупка отменена — оплата не была произведена или был совершен возврат средств покупателю (для подписок после возврата средств покупка не переходит вCANCELLED);PAUSED— для подписок — подписка перешла в HOLD период;TERMINATED— подписка закрылась.\ndeveloperPayload— указанная разработчиком строка, содержащая дополнительную информацию о заказе.\nsubscriptionToken— токен для валидации покупки на сервере.\nh3h3h3\nПолучение списка покупок​\nparagraphparagraphparagraph\nМетод возвращает только покупки со статусами из таблицы ниже. Подробнее о других возможных состояниях покупки смотрите в разделеПолучение сведений о покупке.\n---Table Start---\nconsumable     | + |   | + |  \nnon-consumable | + | + |   |  \nsubscription   | + | + |   | +\n---Table End---\nadmonitionadmonitionadmonition\nпримечание\nparagraphparagraphparagraph\nМетод возвращает незавершённые состояния покупки и покупки потребляемых товаров, требующих обработки. Помимо этого, он показывает подтверждённые покупки для подписок и непотребляемых товаров — тех, которые нельзя купить повторно.\n\nПеред использованием метода необходимо единожды выполнить подписку на события:\non_get_purchases_success;\non_get_purchases_failure.\nparagraphparagraphparagraph\nМетод возвращает незавершённые состояния покупки и покупки потребляемых товаров, требующих обработки. Помимо этого, он показывает подтверждённые покупки для подписок и непотребляемых товаров — тех, которые нельзя купить повторно.\n\nПеред использованием метода необходимо единожды выполнить подписку на события:\non_get_purchases_success;\non_get_purchases_failure.\ncodecodecode\nПодписка на событияfunc _ready:# Инициализация _billing_client_billing_client.on_get_purchases_success(_on_get_purchases_success)_billing_client.on_get_purchases_failure(_on_get_purchases_failure)func_on_get_purchases_success(purchases:Array):passfunc_on_get_purchases_failure(error:RuStoreError):pass\ncodecodecode\nВызов метода get_purchases_billing_client.get_purchases()\ncodecodecode\nclass_nameRuStorePurchaseextendsNodevarpurchaseId:String=\"\"varproductId:String=\"\"varproductType:ERuStoreProductType.Item=ERuStoreProductType.Item.NON_CONSUMABLEvarinvoiceId:String=\"\"vardescription:String=\"\"varlanguage:String=\"\"varpurchaseTime:String=\"\"varorderId:String=\"\"varamountLabel:String=\"\"varamount:int=0varcurrency:String=\"\"varquantity:int=0varpurchaseState:ERuStorePurchaseState.Item=ERuStorePurchaseState.Item.CANCELLEDvardeveloperPayload:String=\"\"varsubscriptionToken:String=\"\"func_init(json:String=\"\"):ifjson!=\"\":varobj=JSON.parse_string(json)ifobj.has(\"purchaseId\"):purchaseId=obj[\"purchaseId\"]productId=obj[\"productId\"]ifobj.has(\"productType\"):productType=ERuStoreProductType.Item.get(obj[\"productType\"])ifobj.has(\"invoiceId\"):invoiceId=obj[\"invoiceId\"]ifobj.has(\"description\"):description=obj[\"description\"]ifobj.has(\"language\"):language=obj[\"language\"]ifobj.has(\"purchaseTime\"):purchaseTime=obj[\"purchaseTime\"]#RuStoreDateTimeifobj.has(\"orderId\"):orderId=obj[\"orderId\"]ifobj.has(\"amountLabel\"):amountLabel=obj[\"amountLabel\"]ifobj.has(\"amount\"):amount=int(obj[\"amount\"])ifobj.has(\"currency\"):currency=obj[\"currency\"]ifobj.has(\"quantity\"):quantity=int(obj[\"quantity\"])ifobj.has(\"purchaseState\"):purchaseState=ERuStorePurchaseState.Item.get(obj[\"purchaseState\"])ifobj.has(\"developerPayload\"):developerPayload=obj[\"developerPayload\"]ifobj.has(\"subscriptionToken\"):subscriptionToken=obj[\"subscriptionToken\"]\nparagraphparagraphparagraph\npurchaseId— идентификатор покупки.\nproductId— идентификатор продукта.\nproductType— тип продукта:NON_CONSUMABLE— непотребляемый (можно купить один раз, например: отключение рекламы в приложении);CONSUMABLE— потребляемый (можно купить много раз, например: кристаллы в приложении);SUBSCRIPTION— подписка (можно купить на период времени, например: подписка в стриминговом сервисе).\ninvoiceId— идентификатор счёта.\ndescription— описание на языкеlanguage.\nlanguage— язык, указанный с помощью BCP 47 кодирования.\npurchase_time— время покупки.MMM— сокращенное название месяца (январь — Jan);dd— день месяца;yyyy— год;h— час в 12-часовом формате;mm— минуты;ss— секунды;a— AM/PM индикатор времени.\norderId— уникальный идентификатор оплаты, сформированный приложением (UUID).\namountLable— отформатированная цена покупки, включая валютный знак на языкеlanguage.\namount— цена в минимальных единицах валюты.\ncurrency— код валюты ISO 4217.\nquantity— количество продукта.\npurchaseState— состояние покупки:CREATED— покупка создана;INVOICE_CREATED— по покупке создан счёт, ожидает оплаты;PAID— только покупки потребляемого товара — промежуточный статус, средства на счёте покупателя зарезервированы. Покупка ожидает подтверждения от разработчика;CONFIRMED— финальный статус, покупка подтверждена (для подписок и непотребляемых товаров). Средства отправлены разработчику. Повторная покупка товара блокируется магазином;CONSUMED— для потребляемых товаров — конечный статус, потребление покупки подтверждено. Можно производить повторную покупку товара;CANCELLED— покупка отменена — оплата не была произведена или был совершен возврат средств покупателю (для подписок после возврата средств покупка не переходит вCANCELLED);PAUSED— для подписок — подписка перешла в HOLD период;TERMINATED— подписка закрылась.\ndeveloperPayload— указанная разработчиком строка, содержащая дополнительную информацию о заказе.\nsubscriptionToken— токен для валидации покупки на сервере.\nh3h3h3\nПодтверждение покупки​\n\nh4h4h4\nПродукты, требующие подтверждения​\nparagraphparagraphparagraph\nRuStore содержит продукты следующих типов.\nSUBSCRIPTION— подписка (можно купить на период времени, например: подписка в стриминговом сервисе).\nNON_CONSUMABLE— непотребляемый (можно купить один раз, например: отключение рекламы в приложении).\nCONSUMABLE— потребляемый (можно купить много раз, например: кристаллы в приложении).\nh4h4h4\nВызов метода подтверждения​\nparagraphparagraphparagraph\n\nПеред использованием метода необходимо единожды выполнить подписку на события:\non_confirm_purchase_success;\non_confirm_purchase_failure.\ncodecodecode\nПодписка на событияfunc _ready:# Инициализация _billing_client_billing_client.on_confirm_purchase_success(_on_confirm_purchase_success)_billing_client.on_confirm_purchase_failure(_on_confirm_purchase_failure)func_on_confirm_purchase_success(purchase_id:String):passfunc_on_confirm_purchase_failure(purchase_id:String,error:RuStoreError):pass\ncodecodecode\nВызов метода confirm_purchase# Ваша реализацияUIподтверждения покупкиfunc_on_confirm_purchase_pressed(purchase:RuStorePurchase):_billing_client.confirm_purchase(purchase.purchaseId)\nh3h3h3\nОтмена покупки​\nparagraphparagraphparagraph\n\nПеред использованием метода необходимо единожды выполнить подписку на события:\non_delete_purchase_success;\non_delete_purchase_failure.\ncodecodecode\nПодписка на событияfunc _ready:# Инициализация _billing_client_billing_client.on_delete_purchase_success(_on_delete_purchase_success)_billing_client.on_delete_purchase_failure(_on_delete_purchase_failure)func_on_delete_purchase_success(purchase_id:String):passfunc_on_delete_purchase_failure(purchase_id:String,error:RuStoreError):_core_client.show_toast(purchase_id+\" \"+error.description)\ncodecodecode\nВызов метода delete_purchase# Ваша реализацияUIотмены покупкиfunc_on_delete_purchase_pressed(purchase:RuStorePurchase):_billing_client.delete_purchase(purchase.purchaseId)\nparagraphparagraphparagraph\nОбратный вызов (callback)on_delete_purchase_info_successвозвращает идентификатор покупки.\nОбратный вызов (callback)on_delete_purchase_info_failureвозвращает идентификатор покупки типаStringи объектRuStoreErrorс информацией об ошибке. Структура ошибки описана в разделеОбработка ошибок (https://rustore.ru/help#%D0%BE%D0%B1%D1%80%D0%B0%D0%B1%D0%BE%D1%82%D0%BA%D0%B0-%D0%BE%D1%88%D0%B8%D0%B1%D0%BE%D0%BA).\nh2h2h2\nЛогирование​\nparagraphparagraphparagraph\nЕсли необходимо логировать события библиотеки платежей, добавьте необязательный параметрdebugLogsв вызовinitи единожды выполните подписку на события:\non_payment_logger_debug;\non_payment_logger_error;\non_payment_logger_info;\non_payment_logger_verbose;\non_payment_logger_warning.\ncodecodecode\nfunc_ready():_billing_client=RuStoreGodotBillingClient.get_instance()_billing_client.on_payment_logger_debug.connect(_on_payment_logger_debug)_billing_client.on_payment_logger_error.connect(_on_payment_logger_error)_billing_client.on_payment_logger_info.connect(_on_payment_logger_info)_billing_client.on_payment_logger_verbose.connect(_on_payment_logger_verbose)_billing_client.on_payment_logger_warning.connect(_on_payment_logger_warning)# Вызов метода initfunc_on_payment_logger_debug(error:RuStoreError,message:String,tag:String):_core_client.show_toast(tag+\": \"+message)func_on_payment_logger_error(error:RuStoreError,message:String,tag:String):_core_client.show_toast(tag+\": \"+message)func_on_payment_logger_info(error:RuStoreError,message:String,tag:String):_core_client.show_toast(tag+\": \"+message)func_on_payment_logger_verbose(error:RuStoreError,message:String,tag:String):_core_client.show_toast(tag+\": \"+message)func_on_payment_logger_warning(error:RuStoreError,message:String,tag:String):_core_client.show_toast(tag+\": \"+message)\nparagraphparagraphparagraph\nerror— информация об ошибке. Структура ошибки описана в разделеОбработка ошибок (https://rustore.ru/help#%D0%BE%D0%B1%D1%80%D0%B0%D0%B1%D0%BE%D1%82%D0%BA%D0%B0-%D0%BE%D1%88%D0%B8%D0%B1%D0%BE%D0%BA).\nmessage— сообщение для логирования.\ntag— тэг лога.\nh2h2h2\nДинамическая смена темы интерфейса​\nparagraphparagraphparagraph\nВызов метода установки темы\ncodecodecode\nfunc_ready():_billing_client=RuStoreGodotBillingClient.get_instance()vartheme=ERuStoreTheme.Item.DARK\nparagraphparagraphparagraph\nDARK— тёмная тема;\nLIGHT— светлая тема.\nh2h2h2\nОбработка ошибок​\nparagraphparagraphparagraph\nВозможные ошибки\nRuStoreNotInstalledException— на устройстве пользователя не установлен RuStore;\nRuStoreOutdatedException— версия RuStore, установленная на устройстве пользователя, не поддерживает платежи;\nRuStoreUserUnauthorizedException— пользователь не авторизован в RuStore;\nRuStoreRequestLimitReached— с момента последнего отображения процесса прошло слишком мало времени;\nRuStoreReviewExists— этот пользователь уже оценил ваше приложение;\nRuStoreInvalidReviewInfo— проблемы сReviewInfo;\nRuStoreException— базовая ошибка RuStore, от которой наследуются остальные ошибки.\ncodecodecode\nclass_nameRuStoreErrorextendsObjectvarname:String=\"\"vardescription:String=\"\"func_init(json:String=\"\"):ifjson!=\"\":varobj=JSON.parse_string(json)ifobj.has(\"simpleName\"):name=obj[\"simpleName\"]ifobj.has(\"detailMessage\"):description=obj[\"detailMessage\"]\nparagraphparagraphparagraph\nname– имя ошибки.\ndescription– описание ошибки.\ncodecodecode\nfunc_ready():_billing_client=RuStoreGodotBillingClient.get_instance()_billing_client.set_error_handling(true)\nparagraphparagraphparagraph\ntrue— показывать диалог;\nfalse— не показывать диалог."
}