{
    "meta": {
        "language": "ru",
        "parse_date": "2024-07-06T19:30:09.273026",
        "current_url": "https://www.rustore.ru/help/users/start/interface/",
        "doc_section": "users",
        "h1_text": "Интерфейс RuStore: Навигация, подборки, установка и профиль пользователя"
    },
    "text": "h1h1h1\nИнтерфейс RuStore: Навигация, подборки, установка и профиль пользователя\nparagraphparagraphparagraph\nНажмитена домашнем экране вашего устройства, чтобы открыть мобильное приложение RuStore.\nПри первом входе в приложение нажмите «Войти» для авторизации.\nПриложение состоит из пяти разделов: «Интересное», «Приложения», «Игры», «Mини» и «Moё».\nh2h2h2\nИнтересное​\nparagraphparagraphparagraph\nВ этом разделе отображаются только подборки. Подборки могут содержать игры, приложения или и то, и другое. Нажмитев нижнем меню, чтобы открыть раздел.\nВы можете выбрать и открыть подборку из предложенных.\nПодборки могут быть:\nв виде «историй» сверху;\nс тематической обложкой и контентом — кратким описанием подборки и списком приложений;\nс тематической обложкой для продвижения единственного приложения;\nв виде карусели приложений со скриншотами;\nв виде карусели из иконок в ряд;\nв виде карусели приложений списком.\nh2h2h2\nПриложения​\nparagraphparagraphparagraph\nВ этом разделе собраны все приложения, размещённые в RuStore. Нажмитев нижнем меню, чтобы открыть раздел.\nВы можете выбрать и открыть приложение из списка предложенных. Нажмите на название приложения, чтобы перейти на его страницу. С этой страницы вы можете устанавливать или обновлять приложение.\nh2h2h2\nИгры​\nparagraphparagraphparagraph\nВ этом разделе собраны игры, размещённые в RuStore. Нажмитев нижнем меню, чтобы открыть раздел.\nВы можете выбрать и открыть игры из списка предложенных. Нажмите на название игры,\nчтобы перейти на её страницу. С этой страницы вы можете устанавливать или обновлять\nигру.\nh2h2h2\nМоё​\nparagraphparagraphparagraph\nВ этом разделе находится информация о вашем профиле:\nдоступных обновлений для приложений на вашем устройстве;\nинформация о приложении RuStore;\nваш аватар;\nномер телефона или почта, прикрепленные к профилю.\nКак найти приложение в RuStore (https://rustore.ru/help/users/app-management/app-search)\nКак оставить отзыв на приложение (https://rustore.ru/help/users/app-management/app-review)\nКак обновить приложения в RuStore (https://rustore.ru/help/users/app-management/update-app-from-rustore)\nКак настроить родительский контроль в RuStore (https://rustore.ru/help/users/start/change-theme)\nКак изменить тему в приложении RuStore (https://rustore.ru/help/users/start/parental-control)\nКак настроить уведомления в RuStore (https://rustore.ru/help/users/start/notification)"
}