{
    "meta": {
        "language": "ru",
        "parse_date": "2024-07-06T20:09:43.531067",
        "current_url": "https://www.rustore.ru/help/developers/publishing-and-verifying-apps/app-publication/app-publication-aurora/dev-certificate/generate-csr/",
        "doc_section": "developers",
        "h1_text": "Генерация файла-запроса на сертификат"
    },
    "text": "h1h1h1\nГенерация файла-запроса на сертификат\n\nh2h2h2\nГенерация ключа​\nparagraphparagraphparagraph\nДля подписывания пакетов рекомендуется использовать ГОСТ 34.10-2012.\nСгенерировать ключ можно как на сборочном окружении, так и из Aurora IDE в процессе создания файла запроса, который описан вдокументации ОС Аврора.\nЧтобы сгенерировать ключ на сборочном окружении, выполните команду:\ncodecodecode\n$ openssl genpkey-engine gost-algorithm gost2012_256-pkeyopt paramset:A-aes256-out{key}.pem\nh2h2h2\nГенерация запроса​\nparagraphparagraphparagraph\nСертификат можно получить как на сборочном окружении, так и из Aurora IDE. Процесс создания сертификата описан в вдокументации ОС Аврора.\nЧтобы получить сертификат на сборочном окружении, сгенерируйте CSR — запрос на сертификат для подписывания пакетов.\nЧтобы создать запрос на получение сертификата, подготовьте файл настроек запроса csr.conf, который имеет следующий вид:\ncodecodecode\n[req]distinguished_name=req_distinguished_nameprompt=nostring_mask=utf8onlyx509_extensions=v3_usr[req_distinguished_name]CN={COMMON_NAME}[v3_usr]basicConstraints=critical,CA:FALSEkeyUsage=digitalSignaturesubjectKeyIdentifier=hashauthorityKeyIdentifier=keyid\nparagraphparagraphparagraph\nдоменное имя сайта компании;\nФИО разработчика, зарегистрировавшего аккаунт как физическое лицо в RuStore;\nуникальный никнейм или название, позволяющее определить разработчика;\nне более 64 символов;\nне должна содержаться информация оскорбительного характера, нарушающая законы РФ или вводящая в заблуждение;\ncodecodecode\nopenssl req-new-utf8-batch-config csr.conf-key{key}.pem-out{csr}.pem"
}