{
    "meta": {
        "language": "ru",
        "parse_date": "2024-07-06T19:36:15.025170",
        "current_url": "https://www.rustore.ru/help/developers/monetization/without-rustore-app/",
        "doc_section": "developers",
        "h1_text": "Приём платежей без установки RuStore"
    },
    "text": "h1h1h1\nПриём платежей без установки RuStore\nparagraphparagraphparagraph\nТеперь пользователи смогут оплачивать покупки и подписки в вашем приложении, даже если на их устройствах не установлен RuStore.\nh2h2h2\nПреимущества​\nparagraphparagraphparagraph\nВы сможете увеличить объём выручки и привлечь лояльную аудиторию, поскольку теперь:\nпользователи могут оплачивать покупки, даже если они пока не установили RuStore;\nвы можете продолжать принимать платежи, публикуя приложения на разных площадках.\nh2h2h2\nТехнические особенности​\nparagraphparagraphparagraph\nФункция доступна при использованииSDK платежей (https://rustore.ru/help/sdk/payments)версии 6.0.0 и выше.\nПользователю необходимо авторизоваться по VK ID, когда SDK платежей получает запрос списка покупок (метод getPurchases) или списка доступных к покупке продуктов (метод getProducts).\nПользователю необходимо авторизоваться по VK ID, когда он оплачивает покупку.\nПри авторизации пользователь увидит предложение установить RuStore, чтобы оплачивать покупки без дополнительных авторизаций.\nh2h2h2\nПеред использованием SDK​\nparagraphparagraphparagraph\nРекомендуем выполнить следующие доработки перед переходом на SDK платежей версии 6.0.0 и выше.\nСократите количество запросов на авторизациюВаше приложение может запрашивать у SDK список покупок или доступных к покупке продуктов.\nНапример, когда нужно показать пользователю игровой баланс, версию подписки или проверить, покупал ли он PRO-версию приложения.При таких запросах пользователюпочти каждый раз (https://rustore.ru/help#table)нужно будет авторизоваться по VK ID.\nЭто неудобно и может не понравиться пользователям.Чтобы сократить количество запросов на авторизацию, замените обращения к SDK платежей (методы getPurchases и getProducts) на обращения к внутренней логике приложения.\nВы можете сохранить списки покупок и продуктов внутри приложения или на сервере, и обновлять эти данные с помощью RuStore API.В этом случае пользователю нужно будет авторизоваться только при оплате покупок.\nНастройте аналитикуЕсли вы опубликовали приложение на разных площадках и хотите разделить потоки платежей по источнику установки приложения, создайте разные варианты сборки на основеbuild flavors (https://developer.android.com/build/build-variants).\nЭто позволит собирать аналитику в зависимости от канала дистрибуции.подсказкаКак определить из какого магазина установлено приложение? (https://rustore.ru/help/sdk/payments/payment-issues-faq)\nh2h2h2\nДействия пользователя​\nparagraphparagraphparagraph\nПроцедура оплаты покупок описана впользовательской документации.\nВ ней же можно найти подсказки о том, как упростить авторизацию по по VK ID.\nh2h2h2\nОсобенности запросов на авторизацию​\nparagraphparagraphparagraph\nВ таблице описано, при каких условиях и как часто пользователь получает запрос на авторизацию.\n---Table Start---\nRuStore не установлен на устройстве                              | Запрос авторизации появляется: в каждой сессии работы с приложением при вызове методов SDK: getPurchases getProduct purchaseProduct если в течение одной сессии работы с приложение прошло более 900 секунд после предыдущего вызова методов SDK: getPurchases getProduct purchaseProduct | При втором и последующем вызове авторизации в рамках одной сессии работы с приложением, авторизация выполняется в один клик. Чтобы проверить наличие RuStore на устройстве, воспользуйтесь методом isRuStoreInstalled из набора утилит RuStoreUtils .\nДанный метод вернет true или false в зависимости от наличия RuStore                                                                                                                                                                                                                                                            \nRuStore установлен на устройстве, но пользователь не авторизован | Запрос авторизации появляется при вызове методов SDK: getPurchases getProduct purchaseProduct                                                                                                                                                                                             | Для авторизации пользователь направляется в приложение RuStore.\nПовторная авторизация не требуется, пока пользователь не выйдет из профиля в приложении RuStore. Чтобы проверить доступность платежей, воспользуйтесь методом checkPurchasesAvailability .\nЕсли все необходимые условия выполняются, возвращается FeatureAvailabilityResult.Available .\nВ противном случае возвращается FeatureAvailabilityResult.Unavailable(val cause: RuStoreException) ,\nгде cause — это ошибка о невыполненном условии. Все возможные ошибки RuStoreException описаны\nв разделе Обработка ошибок\nRuStore установлен на устройстве, пользователь авторизован       | Авторизация проверяется бесшовно для пользователя                                                                                                                                                                                                                                         |                                                                                                                                                                                                                                                                                                                                                                                                                                                                                                                                                                                      \n---Table End---"
}