{
    "meta": {
        "language": "ru",
        "parse_date": "2024-07-06T20:07:40.938109",
        "current_url": "https://www.rustore.ru/help/developers/monetization/sandbox/disable-test-mode/",
        "doc_section": "developers",
        "h1_text": "Отключение тестового режима в RuStore Консоль"
    },
    "text": "h1h1h1\nОтключение тестового режима в RuStore Консоль\nparagraphparagraphparagraph\nПосле завершения тестирования платежей вы можете отключить тестовой режим. Делать это не обязательно, вы можете оставаться в тестовом режиме сколько времени, сколько необходимо.\nОткройтеRuStore Консоль (https://console.rustore.ru/sign-in).\nВыберите «Приложения» в верхнем меню.\nПерейдите на вкладку «Монетизация — Тестовые платежи».\nПереключитесь на вкладку «Тестировщики».\nДеактивируйте переключатель в столбце «Режим тестирования».\nВы начинаете выполнять реальные покупки в приложении.\nВсе платежи, выполненные в тестовом режиме, сохраняются в RuStore Консоль на вкладке «История платежей».\nКупленные платные товары остаются доступны для учетной записи при следующем включении тестового режима.\nТестовые подписки отключаются автоматически после 12 списаний.\nh2h2h2\nСледующие шаги​\nparagraphparagraphparagraph\nПосле того, как вы протестировали платежи и убедились в их работоспособности, можно опубликовать подписки и платные товары в приложении, а затем опубликовать новую версию приложения."
}