{
    "meta": {
        "language": "ru",
        "parse_date": "2024-07-06T19:32:54.474568",
        "current_url": "https://www.rustore.ru/help/users/policies/work-in-background/",
        "doc_section": "users",
        "h1_text": "Оптимизация опыта: Почему важно разрешить RuStore работать в фоновом режиме"
    },
    "text": "h1h1h1\nОптимизация опыта: Почему важно разрешить RuStore работать в фоновом режиме\nparagraphparagraphparagraph\nЭто нужно, чтобы получать push-уведомления от приложений, установленных из RuStore."
}