{
    "meta": {
        "language": "ru",
        "parse_date": "2024-07-06T20:10:02.164999",
        "current_url": "https://www.rustore.ru/help/work-with-rustore-api/api-subscription-payment/api-token-subscription-method/",
        "doc_section": "",
        "h1_text": "Получение данных подписки"
    },
    "text": "h1h1h1\nПолучение данных подписки\nparagraphparagraphparagraph\nМетод позволяет получить информацию о подписке по токену подписки.\nadmonitionadmonitionadmonition\nподсказка\nparagraphparagraphparagraph\nСценарий работы с платежами описан вгайде (https://rustore.ru/help/guides/payments). Изучите его перед началом работы.\nparagraphparagraphparagraph\nСценарий работы с платежами описан вгайде (https://rustore.ru/help/guides/payments). Изучите его перед началом работы.\nh2h2h2\nПараметры взаимодействия​\nparagraphparagraphparagraph\nДля реальных подписок:\ncodecodecode\nGEThttps://public-api.rustore.ru/public/subscription/{subscriptionToken}\ncodecodecode\nGEThttps://public-api.rustore.ru/public/sandbox/subscription/{subscriptionToken}\n---Table Start---\nPublic-Token      | string | Jwe-токен авторизации в Public API Rustore. Как получить токен авторизации . | Да | header | N/A    \nsubscriptionToken | string | Как получить токен подписки, см. документацию по SDK платежей .              | Да | path   | 111.123\n---Table End---\nh2h2h2\nПараметры ответа​\n\n---Table Start---\ncode      | string | Код ответа.              | Да  | body | • ОК ; • ERROR ; • BAD_REQUEST ; • NOT_FOUND .\nmessage   | string | Расшифровка кода ответа. | Нет | body | Jwe token is expired                          \nbody{}    | object | Тело ответа              | Нет | body | N/A                                           \ntimestamp | string | Время ответа.            | Да  | body | 2023-08-02T10:11:04.655684723+03:00           \n---Table End---\nh3h3h3\nbody{}​\n\n---Table Start---\ncode    | number  | Код ответа.              | Да  | body | 0                 \nsuccess | boolean | Флаг успешности ответа.  | Да  | body | true              \nmessage | string  | Расшифровка кода ответа. | Нет | body | Неизвестная ошибка\nbody{}  | object  | Тело сообщения.          | Нет | body | N/A               \n---Table End---\nh3h3h3\nbody.body{}​\n\n---Table Start---\nserviceName       | string        | Название сервиса.                             | Okko                                                                                                                                                                                                                                                                                                                                                                                                                                                                                                                                                                                                                                                                                                                                                \nsubscriptionId    | integer       | Уникальный идентификатор подписки.            | 12345                                                                                                                                                                                                                                                                                                                                                                                                                                                                                                                                                                                                                                                                                                                                               \naddParameters     | string        | Дополнительные параметры по подписке.         | Something about subscription                                                                                                                                                                                                                                                                                                                                                                                                                                                                                                                                                                                                                                                                                                                        \nproductType       | string        | Тип продукта.                                 | SUBSCRIPTION                                                                                                                                                                                                                                                                                                                                                                                                                                                                                                                                                                                                                                                                                                                                        \nproductName       | string        | Название продукта.                            | Okko оптимум                                                                                                                                                                                                                                                                                                                                                                                                                                                                                                                                                                                                                                                                                                                                        \nproductCode       | string        | Код продукта.                                 | monthly_sub                                                                                                                                                                                                                                                                                                                                                                                                                                                                                                                                                                                                                                                                                                                                         \nrecurrent         | boolean       | Признак автопродления.                        | true                                                                                                                                                                                                                                                                                                                                                                                                                                                                                                                                                                                                                                                                                                                                                \ncountOfDay        | integer       | Количество дней.                              | 10                                                                                                                                                                                                                                                                                                                                                                                                                                                                                                                                                                                                                                                                                                                                                  \nperiodType        | string        | Тип периода.                                  | Доступные значения: • DAY ; • MONTH ; • YEAR .                                                                                                                                                                                                                                                                                                                                                                                                                                                                                                                                                                                                                                                                                                      \nperiodDuration    | integer       | Длительность периода.                         | 10                                                                                                                                                                                                                                                                                                                                                                                                                                                                                                                                                                                                                                                                                                                                                  \nnextPaymentDate   | string        | Дата следующего платежа.                      | 2021-03-23                                                                                                                                                                                                                                                                                                                                                                                                                                                                                                                                                                                                                                                                                                                                          \nprice             | integer       | Цена в минимальных единицах валюты (копейки). | 9999                                                                                                                                                                                                                                                                                                                                                                                                                                                                                                                                                                                                                                                                                                                                                \ncurrency          | string        | Валюта.                                       | RUB                                                                                                                                                                                                                                                                                                                                                                                                                                                                                                                                                                                                                                                                                                                                                 \nimageUrl          | string        | Ссылка на картинку продукта.                  | N/A                                                                                                                                                                                                                                                                                                                                                                                                                                                                                                                                                                                                                                                                                                                                                 \nstate             | string        | Статус подписки.                              | Активные статусы • ACTIVATED — подписка активна. Промежуточные статусы • ACCEPTED — ожидает оплаты; • DEPOSITED — платёж проведён, подписка ожидает активации; • CLOSE_PENDING — подписка в процессе закрытия; • REPEATING — подписка на стадии продления, производится попытка списания денег для продления. Финальные статусы • DECLINED — подписка закрыта,  все попытки очередных платежей по подписке завершились неуспешно, GRACE и HOLD периоды и количество попыток продления закончились; • CANCELED — пользователь не оплатил подписку; • CLOSED — подписка закрыта; пользователь отключил автопродление подписки, истек оплаченный период, провайдер подтвердил закрытие подписки; • REFUNDED — инициирован возврат средств пользователю.\ncurrentPeriod     | string        | Наименование текущего периода.                | Доступные значения: • PROMO — бесплатный период; • START — стартовый период со сниженной ценой; • STANDARD — стандартный период; • GRACE — грейс-период, пользователь не оплатил подписку, попытки списания продолжаются, доступ к контенту сохраняется; • HOLD — холд-период, пользователь не оплатил подписку, попытки списания продолжаются, доступ к контенту должен быть прекращён.                                                                                                                                                                                                                                                                                                                                                            \ndebtPaymentPeriod | string        | Наименование платежного периода.              | Null , если период стандартный.                                                                                                                                                                                                                                                                                                                                                                                                                                                                                                                                                                                                                                                                                                                     \ndescription       | string        | Описание продукта подписки.                   | Описание                                                                                                                                                                                                                                                                                                                                                                                                                                                                                                                                                                                                                                                                                                                                            \ntariffId          | integer       | Уникальный идентификатор тарифа.              | 12345                                                                                                                                                                                                                                                                                                                                                                                                                                                                                                                                                                                                                                                                                                                                               \nperiods []        | array[object] | Информация о текущем периоде.                 | См. описание ниже .                                                                                                                                                                                                                                                                                                                                                                                                                                                                                                                                                                                                                                                                                                                                 \n---Table End---\nh3h3h3\nbody.body.periods []​\n\n---Table Start---\nperiodName     | string | Наименование текущего периода.                | Доступные значения: • PROMO ; • START ; • STANDARD ; • GRACE ; • HOLD .\nperiodType     | string | Тип периода.                                  | Доступные значения: • DAY ; • MONTH ; • YEAR .                         \nperiodDuration | number | Длительность периода.                         | 10                                                                     \nperiodPrice    | number | Цена в минимальных единицах валюты (копейки). | 10000                                                                  \nnextPeriod     | string | Наименование следующего периода.              | Доступные значения: • PROMO ; • START ; • STANDARD ; • GRACE ; • HOLD .\n---Table End---\nh2h2h2\nПример ответа​\n\ncodecodecode\n\"code\":\"200\",\"message\":\"something\",\"timestamp\":\"2023-08-02T10:11:04.655684723+03:00\",\"body\":{\"code\": 40401,\"success\": false,\"message\": \"Неизвестная ошибка\",\"body\": {\"serviceName\": \"Okko\",\"subscriptionId\": 100500,\"addParameters\": \"something\",\"productType\": \"string\",\"productName\": \"ОККО Оптимум\",\"productCode\": \"string\",\"recurrent\": true,\"countOfDay\": 100,\"periodType\": \"DAY\",\"periodDuration\": 30,\"nextPaymentDate\": \"2021-03-23\",\"price\": 999,\"currency\": \"RUB\",\"imageUrl\": \"https://static-eu.insales.ru/images/products/1/7435/306650379/thumb_1586524817849_15832463664565053990106868.jpg\",\"state\": \"ACTIVATED\",\"currentPeriod\": \"STANDARD\",\"debtPaymentPeriod\": \"string\",\"description\": \"Описание\",\"tariffId\": 100500,\"periods\": [{\"periodName\": \"STANDARD\",\"periodType\": \"DAY\",\"periodDuration\": 10,\"periodPrice\": 10000,\"nextPeriod\": \"STANDARD\"}]}}\nh2h2h2\nПример ответа с ошибкой​\n\ncodecodecode\n{\"code\": \"ERROR\",\"message\": \"Jwe token is expired\",\"body\": null,\"timestamp\": \"2024-01-21T13:51:59.654427798+03:00\"}\nh2h2h2\nВалидация запроса​\nparagraphparagraphparagraph\nПри получении запроса проверяется токен авторизации, полученный методомполучения токена авторизации:\nвладелец и/или приложение не должны быть заблокированы;\nтокен должен быть действительным;\nкод приложенияapplication_codeсоответствует владельцу, получившему токен авторизации."
}