{
    "meta": {
        "language": "ru",
        "parse_date": "2024-07-06T19:36:53.922182",
        "current_url": "https://www.rustore.ru/help/developers/tools/",
        "doc_section": "developers",
        "h1_text": "Оптимизация и управление приложениями через инструменты RuStore"
    },
    "text": "h1h1h1\nОптимизация и управление приложениями через инструменты RuStore\nparagraphparagraphparagraph\nИспользуйте раздел «Инструменты» для подключения инструментов разработчика к вашим приложениям.\nИспользуя инструменты, вы получаете дополнительные возможности:\nвовлечение пользователей;\nудаленное управление приложением;\nиспользование аналитики;\nпоиск сбоев и анализ проблем;\nупрощение и ускорение разработки за счёт интеграции SDK.\nh2h2h2\nПодключение инструмента​\n\nadmonitionadmonitionadmonition\nподсказка\nparagraphparagraphparagraph\nВ разделе «Инструменты» есть инструкция по подключению.\nЧтобы с ней ознакомиться, нажмите справа «Подключение инструмента».\nОткройтеRuStore Консоль (https://console.rustore.ru/waiting).\nПерейдите на вкладку «Инструменты».\nВыберите приложение, к которому нужно подключить инструмент.\nОткроется полный список инструментов, доступных в RuStore.\nВыберите инструмент, который нужно подключить для приложения.\nНажмите «Подключить» на странице инструмента.\nparagraphparagraphparagraph\nВ разделе «Инструменты» есть инструкция по подключению.\nЧтобы с ней ознакомиться, нажмите справа «Подключение инструмента».\nОткройтеRuStore Консоль (https://console.rustore.ru/waiting).\nПерейдите на вкладку «Инструменты».\nВыберите приложение, к которому нужно подключить инструмент.\nОткроется полный список инструментов, доступных в RuStore.\nВыберите инструмент, который нужно подключить для приложения.\nНажмите «Подключить» на странице инструмента.\nh2h2h2\nРабота с инструментами​\nparagraphparagraphparagraph\nPush-уведомления (https://rustore.ru/help/sdk/push-notifications)\nRuStore Remote Config (https://rustore.ru/help/developers/tools/remote-config)\nTracer (https://rustore.ru/help/developers/tools/app-tracer)\nАналитика MyTracker (https://rustore.ru/help/developers/tools/mytracker)\nАвторизация VK ID (https://rustore.ru/help/developers/vk-id-sdk)\nКарты и геосервисы (https://rustore.ru/help/sdk/rustore-geo)\nSDK (https://rustore.ru/help/developers/tools/sdk-catalog)"
}