{
    "meta": {
        "language": "ru",
        "parse_date": "2024-07-06T19:32:26.577250",
        "current_url": "https://www.rustore.ru/help/users/purchases-and-returns/subscribe/",
        "doc_section": "users",
        "h1_text": "Оформление подписки в RuStore: Шаги, способы оплаты и регулярные платежи"
    },
    "text": "h1h1h1\nОформление подписки в RuStore: Шаги, способы оплаты и регулярные платежи\nparagraphparagraphparagraph\nПодписка — это регулярные платежи за услуги в любом приложении, доступном в RuStore для скачивания, например за видеоконтент в онлайн-кинотеатре. Когда наступает дата очередного платежа, подписка продлевается автоматически: деньги списываются с привязанной карты.\nЧтобы оформить подписку в приложении, установите его из магазина RuStore.Как это сделать?\nОткройте приложение, в котором хотите оформить подписку.\nВыберите необходимые условия.\nНажмите «Оформить».\nadmonitionadmonitionadmonition\nпримечание\nparagraphparagraphparagraph\nРегулярные платежи списываются в течение 8 часов до момента окончания подписки. Например, если подписка была оформлена в 16 часов, то последующие регулярные платежи списываются в промежутке с 8:00 до 16:00.\nparagraphparagraphparagraph\nРегулярные платежи списываются в течение 8 часов до момента окончания подписки. Например, если подписка была оформлена в 16 часов, то последующие регулярные платежи списываются в промежутке с 8:00 до 16:00."
}