{
    "meta": {
        "language": "ru",
        "parse_date": "2024-07-06T19:57:42.433205",
        "current_url": "https://www.rustore.ru/help/sdk/rustore-geo/map-display-services/interactive-map/main/",
        "doc_section": "sdk",
        "h1_text": "Интерактивная карта"
    },
    "text": "h1h1h1\nИнтерактивная карта\nparagraphparagraphparagraph\nДля отображения интерактивной карты необходимы следующие компоненты:\nданные для отображения (тайлы);\nстиль отображения;\nпрограммный код для отображения карты на веб-странице.\nh2h2h2\nСоздание интерактивной карты​\nparagraphparagraphparagraph\nДля простого отображения карты необходимо добавитьJS & CSS файлыс SDK на страницу, а также добавить код инициализации карты, не забыв указать актуальный ключ доступа к API.\nДля инициализации необходимо указать требуемыйстиль:\nlight_style.json—mmr://api/styles/light_style.json;\nmapsme_style.json—mmr://api/styles/mapsme_style.json;\nmain_style.json—mmr://api/styles/main_style.json.\nh2h2h2\nДобавление объектов на карту​\nparagraphparagraphparagraph\nДля добавления своих объектов на карту для начала надо описать их координаты, обычно это делают в форматеGeoJson.\nh3h3h3\nДобавление точки с пином​\nparagraphparagraphparagraph\nДля простого добавления отдельного слоя с иконками достаточно выполните действия, описанные ниже.\n\nСоздайте список точек для добавления на карту (см. ниже).\ncodecodecode\nletuserPointData={\"type\":\"FeatureCollection\",\"features\":[{\"type\":\"Feature\",\"geometry\":{\"type\":\"Point\",\"coordinates\":[37.6165,55.7505]}},{\"type\":\"Feature\",\"geometry\":{\"type\":\"Point\",\"coordinates\":[37.4165,55.7505]}},{\"type\":\"Feature\",\"geometry\":{\"type\":\"Point\",\"coordinates\":[37.6165,55.8505]}}]};\ncodecodecode\nmap.on('load',function(){map.loadImage('https://geo.rustore.ru/api/styles/pins/blue_target.png',function(error,image){if(error)throwerror;map.addImage('custom_pin',image);map.addLayer({\"id\":\"points\",\"type\":\"symbol\",\"source\":{\"type\":\"geojson\",\"data\":userPointData},\"layout\":{\"icon-image\":\"custom_pin\",\"icon-size\":1}});});});\nh3h3h3\nДобавление линии​\nparagraphparagraphparagraph\n\nЛинейные объекты добавляются на карту таким же образом, как и точечные — необходимо подготовить данные и описать при помощи стиля каким образом их рисовать.\nТак же как и в предыдущем примере, необходимо подготовить данные, пусть это будут две линии.\ncodecodecode\nletuserLineData={\"type\":\"FeatureCollection\",\"features\":[{\"type\":\"Feature\",\"geometry\":{\"type\":\"LineString\",\"coordinates\":[[37.6165,55.7505],[37.6375,55.7515],[37.6375,55.7515],[37.665,55.7545],[37.765,55.7645],[37.785,55.7745],[37.803,55.7645],[37.83,55.7545],[37.89,55.78]]}},{\"type\":\"Feature\",\"geometry\":{\"type\":\"LineString\",\"coordinates\":[[37.4165,55.7505],[37.4166,55.7505],[37.4169,55.6],[37.5169,55.545],[37.6169,55.45],[37.5169,55.334],[37.3169,55.211]]}}]};\ncodecodecode\nmap.on('load',function(){map.addLayer({'id':'route','type':'line','source':{'type':'geojson','data':userLineData},'layout':{'line-join':'round','line-cap':'round'},'paint':{'line-color':'#AE3478','line-width':8}});});\ncodecodecode\nletuserPolygonData={\"type\":\"FeatureCollection\",\"features\":[{\"type\":\"Feature\",\"geometry\":{\"type\":\"Polygon\",\"coordinates\":[[[37.427278,55.756486],[37.387117,55.734843],[37.405653,55.709126],[37.4592,55.70042],[37.518239,55.683585],[37.617439,55.690939],[37.669614,55.707578],[37.674419,55.73291],[37.635975,55.777345],[37.583457,55.795105],[37.525791,55.799544],[37.478765,55.780049],[37.427278,55.756486]],[[37.495585,55.749917],[37.481511,55.745666],[37.48872,55.718796],[37.536432,55.718989],[37.582428,55.724983],[37.592382,55.740835],[37.551535,55.759964],[37.495585,55.749917]]]}}]};\ncodecodecode\nmap.on('load',function(){map.addLayer({'id':'maine','type':'fill','source':{'type':'geojson','data':userPolygonData},'layout':{},'paint':{'fill-color':'#6ea5e8','fill-opacity':0.5}});});"
}