{
    "meta": {
        "language": "ru",
        "parse_date": "2024-07-06T19:29:44.353414",
        "current_url": "https://www.rustore.ru/help/users/start/app-install/",
        "doc_section": "users",
        "h1_text": "Как установить RuStore: Полное руководство по безопасной загрузке и установке"
    },
    "text": "h1h1h1\nКак установить RuStore: Полное руководство по безопасной загрузке и установке\nparagraphparagraphparagraph\nВажно скачивать и устанавливать приложения с официального сайта, чтобы защитить личные данные и снизить риски столкнуться с приложениями, которые могут навредить вашему устройству.\nОдин из самых безопасных вариантов — установитьRuStore. Все приложения в RuStore проходят ручную модерацию и проверку с помощью систем безопасности «Лаборатории Касперского».\nh2h2h2\nКак скачать и установить RuStore на Android​\nparagraphparagraphparagraph\nПерейдите наофициальный сайт (https://www.rustore.ru/)RuStore.\nНажмите «Скачать RuStore».\nОзнакомьтесь синструкцией (https://www.rustore.ru/instruction).\nНажмите «Скачать файл (https://www.rustore.ru/download)».\nНажмите «Все равно скачать», чтобы разрешить загрузку файла.\nh2h2h2\nВопросы и ответы​\n\ndetailsdetailsdetails\nУведомление не появилось\nparagraphparagraphparagraph\nУведомление об установке приложения может не появиться, потому что ваш смартфон воспринимает сайт rustore.ru как сторонний источник. Файл RuStore.apk безопасен для вашего смартфона.\nЕсли уведомление не появилось:\nНайдите на устройстве папку, куда загрузился файл RuStore.apk.\nЗапустите файл.\n\nЕсли устройство заблокировало установку, перейдите в настройки и разрешите устанавливать неизвестные приложения. Или найдите эту настройку вручную.\nПерейдите в «Настройки».\nОткройте раздел «Приложения».\nНайдите приложение, с помощью которого открыли RuStore.apk.\nОткройте «Дополнительные настройки».\nРядом с пунктом «Неизвестные источники» установите переключатель в активное положение.\nПосле настроек ещё раз запустите установку приложения. Как только установка завершится, появится соответствующее уведомление.\nПосле установки приложения на устройство иконка RuStore появится на экране «Домой» и приложением можно будет пользоваться.\nparagraphparagraphparagraph\nУведомление об установке приложения может не появиться, потому что ваш смартфон воспринимает сайт rustore.ru как сторонний источник. Файл RuStore.apk безопасен для вашего смартфона.\nЕсли уведомление не появилось:\nНайдите на устройстве папку, куда загрузился файл RuStore.apk.\nЗапустите файл.\n\nЕсли устройство заблокировало установку, перейдите в настройки и разрешите устанавливать неизвестные приложения. Или найдите эту настройку вручную.\nПерейдите в «Настройки».\nОткройте раздел «Приложения».\nНайдите приложение, с помощью которого открыли RuStore.apk.\nОткройте «Дополнительные настройки».\nРядом с пунктом «Неизвестные источники» установите переключатель в активное положение.\nПосле настроек ещё раз запустите установку приложения. Как только установка завершится, появится соответствующее уведомление.\nПосле установки приложения на устройство иконка RuStore появится на экране «Домой» и приложением можно будет пользоваться.\ndetailsdetailsdetails\nНе могу установить приложение RuStore\nparagraphparagraphparagraph\nОбновите версию Android. Это можно сделать в настройках устройства. Чтобы RuStore работал безопасно, поддерживаем Android 7.0 и новее. Также поддерживаем операционную систему Harmony OS 4.\nОчистите память телефона. Проверьте в настройках, хватает ли вам свободного места для установки приложения.\nПроверьте настройки корпоративного телефона. Если на вашем корпоративном телефоне стоит ограничение установки, RuStore не установится.\nУбедитесь, что скачиваете RuStore с официального сайта. Если на телефоне стоит версия приложения с неофициального сайта, корректная версия не установится. Скачивайте RuStore только с официального сайта.\nparagraphparagraphparagraph\nОбновите версию Android. Это можно сделать в настройках устройства. Чтобы RuStore работал безопасно, поддерживаем Android 7.0 и новее. Также поддерживаем операционную систему Harmony OS 4.\nОчистите память телефона. Проверьте в настройках, хватает ли вам свободного места для установки приложения.\nПроверьте настройки корпоративного телефона. Если на вашем корпоративном телефоне стоит ограничение установки, RuStore не установится.\nУбедитесь, что скачиваете RuStore с официального сайта. Если на телефоне стоит версия приложения с неофициального сайта, корректная версия не установится. Скачивайте RuStore только с официального сайта.\ndetailsdetailsdetails\nМожно ли установить RuStore на iOS?\nparagraphparagraphparagraph\nRuStore — это российский магазин приложений для устройств на Android и на Harmony OS 4. К сожалению, магазин недоступен для устройств на iOS.\nЕсли появится возможность публикации RuStore в iOS, то мы обязательно рассмотрим этот вариант и сообщим вам.\nparagraphparagraphparagraph\nRuStore — это российский магазин приложений для устройств на Android и на Harmony OS 4. К сожалению, магазин недоступен для устройств на iOS.\nЕсли появится возможность публикации RuStore в iOS, то мы обязательно рассмотрим этот вариант и сообщим вам.\ndetailsdetailsdetails\nМожно ли скачивать RuStore за границей?\nparagraphparagraphparagraph\nВы можете скачать RuStore за границей. Никаких ограничений нет.\nparagraphparagraphparagraph\nВы можете скачать RuStore за границей. Никаких ограничений нет.\ndetailsdetailsdetails\nБезопасен ли RuStore?\nparagraphparagraphparagraph\nБезопасность — основной приоритет RuStore. Все приложения в магазине проходят ручную модерацию и проверку с помощью систем безопасности «Лаборатории Касперского».\nПри загрузке файла RuStore.apk ваш смартфон, скорее всего, предупредит об опасности скачивания, потому что он воспринимает сайт rustore.ru как сторонний источник. Файл RuStore.apk безопасен для вашего смартфона.\nЕсли у вас остались вопросы о безопасности RuStore,напишите нам (mailto:support@rustore.ru).\nЧитайте также:\nКак проверить безопасность приложений в RuStore (https://rustore.ru/help/users/app-management/app-safety)\nКак настроить уведомления в RuStore (https://rustore.ru/help/users/start/notification)\nКак обновить RuStore (https://rustore.ru/help/users/start/update-rustore-app)\nКак настроить родительский контроль в RuStore (https://rustore.ru/help/users/start/change-theme)\nparagraphparagraphparagraph\nБезопасность — основной приоритет RuStore. Все приложения в магазине проходят ручную модерацию и проверку с помощью систем безопасности «Лаборатории Касперского».\nПри загрузке файла RuStore.apk ваш смартфон, скорее всего, предупредит об опасности скачивания, потому что он воспринимает сайт rustore.ru как сторонний источник. Файл RuStore.apk безопасен для вашего смартфона.\nЕсли у вас остались вопросы о безопасности RuStore,напишите нам (mailto:support@rustore.ru).\nЧитайте также:\nКак проверить безопасность приложений в RuStore (https://rustore.ru/help/users/app-management/app-safety)\nКак настроить уведомления в RuStore (https://rustore.ru/help/users/start/notification)\nКак обновить RuStore (https://rustore.ru/help/users/start/update-rustore-app)\nКак настроить родительский контроль в RuStore (https://rustore.ru/help/users/start/change-theme)"
}