{
    "meta": {
        "language": "ru",
        "parse_date": "2024-07-06T19:42:35.425185",
        "current_url": "https://www.rustore.ru/help/developers/publishing-and-verifying-apps/app-publication/apk-signature/",
        "doc_section": "developers",
        "h1_text": "Подписи APK-файлов в RuStore: инструкции и рекомендации"
    },
    "text": "h1h1h1\nПодписи APK-файлов в RuStore: инструкции и рекомендации\n\nh2h2h2\nЧто такое подписи приложений Android?​\nparagraphparagraphparagraph\nRuStore поддерживает загрузку приложений в форматах APK и ААВ.\nКаждый APK-файл должен быть подписан цифровым сертификатом, который Android использует для идентификации автора приложения. Подпись необходимо хранить так же надёжно, как и личный пароль.\nПри загрузке файлов в формате ААВ, подпись приложения загружается отдельно в процессе загрузки приложения.Подробнее.\nh2h2h2\nКак Android проверяет версии?​\nparagraphparagraphparagraph\nAndroid сравнивает цифровые отпечатки сертификатов каждого подписанного APK-файла.\nЦифровой отпечаток — это последовательность байтов, которая создаётся путём применения криптографической хеш-функции к открытому ключу.\nЦифровой отпечаток имеет примерно следующий вид.\n43:51:43:a1:b5:fc:8b:b7:0a:3a:a9:b1:0f:66:73:a8\nh2h2h2\nДля чего нужна проверка подписей?​\nparagraphparagraphparagraph\nЭтот процесс необходим, если приложение было размещено в Google Play. При загрузке такого приложения в RuStore нужно использовать ту же подпись, что и в Google Play. Тогда пользователи смогут без ошибок обновить установленные на устройстве приложения, для которых в RuStore доступна более новая версия.\nh2h2h2\nОбязательно ли использовать подпись с Google Play, если есть собственная?​\nparagraphparagraphparagraph\nНет. Если ваше приложение есть в Google Play, но у вас есть собственная подпись, вам не нужно проходить проверку подписей. Вы можете сразу загрузить файлы с собственной подписью в RuStore. Процесс необходим только в том случае, если вы используете подпись Google Play. Также вы можете загрузить пакеты APK c двумя подписями.\nh2h2h2\nПочему пользователи не могут обновить приложения?​\nparagraphparagraphparagraph\nОдна из распространённых ошибок паблишеров — это использование разных подписей для приложения, публикуемого в RuStore и других сторах.\nНапример, первоначально загружаемая версия приложения подписана одним сертификатом. А следующая версия подписана — другим. Из-за этих различий Android не позволяет установить обновления для этого приложения.\nПочему так происходит:\nРазработчик мог утратить сертификат и сгенерировал новый для публикации приложения в сторе.\nРазработчики могут публиковать одно и то же приложение в разных магазинах. Например, изначально разработчик публиковал приложения в Google Play и использовал один сертификат. Но после перехода в RuStore начал использовать другой сертификат.\nустановившие приложение из Google Play;\nзагрузившие из RuStore.\nh2h2h2\nКак можно решить данную проблему?​\nparagraphparagraphparagraph\nРекомендуемый способ — использовать один сертификат на все версии приложения, чтобы избежать проблем с обновлениями версий из разных источников.\nРадикальный способ — просить пользователей удалить «старые» версии приложения, которые не удаётся обновить, и просить скачать новые. Но такой способ связан с риском потери части аудитории.\nТакже с помощью технической поддержки RuStore можно обновить подпись приложения. Подробно описано в разделе ниже.\nh2h2h2\nКак решить проблему через поддержку RuStore?​\nparagraphparagraphparagraph\nЧтобы обновить подпись, напишите соответствующее письмо в техподдержку наsupport@rustore.ru.\nСпециалисты заведут обращение и проверят принадлежность приложения к обратившемуся разработчику.\nЕсли идентификация пройдена успешно, то специалист запускает процесс деактивации старого сертификата.\nПосле обновления сертификата все версии приложений уйдут в архив. Разработчику нужно будет заново загрузить и опубликовать все версии APK/AAB-файлов с новым сертификатом подписи.\nh2h2h2\nЧто делать, если нужно использовать разные подписи?​\nparagraphparagraphparagraph\nЕсли у вас выпущена отдельная подпись для RuStore, но приложение опубликовано в Google Play — загрузите APK-файлы с обеими подписями и выберите по умолчанию подпись, выпущенную вне сервисов Google. Это сократит число ошибок при обновлении у пользователей."
}