{
    "meta": {
        "language": "ru",
        "parse_date": "2024-07-06T19:51:36.414631",
        "current_url": "https://www.rustore.ru/help/sdk/push-notifications/topic-notifications/",
        "doc_section": "sdk",
        "h1_text": "Отправка push-уведомлений по топикам (API)"
    },
    "text": "h1h1h1\nОтправка push-уведомлений по топикам (API)\n\nh2h2h2\nAPI для отправки push-уведомлений по топикам​\nparagraphparagraphparagraph\nДля работы с топиками потребуются следующие артефакты:\nproject_id(ID проекта),ss_token(сервисный токен) — эти значения можно получить в консоли разработчика. Для этого нужно перейти в разделPush-уведомления, открыть вкладкуПроектына странице приложения. Подробнее смотрите в разделеОтправка push-уведомлений (https://rustore.ru/help/sdk/push-notifications/).\npush_token— push-токен(ы) устройств для подписки на рассылку по топику и отписки от неё.\ntopic— топик в проекте.\nh3h3h3\nОтправка push-уведомления в топик​\n\nadmonitionadmonitionadmonition\nк сведению\nparagraphparagraphparagraph\nТребуется наличие заголовкаAuthorization:Authorization: Bearer $ss_token.\nparagraphparagraphparagraph\nТребуется наличие заголовкаAuthorization:Authorization: Bearer $ss_token.\nh4h4h4\nТело запроса​\n\n---Table Start---\ndata         | map                           | Объект, содержащий пары \"key\": value .                          \nnotification | object (message.notification) | Базовый шаблон уведомления для использования на всех платформах.\nandroid      | object (message.android)      | Специальные параметры Android для сообщений.                    \n---Table End---\nh4h4h4\nТело успешного ответа​\n\n---Table Start---\nmessage | text | Сообщение об успешной отправке пуша.\n---Table End---\nh4h4h4\nТело ответа ошибки​\n\n---Table Start---\ncode    | int  | Код ошибки.      \nstatus  | text | Статус.          \nmessage | text | Подробная ошибка.\n---Table End---\nh3h3h3\nПодписка на push-уведомления по топику​\n\nadmonitionadmonitionadmonition\nк сведению\nparagraphparagraphparagraph\nТребуется наличие заголовкаAuthorization:Authorization: Bearer $ss_token.\nparagraphparagraphparagraph\nТребуется наличие заголовкаAuthorization:Authorization: Bearer $ss_token.\nh4h4h4\nТело запроса​\n\n---Table Start---\npush_tokens | array (string) | Push-токены, которые нужно подписать на топик.\n---Table End---\nh4h4h4\nТело успешного ответа​\n\n---Table Start---\nmessage | text                                 | Сообщение об успешной подписке или наличии ошибок.\nerrors  | object array (тело ошибки по токену) | Ошибки по токенам.                                \n---Table End---\nh4h4h4\nТело ошибки по токену​\n\n---Table Start---\npush_token | text                        | Push-токен.\nerror      | object (тело ответа ошибки) | Ошибка.    \n---Table End---\nh4h4h4\nТело ответа ошибки​\n\n---Table Start---\ncode    | int  | Код ошибки.      \nstatus  | text | Статус.          \nmessage | text | Подробная ошибка.\n---Table End---\nh3h3h3\nОтписка от push-уведомлений по топику​\n\nadmonitionadmonitionadmonition\nк сведению\nparagraphparagraphparagraph\nТребуется наличие заголовка Authorization:Authorization: Bearer $ss_token.\nparagraphparagraphparagraph\nТребуется наличие заголовка Authorization:Authorization: Bearer $ss_token.\nh4h4h4\nТело запроса​\n\n---Table Start---\npush_tokens | string array | Push-токены, которые нужно отписать от топика.\n---Table End---\nh4h4h4\nТело успешного ответа​\n\n---Table Start---\nmessage | text                                 | Сообщение об успешной подписке или наличии ошибок.\nerrors  | object array (тело ошибки по токену) | Ошибки по токенам.                                \n---Table End---\nh4h4h4\nТело ошибки по токену​\n\n---Table Start---\npush_token | text                        | Push-токен.\nerror      | object (тело ответа ошибки) | Ошибка.    \n---Table End---\nh4h4h4\nТело ответа ошибки​\n\n---Table Start---\ncode    | int  | Код ошибки.      \nstatus  | text | Статус.          \nmessage | text | Подробная ошибка.\n---Table End---\nh2h2h2\nПримеры отправки push-уведомлений по топикам​\n\nh3h3h3\nПодписка на топик hello​\n\nh4h4h4\nЗапрос​\n\ncodecodecode\nPOST'https://vkpns-topics.rustore.ru/v1/projects/{project_id}/topics/{topic}/batch_subscribe'HTTP/2Content-Type:application/jsonAuthorization:Bearer$ss_token{\"push_tokens\":[\"kHrfTow3AjqdgUeCJLwbIHd7c0......\",\"9mbJVS0-2e0cCcIx7X5nxMIgp8......\"]}\nh4h4h4\nУспешный ответ​\n\ncodecodecode\nHTTP/2200{\"message\":\"success\"}\nh4h4h4\nЧастично успешный ответ​\n\ncodecodecode\nHTTP/2200{\"message\":\"1 error(s)\",\"errors\":[{\"push_token\":\"9mbJVS0-2e0cCcIx7X5nxMIgp8......\",\"error\":{\"code\":1001,\"status\":\"FORBIDDEN\",\"message\":\"s2s token invalid\"}}]}\nh3h3h3\nОтписка от топика hello​\n\nh4h4h4\nЗапрос​\n\ncodecodecode\nPOST'https://vkpns-topics.rustore.ru/v1/projects/{project_id}/topics/{topic}/batch_unsubscribe'HTTP/2Content-Type:application/jsonAuthorization:Bearer$ss_token{\"push_tokens\":[\"kHrfTow3AjqdgUeCJLwbIHd7c0......\",\"9mbJVS0-2e0cCcIx7X5nxMIgp8......\"]}\nh4h4h4\nУспешный ответ​\n\ncodecodecode\nHTTP/2200{\"message\":\"success\"}\nh4h4h4\nЧастично успешный ответ​\n\ncodecodecode\nHTTP/2200{\"message\":\"1 error(s)\",\"errors\":[{\"push_token\":\"9mbJVS0-2e0cCcIx7X5nxMIgp8......\",\"error\":{\"code\":1001,\"status\":\"FORBIDDEN\",\"message\":\"s2s token invalid\"}}]}\nh3h3h3\nОтправка сообщения в топик hello​\n\nh4h4h4\nЗапрос​\n\ncodecodecode\nPOST'https://vkpns-topics.rustore.ru/v1/projects/Lpvk29a2Al2P6tWu-a-aN3PKwO6-qvXZ/topics/hello/publish'HTTP/2Content-Type:application/jsonAuthorization:Bearer$ss_token{\"message\":{\"notification\":{\"body\":\"This is a notification message!\",\"title\":\"Message\",\"image\":\"https://image-hosting.org/284239234.jpeg\"}}}\nh4h4h4\nУспешный ответ​\n\ncodecodecode\nHTTP/2200{\"message\":\"payload has been successfully published to topic hello\"}\nh4h4h4\nПример ошибкиBAD_REQUEST​\n\ncodecodecode\nHTTP/2400{\"code\":2000,\"status\":\"BAD_REQUEST\",\"message\":\"failed to parse request: invalid character 's' after object key:value pair\"}\nh4h4h4\nПример ошибкиFORBIDDEN​\n\ncodecodecode\nHTTP/2403{\"code\":1001,\"status\":\"FORBIDDEN\",\"message\":\"s2s token invalid\"}"
}