{
    "meta": {
        "language": "ru",
        "parse_date": "2024-07-06T20:05:07.138352",
        "current_url": "https://www.rustore.ru/help/sdk/reviews-ratings/unreal/history/",
        "doc_section": "sdk",
        "h1_text": "История обновлений"
    },
    "text": "h1h1h1\nИстория обновлений\n\nh2h2h2\nВерсия SDK 2.0.0​\nparagraphparagraphparagraph\nВерсия SDK review 2.+.\nh2h2h2\nВерсия SDK 1.0.1​\nparagraphparagraphparagraph\nВнутреннее обновление SDK.\nh2h2h2\nВерсия SDK 1.0​\nparagraphparagraphparagraph\nДобавлены асинхронные варианты Blueprint-методов вместо подписок на события.\nБагфиксы."
}