{
    "meta": {
        "language": "ru",
        "parse_date": "2024-07-06T19:40:18.490761",
        "current_url": "https://www.rustore.ru/help/developers/tools/sdk-catalog/",
        "doc_section": "developers",
        "h1_text": "Каталог SDK"
    },
    "text": "h1h1h1\nКаталог SDK\nparagraphparagraphparagraph\nSDK (Software Development Kit) — это набор инструментов для разработки программного обеспечения, который включает в себя библиотеки кода, компиляторы, отладчики и интегрированные среды разработки.\nИспользование SDK экономит время и усилия разработчиков, позволяет быстрее интегрировать нужные функции и инструменты в приложение, а также сокращает затраты на разработку.\nКаталог SDK агрегирует информацию о всех библиотеках SDK, доступных в RuStore.\nВ нём вы найдете SDK от RuStore, MyTracker, MyTarget и VK Maps и сможете легко подключить библиотеки для:\nинтеграции платежей;\nобновления приложений;\nработы с оценками и отзывами;\nрассылки push-уведомлений;\nнастройки A/B тестов;\nуправления рекламой;\nсбора статистики по приложениям.\nh2h2h2\nСписок SDK​\nparagraphparagraphparagraph\nЧтобы перейти в каталог SDK:\nОткройтеRuStore Консоль (https://console.rustore.ru/sign-in)и переключитесь на вкладку «Инструменты».\nНажмите на название вашего приложения.\nВыберите SDK в меню слева или нажмите на карточку SDK в блоке «Разработка».\nПоиск.\nИспользуйте поиск, чтобы быстро найти SDK по названию или описанию.\nФильтры.\nОтфильтруйте SDK по платформе, которая вас интересует.\nНапример по Godot.\nСортировка.\nОтсортируйте SDK по названию или по дате обновления.\nh2h2h2\nСтраница SDK​\nparagraphparagraphparagraph\nЧтобы посмотреть детальную информацию о библиотеке SDK, выберите её в каталоге.\nНа странице SDK вы можете переключиться на нужную платформу, доступную для SDK, напримерKotlin/Java,Godot,Flutterили другую.\nДля каждой из платформ вы найдете:\nИнформацию о версии Android, последней версии SDK и дате её релиза.\nРазделВозможности— задачи, которые вы можете решить с помощью SDK.\nРазделНачало работы— инструкции по подключению и первичной настройке SDK.\nРазделЗапрашиваемые разрешения— список разрешений, необходимых для работы SDK. Если раздел не отображается, запрашиваемые разрешения отсутствуют.\nРазделЗависимости— список всех зависимостей SDK. Если раздел не отображается, зависимости отсутствуют.\nРазделПолезные ссылки— ссылка на подробную техническую документацию с описанием сценариев использования SDK.\nТакже, при наличии, отображается ссылка на репозиторий, в котором размещён SDK.\nРазделВерсии— список версий SDK c описанием изменений."
}