{
    "meta": {
        "language": "ru",
        "parse_date": "2024-07-06T19:30:28.102147",
        "current_url": "https://www.rustore.ru/help/users/authorization/without-authorization/",
        "doc_section": "users",
        "h1_text": "RuStore: Возможности без авторизации и безопасность"
    },
    "text": "h1h1h1\nRuStore: Возможности без авторизации и безопасность\nparagraphparagraphparagraph\nВы можете использовать RuStore без авторизации. Например, чтобы скачивать и обновлять бесплатные игры и приложения.\n\nadmonitionadmonitionadmonition\nподсказка\nparagraphparagraphparagraph\nАвторизуйтесь в RuStore, чтобы устанавливать платные приложения.Как это сделать? (https://rustore.ru/help/users/authorization/login-vk-id)\nparagraphparagraphparagraph\nАвторизуйтесь в RuStore, чтобы устанавливать платные приложения.Как это сделать? (https://rustore.ru/help/users/authorization/login-vk-id)\nh2h2h2\nПросмотр оценок и отзывов​\nparagraphparagraphparagraph\nВы можете видеть оценки и отзывы к приложениям в RuStore. Чтобы поставить свою оценку или написать отзыв, нужно авторизоваться.Как написать отзыв?\nh2h2h2\nПроверка безопасности​\nparagraphparagraphparagraph\nВы также можете бесплатно проверить все установленные приложения на вашем устройстве через антивирусный сканер от Kaspersky. Для неавторизованных пользователей доступен запуск проверки вручную.Как запустить автоматическую проверку?"
}