{
    "meta": {
        "language": "ru",
        "parse_date": "2024-07-06T19:55:10.597211",
        "current_url": "https://www.rustore.ru/help/sdk/updates/flutter/2-0-0/",
        "doc_section": "sdk",
        "h1_text": "2.0.0"
    },
    "text": "h1h1h1\n2.0.0\n\nh2h2h2\nОбщие сведения​\nparagraphparagraphparagraph\nRuStore In-app updates SDK поддерживает актуальную версию приложения на устройстве пользователя. Это помогает пользователю увидеть обновления, оценить улучшение производительности и результат исправления ошибок.\nh2h2h2\nПример пользовательского сценария​\nparagraphparagraphparagraph\nИспользуйте RuStore In-app updates SDK для реализации различных способов обновлений. В настоящий момент поддерживаются: отложенное, тихое (без UI от RuStore) и принудительное обновление.\nОзнакомьтесь сприложением-примеромчтобы узнать, как правильно интегрировать SDK обновлений.\nh2h2h2\nУсловия корректной работы SDK​\nparagraphparagraphparagraph\nДля работы RuStore In-app updates SDK необходимо соблюдение следующих условий.\nОС Android версии 7.0 или выше\nВерсия RuStore на устройстве пользователя актуальная\nПользователь авторизован в RuStore\nПриложению RuStore разрешена установка приложений\nh2h2h2\nПодключение в проект​\nparagraphparagraphparagraph\nДля подключения пакета к проекту выполните следующую команду.\ncodecodecode\nflutter pub add flutter_rustore_update\ncodecodecode\npubspec.yamldependencies:flutter_rustore_update:^2.0.0\nh2h2h2\nПроверка наличия обновлений​\nparagraphparagraphparagraph\n\nНа устройстве пользователя установлена актуальная версия RuStore.\nПользователь и приложение не должны быть заблокированы в RuStore.\nПриложению RuStore разрешена установка приложений.\nПользователь авторизован в RuStore.\ncodecodecode\nRustoreUpdateClient.info().then((info){print(info);}).catchError((err){print(err);});\nparagraphparagraphparagraph\nupdateAvailability— доступность обновления:UNKNOWN (int == 0)— по умолчанию;UPDATE_NOT_AVAILABLE (int == 1)— обновление не нужно;UPDATE_AVAILABLE (int == 2)— обновление требуется загрузить или обновление уже загружено на устройство пользователя;DEVELOPER_TRIGGERED_UPDATE_IN_PROGRESS (int == 3)— обновление уже скачивается или установка уже запущена.\ninstallStatus— статус установки обновления, если пользователь уже устанавливает обновление в текущий момент времени:UNKNOWN (int == 0)— по умолчанию;DOWNLOADED (int == 1)— скачано;DOWNLOADING (int == 2)— скачивается;FAILED (int == 3)— ошибка;PENDING (int == 5)— в ожидании.\nadmonitionadmonitionadmonition\nк сведению\nparagraphparagraphparagraph\nЗапуск скачивания обновления возможен только в том случае, если полеupdateAvailabilityсодержит значениеUPDATE_AVAILABLE.\nparagraphparagraphparagraph\nЗапуск скачивания обновления возможен только в том случае, если полеupdateAvailabilityсодержит значениеUPDATE_AVAILABLE.\nh2h2h2\nСкачивание и установка обновлений​\n\nh3h3h3\nИспользование слушателя (listener)​\nparagraphparagraphparagraph\nПосле подтверждения доступности обновления (AppUpdateInfo) вы можете запросить статус скачивания обновления — для этого запустите слушатель статуса скачивания обновления.\nh3h3h3\nПроверка статуса скачивания обновления​\n\nadmonitionadmonitionadmonition\nподсказка\nparagraphparagraphparagraph\nДля тихого обновления рекомендуется реализовать свой интерфейс.\nИспользуйте методlistener().\nparagraphparagraphparagraph\nДля тихого обновления рекомендуется реализовать свой интерфейс.\nИспользуйте методlistener().\ncodecodecode\nRustoreUpdateClient.listener((state){switch(state.installStatus){caseINSTALL_STATUS_DOWNLOADED:// Обновление готово к установкеbreak;caseINSTALL_STATUS_DOWNLOADING:// Здесь можно отобразить прогресс скачиванияbreak;caseINSTALL_STATUS_FAILED:print(\"complete err ${state.installErrorCode}\");break;}});\nparagraphparagraphparagraph\ninstallStatus— статус установки обновления, если пользователь уже устанавливает обновление в текущий момент времени:UNKNOWN (int == 0)— по умолчанию;DOWNLOADED (int == 1)— скачано;DOWNLOADING (int == 2)— скачивается;FAILED (int == 3)— ошибка;PENDING (int == 5)— в ожидании;\nbytesDownloaded— количество загруженных байт;\ntotalBytesToDownload— общее количество байт, которое необходимо скачать;\ninstallErrorCode— код ошибки во время скачивания. Коды ошибок описаны в разделеОбработка ошибок (https://rustore.ru/help#обработка-ошибок).\nh2h2h2\nЗапуск скачивания обновления​\n\nh3h3h3\nОтложенное обновление​\nparagraphparagraphparagraph\nОписание сценария отложенного обновления\nОбновление с UI от RuStore\nПользователю будет показан диалог с UI от RuStore для подтверждения обновления.\nПри нажатии на кнопку «Обновить» покажется диалоговое окно для подтверждения установки обновления.\nПосле завершения установки приложение закроется.\nadmonitionadmonitionadmonition\nк сведению\nparagraphparagraphparagraph\nОбъектAppUpdateInfoпосле однократного использования становится невалидным. Для повторного вызова методаstartUpdateFlow()запроситеAppUpdateInfo, снова используя методinfo().\nparagraphparagraphparagraph\nОбъектAppUpdateInfoпосле однократного использования становится невалидным. Для повторного вызова методаstartUpdateFlow()запроситеAppUpdateInfo, снова используя методinfo().\ncodecodecode\nRustoreUpdateClient.download().then((value){print(\"download code ${value.code}\");if(value.code==ACTIVITY_RESULT_CANCELED){// Пользователь отказался от скачивания}}).catchError((err){print(\"download err ${err}\");});\nadmonitionadmonitionadmonition\nк сведению\nparagraphparagraphparagraph\nСписок возможных ошибок (https://rustore.ru/help#%D0%BE%D0%B1%D1%80%D0%B0%D0%B1%D0%BE%D1%82%D0%BA%D0%B0-%D0%BE%D1%88%D0%B8%D0%B1%D0%BE%D0%BA)\nparagraphparagraphparagraph\nСписок возможных ошибок (https://rustore.ru/help#%D0%BE%D0%B1%D1%80%D0%B0%D0%B1%D0%BE%D1%82%D0%BA%D0%B0-%D0%BE%D1%88%D0%B8%D0%B1%D0%BE%D0%BA)\nh3h3h3\nПринудительное обновление​\nparagraphparagraphparagraph\nОписание сценария принудительного обновления\nОбновление с UI от RuStore\nПользователю будет показан полноэкранный диалог с UI от RuStore для подтверждения обновления. Использование приложения будет заблокировано до тех пор, пока обновление не будет установлено.\nПри нажатии на кнопку «Обновить» отобразится диалоговое окно для подтверждения установки обновления.\nДалее при нажатии на кнопку «Установить» появится полноэкранный диалог об установке новой версии приложения.\nПосле завершения установки приложение перезапустится.\nadmonitionadmonitionadmonition\nпредупреждение\nparagraphparagraphparagraph\nПриложение будет перезапущено, если версия Rustore больше, либо равна 1.37. Если версия Rustore ниже, то приложение закроется для установки обновления и не будет открыто заново, когда закончится обновление.\nЗапуск сценария обновления\nДля запуска скачивания принудительного обновления приложения вызовите методimmediate().\nparagraphparagraphparagraph\nПриложение будет перезапущено, если версия Rustore больше, либо равна 1.37. Если версия Rustore ниже, то приложение закроется для установки обновления и не будет открыто заново, когда закончится обновление.\nЗапуск сценария обновления\nДля запуска скачивания принудительного обновления приложения вызовите методimmediate().\ncodecodecode\nRustoreUpdateClient.immediate().then((value){print(\"silent code ${value.code}\");}).catchError((err){print(\"immediate err ${err}\");});\nparagraphparagraphparagraph\nACTIVITY_RESULT_OK (-1)— обновление выполнено, код может не быть получен, т. к. приложение в момент обновления завершается.\nACTIVITY_RESULT_CANCELED (0)— флоу прервано пользователем, или произошла ошибка. Предполагается, что при получении этого кода следует завершить работу приложения.\nACTIVITY_RESULT_NOT_FOUND (2)— RuStore не установлен, либо установлена версия, которая не поддерживает принудительное обновление (RuStore versionCode<191).\nh3h3h3\nТихое обновление​\nparagraphparagraphparagraph\nОписание сценария тихого обновления\nОбновление без UI от RuStore\nПользователю будет показано диалоговое окно для подтверждения установки обновления (обновление будет скачано в фоне).\nПосле завершения установки приложение закроется.\ncodecodecode\nRustoreUpdateClient.silent().then((value){print(\"silent code ${value.code}\");}).catchError((err){print(\"silent err ${err}\");});\nadmonitionadmonitionadmonition\nподсказка\nparagraphparagraphparagraph\nДля тихого обновления рекомендуется реализовать свой интерфейс.\nparagraphparagraphparagraph\nДля тихого обновления рекомендуется реализовать свой интерфейс.\nh2h2h2\nУстановка обновления​\nparagraphparagraphparagraph\nПосле завершения скачивания APK-файла обновления вы можете запустить установку обновления. Для запуска установки обновления вызовите методcomplete().\ncodecodecode\nRustoreUpdateClient.complete().catchError((err){print(\"complete err ${err}\");});\nh2h2h2\nОбработка ошибок​\nparagraphparagraphparagraph\nВсе ошибки в плагине реализованы константами. Описание констант в файлеconst.dart.\nh3h3h3\nСписок возможных ошибок​\nparagraphparagraphparagraph\nRuStoreNotInstalledException— на устройстве пользователя не установлен RuStore;\nRuStoreOutdatedException— версия RuStore, установленная на устройстве пользователя, не поддерживает платежи;\nRuStoreUserUnauthorizedException— пользователь не авторизован в RuStore;\nRuStoreException— базовая ошибка RuStore, от которой наследуются остальные ошибки;\nRuStoreInstallException(public val code: Int)— ошибка скачивания и установки.ERROR_UNKNOWN(Int = 4001)— неизвестная ошибка.ERROR_DOWNLOAD(Int = 4002)— ошибка при скачивании.ERROR_BLOCKED(Int = 4003)— установка заблокированна системой.ERROR_INVALID_APK(Int = 4004)— некорректный APK обновления.ERROR_CONFLICT(Int = 4005)— конфликт с текущей версией приложения.ERROR_STORAGE(Int = 4006)— недостаточно памяти на устройстве.ERROR_INCOMPATIBLE(Int = 4007)— несовместимо с устройством.ERROR_APP_NOT_OWNED(Int = 4008)— приложение не куплено.ERROR_INTERNAL_ERROR(Int = 4009)— внутренняя ошибка.ERROR_ABORTED(Int = 4010)— пользователь отказался от установки обновления.ERROR_APK_NOT_FOUND(Int = 4011)— APK для запуска установки не найден.ERROR_EXTERNAL_SOURCE_DENIED(Int = 4012)— запуск обновления запрещён. Например, в первом методе вернулся ответ о том, что обновление недоступно, но пользователь вызывает второй метод.ERROR_ACTIVITY_SEND_INTENT(Int = 9901)— ошибка отправки intent на открытие активити.ERROR_ACTIVITY_UNKNOWN(Int = 9902)— неизвестная ошибка отрытия активити.\nh2h2h2\nСписок зависимостей для обновления приложения​\nparagraphparagraphparagraph\nru.rustore.sdk:core:0.1.10— GNU Lesser General Public License v3.0;\nru.rustore.sdk:analytics:0.1.5— GNU Lesser General Public License v3.0;\norg.jetbrains.kotlin:kotlin-stdlib-jdk8:1.7.20— The Apache Software License, Version 2.0;\norg.jetbrains.kotlinx:kotlinx-coroutines-android:1.6.4— The Apache Software License, Version 2.0;\nandroidx.core:core-ktx:1.9.0— The Apache Software License, Version 2.0;\nandroidx.appcompat:appcompat:1.5.1— The Apache Software License, Version 2.0;\nandroidx.activity:activity:1.5.1— The Apache Software License, Version 2.0."
}