{
    "meta": {
        "language": "ru",
        "parse_date": "2024-07-06T20:11:01.558353",
        "current_url": "https://www.rustore.ru/help/sdk/payments/kotlin-java/migration/3-2-0-migration/",
        "doc_section": "sdk",
        "h1_text": "Обновление RuStore SDK до версии 3.2.0: Изменения в платежах и миграция для Kotlin и Java"
    },
    "text": "h1h1h1\nОбновление RuStore SDK до версии 3.2.0: Изменения в платежах и миграция для Kotlin и Java\n\nadmonitionadmonitionadmonition\nпримечание\nparagraphparagraphparagraph\nПримеры кода представлены для Kotlin.\nЧтобы быстро перейти на новую версию SDK, используйте настоящую инструкцию по миграции.\nparagraphparagraphparagraph\nПримеры кода представлены для Kotlin.\nЧтобы быстро перейти на новую версию SDK, используйте настоящую инструкцию по миграции.\nh2h2h2\nОбновление зависимости​\nparagraphparagraphparagraph\nДля обновления зависимости, поднимите версию уbillingclientв блокеdependenciesвашегоbuild.gradle.\ncodecodecode\ndependencies{implementation(\"ru.rustore.sdk:billingclient:3.2.0\")}\nh2h2h2\nПолучение списка продуктов​\nparagraphparagraphparagraph\nИзменилась модель результата получения списка продуктов. Теперь методgetProducts()сразу возвращается список продуктов.\ncodecodecode\nval productsUseCase:ProductsUseCase=billingClient.productsproductsUseCase.getProducts(productIds=listOf(\"id1\",\"id2\")).addOnSuccessListener{products:List<Product>->// Process success}.addOnFailureListener{throwable:Throwable->// Process error}\nh2h2h2\nПолучение списка покупок​\nparagraphparagraphparagraph\nИзменилась модель результата получения информации о покупке. Теперь методgetPurchasecaution()сразу возвращается модель покупки.\nВызов метода получения списка покупок пользователя\ncodecodecode\nval purchasesUseCase: PurchasesUseCase = billingClient.purchasespurchasesUseCase.getPurchasecaution(\"purchaseId\").addOnSuccessListener { purchase: Purchase ->// Process success}.addOnFailureListener { throwable: Throwable ->// Process error}\nh2h2h2\nПокупка продукта​\nparagraphparagraphparagraph\nИзменилась модель результата покупки продукта. Обновленная модель представлена ниже.\ncodecodecode\npublicsealedinterfacePaymentResult{publicdataclassSuccess(val orderId:String?,val purchaseId:String,val productId:String,val invoiceId:String,val subscriptionToken:String?=null,):PaymentResultpublicdataclassCancelled(val purchaseId:String,):PaymentResultpublicdataclassFailure(val purchaseId:String?,val invoiceId:String?,val orderId:String?,val quantity:Int?,val productId:String?,val errorCode:Int?,):PaymentResultpublicobjectInvalidPaymentState:PaymentResult()}\nparagraphparagraphparagraph\nSuccess- результат успешного завершения покупки цифрового товара.\nFailure- при отправке запроса на оплату или получения статуса оплаты возникла проблема, невозможно установить статус покупки.\nCancelled— запрос на покупку отправлен, при этом пользователь закрыл «платёжную шторку» на своём устройстве, и результат оплаты неизвестен.\nInvalidPaymentState— ошибка работы SDK платежей. Может возникнуть, в случае некорректного обратного deeplink.\nadmonitionadmonitionadmonition\nк сведению\nparagraphparagraphparagraph\nОбратите особое внимание на сценарии потребления и отмены покупки.\nparagraphparagraphparagraph\nОбратите особое внимание на сценарии потребления и отмены покупки.\nh2h2h2\nПодтверждение покупки​\nparagraphparagraphparagraph\nИзменилась модель результата потребления покупки. Теперь потребление может завершиться либо успехом, либо ошибкой.\ncodecodecode\nval purchasesUseCase:PurchasesUseCase=billingClient.purchasespurchasesUseCase.confirmPurchase(purchaseId=\"purchaseId\",developerPayload=null).addOnSuccessListener{// Process success}.addOnFailureListener{throwable:Throwable->// Process error}\nh2h2h2\nОтмена покупки​\nparagraphparagraphparagraph\nИзменилась модель результата отмены покупки. Теперь отмена покупки может завершиться либо успехом, либо ошибкой.\ncodecodecode\nval purchasesUseCase:PurchasesUseCase=billingClient.purchasespurchasesUseCase.deletePurchase(purchaseId=\"purchaseId\").addOnSuccessListener{// Process success}.addOnFailureListener{throwable:Throwable->// Process error}\nh2h2h2\nСценарий подтверждения и отмены покупки​\nparagraphparagraphparagraph\nВ связи с тем, что изменилась модель результата покупки продукта, изменилась и логика потребления и отмены покупки.\nМетод отмены покупкиdeletePurchaseнеобходимо использовать при следующих условиях.\nМетод получения списка покупок getPurchases вернул покупку со статусамиPurchaseState.CREATEDилиPurchaseState.INVOICE_CREATED.\nadmonitionadmonitionadmonition\nк сведению\nparagraphparagraphparagraph\nВ некоторых случаях, после оплаты через приложение банка (СБП, СберPay, TinkoffPay и т. д.), при последующем возврате обратно в приложение AnyApp, статус покупки может быть всё ещёPurchaseState.INVOICE_CREATED. Это связано с временем обработки покупки на стороне банка. Поэтому разработчику необходимо правильно связать логику получения списка покупок с жизненным циклом экрана. Альтернативным вариантом решения данной проблемы является отмена покупки в статусеPurchaseState.INVOICE_CREATEDтолько через взаимодействие пользователя с приложением. Например, вынести эту логику в отдельную кнопку.\nМетод покупкиpurchaseProductвернулPaymentResult.Cancelled.\nМетод покупкиpurchaseProductвернулPaymentResult.Failure.\nparagraphparagraphparagraph\nВ некоторых случаях, после оплаты через приложение банка (СБП, СберPay, TinkoffPay и т. д.), при последующем возврате обратно в приложение AnyApp, статус покупки может быть всё ещёPurchaseState.INVOICE_CREATED. Это связано с временем обработки покупки на стороне банка. Поэтому разработчику необходимо правильно связать логику получения списка покупок с жизненным циклом экрана. Альтернативным вариантом решения данной проблемы является отмена покупки в статусеPurchaseState.INVOICE_CREATEDтолько через взаимодействие пользователя с приложением. Например, вынести эту логику в отдельную кнопку.\nМетод покупкиpurchaseProductвернулPaymentResult.Cancelled.\nМетод покупкиpurchaseProductвернулPaymentResult.Failure."
}