{
    "meta": {
        "language": "ru",
        "parse_date": "2024-07-06T19:55:27.219138",
        "current_url": "https://www.rustore.ru/help/sdk/updates/unreal/history/",
        "doc_section": "sdk",
        "h1_text": "История обновлений"
    },
    "text": "h1h1h1\nИстория обновлений\nparagraphparagraphparagraph\nВерсия плагина 3.0.0\nВерсия sdk appupdate 3.+.\nОбновлены методы установки обновления.\nВерсия sdk appupdate 2.+.\nВ репозитрий добавлен исходный код *.aar пакетов плагинов.\nВерсия sdk appupdate 1.0.1.\nВерсия sdk appupdate 1.0.0.\nДобавлены асинхронные варианты blueprint-методов вместо подписок на события.\nДобавлены коды ошибок в перечислениеEURuStoreInstallErrorCode.\nДобавлены коды состояний в перечислениеEURuStoreUpdateFlowResult.\nRuStoreAppUpdate_UPL_Android.xmlбольше не добавляет атрибутandroid:exportedкGameActivityиSplashActivity."
}