{
    "meta": {
        "language": "ru",
        "parse_date": "2024-07-06T19:43:23.426570",
        "current_url": "https://www.rustore.ru/help/developers/publishing-and-verifying-apps/responses-to-reviews/",
        "doc_section": "developers",
        "h1_text": "Эффективное взаимодействие с оценками и отзывами в RuStore"
    },
    "text": "h1h1h1\nЭффективное взаимодействие с оценками и отзывами в RuStore\nparagraphparagraphparagraph\nСкачав приложение из RuStore, пользователи могут оценить его и оставить отзыв. Один пользователь может добавить оценку и отзыв только один раз, при этом разрешается изменить их в любое время.\nКаждый отзыв публикуется со следующей информацией:\nверсия ОС устройства, с которого оставлен отзыв;\nмодель устройства;\nвремя написания отзыва;\nверсия приложения.\nh2h2h2\nКак работать с отзывами​\nparagraphparagraphparagraph\nВRuStore Консоливы можете отслеживать и анализировать отзывы пользователей на ваше приложение. По умолчанию фильтрация не применена.\nДля более гибкой и быстрой обработки отзывов их можно фильтровать:\ndetailsdetailsdetails\nпо дате;\nparagraphparagraphparagraph\nНажмите на кнопку «Дата» и выберите интервал от 1 дня и больше. В списке отобразятся все отзывы за указанный период.\n\nparagraphparagraphparagraph\nНажмите на кнопку «Дата» и выберите интервал от 1 дня и больше. В списке отобразятся все отзывы за указанный период.\n\ndetailsdetailsdetails\nпо оценке;\nparagraphparagraphparagraph\nНажмите на кнопку «Оценка». Выберите одну или несколько оценок и нажмите «Применить». Если параметр не выбран, будут отображаться отзывы со всеми оценками.\n\nparagraphparagraphparagraph\nНажмите на кнопку «Оценка». Выберите одну или несколько оценок и нажмите «Применить». Если параметр не выбран, будут отображаться отзывы со всеми оценками.\n\ndetailsdetailsdetails\nпо версии приложения;\nparagraphparagraphparagraph\nНажмите на кнопку «Версия». Выберите одну или несколько версий вашего приложения и нажмите «Применить». Если параметр не выбран, будут отображаться отзывы со всеми версия приложения.\n\nПри необходимости можно сбросить все фильтры сразу, нажав на кнопку «Сбросить фильтры», или каждый по отдельности, нажимая на крестик.\nparagraphparagraphparagraph\nНажмите на кнопку «Версия». Выберите одну или несколько версий вашего приложения и нажмите «Применить». Если параметр не выбран, будут отображаться отзывы со всеми версия приложения.\n\nПри необходимости можно сбросить все фильтры сразу, нажав на кнопку «Сбросить фильтры», или каждый по отдельности, нажимая на крестик.\nh2h2h2\nКак написать ответ на отзыв​\nparagraphparagraphparagraph\nЧтобы лучше выстроить отношения с пользователем, вы можете написать публичный ответ на отзыв:\nпоблагодарить пользователя за хороший отзыв;\nответить на вопросы;\nузнать, какими функциями пользователи хотят пользоваться в вашем приложении;\nузнать об ошибках в приложении.\nОткройтеRuStore Консоль (https://console.rustore.ru/sign-in).\nПерейдите на вкладку «Отзывы» на панели слева.\nНажмите «Ответить» под отзывом, на который хотите написать ответ.\nВведите текст ответа в поле «Ответ разработчика» и нажмите «Опубликовать».\nh2h2h2\nИзменение и удаление ответов на отзывы пользователей​\nparagraphparagraphparagraph\nПри необходимости вы можете отредактировать или удалить ответ в любое время.\nh3h3h3\nКак изменить свой ответ на отзыв​\nparagraphparagraphparagraph\nОткройтеКонсоль RuStore (https://console.rustore.ru/sign-in).\nПерейдите на вкладку «Отзывы» на панели слева.\nНажмите «Редактировать» под вашим ответом на отзыв.\nВнесите необходимые изменения в поле «Ответ разработчика» и нажмите «Опубликовать».\nh3h3h3\nКак удалить свой ответ на отзыв​\nparagraphparagraphparagraph\nОткройтеКонсоль RuStore (https://console.rustore.ru/sign-in).\nПерейдите на вкладку «Отзывы» на панели слева.\nНажмите «Удалить» под ответом на отзыв и он будет удалён.\nh2h2h2\nТребования по ответам на отзывы​\nparagraphparagraphparagraph\nНе отклоняйтесь от темы. Ответ должен быть ясным, правдивым, полезным и соответствовать содержанию отзыва.\nБудьте вежливы. Ваша цель — помочь пользователям найти решение проблемы, а не отпугнуть их. Не публикуйте ответы на отзывы с оскорблениями, угрозами, пренебрежительными или дискриминационными высказываниями. Не провоцируйте пользователей оставлять подобные комментарии.\nОтвечайте на все отзывы. Так вы покажете пользователям, что цените их мнение. Приложения, разработчики которых комментируют отзывы, как правило, получают более высокие оценки.\nЕсли пользователь настроен крайне негативно, не отвечайте негативом.Как отвечать на негативные отзывы? (https://rustore.ru/help/developers/publishing-and-verifying-apps/dealing-negative-reviews)\nПостарайтесь ускорить работу с позитивными отзывами, тогда у вас будет больше времени на решение сложных проблем пользователя. Например, создайте на локальном компьютере шаблоны для быстрых ответов и вставляйте готовый ответ. Пока в RuStore нет встроенных шаблонов, но мы обязательно добавим такую функциональность.\nЕсли вы используете шаблоны для быстрых ответов, то старайтесь менять формулировки от отзыва к отзыву. У пользователя не должно создаваться ощущение, что ему отвечает робот.\nНе публикуйте в ответах ссылки на сторонние магазины приложений или витрины, фишинговые и нерелевантные ссылки.\nНе публикуйте в ответах рекламу и промокоды других сервисов или покупок внутри приложения, а также предложения загрузить приложение из другого стора или витрины. Пользователи не считают подобную информацию полезной.\nНе публикуйте материалы сексуального характера и не используйте неприличные выражения.\nadmonitionadmonitionadmonition\nпримечание\nparagraphparagraphparagraph\nНесоблюдение этих требований может привести к блокировке приложения или всего аккаунта разработчика.\nparagraphparagraphparagraph\nНесоблюдение этих требований может привести к блокировке приложения или всего аккаунта разработчика."
}