{
    "meta": {
        "language": "ru",
        "parse_date": "2024-07-06T19:54:30.511386",
        "current_url": "https://www.rustore.ru/help/sdk/updates/react/6-0-0/",
        "doc_section": "sdk",
        "h1_text": "6.0.0"
    },
    "text": "h1h1h1\n6.0.0\n\nh2h2h2\nОбщие сведения​\nparagraphparagraphparagraph\nRuStore In-app updates SDK поддерживает актуальную версию приложения на устройстве пользователя. Это помогает пользователю увидеть обновления, оценить улучшение производительности и результат исправления ошибок.\nh2h2h2\nПример пользовательского сценария​\nparagraphparagraphparagraph\nИспользуйте RuStore In-app updates SDK для реализации различных способов обновлений. В настоящий момент поддерживаются: отложенное, тихое (без UI от RuStore) и принудительное обновление.\nОзнакомьтесь сприложением-примеромчтобы узнать, как правильно интегрировать SDK обновлений.\nh2h2h2\nУсловия корректной работы SDK​\nparagraphparagraphparagraph\nДля работы RuStore In-app updates SDK необходимо соблюдение следующих условий.\nОС Android версии 7.0 или выше\nВерсия RuStore на устройстве пользователя актуальная\nПользователь авторизован в RuStore\nПриложению RuStore разрешена установка приложений\nh2h2h2\nПодключение в проект​\nparagraphparagraphparagraph\nДля подключения пакета к проекту выполните следующую команду.\ncodecodecode\n// HTTPSnpm install git+https://git@gitflic.ru/project/rustore/react-native-rustore-update-sdk.git// SSHnpm install git+ssh://git@gitflic.ru/project/rustore/react-native-rustore-update-sdk.git\nh2h2h2\nСоздание менеджера обновлений​\nparagraphparagraphparagraph\nДля работы механизма обновлений необходимо выполнить инициализацию SDK\ncodecodecode\nRustoreUpdateClient.init();\nh2h2h2\nПроверка наличия обновлений​\nparagraphparagraphparagraph\n\nНа устройстве пользователя установлена актуальная версия RuStore.\nПользователь и приложение не должны быть заблокированы в RuStore.\nПриложению RuStore разрешена установка приложений.\nПользователь авторизован в RuStore.\ncodecodecode\ntry{constappUpdateInfo=awaitRustoreUpdateClient.getAppUpdateInfo();console.log(appUpdateInfo);}catch(err){console.log(err);}\nparagraphparagraphparagraph\nupdateAvailability— доступность обновления:UNKNOWN (int == 0)— по умолчанию;UPDATE_NOT_AVAILABLE (int == 1)— обновление не нужно;UPDATE_AVAILABLE (int == 2)— обновление требуется загрузить или обновление уже загружено на устройство пользователя;DEVELOPER_TRIGGERED_UPDATE_IN_PROGRESS (int == 3)— обновление уже скачивается или установка уже запущена.\ninstallStatus— статус установки обновления, если пользователь уже устанавливает обновление в текущий момент времени:UNKNOWN (int == 0)— по умолчанию;DOWNLOADED (int == 1)— скачано;DOWNLOADING (int == 2)— скачивается;FAILED (int == 3)— ошибка;PENDING (int == 5)— в ожидании.\nadmonitionadmonitionadmonition\nк сведению\nparagraphparagraphparagraph\nЗапуск скачивания обновления возможен только в том случае, если полеupdateAvailabilityсодержит значениеUPDATE_AVAILABLE.\nparagraphparagraphparagraph\nЗапуск скачивания обновления возможен только в том случае, если полеupdateAvailabilityсодержит значениеUPDATE_AVAILABLE.\nh2h2h2\nСкачивание и установка обновлений​\n\nh3h3h3\nИспользование слушателя (listener)​\nparagraphparagraphparagraph\nПосле подтверждения доступности обновления (AppUpdateInfo) вы можете запросить статус скачивания обновления — для этого запустите слушатель статуса скачивания обновления.\nh3h3h3\nПроверка статуса скачивания обновления​\nparagraphparagraphparagraph\nИспользуйте методeventEmitter.addListener:\ncodecodecode\nconstlistener=useRef<EmitterSubscription>();listener.current=eventEmitter.addListener(Events.INSTALL_STATE_UPDATE,async(state:InstallState)=>{switch(state.installStatus){caseInstallStatus.DOWNLOADED:{// Обновление готово к установкеbreak;}caseInstallStatus.DOWNLOADING:{// Здесь можно отобразить прогресс скачиванияbreak;}caseInstallStatus.FAILED:{console.log(`Ошибка при загрузке:${installState?.installErrorCode}`);break;}}});\nparagraphparagraphparagraph\ninstallStatus— статус установки обновления, если пользователь уже устанавливает обновление в текущий момент времени:UNKNOWN (int == 0)— по умолчанию;DOWNLOADED (int == 1)— скачано;DOWNLOADING (int == 2)— скачивается;FAILED (int == 3)— ошибка;PENDING (int == 5)— в ожидании;\nbytesDownloaded— количество загруженных байт;\ntotalBytesToDownload— общее количество байт, которое необходимо скачать;\ninstallErrorCode— код ошибки во время скачивания. Коды ошибок описаны в разделеОбработка ошибок (https://rustore.ru/help#обработка-ошибок).\nh3h3h3\nУдаление слушателя​\nparagraphparagraphparagraph\nЕсли необходимости в слушателе больше нет, воспользуйтесь методом удаления слушателяremove().\ncodecodecode\nlistener.current?.remove();\nh2h2h2\nЗапуск скачивания обновления​\n\nh3h3h3\nОтложенное обновление​\nparagraphparagraphparagraph\nОписание сценария отложенного обновления\nОбновление с UI от RuStore\nПользователю будет показан диалог с UI от RuStore для подтверждения обновления.\nПри нажатии на кнопку «Обновить» покажется диалоговое окно для подтверждения установки обновления.\nПосле завершения установки приложение закроется.\nadmonitionadmonitionadmonition\nк сведению\nparagraphparagraphparagraph\nОбъектAppUpdateInfoпосле однократного использования становится невалидным. Для повторного вызова методаdownload()запроситеAppUpdateInfo, снова используя методgetAppUpdateInfo().\nparagraphparagraphparagraph\nОбъектAppUpdateInfoпосле однократного использования становится невалидным. Для повторного вызова методаdownload()запроситеAppUpdateInfo, снова используя методgetAppUpdateInfo().\ncodecodecode\ntry{constresultCode=awaitRustoreUpdateClient.download();console.log(resultCode);}catch(err){console.log(err);}\nadmonitionadmonitionadmonition\nк сведению\nparagraphparagraphparagraph\nСписок возможных ошибок (https://rustore.ru/help#%D0%BE%D0%B1%D1%80%D0%B0%D0%B1%D0%BE%D1%82%D0%BA%D0%B0-%D0%BE%D1%88%D0%B8%D0%B1%D0%BE%D0%BA)\nparagraphparagraphparagraph\nСписок возможных ошибок (https://rustore.ru/help#%D0%BE%D0%B1%D1%80%D0%B0%D0%B1%D0%BE%D1%82%D0%BA%D0%B0-%D0%BE%D1%88%D0%B8%D0%B1%D0%BE%D0%BA)\nh3h3h3\nПринудительное обновление​\nparagraphparagraphparagraph\nОписание сценария принудительного обновления\nОбновление с UI от RuStore\nПользователю будет показан полноэкранный диалог с UI от RuStore для подтверждения обновления. Использование приложения будет заблокировано до тех пор, пока обновление не будет установлено.\nПри нажатии на кнопку «Обновить» отобразится диалоговое окно для подтверждения установки обновления.\nДалее при нажатии на кнопку «Установить» появится полноэкранный диалог об установке новой версии приложения.\nПосле завершения установки приложение перезапустится.\nadmonitionadmonitionadmonition\nпредупреждение\nparagraphparagraphparagraph\nПриложение будет перезапущено, если версия Rustore больше, либо равна 1.37. Если версия Rustore ниже, то приложение закроется для установки обновления и не будет открыто заново, когда закончится обновление.\nЗапуск сценария обновления\nДля запуска скачивания принудительного обновления приложения вызовите методimmediate().\nparagraphparagraphparagraph\nПриложение будет перезапущено, если версия Rustore больше, либо равна 1.37. Если версия Rustore ниже, то приложение закроется для установки обновления и не будет открыто заново, когда закончится обновление.\nЗапуск сценария обновления\nДля запуска скачивания принудительного обновления приложения вызовите методimmediate().\ncodecodecode\ntry{constresultCode=awaitRustoreUpdateClient.immediate();console.log(resultCode);}catch(err){console.log(err);}\nparagraphparagraphparagraph\nResultCode.RESULT_OK (-1)— обновление выполнено, код может не быть получен, т. к. приложение в момент обновления завершается.\nResultCode.RESULT_CANCELED (0)— флоу прервано пользователем, или произошла ошибка. Предполагается, что при получении этого кода следует завершить работу приложения.\nResultCode.ACTIVITY_NOT_FOUND (2)— RuStore не установлен, либо установлена версия, которая не поддерживает принудительное обновление (RuStore versionCode<191).\nh3h3h3\nТихое обновление​\nparagraphparagraphparagraph\nОписание сценария тихого обновления\nОбновление без UI от RuStore\nПользователю будет показано диалоговое окно для подтверждения установки обновления (обновление будет скачано в фоне).\nПосле завершения установки приложение закроется.\ncodecodecode\ntry{constresultCode=awaitRustoreUpdateClient.silent();console.log(resultCode);}catch(err){console.log(err);}\nadmonitionadmonitionadmonition\nподсказка\nparagraphparagraphparagraph\nДля тихого обновления рекомендуется реализовать свой интерфейс.\nparagraphparagraphparagraph\nДля тихого обновления рекомендуется реализовать свой интерфейс.\nh2h2h2\nУстановка обновления​\nparagraphparagraphparagraph\nПосле завершения скачивания APK-файла обновления вы можете запустить установку обновления. Для запуска установки обновления вызовите методcompleteUpdate(type: number).\nСущностьAppUpdateType, откуда мы получаем тип обновления для установки. Допустимые типы обновлений для передачи вcompleteUpdateметодFLEXIBLEиSILENT.\ncodecodecode\nexportenumAppUpdateType{FLEXIBLE=0,IMMEDIATE=1,SILENT=2,}\ncodecodecode\ntry{awaitRustoreUpdateClient.completeUpdate(AppUpdateType.FLEXIBLE);}catch(err){console.log(err);}\nparagraphparagraphparagraph\nUI-диалог завершения обновления не будет показан.\nВ случае успешного обновления приложение будет закрыто.\nh2h2h2\nОбработка ошибок​\n\nadmonitionadmonitionadmonition\nподсказка\nparagraphparagraphparagraph\nЕсли вы получили в ответonFailure, не рекомендуется самостоятельно отображать ошибку пользователю. Отображение ошибки может негативно повлиять на пользовательский опыт.\nparagraphparagraphparagraph\nЕсли вы получили в ответonFailure, не рекомендуется самостоятельно отображать ошибку пользователю. Отображение ошибки может негативно повлиять на пользовательский опыт.\nh3h3h3\nВозможные ошибки​\nparagraphparagraphparagraph\nВсе ошибки в плагине реализованы константами. Описание констант в файлеtypes.ts.\nСписок возможных ошибок.\nRuStoreNotInstalledException— на устройстве пользователя не установлен RuStore;\nRuStoreOutdatedException— версия RuStore, установленная на устройстве пользователя, не поддерживает платежи;\nRuStoreUserUnauthorizedException— пользователь не авторизован в RuStore;\nRuStoreException— базовая ошибка RuStore, от которой наследуются остальные ошибки;\nRuStoreInstallException(public val code: Int)— ошибка скачивания и установки.ERROR_UNKNOWN(Int = 4001)— неизвестная ошибка.ERROR_DOWNLOAD(Int = 4002)— ошибка при скачивании.ERROR_BLOCKED(Int = 4003)— установка заблокированна системой.ERROR_INVALID_APK(Int = 4004)— некорректный APK обновления.ERROR_CONFLICT(Int = 4005)— конфликт с текущей версией приложения.ERROR_STORAGE(Int = 4006)— недостаточно памяти на устройстве.ERROR_INCOMPATIBLE(Int = 4007)— несовместимо с устройством.ERROR_APP_NOT_OWNED(Int = 4008)— приложение не куплено.ERROR_INTERNAL_ERROR(Int = 4009)— внутренняя ошибка.ERROR_ABORTED(Int = 4010)— пользователь отказался от установки обновления.ERROR_APK_NOT_FOUND(Int = 4011)— APK для запуска установки не найден.ERROR_EXTERNAL_SOURCE_DENIED(Int = 4012)— запуск обновления запрещён. Например, в первом методе вернулся ответ о том, что обновление недоступно, но пользователь вызывает второй метод.ERROR_ACTIVITY_SEND_INTENT(Int = 9901)— ошибка отправки intent на открытие активити.ERROR_ACTIVITY_UNKNOWN(Int = 9902)— неизвестная ошибка отрытия активити."
}