{
    "meta": {
        "language": "ru",
        "parse_date": "2024-07-06T20:06:07.609715",
        "current_url": "https://www.rustore.ru/help/sdk/general-push-notifications/send-push-notifications/api/",
        "doc_section": "sdk",
        "h1_text": "API Push-уведомлений: Интеграция с RuStore, FCM, HMS и APNS"
    },
    "text": "h1h1h1\nAPI Push-уведомлений: Интеграция с RuStore, FCM, HMS и APNS\nparagraphparagraphparagraph\nAPI разрабатывалось с целью предоставлять возможность отправки push-уведомлений через нескольких push-провайдеров одновременно.\nДля отправки push-уведомления необходимо использовать методPOSThttps://vkpns-universal.rustore.ru/v1/send.\nЧтобы отправить push-уведомление, укажитеID проектаиАвторизационный токендля каждого провайдера, по которому планируется отправка пуша.\n\nRuStore\n\n\nFCM\n\n\nHMS\n\n\nAPNS\n\nh2h2h2\nТело запроса​\n\n---Table Start---\nproviders | object (providers) | да | Провайдеры для отправки push-уведомлений.\ntokens    | object (tokens)    | да | Push-токены по провайдерам.              \nmessage   | object (message)   | да | Структура push-уведомления.              \n---Table End---\nh3h3h3\nproviders​\n\n---Table Start---\nrustore | object (provider) | нет | Провайдер RuStore. \nfcm     | object (provider) | нет | Провайдер Firebase.\nhms     | object (provider) | нет | провайдер Huawei.  \napns    | object (provider) | нет | провайдер APNS.    \n---Table End---\nh3h3h3\nproviders.provider​\n\n---Table Start---\nproject_id | string | да | ID проекта.           \nauth_token | string | да | Авторизационный токен.\n---Table End---\nh3h3h3\ntokens​\n\n---Table Start---\nrustore | array (string) | нет | Push-токены RuStore. \nfcm     | array (string) | нет | Push-токены Firebase.\nhms     | array (string) | нет | Push-токены Huawei.  \napns    | array (string) | нет | Push-токены APNS.    \n---Table End---\nh3h3h3\nmessage​\n\n---Table Start---\ndata         | map                           | нет         | Объект, содержащий пары \"key\": value .                          \nnotification | object (message.notification) | да          | Базовый шаблон уведомления для использования на всех платформах.\nandroid      | object (message.android)      | тольков HMS | Специальные параметры Android для сообщений.                    \n---Table End---\nh3h3h3\nmessage.notification​\n\n---Table Start---\ntitle | string | да  | Название уведомления.                                                    \nbody  | string | да  | Основной текст уведомления.                                              \nimage | string | нет | Содержит URL-адрес изображения, которое будет отображаться в уведомлении.\n---Table End---\nh3h3h3\nmessage.android​\n\n---Table Start---\nttl          | string (duration format)              | нет          | Как долго (в секундах) сообщение должно храниться в хранилище. Пример: 3.5s .\nnotification | object (message.android.notification) | только в HSM | Уведомление для отправки на устройства Android.                              \n---Table End---\nh3h3h3\nmessage.android.notification​\n\n---Table Start---\ntitle        | string | да  | Название уведомления.                                                                           \nbody         | string | да  | Основной текст уведомления.                                                                     \nicon         | string | нет | Значок уведомления.                                                                             \ncolor        | string | нет | Цвет значка уведомления в формате #rrggbb .                                                     \nimage        | string | нет | Содержит URL-адрес изображения, которое будет отображаться в уведомлении.                       \nchannel_id   | string | нет | Идентификатор канала уведомления.                                                               \nclick_action | string | нет | Действие, связанное с кликом пользователя по уведомлению. В HMS по дефолту стоит тип 1 (intent).\n---Table End---\nadmonitionadmonitionadmonition\nк сведению\nparagraphparagraphparagraph\nВ структуреmessageподдерживаются только представленные выше поля.\nparagraphparagraphparagraph\nВ структуреmessageподдерживаются только представленные выше поля.\nh2h2h2\nТело успешного ответа​\n\n---Table Start---\nstatus | string | В случае успешного ответа возвращается сообщение со статусом OK .\n---Table End---\nh2h2h2\nТело ошибки​\n\n---Table Start---\ncode   | int            | Числовой код ошибки ( 404 , 400 , 403 , 401 , ...).\nstatus | string         | Общее описание ошибки.                             \nerrors | array (string) | Ошибки по провайдерам или ошибки валидации.        \n---Table End---\nparagraphparagraphparagraph\nОшибки валидации сообщения.\nОшибки отправки по провайдерам.\nОшибки сервиса.\nVALIDATION_ERROR— неправильно указаны параметры запроса при отправке сообщения.\nPROVIDER_ERROR— ошибка отправки в провайдер пушей.\nINTERNAL_ERROR— внутренняя ошибка сервиса.\nproviders.%provider_name%— ошибка в провайдере.\ntokens.%provider_name%— ошибка в токене провайдера.\nmessage.%field%— ошибка в сообщении.\ninternal— внутренняя ошибка провайдера.\nvalidation error— ошибка валидации на стороне провадейра.\ninvalid auth token— ошибка auth-токена.\ntoo many requests— слишком много запросов.\ninvalid tokens— ошибка в push-токенах, будет список через запятую обрезанных токенов (первые 6 символов).\nh2h2h2\nАлгоритм валидации​\nparagraphparagraphparagraph\nПровайдер обязан иметь токены.\nh3h3h3\nproviders​\nparagraphparagraphparagraph\nДолжен быть хотя-бы один провайдер, без провайдеров запрос не валиден.\nh3h3h3\ntokens​\nparagraphparagraphparagraph\nДолжен быть хотя-бы один push-токен на провайдера.\nh3h3h3\nMessage​\nparagraphparagraphparagraph\nЕсли есть непустойpayloadmessage.data(то есть хотя бы одна пара ключ-значение внутри), то сообщение валидно. Секцииmessage.notificationиmessage.androidмогут отсутствовать.\nЕсли поляmessage.dataнет, то обязательно должен бытьnotification. В этом случае проверяется наличие либо поляmessage.notificationлибоmessage.android.notification. Хотя бы что-то одно из этих полей должно присутствовать, но могут присутствовать оба (если присутствуют оба, то некоторые поля перезаписываются).\nh3h3h3\nОграничения​\nparagraphparagraphparagraph\nЕсли в уведомлении нет поляttlили оно равно 0, то учитывается стандартное значение, равное 4 неделям. Если отсутствует секцияmessage.android, то она добавляется с полемttl.\nМаксимальный объем сообщения — 4096 байт."
}