{
    "meta": {
        "language": "ru",
        "parse_date": "2024-07-06T20:11:15.439144",
        "current_url": "https://www.rustore.ru/help/developers/publishing-and-verifying-apps/declare-app-permissions/",
        "doc_section": "developers",
        "h1_text": "Декларация разрешений: защита пользовательских данных в RuStore"
    },
    "text": "h1h1h1\nДекларация разрешений: защита пользовательских данных в RuStore\nparagraphparagraphparagraph\nБезопасность пользователей является ключевым критерием для RuStore. Для обеспечения безопасности данных пользователя RuStore проводит проверку всех запрашиваемых разрешений (permissions) каждого приложения. Кроме того, в системе реализована функция для получения информации о типах пользовательских данных, которые собирает и передаёт загружаемое приложение.\nДекларация разрешений и предоставление информации о запрашиваемых данных повышает прозрачность и помогает магазину и пользователям понять, как обрабатываются и для каких целей используются пользовательские данные."
}