{
    "meta": {
        "language": "ru",
        "parse_date": "2024-07-06T19:35:57.016869",
        "current_url": "https://www.rustore.ru/help/developers/monetization/payment-callback/disable-notifications/",
        "doc_section": "developers",
        "h1_text": "Как отключить отправку уведомлений"
    },
    "text": "h1h1h1\nКак отключить отправку уведомлений\nparagraphparagraphparagraph\nВы в любой момент можете отключить отправку уведомлений для вашего приложения.\nОткройтеRuStore Консоль (https://console.rustore.ru/sign-in)и перейдите в ваше приложение.\nВыберите в меню слева «Монетизация» — «Уведомления на сервер».\nДеактивируйте переключатель «Отправлять уведомления».\nadmonitionadmonitionadmonition\nпредупреждение\nparagraphparagraphparagraph\nПока сервис отключён, уведомления не копятся.\nЕсли заново включить отправку, вам начнут поступать только уведомления об изменениях в режиме реального времени.\nПри необходимости вы сможете запросить недостающую информацию о статусах платежей с помощьюRuStore API (https://rustore.ru/help/work-with-rustore-api/api-subscription-payment/api-token-payment-method).\nparagraphparagraphparagraph\nПока сервис отключён, уведомления не копятся.\nЕсли заново включить отправку, вам начнут поступать только уведомления об изменениях в режиме реального времени.\nПри необходимости вы сможете запросить недостающую информацию о статусах платежей с помощьюRuStore API (https://rustore.ru/help/work-with-rustore-api/api-subscription-payment/api-token-payment-method)."
}