{
    "meta": {
        "language": "ru",
        "parse_date": "2024-07-06T19:28:57.373117",
        "current_url": "https://www.rustore.ru/help/work-with-rustore-api/api-upload-publication-app/publishing-change-settings/",
        "doc_section": "",
        "h1_text": "Изменение настроек публикации"
    },
    "text": "h1h1h1\nИзменение настроек публикации\nparagraphparagraphparagraph\nМетод позволяет изменить тип публикации, дату отложенной публикации и % для частичной публикации версии.\nОграничения:\nзначение % для частичной публикации возможно редактировать только в большую сторону;\nеслиpartialValue—100, приложение считается полностью опубликованным;\nможно менять или параметрpartialValue, илиpublishTypeиpublishDateTime(для отложенной публикации).\nh2h2h2\nПараметры взаимодействия​\nparagraphparagraphparagraph\nPOST\nhttps://public-api.rustore.ru/public/v1/application/{packageName}/version/{versionId}/publish-settings\n---Table Start---\nPublic-Token    | string      | Да                                     | header | Токен доступа к Public API Rustore .                                                                                                                                                                                                                                                                                                                                    | N/A                              \npackageName     | string      | Да                                     | path   | Имя пакета приложения.                                                                                                                                                                                                                                                                                                                                                  | N/A                              \nversionId       | number      | Да                                     | path   | Версия приложения.                                                                                                                                                                                                                                                                                                                                                      | N/A                              \npublishType     | string      | Нет                                    | body   | Тип публикации. Может принимать значения: • MANUAL — ручная публикация; • INSTANTLY — автоматическая публикация сразу после прохождения модерации; • DELAYED — отложенная публикации.                                                                                                                                                                                   | MANUAL                           \npublishDateTime | timestamptz | • Нет • Да, если publishType = DELAYED | body   | Дата и время для отложенной публикации. формат: yyyy-MM-dd'T'HH:mm:ssXXX . Указанная дата должна быть не раньше 24 часов и не позже 60 дней с планируемой даты отправки на модерацию. В дальнейшем дату отложенной публикации можно будет поменять. Примечание: если publishType указан MANUAL или INSTANTLY , данный параметр может быть любым и не будет учитываться. | 2022-07-08T13:24:41.8328711+03:00\npartialValue    | number      | Нет                                    | body   | Процент для частичной публикации приложения Может принимать значения: - 5 % - 10 % - 25 % - 50 % - 75 % - 100 %                                                                                                                                                                                                                                                         | 5                                \n---Table End---\nh2h2h2\nПараметры ответа​\n\n---Table Start---\ncode      | string      | Да  | Код ответа.              | error / OK                       \nmessage   | string      | Нет | Расшифровка кода ответа. | N/A                              \ntimestamp | timestamptz | Да  | Время ответа.            | 2022-07-08T13:24:41.8328711+03:00\n---Table End---\nh2h2h2\nПример для изменения % для частичной раскатки​\n\ncodecodecode\ncurl --location 'https://public-api.rustore.ru/public/v1/application/com.example.pblsh_v2/version/704372/publish-settings' \\--header 'accept: application/json' \\--header 'Content-Type: application/json' \\--header 'Public-Token: {YOURtoken}\\--data '{\"partialValue\": 100}'\nh2h2h2\nПример ответа​\n\ncodecodecode\n{\"code\": \"OK\",\"message\": null,\"body\": null,\"timestamp\": \"2023-08-14T15:35:12.701709488+03:00\"}"
}