{
    "meta": {
        "language": "ru",
        "parse_date": "2024-07-06T19:55:44.915150",
        "current_url": "https://www.rustore.ru/help/sdk/updates/unreal/2-0-0/",
        "doc_section": "sdk",
        "h1_text": "2.0.0"
    },
    "text": "h1h1h1\n2.0.0\n\nh2h2h2\nОбщие сведения​\nparagraphparagraphparagraph\nRuStore In-app updates SDK поддерживает актуальную версию приложения на устройстве пользователя. Это помогает пользователю увидеть обновления, оценить улучшение производительности и результат исправления ошибок.\nh2h2h2\nПример пользовательского сценария​\nparagraphparagraphparagraph\nИспользуйте RuStore In-app updates SDK для реализации различных способов обновлений. В настоящий момент поддерживаются: отложенное, тихое (без UI от RuStore) и принудительное обновление.\nh2h2h2\nУсловия корректной работы SDK​\nparagraphparagraphparagraph\nДля работы RuStore In-app updates SDK необходимо соблюдение следующих условий.\nОС Android версии 7.0 или выше.\nВерсия RuStore на устройстве пользователя актуальная.\nПользователь авторизован в RuStore.\nПриложению RuStore разрешена установка приложений.\nh2h2h2\nПодключение в проект​\nparagraphparagraphparagraph\nСкопируйте проекты плагина из официального репозитория RuStore наGitFlic (https://gitflic.ru/project/rustore/rustore-unreal-engine-appupdate-example).\nОткройте в вашей IDE проект Android из папкиunreal_plugin_libraries.\nВыполните сборку проекта командойgradle assemble.\nRuStoreUnityAppUpdate.aar.\nRuStoreUnityCore.aar.\nСкопируйте содержимое папкиunreal_example / Pluginsв папкуPluginsвнутри своего проекта. Перезапустите Unreal Engine.\nВ списке плагинов (Edit > Plugins > Project > Mobile) отметьте плагиныRuStoreAppUpdateиRuStoreCore.\nВ файлеYourProject.Build.csв спискеPublicDependencyModuleNamesподключите модули модулиRuStoreCoreиRuStoreAppUpdate.\nВ настройках проекта (Edit > Project Settings > Android) установите параметрMinimum SDK Versionна уровень не ниже24и параметрTarget SDK Version— не ниже31.\nh2h2h2\nСоздание менеджера обновлений​\nparagraphparagraphparagraph\nПеред вызовом методов библиотеки необходимо создать менеджер обновлений.\nh3h3h3\nИнициализация​\nparagraphparagraphparagraph\nПеред вызовом методов библиотеки необходимо выполнить её инициализацию.\ncodecodecode\nВызов метода InitURuStoreAppUpdateManager::Instance()->Init();\nadmonitionadmonitionadmonition\nк сведению\nparagraphparagraphparagraph\nВызовInitпривязывает объект к корню сцены, и если дальнейшая работа с объектом больше не планируется, для освобождения памяти необходимо выполнить методDispose. Вызов методаDisposeотвяжет объект от корня и безопасно завершит все отправленные запросы.\nparagraphparagraphparagraph\nВызовInitпривязывает объект к корню сцены, и если дальнейшая работа с объектом больше не планируется, для освобождения памяти необходимо выполнить методDispose. Вызов методаDisposeотвяжет объект от корня и безопасно завершит все отправленные запросы.\nh3h3h3\nДеинициализация​\n\ncodecodecode\nВызов метода DisposeURuStoreAppUpdateManager::Instance()->Dispose();\nh3h3h3\nПроверка инициализации​\nparagraphparagraphparagraph\nЕсли вам нужно проверить факт инициализации библиотеки, используйте методGetIsInitialized. Метод возвращает значение типаbool:\ntrue— если библиотека инициализирована;\nfalse— еслиInitеще не был вызван.\ncodecodecode\nbool bIsInitialized=URuStoreAppUpdateManager::Instance()->GetIsInitialized();\nh2h2h2\nПроверка наличия обновлений​\nparagraphparagraphparagraph\nНа устройстве пользователя установлена актуальная версия RuStore.\nПользователь и приложение не должны быть заблокированы в RuStore.\nПриложению RuStore разрешена установка приложений.\nПользователь авторизован в RuStore.\ncodecodecode\nВызов метода GetAppUpdateInfolong requestId=GetAppUpdateInfo([](long requestId,TSharedPtr<FURuStoreAppUpdateInfo,ESPMode::ThreadSafe>response){// Process response},[](long requestId,TSharedPtr<FURuStoreError,ESPMode::ThreadSafe>error){// Process error});\ncodecodecode\nСтруктура FURuStoreAppUpdateInfoUSTRUCT(BlueprintType)structRUSTOREAPPUPDATE_APIFURuStoreAppUpdateInfo{GENERATED_USTRUCT_BODY()FURuStoreAppUpdateInfo(){updateAvailability=EURuStoreUpdateAvailability::UNKNOWN;installStatus=EURuStoreInstallStatus::UNKNOWN;availableVersionCode=0;}UPROPERTY(BlueprintReadOnly)EURuStoreUpdateAvailabilityupdateAvailability;UPROPERTY(BlueprintReadOnly)EURuStoreInstallStatusinstallStatus;UPROPERTY(BlueprintReadOnly)int64 availableVersionCode;};\nparagraphparagraphparagraph\nupdateAvailability— доступность обновления:UNKNOWN (uint8 =0)— по умолчанию;UPDATE_NOT_AVAILABLE (uint8 =1)— обновление не нужно;UPDATE_AVAILABLE (uint8 =2)— обновление требуется загрузить или обновление уже загружено на устройство пользователя;DEVELOPER_TRIGGERED_UPDATE_IN_PROGRESS (uint8 =3)— обновление уже скачивается или установка уже запущена.\ninstallStatus— статус установки обновления, если пользователь уже устанавливает обновление в текущий момент времени:UNKNOWN (uint8 =0)— по умолчанию;DOWNLOADED (uint8 =1)— скачано;DOWNLOADING (uint8 =2)— скачивается;FAILED (uint8 =3)— ошибка;PENDING (uint8 =5)— в ожидании.\navailableVersionCode— код версии обновления.\nadmonitionadmonitionadmonition\nк сведению\nparagraphparagraphparagraph\nЗапуск скачивания обновления возможен только в том случае, если полеupdateAvailabilityсодержит значениеUPDATE_AVAILABLE.\n\nparagraphparagraphparagraph\nЗапуск скачивания обновления возможен только в том случае, если полеupdateAvailabilityсодержит значениеUPDATE_AVAILABLE.\n\nh2h2h2\nСкачивание и установка обновлений​\n\nh3h3h3\nИспользование слушателя​\nparagraphparagraphparagraph\nПосле подтверждения доступности запуска процесса обновления вы можете получить статус скачивания обновления в событииOnStateUpdatedInstanceEventобъектаURuStoreAppUpdateManager.\ncodecodecode\nСобытие OnStateUpdatedInstanceEventDECLARE_DYNAMIC_MULTICAST_DELEGATE_TwoParams(FRuStoreOnStateUpdatedInstanceDelegate,int64,listenerId,FURuStoreInstallState,state);UPROPERTY(BlueprintAssignable,Category=\"RuStore AppUpdate Manager\")FRuStoreOnStateUpdatedInstanceDelegateOnStateUpdatedInstanceEvent;\ncodecodecode\nПодписка на событие слушателяFScriptDelegateDelegate;Delegate.BindUFunction(YourUObjectPtr,FName(\"YourCallbackMethod\"));URuStoreAppUpdateManager::Instance()->OnStateUpdatedInstanceEvent.Add(Delegate);\ncodecodecode\nПример метода обработчика обратного вызоваUFUNCTION()voidYourCallbackMethod(int64 listenerId,FURuStoreInstallStatestate){// Process callback}\nh3h3h3\nИнтерфейс слушателя​\nparagraphparagraphparagraph\nКлассURuStoreAppUpdateManagerреализует стандартный слушатель. Вы можете создать собственный класс слушателя используя интерфейсIRuStoreInstallStateUpdateListenerInterface.\ncodecodecode\nИнтерфес IRuStoreInstallStateUpdateListenerInterfaceUINTERFACE(Blueprintable)classRUSTOREAPPUPDATE_APIURuStoreInstallStateUpdateListenerInterface:publicUInterface{GENERATED_BODY()};classIRuStoreInstallStateUpdateListenerInterface{GENERATED_BODY()public:UFUNCTION(BlueprintCallable,BlueprintNativeEvent,Category=\"RuStore InstallStateUpdate Listener Interface\")voidOnStateUpdated(int64 listenerId,FURuStoreInstallState&state);};\nadmonitionadmonitionadmonition\nпредупреждение\nparagraphparagraphparagraph\nДля стандартного слушателяURuStoreAppUpdateManagerвызовRegisterListenerне требуется.\nparagraphparagraphparagraph\nДля стандартного слушателяURuStoreAppUpdateManagerвызовRegisterListenerне требуется.\ncodecodecode\nВызов метода RegisterListenerint64 listenerId=URuStoreAppUpdateManager::Instance()->RegisterListener(YourListenerPtr);\nh3h3h3\nПроверка статуса скачивания обновления​\nparagraphparagraphparagraph\nСтруктураFURuStoreInstallStateописывает текущий статус скачивания.\ncodecodecode\nСтруктура FURuStoreInstallStateUSTRUCT(BlueprintType)structRUSTOREAPPUPDATE_APIFURuStoreInstallState{GENERATED_USTRUCT_BODY()FURuStoreInstallState(){bytesDownloaded=0;totalBytesToDownload=0;percentDownloaded=0;installStatus=EURuStoreInstallStatus::UNKNOWN;installErrorCode=EURuStoreInstallErrorCode::ERROR_UNKNOWN;}UPROPERTY(BlueprintReadWrite)int64 bytesDownloaded;UPROPERTY(BlueprintReadWrite)int64 totalBytesToDownload;UPROPERTY(BlueprintReadWrite)float percentDownloaded;UPROPERTY(BlueprintReadWrite)EURuStoreInstallStatusinstallStatus;UPROPERTY(BlueprintReadWrite)EURuStoreInstallErrorCodeinstallErrorCode;};\nparagraphparagraphparagraph\nbytesDownloaded— количество загруженных байт;\ntotalBytesToDownload— общее количество байт, которое необходимо загрузить;\npercentDownloaded— процент прогресса загрузки обновления;\ninstallStatus— статус установки обновления, если пользователь уже устанавливает обновление в текущий момент времени:UNKNOWN (int == 0)— статус по умолчанию.DOWNLOADED (int == 1)— загружено.DOWNLOADING (int == 2)— загружается.FAILED (int == 3)— ошибка.PENDING (int == 5)— в ожидании.\ninstallErrorCode— код ошибки во время скачивания. Коды ошибок описаны в разделеОбработка ошибок (https://rustore.ru/help#%D0%BE%D0%B1%D1%80%D0%B0%D0%B1%D0%BE%D1%82%D0%BA%D0%B0-%D0%BE%D1%88%D0%B8%D0%B1%D0%BE%D0%BA).\nh3h3h3\nУдаление слушателя​\nparagraphparagraphparagraph\nЕсли необходимости в слушателе больше нет, воспользуйтесь методом удаления слушателяUnregisterListener, передав в метод ранее зарегистрированный слушатель.UnregisterListenerдолжен быть вызван для всех слушателей до завершения работы приложения.\nadmonitionadmonitionadmonition\nпредупреждение\nparagraphparagraphparagraph\nДля стандартного слушателяURuStoreAppUpdateManagerвызовUnregisterListenerпри завершении работы приложения не требуется.\nparagraphparagraphparagraph\nДля стандартного слушателяURuStoreAppUpdateManagerвызовUnregisterListenerпри завершении работы приложения не требуется.\ncodecodecode\nВызов метода UnregisterListenerbool bIsDone=URuStoreAppUpdateManager::Instance()->UnregisterListener(YourListenerPtr);\ncodecodecode\nВызов метода UnregisterListenerauto instance=URuStoreAppUpdateManager::Instance();bool bIsDone=instance->UnregisterListener(instance);\nh2h2h2\nЗапуск скачивания обновления​\n\nh3h3h3\nОтложенное обновление​\nparagraphparagraphparagraph\nОписание сценария отложенного обновления\nОбновление с UI от RuStore\nПользователю будет показан диалог с UI от RuStore для подтверждения обновления.\nПри нажатии на кнопку «Обновить» покажется диалоговое окно для подтверждения установки обновления.\nПосле завершения установки приложение закроется.\nadmonitionadmonitionadmonition\nк сведению\nparagraphparagraphparagraph\nОбъектFURuStoreAppUpdateInfoпосле однократного использования становится невалидным. Для повторного вызова методаStartUpdateFlowзапроситеFURuStoreAppUpdateInfoснова, используя методGetAppUpdateInfo.\nСм. разделПроверка наличия обновлений (https://rustore.ru/help#%D0%BF%D1%80%D0%BE%D0%B2%D0%B5%D1%80%D0%BA%D0%B0-%D0%BD%D0%B0%D0%BB%D0%B8%D1%87%D0%B8%D1%8F-%D0%BE%D0%B1%D0%BD%D0%BE%D0%B2%D0%BB%D0%B5%D0%BD%D0%B8%D0%B9).\n\nparagraphparagraphparagraph\nОбъектFURuStoreAppUpdateInfoпосле однократного использования становится невалидным. Для повторного вызова методаStartUpdateFlowзапроситеFURuStoreAppUpdateInfoснова, используя методGetAppUpdateInfo.\nСм. разделПроверка наличия обновлений (https://rustore.ru/help#%D0%BF%D1%80%D0%BE%D0%B2%D0%B5%D1%80%D0%BA%D0%B0-%D0%BD%D0%B0%D0%BB%D0%B8%D1%87%D0%B8%D1%8F-%D0%BE%D0%B1%D0%BD%D0%BE%D0%B2%D0%BB%D0%B5%D0%BD%D0%B8%D0%B9).\n\ncodecodecode\nВызов метода StartUpdateFlowEURuStoreAppUpdateOptions appUpdateOptions=EURuStoreAppUpdateOptions::DELAYED;longrequestId=StartUpdateFlow(appUpdateOptions,[](longrequestId,EURuStoreUpdateFlowResult response){// Process response},[](longrequestId,TSharedPtr<FURuStoreError,ESPMode::ThreadSafe>error){// Process error});\nparagraphparagraphparagraph\nappUpdateOptions— тип процедуры обновления:DELAYED—отложенное обновление (https://rustore.ru/help#%D0%BE%D1%82%D0%BB%D0%BE%D0%B6%D0%B5%D0%BD%D0%BD%D0%BE%D0%B5-%D0%BE%D0%B1%D0%BD%D0%BE%D0%B2%D0%BB%D0%B5%D0%BD%D0%B8%D0%B5). Пользователю будет показан диалог с UI от RuStore для подтверждения скачивания обновления.SILENT—тихое обновление (https://rustore.ru/help#%D1%82%D0%B8%D1%85%D0%BE%D0%B5-%D0%BE%D0%B1%D0%BD%D0%BE%D0%B2%D0%BB%D0%B5%D0%BD%D0%B8%D0%B5). Обновление будет скачано в фоне.IMMEDIATE—принудительное обновление (https://rustore.ru/help#%D0%BF%D1%80%D0%B8%D0%BD%D1%83%D0%B4%D0%B8%D1%82%D0%B5%D0%BB%D1%8C%D0%BD%D0%BE%D0%B5-%D0%BE%D0%B1%D0%BD%D0%BE%D0%B2%D0%BB%D0%B5%D0%BD%D0%B8%D0%B5). Использование приложения будет заблокировано до тех пор, пока обновление не будет установлено.\nEURuStoreUpdateFlowResult::RESULT_OK— пользователь подтвердил скачивание обновления.\nEURuStoreUpdateFlowResult::RESULT_CANCELED— пользователь отказался от скачивания обновления.\nh3h3h3\nПринудительное обновление​\nparagraphparagraphparagraph\nОписание сценария принудительного обновления\nОбновление с UI от RuStore\nПользователю будет показан полноэкранный диалог с UI от RuStore для подтверждения обновления. Использование приложения будет заблокировано до тех пор, пока обновление не будет установлено.\nПри нажатии на кнопку «Обновить» отобразится диалоговое окно для подтверждения установки обновления.\nДалее при нажатии на кнопку «Установить» появится полноэкранный диалог об установке новой версии приложения.\nПосле завершения установки приложение перезапустится.\nadmonitionadmonitionadmonition\nпредупреждение\nparagraphparagraphparagraph\nПриложение будет перезапущено, если версия Rustore больше, либо равна 1.37. Если версия Rustore ниже, то приложение закроется для установки обновления и не будет открыто заново, когда закончится обновление.\nЗапуск сценария обновления\nПосле полученияFURuStoreAppUpdateInfoвы можете проверить доступность принудительного обновления.\n\nparagraphparagraphparagraph\nПриложение будет перезапущено, если версия Rustore больше, либо равна 1.37. Если версия Rustore ниже, то приложение закроется для установки обновления и не будет открыто заново, когда закончится обновление.\nЗапуск сценария обновления\nПосле полученияFURuStoreAppUpdateInfoвы можете проверить доступность принудительного обновления.\n\ncodecodecode\nВызов метода CheckIsImmediateUpdateAllowedbool bIsAvailable=URuStoreAppUpdateManager::Instance()->CheckIsImmediateUpdateAllowed();\nadmonitionadmonitionadmonition\nк сведению\nparagraphparagraphparagraph\nОбъектFURuStoreAppUpdateInfoпосле однократного использования становится невалидным. Для повторного вызова методаStartUpdateFlowзапроситеFURuStoreAppUpdateInfoснова, используя методGetAppUpdateInfo.\nСм. разделПроверка наличия обновлений (https://rustore.ru/help#%D0%BF%D1%80%D0%BE%D0%B2%D0%B5%D1%80%D0%BA%D0%B0-%D0%BD%D0%B0%D0%BB%D0%B8%D1%87%D0%B8%D1%8F-%D0%BE%D0%B1%D0%BD%D0%BE%D0%B2%D0%BB%D0%B5%D0%BD%D0%B8%D0%B9).\n\nparagraphparagraphparagraph\nОбъектFURuStoreAppUpdateInfoпосле однократного использования становится невалидным. Для повторного вызова методаStartUpdateFlowзапроситеFURuStoreAppUpdateInfoснова, используя методGetAppUpdateInfo.\nСм. разделПроверка наличия обновлений (https://rustore.ru/help#%D0%BF%D1%80%D0%BE%D0%B2%D0%B5%D1%80%D0%BA%D0%B0-%D0%BD%D0%B0%D0%BB%D0%B8%D1%87%D0%B8%D1%8F-%D0%BE%D0%B1%D0%BD%D0%BE%D0%B2%D0%BB%D0%B5%D0%BD%D0%B8%D0%B9).\n\ncodecodecode\nВызов метода StartUpdateFlowEURuStoreAppUpdateOptions appUpdateOptions=EURuStoreAppUpdateOptions::IMMEDIATE;longrequestId=StartUpdateFlow(appUpdateOptions,[](longrequestId,EURuStoreUpdateFlowResult response){// Process response},[](longrequestId,TSharedPtr<FURuStoreError,ESPMode::ThreadSafe>error){// Process error});\nparagraphparagraphparagraph\nappUpdateOptions— тип процедуры обновления:DELAYED—отложенное обновление (https://rustore.ru/help#%D0%BE%D1%82%D0%BB%D0%BE%D0%B6%D0%B5%D0%BD%D0%BD%D0%BE%D0%B5-%D0%BE%D0%B1%D0%BD%D0%BE%D0%B2%D0%BB%D0%B5%D0%BD%D0%B8%D0%B5). Пользователю будет показан диалог с UI от RuStore для подтверждения скачивания обновления.SILENT—тихое обновление (https://rustore.ru/help#%D1%82%D0%B8%D1%85%D0%BE%D0%B5-%D0%BE%D0%B1%D0%BD%D0%BE%D0%B2%D0%BB%D0%B5%D0%BD%D0%B8%D0%B5). Обновление будет скачано в фоне.IMMEDIATE—принудительное обновление (https://rustore.ru/help#%D0%BF%D1%80%D0%B8%D0%BD%D1%83%D0%B4%D0%B8%D1%82%D0%B5%D0%BB%D1%8C%D0%BD%D0%BE%D0%B5-%D0%BE%D0%B1%D0%BD%D0%BE%D0%B2%D0%BB%D0%B5%D0%BD%D0%B8%D0%B5). Использование приложения будет заблокировано до тех пор, пока обновление не будет установлено.\nEURuStoreUpdateFlowResult::RESULT_OK— обновление выполнено, код может не быть получен, т. к. приложение в момент обновления завершается.\nEURuStoreUpdateFlowResult::RESULT_CANCELED— флоу прервано пользователем, или произошла ошибка. Предполагается, что при получении этого кода следует завершить работу приложения.\nEURuStoreUpdateFlowResult::ACTIVITY_NOT_FOUND— RuStore не установлен, либо установлена версия, которая не поддерживает принудительное обновление (RuStore versionCode<191).\nh3h3h3\nТихое обновление​\nparagraphparagraphparagraph\nОписание сценария тихого обновления\nОбновление без UI от RuStore\nПользователю будет показано диалоговое окно для подтверждения установки обновления (обновление будет скачано в фоне).\nПосле завершения установки приложение закроется.\nadmonitionadmonitionadmonition\nк сведению\nparagraphparagraphparagraph\nОбъектFURuStoreAppUpdateInfoпосле однократного использования становится невалидным. Для повторного вызова методаStartUpdateFlowзапроситеFURuStoreAppUpdateInfoснова, используя методGetAppUpdateInfo.\nСм. разделПроверка наличия обновлений (https://rustore.ru/help#%D0%BF%D1%80%D0%BE%D0%B2%D0%B5%D1%80%D0%BA%D0%B0-%D0%BD%D0%B0%D0%BB%D0%B8%D1%87%D0%B8%D1%8F-%D0%BE%D0%B1%D0%BD%D0%BE%D0%B2%D0%BB%D0%B5%D0%BD%D0%B8%D0%B9).\n\nparagraphparagraphparagraph\nОбъектFURuStoreAppUpdateInfoпосле однократного использования становится невалидным. Для повторного вызова методаStartUpdateFlowзапроситеFURuStoreAppUpdateInfoснова, используя методGetAppUpdateInfo.\nСм. разделПроверка наличия обновлений (https://rustore.ru/help#%D0%BF%D1%80%D0%BE%D0%B2%D0%B5%D1%80%D0%BA%D0%B0-%D0%BD%D0%B0%D0%BB%D0%B8%D1%87%D0%B8%D1%8F-%D0%BE%D0%B1%D0%BD%D0%BE%D0%B2%D0%BB%D0%B5%D0%BD%D0%B8%D0%B9).\n\ncodecodecode\nВызов метода StartUpdateFlowEURuStoreAppUpdateOptions appUpdateOptions=EURuStoreAppUpdateOptions::SILENT;longrequestId=StartUpdateFlow(appUpdateOptions,[](longrequestId,EURuStoreUpdateFlowResult response){// Process response},[](longrequestId,TSharedPtr<FURuStoreError,ESPMode::ThreadSafe>error){// Process error});\nparagraphparagraphparagraph\nappUpdateOptions— тип процедуры обновления:DELAYED—отложенное обновление (https://rustore.ru/help#%D0%BE%D1%82%D0%BB%D0%BE%D0%B6%D0%B5%D0%BD%D0%BD%D0%BE%D0%B5-%D0%BE%D0%B1%D0%BD%D0%BE%D0%B2%D0%BB%D0%B5%D0%BD%D0%B8%D0%B5). Пользователю будет показан диалог с UI от RuStore для подтверждения скачивания обновления.SILENT—тихое обновление (https://rustore.ru/help#%D1%82%D0%B8%D1%85%D0%BE%D0%B5-%D0%BE%D0%B1%D0%BD%D0%BE%D0%B2%D0%BB%D0%B5%D0%BD%D0%B8%D0%B5). Обновление будет скачано в фоне.IMMEDIATE—принудительное обновление (https://rustore.ru/help#%D0%BF%D1%80%D0%B8%D0%BD%D1%83%D0%B4%D0%B8%D1%82%D0%B5%D0%BB%D1%8C%D0%BD%D0%BE%D0%B5-%D0%BE%D0%B1%D0%BD%D0%BE%D0%B2%D0%BB%D0%B5%D0%BD%D0%B8%D0%B5). Использование приложения будет заблокировано до тех пор, пока обновление не будет установлено.\nEURuStoreUpdateFlowResult::RESULT_OK— задача на скачивание обновления зарегистрирована.\nadmonitionadmonitionadmonition\nподсказка\nparagraphparagraphparagraph\nДля тихого обновления рекомендуется реализовать свой интерфейс.\nparagraphparagraphparagraph\nДля тихого обновления рекомендуется реализовать свой интерфейс.\nh2h2h2\nУстановка обновления​\n\nadmonitionadmonitionadmonition\nподсказка\nparagraphparagraphparagraph\nРекомендуется уведомить пользователя о готовности обновления к установке.\nДля запуска установки обновления используйте методCompleteUpdate. Обновление происходит через нативный инструмент Android. В случае успешного обновления приложение закроется.\nparagraphparagraphparagraph\nРекомендуется уведомить пользователя о готовности обновления к установке.\nДля запуска установки обновления используйте методCompleteUpdate. Обновление происходит через нативный инструмент Android. В случае успешного обновления приложение закроется.\ncodecodecode\nВызов метода CompleteUpdaterequestId=CompleteUpdate([](longrequestId,TSharedPtr<FURuStoreError,ESPMode::ThreadSafe>error){// Process error});\nh2h2h2\nОбработка ошибок​\n\nadmonitionadmonitionadmonition\nподсказка\nparagraphparagraphparagraph\nЕсли вы получили в ответonFailure, не рекомендуется самостоятельно отображать ошибку пользователю. Отображение ошибки может негативно повлиять на пользовательский опыт.\nparagraphparagraphparagraph\nЕсли вы получили в ответonFailure, не рекомендуется самостоятельно отображать ошибку пользователю. Отображение ошибки может негативно повлиять на пользовательский опыт.\ncodecodecode\nСтруктура FURuStoreErrorUSTRUCT(BlueprintType)structRUSTORECORE_APIFURuStoreError{GENERATED_USTRUCT_BODY()FURuStoreError(){name=\"\";description=\"\";}UPROPERTY(BlueprintReadOnly)FStringname;UPROPERTY(BlueprintReadOnly)FStringdescription;};\nparagraphparagraphparagraph\nname—simpleNameкласса ошибки.\ndescription— описание ошибки.\nh3h3h3\nВозможные ошибки​\nparagraphparagraphparagraph\nRuStoreNotInstalledException— на устройстве пользователя не установлен RuStore;\nRuStoreOutdatedException— версия RuStore, установленная на устройстве пользователя, не поддерживает платежи;\nRuStoreUserUnauthorizedException— пользователь не авторизован в RuStore;\nRuStoreException— базовая ошибка RuStore, от которой наследуются остальные ошибки;\nRuStoreInstallException(public val code: Int)— ошибка скачивания и установки.ERROR_UNKNOWN(Int = 4001)— неизвестная ошибка.ERROR_DOWNLOAD(Int = 4002)— ошибка при скачивании.ERROR_BLOCKED(Int = 4003)— установка заблокированна системой.ERROR_INVALID_APK(Int = 4004)— некорректный APK обновления.ERROR_CONFLICT(Int = 4005)— конфликт с текущей версией приложения.ERROR_STORAGE(Int = 4006)— недостаточно памяти на устройстве.ERROR_INCOMPATIBLE(Int = 4007)— несовместимо с устройством.ERROR_APP_NOT_OWNED(Int = 4008)— приложение не куплено.ERROR_INTERNAL_ERROR(Int = 4009)— внутренняя ошибка.ERROR_ABORTED(Int = 4010)— пользователь отказался от установки обновления.ERROR_APK_NOT_FOUND(Int = 4011)— APK для запуска установки не найден.ERROR_EXTERNAL_SOURCE_DENIED(Int = 4012)— запуск обновления запрещён. Например, в первом методе вернулся ответ о том, что обновление недоступно, но пользователь вызывает второй метод.ERROR_ACTIVITY_SEND_INTENT(Int = 9901)— ошибка отправки intent на открытие активити.ERROR_ACTIVITY_UNKNOWN(Int = 9902)— неизвестная ошибка отрытия активити."
}